Desktop_Software_Build_Version,2.0
#;Jahr;Monat;Tag;Stunde;Minute;Sekunde;VelX;VelY;VelZ;SNR1;SNR2;SNR3;AccX;AccY;AccZ;Temp
();();();();();();();(m/s);(m/s);(m/s);(dB);(dB);(dB);(cnts);(cnts);(cnts);(° C)
01;2025;09;30;13;22;55;0,296;-0,034;0,153;18,266;18,619;25,812;-810,749;470,459;15819,43;9,284
01;2025;09;30;13;22;56;0,436;-0,023;-0,08;24,785;23,147;22,877;-819,547;550,187;15818;9,284
01;2025;09;30;13;22;56;0,385;-0,083;-0,105;20,069;20,43;21,838;-840,325;571,801;15852,17;9,284
01;2025;09;30;13;22;57;0,348;-0,137;-0,036;16,82;19,061;20,009;-763,058;480,135;15819,3;9,284
01;2025;09;30;13;22;57;0,357;-0,112;-0,142;21,07;21,91;18,766;-779,144;523,065;15821,09;9,284
01;2025;09;30;13;22;58;0,392;-0,055;-0,18;21,159;17,007;24,819;-742,912;533,258;15840,37;9,284
01;2025;09;30;13;22;58;0,491;-0,059;0,19;19,557;19,856;21,115;-747,767;476,144;15821,96;9,284
01;2025;09;30;13;22;59;0,331;-0,114;-0,282;20,024;20,872;22,56;-795,587;494,752;15805,01;9,284
01;2025;09;30;13;22;59;0,356;-0,066;-0,236;20,58;18,288;22,448;-507,436;405,35;15869,15;9,284
01;2025;09;30;13;23;00;0,45;-0,002;-0,047;22,516;18,995;24,525;-761,204;427,497;15782,23;9,284
01;2025;09;30;13;23;00;0,458;0;0,122;19,824;25,312;19,986;-741,117;416,921;15823,02;9,284
01;2025;09;30;13;23;01;0,528;-0,037;0,005;19,601;19,127;21,86;-782,786;471,869;15843,43;9,284
01;2025;09;30;13;23;01;0,423;-0,039;-0,081;19,98;17,89;23,509;-781,252;452,551;15847,49;9,284
01;2025;09;30;13;23;02;0,409;-0,113;-0,103;18,444;16,344;24,661;-836,995;419,838;15838,31;9,284
01;2025;09;30;13;23;02;0,53;-0,036;-0,024;22,538;16,941;19,602;-761,742;352,659;15851,58;9,284
01;2025;09;30;13;23;03;0,332;-0,064;-0,002;21,448;24,053;29,539;-793,671;382,947;15817,01;9,284
01;2025;09;30;13;23;03;0,196;-0,084;-0,095;26,254;22,86;22,109;-845,833;403,245;15775,16;9,284
01;2025;09;30;13;23;04;0,254;-0,048;0,046;21,181;17,007;19,286;-843,458;375,77;15849,1;9,284
01;2025;09;30;13;23;04;0,338;-0,043;0,005;22,093;21,027;21,635;-807,836;362,64;15860,51;9,284
01;2025;09;30;13;23;05;0,163;-0,152;-0,404;18,823;19,348;20,754;-764,739;356,592;15853,51;9,284
01;2025;09;30;13;23;05;0,576;-0,15;-0,246;22,316;19,525;20,28;-774,491;390,393;15812,03;9,284
01;2025;09;30;13;23;06;0,407;-0,061;-0,17;22,027;23,633;22,154;-873,965;446,769;15849,8;9,284
01;2025;09;30;13;23;06;0,343;0,048;-0,006;24,251;23,832;22,831;-817,465;311,341;15824,84;9,284
01;2025;09;30;13;23;07;0,194;0,024;0,17;24,073;20,453;23,193;-830,092;394,14;15842,78;9,284
01;2025;09;30;13;23;07;0,305;-0,028;0,038;22,294;22,462;23,622;-870,499;453,955;15845,11;9,284
01;2025;09;30;13;23;08;0,35;-0,109;-0,009;21,404;17,029;24,164;-804,187;454,575;15813,72;9,284
01;2025;09;30;13;23;08;0,23;-0,121;0,11;21,737;18,354;21,341;-873,61;412,358;15827,56;9,284
01;2025;09;30;13;23;09;0,438;-0,025;-0,036;27,945;22,175;21,928;-901,734;439,721;15845,9;9,284
01;2025;09;30;13;23;09;0,476;-0,071;-0,411;21,404;20,497;23,351;-859,025;518,182;15832,54;9,284
01;2025;09;30;13;23;10;0,314;-0,06;-0,076;17,732;20,497;23,373;-867,545;320,794;15844,06;9,284
01;2025;09;30;13;23;10;0,304;-0,03;0,16;19,423;18,973;23,193;-906,728;509,078;15800,66;9,284
01;2025;09;30;13;23;11;0,377;-0,12;-0,203;21,493;18,531;21,838;-838,09;508,054;15848,74;9,284
01;2025;09;30;13;23;11;0,325;-0,062;-0,231;16,931;21,38;19,196;-897,209;367,919;15819,18;9,284
01;2025;09;30;13;23;12;0,44;0,026;0,037;21,448;20,541;19,467;-857,115;480,303;15789,21;9,284
01;2025;09;30;13;23;12;0,466;0,006;-0,065;18,311;21,645;25,587;-901,77;432,523;15859,18;9,284
01;2025;09;30;13;23;13;0,354;-0,035;-0,025;20,291;22,97;25,428;-973,252;424,851;15826,1;9,284
01;2025;09;30;13;23;13;0,421;-0,069;0,038;21,537;22,683;24,638;-967,615;484,321;15814,76;9,284
01;2025;09;30;13;23;14;0,455;-0,071;-0,089;17,176;23,236;20,483;-913,607;493,08;15830,94;9,284
01;2025;09;30;13;23;14;0,313;-0,018;-0,159;24,385;22,617;23,306;-966,131;441,7;15858,96;9,284
01;2025;09;30;13;23;15;0,306;0,005;0,032;20,87;16,852;23,17;-934,748;468,22;15825,36;9,284
01;2025;09;30;13;23;15;0,277;0,018;0,058;26,766;20,386;21,906;-919,713;422,502;15845,62;9,284
01;2025;09;30;13;23;16;0,103;0,028;0,238;20,291;21,756;23,712;-982,564;462,256;15809,43;9,284
01;2025;09;30;13;23;16;0,236;-0,169;-0,054;21,137;19,503;21,657;-969,666;347,084;15819,5;9,284
01;2025;09;30;13;23;17;0,142;-0,098;-0,215;21,849;19,613;22,764;-941,779;440,318;15845,86;9,284
01;2025;09;30;13;23;17;0,43;-0,039;-0,071;22,182;22,462;23,283;-897,16;431,827;15811,19;9,284
01;2025;09;30;13;23;18;0,425;-0,062;-0,074;20,825;17,736;21,747;-898,778;412,848;15792,38;9,284
01;2025;09;30;13;23;18;0,377;-0,121;0,031;19,49;22,728;22,199;-1023,994;396,06;15850,58;9,284
01;2025;09;30;13;23;19;0,225;0,03;0,03;25,497;20,077;22,538;-890,325;457,165;15791,59;9,284
01;2025;09;30;13;23;19;0,393;0,102;-0,241;19,223;22,573;26,964;-928,036;399,057;15830,03;9,284
01;2025;09;30;13;23;20;0,436;-0,048;-0,063;22,672;23,346;25,587;-920,831;414,005;15788,34;9,284
01;2025;09;30;13;23;20;0,436;-0,04;-0,172;20,692;17,89;21,454;-1034,001;551,086;15840,95;9,284
01;2025;09;30;13;23;21;0,364;-0,033;0,008;17,376;17,648;21,499;-1000,575;405,278;15792,43;9,284
01;2025;09;30;13;23;21;0,3;-0,058;0,031;22,583;25,952;22,402;-966,48;386,52;15843,94;9,284
01;2025;09;30;13;23;22;0,408;-0,112;0,044;23,673;20,519;19,467;-1001,708;437,502;15805,85;9,284
01;2025;09;30;13;23;22;0,422;-0,058;0,035;22,427;21,38;20,144;-965,41;356,217;15810,19;9,284
01;2025;09;30;13;23;23;0,31;-0,008;-0,038;17,71;20,033;20,867;-941,307;369,91;15825,11;9,284
01;2025;09;30;13;23;23;0,299;-0,026;0,066;18,556;21,977;21,973;-953,78;350,418;15846,88;9,284
01;2025;09;30;13;23;24;0,461;-0,145;-0,207;18,934;23,346;21,86;-998,061;447,635;15805,67;9,284
01;2025;09;30;13;23;24;0,222;-0,144;-0,093;21,493;21,38;24,909;-901,629;428,975;15788,37;9,284
01;2025;09;30;13;23;25;0,514;-0,005;-0,23;17,51;17,559;24,728;-949,627;493,246;15798,9;9,284
02;2025;09;30;13;28;25;0,696;-0,151;-0,036;20,758;20,408;24,028;-801,166;482,622;15809,22;9,284
02;2025;09;30;13;28;25;0,616;-0,04;0,359;22,338;20,21;21,906;-809,244;541,937;15784,15;9,284
02;2025;09;30;13;28;26;0,592;-0,13;0,057;19,601;20,894;20,099;-764,223;358,534;15801,18;9,284
02;2025;09;30;13;28;26;0,578;-0,059;0,146;20,692;19,591;22,493;-799,347;430,698;15812,15;9,284
02;2025;09;30;13;28;27;0,481;-0,101;0,068;20,58;22,507;19,105;-791,573;486,123;15826,31;9,284
02;2025;09;30;13;28;27;0,707;-0,101;-0,095;19,001;22,573;25,767;-806,975;534,228;15796,29;9,284
02;2025;09;30;13;28;28;0,698;-0,1;-0,289;20,558;23,898;21,928;-786,302;531,635;15802,64;9,284
02;2025;09;30;13;28;28;0,673;-0,033;-0,372;21,737;19,68;21,838;-814,296;571,845;15787,61;9,284
02;2025;09;30;13;28;29;0,602;-0,056;0,066;19,512;18,531;21,951;-771,653;505,075;15823,7;9,284
02;2025;09;30;13;28;29;0,619;-0,11;-0,054;21,292;20,298;20,957;-778,609;467,191;15797,51;9,284
02;2025;09;30;13;28;30;0,554;-0,135;-0,049;20,647;20,298;22,131;-798,919;434,945;15792,93;9,284
02;2025;09;30;13;28;30;0,562;-0,183;-0,653;21,582;20,872;22,56;-895,676;495,459;15816,91;9,284
02;2025;09;30;13;28;31;0,729;-0,048;-0,086;22,761;21,027;23,915;-895,488;514,495;15825,72;9,284
02;2025;09;30;13;28;31;0,647;-0,1;-0,013;20,425;20,055;19,105;-803,476;491,188;15845,07;9,284
02;2025;09;30;13;28;32;0,616;-0,158;0,022;20,959;19,414;21,093;-871,979;496,494;15796,34;9,284
02;2025;09;30;13;28;32;0,648;-0,173;-0,165;23,05;22,485;20,551;-887,923;445,601;15811,81;9,284
02;2025;09;30;13;28;33;0,608;-0,247;0,051;19,935;21,535;25,722;-857,794;483,311;15798,87;9,284
02;2025;09;30;13;28;33;0,996;-0,124;0,001;18,823;19,326;25,993;-836,688;468,621;15767,43;9,284
02;2025;09;30;13;28;34;0,804;-0,023;-0,103;19,735;21,778;22,786;-803,307;494,696;15817;9,284
02;2025;09;30;13;28;34;0,775;-0,012;0,093;18,912;18,31;26,151;-841,06;478,972;15795,25;9,284
02;2025;09;30;13;28;35;0,705;0,066;-0,104;21,804;17,648;20,302;-847,523;516,299;15832,58;9,284
02;2025;09;30;13;28;35;0,641;-0,018;-0,086;21,226;18,2;21,996;-852,764;584,539;15789,35;9,284
02;2025;09;30;13;28;36;0,647;-0,027;-0,069;20,714;24,87;23,193;-910,887;562,222;15838,57;9,284
02;2025;09;30;13;28;36;0,656;0,071;0,16;24,029;19,437;19,715;-949,579;663,182;15787,87;9,284
02;2025;09;30;13;28;37;0,714;-0,028;0,263;21,96;22,529;27,303;-857,9;551,665;15783,94;9,284
02;2025;09;30;13;28;37;0,583;-0,07;0,028;22,583;21,181;18,902;-857,151;538,4;15792,17;9,284
02;2025;09;30;13;28;38;0,591;-0,079;-0,097;21,337;19,569;23,915;-837,383;553,242;15831,93;9,284
02;2025;09;30;13;28;38;0,524;-0,104;-0,064;19,891;25,025;23,757;-865,131;537,798;15774,17;9,284
02;2025;09;30;13;28;39;0,645;-0,093;0,109;21,982;17,625;22,493;-824,928;589,654;15797;9,284
02;2025;09;30;13;28;39;0,697;-0,161;-0,099;21,27;19,834;22,154;-829,485;605,471;15795;9,284
02;2025;09;30;13;28;40;0,669;-0,153;-0,022;19,245;17,625;23,667;-808,616;581,039;15794,89;9,284
02;2025;09;30;13;28;40;0,685;0,039;-0,078;19,401;19,348;20,054;-716,938;534,919;15770,35;9,284
02;2025;09;30;13;28;41;0,726;-0,022;-0,108;24,652;18,089;21,454;-811,517;533,201;15811,74;9,284
02;2025;09;30;13;28;41;0,698;-0,153;-0,16;20,936;22,683;21,747;-798,034;564,591;15797,76;9,284
02;2025;09;30;13;28;42;0,903;-0,044;-0,365;22,627;22,462;24,728;-874,803;576,881;15820,05;9,284
02;2025;09;30;13;28;42;0,438;-0,026;0,21;18,756;20,165;21,973;-872,81;528,239;15814,35;9,284
02;2025;09;30;13;28;43;0,582;0,015;-0,022;22,116;22,374;21,567;-826,242;561,963;15786,06;9,284
02;2025;09;30;13;28;43;0,717;-0,014;0,011;19,69;23,412;22,357;-830,441;575,603;15805,54;9,284
02;2025;09;30;13;28;44;0,652;-0,131;-0,055;22,672;25,179;22,628;-842,386;565,848;15779,12;9,284
02;2025;09;30;13;28;44;0,702;-0,119;0,067;22,405;20,32;22,312;-889,632;551,482;15803,91;9,284
02;2025;09;30;13;28;45;0,747;-0,03;0,138;17,688;23,081;23,622;-814,038;539,891;15807,04;9,284
02;2025;09;30;13;28;45;0,761;0,025;-0,02;19,98;20,961;23,938;-855,932;560,631;15801,78;9,284
02;2025;09;30;13;28;46;0,831;-0,097;-0,122;21,137;19,127;24,119;-854,739;526,704;15788,96;9,284
02;2025;09;30;13;28;46;0,892;-0,034;-0,058;19,913;20,894;23,87;-858,384;516,454;15798,56;9,284
02;2025;09;30;13;28;47;0,553;-0,176;-0,254;21,648;19,414;21,296;-831,262;639,823;15800,67;9,284
02;2025;09;30;13;28;47;0,818;0,02;-0,036;20,358;19,26;23,26;-822,102;451,875;15809,75;9,284
02;2025;09;30;13;28;48;0,863;-0,002;0,005;20,758;20,673;22,944;-862,263;675,814;15827,44;9,284
02;2025;09;30;13;28;48;0,689;-0,091;0,022;20,202;19,724;21,454;-802,658;525,018;15832,47;9,284
02;2025;09;30;13;28;49;0,603;-0,118;-0,068;21,626;20,32;20,438;-854,39;581,884;15803,97;9,284
02;2025;09;30;13;28;49;0,659;-0,172;-0,068;19,557;19,768;21,522;-842,676;695,979;15845,38;9,284
02;2025;09;30;13;28;50;0,806;-0,101;-0,165;19,268;18,531;21,522;-852,449;592,201;15737,5;9,284
02;2025;09;30;13;28;50;0,693;-0,109;0,043;20,135;20,563;22,944;-826,577;579,597;15797,47;9,284
02;2025;09;30;13;28;51;0,911;-0,097;0,038;20,202;22,33;27,822;-862,65;686,948;15811,24;9,284
02;2025;09;30;13;28;51;0,876;-0,07;0;22,427;19,724;23,87;-951,122;707,184;15789,08;9,284
02;2025;09;30;13;28;52;0,947;-0,068;-0,095;22,36;23,28;20,438;-766,19;545,366;15763,55;9,284
02;2025;09;30;13;28;52;0,726;-0,048;0,041;19,957;20,938;23,983;-878,292;570,352;15829,59;9,284
02;2025;09;30;13;28;53;0,886;-0,05;-0,036;25,609;22,705;21,725;-829,977;603,198;15796,76;9,284
02;2025;09;30;13;28;53;0,672;-0,159;-0,026;21,426;20,386;23,17;-846,958;704,475;15769,22;9,284
02;2025;09;30;13;28;54;0,825;-0,09;-0,1;21,203;20,475;24,412;-857,303;599,831;15789,94;9,284
02;2025;09;30;13;28;54;0,763;-0,093;0,014;19,69;22,308;24,344;-852,468;689,812;15855,49;9,284
02;2025;09;30;13;26;24;0,431;-0,103;-0,048;24,585;18,862;25,428;-668,865;419,801;15730,44;9,284
02;2025;09;30;13;26;25;0,604;0,068;0,032;23,139;21,999;26,354;-699,007;479,951;15795,35;9,284
02;2025;09;30;13;26;25;0,706;0,089;-0,108;24,14;18,84;20,483;-697,649;677,992;15754,39;9,284
02;2025;09;30;13;26;26;0,598;0,149;0,033;22,738;20,607;22,899;-927,949;387,886;15908,82;9,284
02;2025;09;30;13;26;26;0,591;0,019;-0,099;22,872;25,268;23,419;-910,118;605,574;15830,94;9,284
02;2025;09;30;13;26;27;0,567;0,079;0,003;22,16;16,742;21,273;-803,498;377,493;15867,1;9,284
02;2025;09;30;13;26;27;0,658;0,02;-0,039;22,294;23,015;21,07;-796,705;763,539;15743,63;9,284
02;2025;09;30;13;26;28;0,516;-0,017;-0,112;21,003;23,037;23,938;-749,511;550,463;15808,05;9,284
02;2025;09;30;13;26;28;0,474;0,06;0,202;22,583;22,242;26,219;-994,386;594,902;15911,07;9,284
02;2025;09;30;13;26;29;0,546;0,105;-0,066;24,741;21,491;24,774;-757,541;665,591;15769,99;9,284
02;2025;09;30;13;26;29;0,627;0,03;-0,064;22,427;19,657;21,296;-712,265;507,239;15828,29;9,284
02;2025;09;30;13;26;30;0,422;-0,027;0,046;20,981;20,828;24,096;-818,729;584,017;15805,4;9,284
02;2025;09;30;13;26;30;0,608;0,064;-0,061;20,603;22,131;23,035;-924,172;614,8;15862,77;9,284
02;2025;09;30;13;26;31;0,644;0,094;-0,076;21,27;24,318;25,496;-813,788;671,087;15851,85;9,284
02;2025;09;30;13;26;31;0,715;-0,069;-0,209;22,027;21,137;22,628;-736,95;689,436;15831,88;9,284
02;2025;09;30;13;26;32;0,565;0,043;-0,001;23,272;23,744;22,741;-762,228;741,997;15798,63;9,284
02;2025;09;30;13;26;32;0,579;-0,007;0,029;27,389;20,916;24,774;-694,572;589,855;15808,54;9,284
02;2025;09;30;13;26;33;0,539;0,034;-0,061;23,028;22,838;25,27;-832,897;530,925;15886,34;9,284
02;2025;09;30;13;26;33;0,461;0,026;0,135;24,14;22,131;22,244;-733,496;525,442;15864,53;9,284
02;2025;09;30;13;26;34;0,503;0,067;0,034;18,578;22,772;23,035;-700,806;588,794;15729,4;9,284
02;2025;09;30;13;26;34;0,437;-0,021;0,019;18,734;21,424;23,78;-828,89;506,376;15880,78;9,284
02;2025;09;30;13;26;35;0,573;-0,088;-0,115;23,962;23,854;25,157;-540,853;650,142;15712,44;9,284
02;2025;09;30;13;26;35;0,458;-0,028;-0,02;21,137;25,599;24,096;-747,733;670,805;15834,49;9,284
02;2025;09;30;13;26;36;0,488;-0,061;-0,155;23,339;25,135;20,28;-673,113;654,759;15782,26;9,284
02;2025;09;30;13;26;36;0,489;0,142;-0,007;24,763;21,667;21,996;-951,421;543,691;15905,16;9,284
02;2025;09;30;13;26;37;0,494;0,035;-0,034;23,45;21,446;21,431;-800,897;531,654;15864,35;9,284
02;2025;09;30;13;26;37;0,631;0,027;0,089;19,824;19,127;22,357;-673,962;458,436;15838,34;9,284
02;2025;09;30;13;26;38;0,716;0,11;0,176;21,137;21,049;25,993;-651,234;658,849;15744,2;9,284
02;2025;09;30;13;26;38;0,727;0,092;-0,278;23,984;21,314;21,996;-863,904;395,874;15910,16;9,284
02;2025;09;30;13;26;39;0,761;0,14;-0,276;19,668;21,248;22,47;-657,05;596,474;15737,3;9,284
02;2025;09;30;13;26;39;0,668;0,1;0,522;20,803;22,153;23,757;-766,437;682,808;15774,82;9,284
02;2025;09;30;13;26;40;0,709;0,056;-0,149;23,962;18,443;26,264;-725,652;669,139;15793,96;9,284
02;2025;09;30;13;26;40;0,768;0,171;-0,069;20,914;20,364;23,193;-675,241;560,479;15790,79;9,284
02;2025;09;30;13;26;41;0,64;0,075;-0,061;21,715;25,709;24,683;-837,551;664,001;15837,96;9,284
02;2025;09;30;13;26;41;0,65;0,089;-0,07;23,562;21,292;21,228;-747,896;544,987;15834,44;9,284
02;2025;09;30;13;26;42;0,449;0,016;0,021;21,693;22,22;20,754;-723,547;723,273;15794,99;9,284
02;2025;09;30;13;26;42;0,593;0,03;-0,158;21,337;22,507;24,909;-698,04;558,128;15831,97;9,284
02;2025;09;30;13;26;43;0,592;0,023;0,064;19,757;22,772;21,86;-748,719;584,828;15825,44;9,284
02;2025;09;30;13;26;43;0,526;-0,002;-0,127;21,76;21,159;20,709;-711,328;545,861;15811,6;9,284
02;2025;09;30;13;26;44;0,614;0,017;-0,219;20,402;21,314;24,819;-647,763;388,098;15819,04;9,284
02;2025;09;30;13;26;44;0,54;0,002;0,222;22,049;23,655;24,051;-755,732;572,602;15859,09;9,284
02;2025;09;30;13;26;45;0,518;0,056;0,038;21,671;21,292;23,215;-776,319;515,83;15826,65;9,284
02;2025;09;30;13;26;45;0,691;0,009;-0,066;20,158;19,127;23,396;-624,438;612,037;15760,2;9,284
02;2025;09;30;13;26;46;0,586;-0,11;-0,113;18,845;20,43;24,977;-686,827;817,817;15749,33;9,284
02;2025;09;30;13;26;46;0,899;0,024;-0,452;20,247;17,36;22,289;-770,084;590,516;15865,62;9,284
02;2025;09;30;13;26;47;0,368;0,09;0,207;24,785;20,276;24,367;-696,961;707,34;15747,29;9,284
02;2025;09;30;13;26;47;0,572;0,087;-0,042;18,756;21,446;22,944;-814,426;746,42;15844,51;9,284
02;2025;09;30;13;26;48;0,645;0,083;-0,071;20,158;21,248;25,225;-816,914;646,323;15816,29;9,284
02;2025;09;30;13;26;48;0,505;0,018;-0,078;22,205;19,348;21,296;-661,034;611,735;15815,04;9,284
02;2025;09;30;13;26;49;0,325;-0,076;0,009;20,536;23,611;24,186;-739,435;720,036;15757,03;9,284
02;2025;09;30;13;26;49;0,769;0,155;-0,309;20,825;21,756;24,796;-907,825;343,944;15906,47;9,284
02;2025;09;30;13;26;50;0,4;0,045;0,173;22,093;21,027;20,754;-919,728;610,133;15896,86;9,284
02;2025;09;30;13;26;50;0,453;-0,047;-0,111;24,207;19,039;24,796;-775,911;822,417;15797,46;9,284
02;2025;09;30;13;26;51;0,541;-0,013;0,013;21,671;20,298;21,793;-697,627;611,916;15785;9,284
02;2025;09;30;13;26;51;0,558;0,024;-0,361;26,187;21,557;22,628;-775,13;539,091;15813,95;9,284
02;2025;09;30;13;26;52;0,606;0,045;-0,016;20,981;20,055;21,454;-714,616;639,691;15804,49;9,284
02;2025;09;30;13;26;52;0,519;0,108;0,111;21,871;18,862;23,667;-764,441;560,291;15827,3;9,284
02;2025;09;30;13;26;53;0,584;0,102;0,018;22,516;18,686;23,306;-751,46;549,359;15750,06;9,284
02;2025;09;30;13;26;53;0,459;0,037;0,14;21,359;20,651;21,725;-683,446;533,975;15731,82;9,284
02;2025;09;30;13;26;54;0,655;0,019;0,01;19,334;24,428;24,503;-829,671;553,62;15805,93;9,284
02;2025;09;30;13;24;44;0,566;-0,107;-0,119;21,025;24,053;24,254;-699,392;433,881;15794,17;9,284
02;2025;09;30;13;24;44;0,36;-0,144;-0,086;19,09;19,216;23,644;-775,396;261,317;15807,19;9,284
02;2025;09;30;13;24;45;0,364;-0,092;-0,133;20,069;19,635;23,08;-916,129;319,479;15961,77;9,284
02;2025;09;30;13;24;45;0,329;-0,128;0,191;18,311;20,43;18,789;-690,531;352,297;15803,64;9,284
02;2025;09;30;13;24;46;0,264;-0,146;-0,078;20,936;21,358;24,232;-741,541;298,404;15847,99;9,284
02;2025;09;30;13;24;46;0,371;-0,132;-0,018;25,03;17,493;22,448;-521,211;91,147;15530,4;9,284
02;2025;09;30;13;24;47;0,452;-0,045;0,055;20,046;20,43;22,177;-521,476;87,857;15922,81;9,284
02;2025;09;30;13;24;47;0,606;-0,143;0,128;18,889;20,784;25,428;-616,561;525,504;15830,62;9,284
02;2025;09;30;13;24;48;0,411;-0,139;-0,432;21,048;19,149;21,296;-561,627;189,965;15827,22;9,284
02;2025;09;30;13;24;48;0,559;-0,011;0,029;22,605;18,929;20,37;-750,003;450,329;15805,84;9,284
02;2025;09;30;13;24;49;0,388;-0,106;0,353;20,692;21,866;23,554;-781,369;390,682;15841,74;9,284
02;2025;09;30;13;24;49;0,631;-0,202;0,049;22,205;23,324;23,757;-737,199;427,375;15840,27;9,284
02;2025;09;30;13;24;50;0,536;-0,098;-0,08;19,846;17,913;21,115;-659,14;362,136;15796,63;9,284
02;2025;09;30;13;24;50;0,514;-0,044;-0,062;25,297;27,852;26,309;-737,965;277,78;15870,94;9,284
02;2025;09;30;13;24;51;0,738;-0,123;-0,353;19,357;20,629;22,222;-702,794;367,711;15810,21;9,284
02;2025;09;30;13;24;51;0,623;-0,031;-0,069;20,58;21,778;22,741;-715,106;540,092;15720,25;9,284
02;2025;09;30;13;24;52;0,808;-0,158;-0,109;23,806;19,922;19,512;-707,406;499,528;15771,28;9,284
02;2025;09;30;13;24;52;0,73;-0,102;-0,04;22,716;21,159;25,474;-774,704;526,034;15946,49;9,284
02;2025;09;30;13;24;53;0,504;-0,034;-0,152;22,36;21,557;21,093;-802,78;413,861;15900,75;9,284
02;2025;09;30;13;24;53;0,393;-0,044;0,045;21,671;20,916;23,554;-691,151;370,069;15791,32;9,284
02;2025;09;30;13;24;54;0,235;-0,079;-0,18;22,872;26,195;29,064;-604,853;248,477;15858,15;9,284
02;2025;09;30;13;24;54;0,34;0,134;0,666;23,161;21,91;23,464;-950,8;640,986;15780,26;9,284
02;2025;09;30;13;24;55;0,521;-0,05;-0,15;25,831;26,504;24,999;-760,085;436,918;15699,2;9,284
02;2025;09;30;13;24;55;0,354;-0,085;0,102;24,652;24,075;21,364;-566,97;1396,922;15439,05;9,284
02;2025;09;30;13;24;56;0,535;0,036;0,134;19,868;21,513;26,445;48,325;84,474;15127,8;9,284
02;2025;09;30;13;24;56;0,602;-0,115;-0,132;21,693;19,304;22,199;-887,592;-249,382;15898,22;9,284
02;2025;09;30;13;24;57;0,365;-0,137;-0,09;21,426;22,043;23,17;-671,978;270,625;15949,14;9,284
02;2025;09;30;13;24;57;0,476;-0,071;-0,092;22,294;22,617;24,322;-672,999;22,155;15999,58;9,284
02;2025;09;30;13;24;58;0,452;-0,001;0,127;18,956;18,973;24,209;-708,093;322,77;15865,88;9,284
02;2025;09;30;13;24;58;0,495;-0,103;-0,248;19,423;18,266;21,115;-700,263;229,651;15903,83;9,284
02;2025;09;30;13;24;59;0,375;-0,096;-0,106;21,226;20,408;23,531;-537,199;406,96;15761,65;9,284
02;2025;09;30;13;24;59;0,501;-0,201;-0,036;23,851;22,639;21,296;-659,33;260,885;15891,31;9,284
02;2025;09;30;13;25;00;0,716;-0,157;-0,104;23,74;20,718;22,018;-472,044;374,454;15862,87;9,284
02;2025;09;30;13;25;00;0,449;0,002;-0,139;16,709;23,611;19,805;-453,506;212,897;15826,33;9,284
02;2025;09;30;13;25;01;0,446;-0,039;-0,106;23,673;22,573;26,987;-641,721;256,291;15855,69;9,284
02;2025;09;30;13;25;01;0,411;-0,01;0,386;23,206;23,766;22,651;-482,737;247,067;15891,71;9,284
02;2025;09;30;13;25;02;0,444;-0,085;-0,097;21,915;21,314;26,603;-601,456;608,719;15785,43;9,284
02;2025;09;30;13;25;02;0,497;-0,162;-0,271;26,632;20,541;18,857;-738,064;337,732;15865,87;9,284
02;2025;09;30;13;25;03;0,324;-0,104;-0,096;16,709;22,485;20,37;-1006,586;554,496;15465,99;9,284
02;2025;09;30;13;25;03;0,243;-0,093;0,118;23,918;20,806;23,712;-651,551;381,427;15901,17;9,284
02;2025;09;30;13;25;04;0,315;-0,069;-0,122;18,912;20,916;23,215;-829,759;596,795;15822,02;9,284
02;2025;09;30;13;25;04;0,282;-0,087;-0,161;20,38;22,683;27,303;-373,613;618,309;15619,14;9,284
02;2025;09;30;13;25;05;0,553;-0,018;0,067;17,91;17,648;23,802;-530,293;404,835;15885,14;9,284
02;2025;09;30;13;25;05;0,446;-0,098;-0,108;19,868;20,408;23,419;-595,667;157,355;15909,21;9,284
02;2025;09;30;13;25;06;0,516;-0,192;-0,141;20,825;21,822;21,544;-444,787;510,94;15766,73;9,284
02;2025;09;30;13;25;06;0,377;-0,11;-0,161;19,98;22,175;24,051;-580,895;649,56;15870,44;9,284
02;2025;09;30;13;25;07;0,457;-0,153;-0,258;21,404;21,535;21,657;-446,028;415,588;15809,58;9,284
02;2025;09;30;13;25;07;0,403;-0,119;0,093;23,45;18,398;20,031;-420,162;174,263;15951,07;9,284
02;2025;09;30;13;25;08;0,333;-0,113;0,048;21,003;25,555;22,47;-625,575;512,647;15960,86;9,284
02;2025;09;30;13;25;08;0,66;-0,118;0,244;18,4;19,083;23,08;-444,657;760,17;15744,57;9,284
02;2025;09;30;13;25;09;0,475;-0,107;-0,183;21,203;23,434;22,244;-618,393;1026,601;15777,96;9,284
02;2025;09;30;13;25;09;0,264;-0,044;-0,006;23,028;24,737;26,738;-623,663;671,107;15816,01;9,284
02;2025;09;30;13;25;10;0,125;-0,083;0,07;32,995;30,745;34,01;-758,229;512,651;15965,32;9,284
02;2025;09;30;13;25;10;0,334;0,027;0,094;30,704;30,502;30,419;-668,006;393,784;15952,94;9,284
02;2025;09;30;13;25;11;0,503;0,004;0,043;25,475;20,276;21,544;-640,664;748,062;15851,49;9,284
02;2025;09;30;13;25;11;0,746;0,007;-0,056;22,672;24,561;23,509;-474,666;817,037;15737,53;9,284
02;2025;09;30;13;25;12;0,457;-0,094;-0,042;23,918;23,677;26,219;-1005,473;715,507;15897,48;9,284
02;2025;09;30;13;25;12;0,49;-0,216;-0,044;21,715;25,621;24,819;-630,994;766,286;15780,3;9,284
02;2025;09;30;13;25;13;0,608;-0,076;-0,161;24,296;24,119;27,822;-607,697;655,705;15866,88;9,284
02;2025;09;30;13;25;13;0,566;-0,131;0,024;21,671;23,28;26,783;-681,237;657,69;15850,21;9,284
03;2025;09;30;13;33;01;0,971;-0,058;0,013;23,695;23,081;24,593;-516,641;277,255;15759,41;9,284
03;2025;09;30;13;33;02;0,922;-0,139;0,002;21,137;21,402;22,267;-524,522;355,83;15675,7;9,284
03;2025;09;30;13;33;02;0,935;-0,076;-0,026;20,87;23,699;23,893;-608,407;219,156;15888,39;9,284
03;2025;09;30;13;33;03;0,888;-0,109;0,063;21,003;23,39;23,961;-548,376;121,781;15841,88;9,284
03;2025;09;30;13;33;04;0,697;-0,204;-0,134;21,315;22,639;23,148;-703,736;198,744;15829,23;9,284
03;2025;09;30;13;33;04;0,829;-0,212;-0,307;22,827;25,135;23,464;-591,375;435,381;15778,24;9,284
03;2025;09;30;13;33;05;0,79;-0,182;-0,119;22,36;24,671;27,325;-638,933;372,645;15833,04;9,284
03;2025;09;30;13;33;05;0,789;-0,204;0,139;24,229;23,81;25,338;-629,644;327,598;15870,14;9,284
03;2025;09;30;13;33;06;1,053;-0,164;-0,002;21,804;22,043;25,609;-491,804;482,014;15776,35;9,284
03;2025;09;30;13;33;06;0,987;-0,215;-0,211;25,008;26,085;22,425;-422,805;136,224;15843,73;9,284
03;2025;09;30;13;33;07;0,965;-0,145;-0,083;22,605;20,718;24,977;-551,483;291,755;15871,14;9,284
03;2025;09;30;13;33;07;0,882;-0,103;-0,078;25,364;22,33;24,503;-475,384;323,466;15784,34;9,284
03;2025;09;30;13;33;08;0,766;-0,082;-0,2;24,162;23,545;24,638;-395,438;211,922;15833,83;9,284
03;2025;09;30;13;33;08;0,845;-0,12;0,048;22,071;25,268;24,661;-392,894;310,78;15808,64;9,284
03;2025;09;30;13;33;09;0,923;-0,161;0,125;19,935;20,408;24,232;-435,458;309,421;15864,06;9,284
03;2025;09;30;13;33;09;0,916;-0,096;-0,093;20,447;21,645;22,154;-419,815;336,384;15838,16;9,284
03;2025;09;30;13;33;10;1,108;-0,09;0,016;20,936;23,501;22,831;-490,228;306,398;15802,35;9,284
03;2025;09;30;13;33;10;0,904;-0,17;0,08;20,936;19,459;23,554;-430,414;296,137;15846,87;9,284
03;2025;09;30;13;33;11;0,508;-0,203;-0,052;22,649;22,772;23,893;-428,436;240,002;15805,87;9,284
03;2025;09;30;13;33;11;0,818;-0,032;-0,072;26,632;21,932;27,167;-503,402;494,705;15789,26;9,284
03;2025;09;30;13;33;12;1,096;-0,115;-0,137;25,698;22,948;22,515;-345,478;222,289;15803,97;9,284
03;2025;09;30;13;33;12;0,996;-0,119;0,002;21,092;20,563;24,932;-527,966;281,391;15885,06;9,284
03;2025;09;30;13;33;13;1,033;-0,154;-0,012;22,516;21,424;23,012;-329,173;344,263;15813,24;9,284
03;2025;09;30;13;33;13;0,947;-0,108;-0,029;21,849;24,804;26,49;-364,65;246,812;15869,81;9,284
03;2025;09;30;13;33;14;0,952;-0,122;0,013;22,182;23,081;23,644;-296,358;321,852;15774,8;9,284
03;2025;09;30;13;33;14;0,889;-0,143;0,098;21,737;23,368;25,903;-324,786;194,257;15874,79;9,284
03;2025;09;30;13;33;15;0,852;-0,087;0,101;22,85;20,011;22,786;-304,577;164,554;15821,04;9,284
03;2025;09;30;13;33;15;1,013;-0,136;0,013;23,139;22,993;25,203;-378,649;303,812;15838,78;9,284
03;2025;09;30;13;33;16;0,948;-0,111;-0,046;23,005;21,137;25,903;-243,223;567,866;15740,74;9,284
03;2025;09;30;13;33;16;0,937;-0,141;0,163;23,05;21,888;27,054;-287,055;431,151;15840,59;9,284
03;2025;09;30;13;33;17;0,837;-0,187;-0,051;22,249;20,497;26,106;-280,919;272,044;15901,44;9,284
03;2025;09;30;13;33;17;0,911;-0,157;-0,195;24,229;21,137;22,764;-398,282;349,824;15875,95;9,284
03;2025;09;30;13;33;18;1,006;-0,107;0,09;24,474;22,374;23,328;-321,136;572,117;15747,46;9,284
03;2025;09;30;13;33;18;0,903;-0,148;-0,016;23,05;21,667;23,283;-252,555;589,217;15769,79;9,284
03;2025;09;30;13;33;19;0,847;-0,233;-0,104;25,942;21,844;25,699;-174,705;178,54;15836,9;9,284
03;2025;09;30;13;33;19;0,9;-0,223;-0,107;23,851;22,374;25,406;-304,372;296,983;15870,97;9,284
03;2025;09;30;13;33;20;0,919;-0,196;-0,135;23,428;23,942;25,541;-274,32;344,961;15872,71;9,284
03;2025;09;30;13;33;20;1,006;-0,106;0,052;20,936;21,623;25,451;-122,382;415,414;15757;9,284
03;2025;09;30;13;33;21;0,99;-0,182;-0,039;26,321;20,276;24,615;-235,946;359,578;15847,34;9,284
03;2025;09;30;13;33;21;0,951;-0,136;0,168;25,675;23,854;24,819;-200,383;471,028;15773,94;9,284
03;2025;09;30;13;33;22;0,99;-0,136;-0,07;21,559;20,85;23,667;-285,947;546,033;15882,83;9,284
03;2025;09;30;13;33;22;0,896;-0,136;0,022;23,873;23,633;24,819;-346,178;576,574;15805,94;9,284
03;2025;09;30;13;33;23;1,081;-0,165;0,044;21,337;24,45;25,135;-219,357;473,803;15806,45;9,284
03;2025;09;30;13;33;23;0,909;-0,107;-0,145;24,607;24,693;23,825;-378,509;528,097;15844,78;9,284
03;2025;09;30;13;33;24;0,925;-0,116;-0,249;22,627;22,573;23,825;-276,298;336,031;15888,87;9,284
03;2025;09;30;13;33;24;0,982;-0,089;-0,239;21,671;22,926;24,638;-325,165;547,833;15836,47;9,284
03;2025;09;30;13;33;25;0,958;-0,052;0,145;20,38;21,888;22,673;-241,784;526,796;15743,76;9,284
03;2025;09;30;13;33;25;0,865;-0,175;0,159;23,25;25,51;26,942;-310,626;532,585;15850,76;9,284
03;2025;09;30;13;33;26;0,859;-0,245;0,091;21,337;21,181;23,78;-257,874;463,387;15811,18;9,284
03;2025;09;30;13;33;26;0,913;-0,199;0,026;21,938;21,822;24,706;-365,195;376,067;15935,52;9,284
03;2025;09;30;13;33;27;0,78;-0,155;0,076;23,829;23,633;21,386;-351,51;263,076;15922,12;9,284
03;2025;09;30;13;33;27;0,916;-0,181;0,022;25,164;21,954;25,835;-154,601;705,953;15837,8;9,284
03;2025;09;30;13;33;28;0,944;-0,204;-0,092;25,609;23,788;26,625;-178,795;425,611;15846,21;9,284
03;2025;09;30;13;33;28;0,941;-0,164;-0,112;24,986;21,91;24,503;-174,865;370,734;15823,76;9,284
03;2025;09;30;13;33;29;1,05;-0,187;0,131;24,696;21,469;25,316;-256,838;498,705;15865,41;9,284
03;2025;09;30;13;33;29;0,969;-0,236;0,008;24,229;21,204;22,877;-124,458;531,073;15848,95;9,284
03;2025;09;30;13;33;30;1,062;-0,145;0,217;23,562;25,179;24,096;-168,718;660,479;15784,88;9,284
03;2025;09;30;13;33;30;0,907;-0,163;0,08;22,872;23,81;27,054;-183,291;725,635;15763,41;9,284
03;2025;09;30;13;33;31;0,958;-0,192;-0,224;25,453;26,836;25,541;-322,756;617,551;15860,95;9,284
03;2025;09;30;13;33;31;0,946;-0,115;-0,281;22,627;24,274;27,348;-319,845;566,957;15888,14;9,284
03;2025;09;30;13;32;05;0,799;-0,241;0,354;20,024;22,485;23,08;-839,986;-1067,995;15741,98;9,284
03;2025;09;30;13;32;05;0,695;-0,295;0,438;24,585;20,651;21,047;-1053,096;-210,414;16051,4;9,284
03;2025;09;30;13;32;06;0,798;-0,207;-0,001;20,514;22,595;25,925;-700,828;180,267;15941,58;9,284
03;2025;09;30;13;32;06;0,768;-0,121;0,174;21,315;21,358;25,858;-530,068;-457,091;15782,21;9,284
03;2025;09;30;13;32;07;0,207;-0,048;0,033;21,47;19,282;23,396;-170,933;266,998;15787,32;9,284
03;2025;09;30;13;32;07;0,642;-0,187;-0,098;26,054;19,392;22,38;-515,15;-311,966;15809,64;9,284
03;2025;09;30;13;32;08;0,865;-0,208;-0,005;20,936;22,33;25,745;-616,692;129,396;15873,98;9,284
03;2025;09;30;13;32;08;0,277;-0,15;-0,193;21,159;23,633;22,154;-287,703;-120,659;15764,42;9,284
03;2025;09;30;13;32;09;0,81;-0,097;-0,056;20,669;19,9;24,661;-416,994;-281,793;15769,47;9,284
03;2025;09;30;13;32;09;0,78;-0,047;0,128;19,446;21,712;22,448;-623,179;-142,853;15964,56;9,284
03;2025;09;30;13;32;10;0,505;-0,141;0,047;22,694;19,194;21,77;-289,152;181,836;15733,87;9,284
03;2025;09;30;13;32;10;0,594;-0,243;-0,025;20,603;21,513;24,774;-292,59;-609,159;15767,13;9,284
03;2025;09;30;13;32;11;0,847;-0,113;-0,178;22,205;19,37;23,893;-746,885;-660,015;16116,56;9,284
03;2025;09;30;13;32;11;1,047;-0,208;-0,021;20,336;23,523;22,357;-477,869;-176,598;15807,26;9,284
03;2025;09;30;13;32;12;0,903;-0,152;-0,012;17,688;19,967;21,589;-411,498;-373,275;15759,67;9,284
03;2025;09;30;13;32;12;0,752;-0,255;-0,053;19,09;19,326;22,335;-431,206;-137,445;15778,6;9,284
03;2025;09;30;13;32;13;0,669;-0,231;-0,12;20,936;19,216;23,961;-626,369;-116,892;15935,51;9,284
03;2025;09;30;13;32;13;0,665;-0,119;0,161;22,538;22,286;25,09;-434,467;-329,79;15774,02;9,284
03;2025;09;30;13;32;14;0,836;-0,153;-0,118;19,245;20,453;20,957;-24,526;-124,213;15625,26;9,284
03;2025;09;30;13;32;14;0,779;-0,152;-0,004;24,986;22,661;23,531;-534,124;-228,843;16018,18;9,284
03;2025;09;30;13;32;15;0,899;-0,051;-0,242;19,579;19,613;24,322;-2,378;-300,007;15729;9,284
03;2025;09;30;13;32;15;0,724;-0,32;-0,219;20,959;21,049;21,77;-272,752;-204,494;15747,92;9,284
03;2025;09;30;13;32;16;0,824;-0,139;0,574;21,849;18,884;25,541;-551,783;-91,491;15930,55;9,284
03;2025;09;30;13;32;16;0,688;-0,353;-0,329;21,737;22,728;23,306;-146,023;119,63;15716,25;9,284
03;2025;09;30;13;32;17;0,745;-0,155;-0,505;20,959;24,87;21,251;-455,331;28,596;15805,05;9,284
03;2025;09;30;13;32;17;0,7;0,003;-0,309;21,849;21,314;24,841;-34,647;-88,848;15704,06;9,284
03;2025;09;30;13;32;18;0,774;0,039;0,173;19,201;22,109;23,102;-93,113;201;15653,69;9,284
03;2025;09;30;13;32;18;0,544;-0,08;-0,35;24,14;21,954;20,325;-353,67;-123,364;15854,42;9,284
03;2025;09;30;13;32;19;0,786;-0,23;-0,294;21,626;21,932;27,054;36,017;-221,523;15821,36;9,284
03;2025;09;30;13;32;19;0,806;-0,093;-0,191;19,29;21,27;25,564;-474,208;517,525;15888,89;9,284
03;2025;09;30;13;32;20;0,973;-0,126;0,571;24,14;19,834;20,663;-102,697;-309,363;15786,23;9,284
03;2025;09;30;13;32;20;0,759;-0,197;-0,178;22,027;22,772;26,061;-442,26;62,759;15915,04;9,284
03;2025;09;30;13;32;21;0,736;-0,149;-0,012;19,535;22,617;20,528;-523,288;270,243;15892,12;9,284
03;2025;09;30;13;32;21;0,664;-0,221;-0,141;22,071;21,159;27,732;-137,12;-20,157;15716,75;9,284
03;2025;09;30;13;32;22;0,788;-0,217;-0,09;23,005;20,961;23,238;-387,911;62,117;15884,52;9,284
03;2025;09;30;13;32;22;0,733;-0,194;-0,289;21,048;20,232;22,899;-489,756;-66,179;15849,29;9,284
03;2025;09;30;13;32;23;0,753;-0,221;-0,081;24,452;19,768;22,357;-190,079;30,382;15768,67;9,284
03;2025;09;30;13;32;23;0,856;-0,16;-0,196;21,826;23,191;23,193;-673,53;379,406;16055,21;9,284
03;2025;09;30;13;32;24;0,713;-0,333;-0,066;23,473;22,44;23,125;-9,641;-92,004;15606,41;9,284
03;2025;09;30;13;32;24;0,798;-0,138;-0,25;19,735;23,015;22,944;-295,019;316,641;15720,6;9,284
03;2025;09;30;13;32;25;0,802;-0,14;-0,059;22,516;22,595;25,903;-463,883;76,074;15918,5;9,284
03;2025;09;30;13;32;25;0,482;-0,247;-0,056;20,069;21,424;22,786;-354,162;-222,927;15772,19;9,284
03;2025;09;30;13;32;26;0,645;-0,236;-0,165;23,762;21,402;23,599;-280,021;247,819;15696,13;9,284
03;2025;09;30;13;32;26;0,849;-0,145;0,229;21,804;21,181;24,141;-376,506;585,979;15719,73;9,284
03;2025;09;30;13;32;27;0,62;-0,068;-0,14;17,866;18,884;22,809;-279,895;-17,562;15822,02;9,284
03;2025;09;30;13;32;27;0,569;-0,089;-0,093;21,359;19,105;22,154;-331,885;111,506;15850,25;9,284
03;2025;09;30;13;32;28;0,585;-0,173;0,099;23,206;18,553;22,109;-294,154;-2,218;15812,59;9,284
03;2025;09;30;13;32;28;0,663;-0,195;-0,076;23,606;20,453;22,786;-174,446;-40,439;15775,09;9,284
03;2025;09;30;13;32;29;0,594;-0,183;-0,137;23,317;24,87;23,667;-280,383;-654,686;15627,64;9,284
03;2025;09;30;13;32;29;0,887;-0,217;0,002;22,093;20,74;20,867;-157,903;400,842;15795,23;9,284
03;2025;09;30;13;32;30;0,637;-0,359;0,057;21,671;22,772;22,967;-189,422;-314,65;15788,54;9,284
03;2025;09;30;13;32;30;0,726;-0,267;-0,14;20,002;20,872;24,525;-529,549;269,437;15891,27;9,284
03;2025;09;30;13;32;31;0,595;-0,124;-0,141;22,405;22,794;27,28;-606,836;174,741;15832,03;9,284
03;2025;09;30;13;32;31;0,547;-0,193;-0,248;21,893;22,904;23,509;-518,143;172,792;15837;9,284
03;2025;09;30;13;32;32;0,638;0,004;0,348;21,203;20,916;21,431;-292,327;141,544;15789,46;9,284
03;2025;09;30;13;32;32;0,887;-0,197;-0,26;23,317;25,113;23,419;-373,251;207,207;15798,5;9,284
03;2025;09;30;13;32;33;0,797;-0,287;-0,144;24,318;22,617;25,609;-565,913;-209,877;15861,79;9,284
03;2025;09;30;13;32;33;0,846;-0,193;0,071;22,449;22,838;24,954;-354,938;313,075;15750,62;9,284
03;2025;09;30;13;32;34;0,746;-0,228;0,161;20,647;21,491;22,425;-360,684;264,143;15871,79;9,284
03;2025;09;30;13;32;34;0,613;-0,091;0,041;23,651;23,456;22,583;-479,679;-182,235;15831,36;9,284
03;2025;09;30;13;31;05;0,266;-0,061;-0,087;20,202;23,037;23,893;-555,142;200,973;15790,46;9,284
03;2025;09;30;13;31;06;0,526;0,021;0,31;19,891;23,655;24,367;-356,815;-318,099;15715,87;9,284
03;2025;09;30;13;31;06;0,609;-0,003;-0,092;20,18;22,904;23,78;-333,682;277,34;15789,28;9,284
03;2025;09;30;13;31;07;0,505;0,035;0,106;21,96;21,27;21,522;188,056;349,871;15960,47;9,284
03;2025;09;30;13;31;07;0,233;-0,029;0,361;24,318;20,408;22,764;-107,196;-310,95;15706,25;9,284
03;2025;09;30;13;31;08;0,938;-0,137;0,31;22,738;24,936;23,757;-249,146;548,569;15840,53;9,284
03;2025;09;30;13;31;08;0,255;0,108;0,403;20,647;19,922;21,07;-368,831;170,264;15882,61;9,284
03;2025;09;30;13;31;09;0,37;-0,075;0,602;22,583;19,282;26,445;-425,083;597,927;16259,56;9,284
03;2025;09;30;13;31;09;0,518;-0,088;-0,141;21,626;20,872;25,203;-119,214;-685,338;15644,33;9,284
03;2025;09;30;13;31;10;0,574;-0,125;0,657;23,94;21,667;24,051;-186,826;373,528;15219,6;9,284
03;2025;09;30;13;31;10;0,435;0,275;0,058;24,363;21,91;26,106;-1108,131;-723,93;15424,7;9,284
03;2025;09;30;13;31;11;0,412;-0,044;0,44;24,607;21,888;23,306;-282,223;235,41;15966,1;9,284
03;2025;09;30;13;31;11;0,5;-0,223;0,029;23,161;18,288;24,164;-224,91;632,619;15744,18;9,284
03;2025;09;30;13;31;12;0,423;-0,059;-0,33;21,76;21,336;23,08;-177,708;338,476;15704,31;9,284
03;2025;09;30;13;31;12;0,571;0,092;0,325;19,713;20,74;27,89;-787,347;170,087;15797,66;9,284
03;2025;09;30;13;31;13;0,471;-0,084;-0,099;20,959;21,248;20,709;28,009;177,434;15921,4;9,284
03;2025;09;30;13;31;13;0,412;-0,118;-0,067;21,114;22,617;20,754;-3,727;-521,053;15522,62;9,284
03;2025;09;30;13;31;14;0,306;-0,054;-0,43;19,735;19,702;23,644;-262,286;-42,413;15164,95;9,284
03;2025;09;30;13;31;14;0,33;0,101;0,079;20,091;20,563;27,303;70,211;108,192;15772,08;9,284
03;2025;09;30;13;31;15;0,257;-0,031;-0,107;18,177;18,266;22,583;-300,109;-53,526;15961,24;9,284
03;2025;09;30;13;31;15;0,207;-0,067;0,271;21,915;21,778;25,157;-580,806;736,726;15867,75;9,284
03;2025;09;30;13;31;16;0,373;0,066;-0,025;21,137;23,213;23,328;-175,623;-634,25;15701,67;9,284
03;2025;09;30;13;31;16;0,41;-0,123;-0,243;21,648;21,248;21,973;-572,428;304,046;15576;9,284
03;2025;09;30;13;31;17;0,628;-0,013;-0,4;22,449;21,226;24,367;189,859;470,346;15866,3;9,284
03;2025;09;30;13;31;17;0,241;-0,107;-0,108;19,735;22,705;25,587;-688,001;335,644;16034,83;9,284
03;2025;09;30;13;31;18;0,389;0,132;0,022;23,161;21,049;22,222;-11,761;110,583;16290,61;9,284
03;2025;09;30;13;31;18;0,264;-0,1;-0,116;22,627;19,392;26,693;-832,239;-439,03;15465,58;9,284
03;2025;09;30;13;31;19;0,567;-0,051;0,139;21,048;23,589;21,454;-223,113;-23,886;16012,79;9,284
03;2025;09;30;13;31;19;0,211;-0,15;0,01;20,981;19,503;23,915;-421,359;39,628;15587,7;9,284
03;2025;09;30;13;31;20;0,345;-0,024;-0,025;21,849;21,712;23,419;-382,137;62,115;15649,06;9,284
03;2025;09;30;13;31;20;0,236;-0,09;-0,05;24,83;21,446;23,78;-640,705;619,716;15709,75;9,284
03;2025;09;30;13;31;21;0,451;-0,08;0,087;24,741;21,689;24,864;-332,364;-158,706;15627,04;9,284
03;2025;09;30;13;31;21;0,329;-0,065;-0,093;24,963;23,412;25,587;-425,792;293,794;15994,66;9,284
03;2025;09;30;13;31;22;0,554;0,024;-0,294;19,223;21,204;22,267;21,09;774,713;15868,73;9,284
03;2025;09;30;13;31;22;0,522;-0,012;0,197;20,669;19,481;21,86;517,621;-783,349;16206,72;9,284
03;2025;09;30;13;31;23;0,263;0,066;0,017;22,961;25,577;27,574;568,62;678,681;16589,03;9,284
03;2025;09;30;13;31;23;0,397;-0,041;0,429;24,207;18,862;25,722;-820,837;669,63;15656,13;9,284
03;2025;09;30;13;31;24;0,543;0,041;-0,235;25,564;20,872;22,854;-905,235;1463,773;14243,38;9,284
03;2025;09;30;13;31;24;0,592;-0,083;-0,066;23,117;19,503;20,099;-138,293;-467,703;15699,87;9,284
03;2025;09;30;13;31;25;0,736;-0,265;-0,534;19,891;19,812;26,377;-457,698;158,87;16171,35;9,284
03;2025;09;30;13;31;25;0,422;-0,097;-0,758;19,824;21,91;23,351;608,888;-252,401;15785,83;9,284
03;2025;09;30;13;31;26;0,575;-0,005;-0,092;17,621;18,553;23,125;-605,514;1180,689;15846,94;9,284
03;2025;09;30;13;31;26;0,463;0,012;-0,052;22,783;21,093;25,067;-423,187;1068,032;15921,41;9,284
03;2025;09;30;13;31;27;0,447;0,085;0,191;22,227;21,888;21,476;-230,252;-390,875;15987,32;9,284
03;2025;09;30;13;31;27;0,598;-0,115;-0,533;23,028;22,22;21,612;-803,414;231,595;16582,96;9,284
03;2025;09;30;13;31;28;0,646;-0,14;-0,519;23,317;20,585;23,938;57,095;149,011;15617,88;9,284
03;2025;09;30;13;31;28;0,324;-0,058;-0,009;22,761;22,264;22,606;1,13;-75,005;15896,45;9,284
03;2025;09;30;13;31;29;0,201;-0,011;-0,103;21,426;22,705;21,747;-108,668;423,292;15834,88;9,284
03;2025;09;30;13;31;29;0,967;-0,276;-0,503;23,161;21,336;22,944;-186,898;986,192;15358,41;9,284
03;2025;09;30;13;31;30;0,573;-0,199;-0,587;21,159;23,191;22,47;-118,387;474,045;15557,92;9,284
03;2025;09;30;13;31;30;0,596;-0,144;-0,162;21,804;19,9;24,457;-166,868;608,397;15682,93;9,284
03;2025;09;30;13;31;31;0,541;-0,17;-0,203;21,626;20,033;21,86;-244,642;1216,496;16246,68;9,284
03;2025;09;30;13;31;31;0,461;0,049;-0,017;22,449;23,434;25,112;-372,914;1003,888;15945,46;9,284
03;2025;09;30;13;31;32;0,538;-0,191;-0,089;25,075;21,292;23,554;66,274;1085,937;15611,17;9,284
03;2025;09;30;13;31;32;0,504;-0,045;0,082;22,249;20,121;23,17;-510,909;573,507;15301,48;9,284
03;2025;09;30;13;31;33;0,795;-0,093;0,041;20,603;22,529;23,802;-435,921;280,866;16011,17;9,284
03;2025;09;30;13;31;33;0,57;-0,069;0,03;20,425;20,033;22,244;-499,746;55,583;15866,25;9,284
03;2025;09;30;13;31;34;0,318;0,034;-0,016;25,275;21,778;27,303;-157,743;169,813;15523,31;9,284
03;2025;09;30;13;31;34;0,594;-0,128;-0,132;24,296;20,276;22,493;-574,241;744,184;16016,21;9,284
03;2025;09;30;13;31;35;0,061;0,125;0,427;23,161;21,645;21,725;420,672;-402,606;15510,02;9,284
04;2025;09;30;13;37;19;0,962;-0,044;0,041;21,515;20,21;22,289;-1043,308;-162,871;15972,55;9,246
04;2025;09;30;13;37;19;1,02;-0,164;-0,032;24,63;20,872;23,78;-1344,749;116,658;16109,33;9,246
04;2025;09;30;13;37;20;1,112;-0,191;-0,172;22,182;22,043;22,673;-1172,706;593,51;15798,92;9,246
04;2025;09;30;13;37;20;1,002;-0,115;-0,04;21,114;22,683;22,086;-1216,303;393,177;15874,47;9,246
04;2025;09;30;13;37;21;1,044;-0,136;-0,044;22,316;20,342;24,954;-937,616;347,391;15645,77;9,246
04;2025;09;30;13;37;21;1,14;-0,149;-0,148;22,294;19,922;22,222;-1079,102;475,629;15851,11;9,246
04;2025;09;30;13;37;22;1,043;-0,083;-0,226;22,738;23,788;24,096;-1036,911;112,09;15857,92;9,246
04;2025;09;30;13;37;22;1,007;-0,117;-0,067;20,469;24,252;25,745;-845,673;-75,298;15925,15;9,251
04;2025;09;30;13;37;23;1,027;-0,065;-0,121;22,872;22,308;22,222;-982,669;131,061;15789,05;9,246
04;2025;09;30;13;37;23;1,122;-0,125;-0,103;23,717;20,165;21,928;-952,355;171,325;15822,64;9,246
04;2025;09;30;13;37;24;1,168;-0,059;-0,04;24,563;23,788;24,525;-671,748;134,162;15864,7;9,246
04;2025;09;30;13;37;24;1,055;-0,187;-0,011;21,159;24,936;24,096;-998,695;122,179;15963,5;9,246
04;2025;09;30;13;37;25;1,062;-0,217;-0,137;24,14;20,938;24,774;-897,026;35,815;15923,41;9,246
04;2025;09;30;13;37;25;1,189;-0,105;-0,144;22,182;23,501;27,054;-914,364;-114,366;16001,8;9,246
04;2025;09;30;13;37;26;1,131;-0,037;0,21;24,029;24,318;26,919;-636,906;-11,418;15842,18;9,246
04;2025;09;30;13;37;26;1,165;-0,057;0,091;23,962;21,999;22,154;-976,192;394,591;15818,64;9,256
04;2025;09;30;13;37;27;1,038;-0,154;0,078;19,868;19,878;23,102;-813,382;129,972;15780,07;9,246
04;2025;09;30;13;37;27;1,17;-0,189;0,01;20,135;25,245;24,322;-864,303;56,966;15858,77;9,246
04;2025;09;30;13;37;28;1,309;-0,114;-0,172;21,337;24,141;24,164;-478,032;-237,912;15912,65;9,246
04;2025;09;30;13;37;28;0,949;-0,131;-0,211;22,827;24,627;21,883;-690,241;402,008;15672,73;9,246
04;2025;09;30;13;37;29;1,195;-0,19;-0,118;24,007;21,358;26,106;-407,771;-154,065;15858,64;9,246
04;2025;09;30;13;37;29;1,231;-0,145;-0,176;23,628;21,999;26,716;-949,616;436,22;15743,91;9,246
04;2025;09;30;13;37;30;0,764;-0,17;-0,278;26,031;20,718;23,893;-725,916;179,836;15710,67;9,246
04;2025;09;30;13;37;30;0,979;-0,132;-0,044;21,27;23,456;23,396;-758,93;306,093;15704,39;9,246
04;2025;09;30;13;37;31;1,177;-0,131;-0,143;22,961;24,45;23,599;-950,76;460,084;15833,5;9,246
04;2025;09;30;13;37;31;1,026;-0,027;0,072;24,118;21,027;24,841;-647,895;222,66;15521,94;9,246
04;2025;09;30;13;37;32;1,018;-0,122;0,288;21,27;20,497;24,57;-820,238;-393,893;16047,73;9,246
04;2025;09;30;13;37;32;1,035;-0,231;-0,14;23,584;21,159;22,854;-928,237;168,312;15830,72;9,246
04;2025;09;30;13;37;33;1,068;-0,15;-0,174;24,162;24,163;25,09;-744,033;-86,839;15800;9,252
04;2025;09;30;13;37;33;1,237;-0,053;-0,061;26,143;24,428;25,948;-801,12;80,799;15948,41;9,251
04;2025;09;30;13;37;34;1,122;-0,071;0,07;22,538;21,469;23,87;-778,985;-264,797;15894,59;9,252
04;2025;09;30;13;37;34;1,044;-0,111;0,011;21,47;25,466;24,096;-957,706;-133,358;15920,09;9,246
04;2025;09;30;13;37;35;1,1;-0,144;-0,07;22,427;26,328;23,599;-1152,626;-242,207;16099,61;9,257
04;2025;09;30;13;37;35;1,156;-0,111;-0,031;22,805;23,103;26,106;-879,185;138,839;15877,3;9,256
04;2025;09;30;13;37;36;1,012;-0,209;-0,19;21,292;26,063;23,328;-597,371;-29,592;15771,67;9,246
04;2025;09;30;13;37;36;0,904;0,01;0,158;24,652;26,151;27,325;-992,265;454,198;15713,55;9,251
04;2025;09;30;13;37;37;1,075;-0,069;0,083;21,76;18,354;23,012;-787,532;-412,797;15949,8;9,246
04;2025;09;30;13;37;37;1,026;-0,155;-0,007;23,94;21,071;24,39;-712,022;-234,365;15946,11;9,251
04;2025;09;30;13;37;38;1,128;-0,13;-0,01;24,963;23,39;26,445;-725,395;361,283;15622,85;9,252
04;2025;09;30;13;37;38;1,265;-0,132;-0,102;25,408;23,854;25,609;-816,779;14,398;15847,57;9,256
04;2025;09;30;13;37;39;1,008;-0,051;0,068;24,652;24,428;22,786;-826,155;-28,424;15901,76;9,263
04;2025;09;30;13;37;39;1,242;-0,137;0,032;21,337;23,766;22,086;-643,441;-134,024;15714,34;9,26
04;2025;09;30;13;37;40;1,17;-0,092;-0,072;21,96;24,76;24,593;-819,641;-18,028;15830,71;9,246
04;2025;09;30;13;37;40;1,133;-0,104;-0,014;22,783;23,081;25,587;-803,402;319,255;15632,1;9,256
04;2025;09;30;13;37;41;1,194;-0,106;-0,038;21,359;24,318;25,293;-957,856;205,23;15922,62;9,246
04;2025;09;30;13;37;41;1,01;-0,172;-0,172;22,249;23,876;23,08;-707,794;103,436;15688,04;9,256
04;2025;09;30;13;37;42;0,894;-0,179;0,018;21,226;21,491;25,835;-771,746;312,902;15694,54;9,268
04;2025;09;30;13;37;42;0,95;-0,184;-0,016;28,212;23,236;22,425;-556,027;-459,608;15916,26;9,265
04;2025;09;30;13;37;43;1,012;-0,221;0,083;21,582;23,501;24,141;-801,938;-66,083;15795,01;9,263
04;2025;09;30;13;37;43;0,602;-0,128;0,008;25,631;22,97;25,293;-669,659;157,19;15709,12;9,265
04;2025;09;30;13;37;44;1,016;-0,143;-0,023;22,761;24,693;25,654;-593,916;-193,586;15804,32;9,257
04;2025;09;30;13;37;44;1,051;-0,134;0,063;27,3;22,661;24,593;-1003,589;-252,055;15976,18;9,256
04;2025;09;30;13;37;45;1,074;-0,076;0,015;22,271;24,274;24,503;-487,987;-278,688;15698,48;9,246
04;2025;09;30;13;37;45;1,161;-0,149;-0,109;28,078;23,103;25,948;-681,132;-716,359;16018,75;9,256
04;2025;09;30;13;37;46;0,973;-0,076;0,032;23,45;20,696;24,299;-602,064;-156,998;15819,66;9,263
04;2025;09;30;13;37;46;1,029;-0,215;0,102;24,741;23,28;22,628;-884,561;-279,468;16000,77;9,251
04;2025;09;30;13;37;47;1,11;-0,181;-0,113;24,741;22,926;23,08;-696,463;-138,012;15659,21;9,252
04;2025;09;30;13;37;47;1,16;-0,225;-0,171;25,186;24,009;22,244;-711,919;-65,571;15871,09;9,265
04;2025;09;30;13;37;48;1,227;-0,185;-0,16;23,962;24,693;25,745;-375,89;-281,332;15970,67;9,263
04;2025;09;30;13;37;48;1,139;-0,131;-0,08;24,986;25,599;26,038;-415,612;-125,393;15750,39;9,251
04;2025;09;30;13;36;18;1,047;-0,12;-0,186;22,116;24,053;27,461;-958,122;18,523;15715,63;9,246
04;2025;09;30;13;36;19;1,096;-0,118;0,007;21,559;24,627;24,751;-888,566;292,902;15780,52;9,246
04;2025;09;30;13;36;19;0,89;-0,166;-0,084;25,853;20,254;25,88;-37,977;260,755;15433,21;9,246
04;2025;09;30;13;36;20;1,019;-0,194;-0,072;20,714;22,396;25,067;-599,427;151,755;15715,28;9,246
04;2025;09;30;13;36;20;1,016;-0,136;-0,13;21,782;23,324;26,354;-1248,344;790,868;16238,83;9,246
04;2025;09;30;13;36;21;0,849;-0,23;0,003;23,005;23,942;24,954;246,19;66,635;15229,45;9,246
04;2025;09;30;13;36;21;1,086;-0,145;-0,258;23,339;24,34;22,786;-183,49;-613,639;15686,43;9,246
04;2025;09;30;13;36;22;0,92;0,078;-0,224;24,474;24,428;25,316;-1702,823;112,393;16125,1;9,246
04;2025;09;30;13;36;22;0,829;-0,156;0,082;21,871;26,261;21,364;-1080,056;-156,891;15739,23;9,246
04;2025;09;30;13;36;23;0,8;-0,284;-0,285;23,873;23,037;25,316;-45,226;-126,737;15284,66;9,246
04;2025;09;30;13;36;23;1,101;-0,275;-0,333;22,494;24,649;23,961;-1201,382;-286,262;16034,06;9,246
04;2025;09;30;13;36;24;1,196;-0,141;-0,431;23,562;20,828;22,854;-996,402;399,6;15914,55;9,251
04;2025;09;30;13;36;24;0,735;-0,199;0,029;23,695;23,213;25,564;-599,491;161,033;15818,56;9,246
04;2025;09;30;13;36;25;1,047;-0,201;-0,13;23,361;22,197;24,412;-1639,25;182,189;16209,92;9,246
04;2025;09;30;13;36;25;1,109;-0,252;-0,28;23,873;21,623;24,322;-901,679;-90,529;15646,76;9,246
04;2025;09;30;13;36;26;0,865;-0,301;-0,439;22,738;23,986;26,445;-1226,112;-813,608;16238,04;9,246
04;2025;09;30;13;36;26;1,143;-0,044;0,065;18,845;25,268;22,222;-1069,983;925,015;15843,39;9,246
04;2025;09;30;13;36;27;1,28;0,065;0,093;23,339;23,302;28,229;-706,097;-115,783;15625,95;9,251
04;2025;09;30;13;36;27;0,761;-0,064;0,174;24,852;21,446;24,796;-1045,116;-1285,689;15994,87;9,246
04;2025;09;30;13;36;28;0,694;-0,101;-0,214;21,648;23,854;23,215;-410,137;-279,272;15417,09;9,246
04;2025;09;30;13;36;28;0,775;-0,04;-0,003;22,494;21,336;22,831;-986,556;-19,307;15830,59;9,246
04;2025;09;30;13;36;29;0,783;-0,134;-0,296;23,384;22,286;23,983;-873,734;-15,648;15734,03;9,246
04;2025;09;30;13;36;29;0,916;-0,117;0,023;25,23;20,961;25,519;-1082,447;-89,23;15818,04;9,246
04;2025;09;30;13;36;30;0,826;-0,18;0,066;22,783;23,037;25,18;-1885,391;10,878;16178,76;9,246
04;2025;09;30;13;36;30;0,738;-0,224;-0,294;24,14;22,462;24,141;-1158,617;-5,656;16035,94;9,246
04;2025;09;30;13;36;31;0,718;-0,144;0,004;22,16;23,699;24,232;-535,778;-921,431;15682,47;9,246
04;2025;09;30;13;36;31;0,818;-0,176;-0,169;23,05;21,115;23,125;-772,818;-830,145;15607,49;9,246
04;2025;09;30;13;36;32;0,983;-0,255;-0,097;25,342;20,276;25,293;-795,663;269,146;15725,02;9,246
04;2025;09;30;13;36;32;1,194;-0,171;-0,067;21,849;21,358;26,716;-978,089;-1107,955;15696,85;9,246
04;2025;09;30;13;36;33;1,147;-0,159;-0,127;27,9;24,892;26,558;-396,109;-565,732;15488,22;9,246
04;2025;09;30;13;36;33;1,072;-0,07;-0,05;20,87;22,728;25,135;-727,24;-891,841;15777,8;9,252
04;2025;09;30;13;36;34;0,957;-0,093;0,054;22,316;18,531;26,625;-1314,773;-908,33;15927,61;9,251
04;2025;09;30;13;36;34;1,087;-0,206;-0,242;23,005;24,009;27,325;-1876,854;579,565;16655,84;9,246
04;2025;09;30;13;36;35;0,901;-0,135;-0,182;24,63;25,776;23,08;-577,249;-1792,923;15605,97;9,246
04;2025;09;30;13;36;35;0,72;-0,281;-0,398;20,625;22,021;24,706;-1130,973;-661,721;15750,48;9,252
04;2025;09;30;13;36;36;1,075;-0,224;-0,154;22,716;20,629;24,615;-208,522;-1063,599;15373,24;9,251
04;2025;09;30;13;36;36;0,982;-0,289;-0,253;24,874;23,81;24,615;-1669,046;-648,855;16373,89;9,246
04;2025;09;30;13;36;37;1,216;-0,223;-0,344;21,604;21,667;22,809;-339,002;-539,362;15507,8;9,251
04;2025;09;30;13;36;37;1,269;-0,156;0,029;22,049;21,623;26,896;-618,615;-1118,342;15562,47;9,246
04;2025;09;30;13;36;38;1,06;-0,165;0,186;21,582;23,501;23,441;-357,637;-1319,584;15341,68;9,246
04;2025;09;30;13;36;38;1,171;-0,229;-0,282;24,318;21,38;24,164;-1714,784;-974,566;16285,93;9,252
04;2025;09;30;13;36;39;0,989;-0,178;-0,097;24,34;24,34;26,377;-567,03;-314,5;15545,6;9,256
04;2025;09;30;13;36;39;0,916;-0,178;-0,065;21,048;23,699;26,58;-1446,775;-855,161;16169,73;9,246
04;2025;09;30;13;36;40;0,655;-0,018;0,081;20,914;22,595;25,699;-1256,846;-620,455;16018,54;9,251
04;2025;09;30;13;36;40;1,021;-0,181;-0,168;21,048;21,778;26,196;-1426,51;-62,539;16066,45;9,252
04;2025;09;30;13;36;41;0,839;-0,169;0,054;22,761;23,699;27,416;-878,713;-958,287;15748,85;9,246
04;2025;09;30;13;36;41;1,154;-0,18;0,147;23,005;20,232;21,906;-1956,7;-336,631;16233,19;9,263
04;2025;09;30;13;36;42;1,265;-0,184;-0,092;25,208;22,352;24,548;-1056,219;-1089,352;15707,02;9,26
04;2025;09;30;13;36;42;1,077;-0,219;-0,091;21,337;21,402;26,467;-857,783;-559,857;15666,6;9,252
04;2025;09;30;13;36;43;0,931;-0,215;-0,141;22,627;21,844;24,164;-1000,673;-735,208;16038,81;9,26
04;2025;09;30;13;36;43;1,113;-0,188;-0,26;22,138;20,121;25,045;-789,361;-1011,501;15731,87;9,257
04;2025;09;30;13;36;44;1,028;-0,164;-0,114;23,606;22,816;24,186;-1081,12;-437,714;15931,42;9,251
04;2025;09;30;13;36;44;1,129;-0,204;-0,177;22,85;22,816;25,474;-893,381;-1437,829;15887,98;9,252
04;2025;09;30;13;36;45;1,099;-0,2;-0,282;23,272;22,485;23,893;-741,39;-479,685;15716,42;9,246
04;2025;09;30;13;36;45;1,166;-0,058;-0,09;23,784;21,292;24,299;-701,555;-1036,721;15684,39;9,263
04;2025;09;30;13;36;46;1,058;-0,177;-0,061;22,383;21,314;26,896;-22,003;-1361,305;15484,73;9,265
04;2025;09;30;13;36;46;0,976;-0,207;-0,146;21,404;26,725;25,654;324,322;-1394,772;15140,72;9,273
04;2025;09;30;13;36;47;0,911;-0,087;0,009;23,628;22,374;22,741;223,976;-783,566;15186,59;9,265
04;2025;09;30;13;36;47;0,563;-0,116;-0,001;22,16;21,756;24,886;-1359,914;-918,84;16148,08;9,263
04;2025;09;30;13;36;48;0,625;-0,102;0,73;21,181;18,73;30,329;-1437,35;-952,074;16072,31;9,265
04;2025;09;30;13;35;27;0,274;0,244;0,233;22,271;25,268;25,203;-524,523;-935,001;16037,07;9,257
04;2025;09;30;13;35;27;0,824;0,029;-0,091;23,584;22,374;22,289;-21,194;-300,009;15509,81;9,256
04;2025;09;30;13;35;28;0,95;-0,071;-0,737;23,762;18,664;21,86;-554,834;-64,404;15148,23;9,268
04;2025;09;30;13;35;28;0,58;0,187;0,038;20,914;18,84;24,435;-987,756;-243,819;15509,97;9,256
04;2025;09;30;13;35;29;0,563;0,085;0,137;21,226;21,137;23,87;-439,808;-1128,897;15389,07;9,252
04;2025;09;30;13;35;29;0,722;-0,033;-0,006;23,361;23,346;20,302;-614,318;346,287;15989,84;9,256
04;2025;09;30;13;35;30;0,784;0,059;-0,183;23,117;26,593;25,316;-18,509;-230,214;15570;9,257
04;2025;09;30;13;35;30;0,462;-0,032;0,009;23,139;27,233;23,915;-568,624;-499,925;15924,97;9,26
04;2025;09;30;13;35;31;0,506;0,006;0,022;21,493;22,197;23,035;152,642;-1266,115;16020,7;9,263
04;2025;09;30;13;35;31;1,034;0,021;-0,03;20,558;22,993;28,184;-98,743;-772,047;15680,19;9,256
04;2025;09;30;13;35;32;1,131;-0,041;-0,254;22,672;25,798;24,932;-756,557;988,558;15712,22;9,268
04;2025;09;30;13;35;32;0,488;-0,117;0,527;23,651;23,545;25,135;-1174,226;-466,56;16179,89;9,265
04;2025;09;30;13;35;33;0,514;-0,028;-0,158;22,116;20,585;25,925;-565,475;-809,4;15849,62;9,263
04;2025;09;30;13;35;33;1,03;0,028;-0,086;22,16;21,27;22,538;-596,314;-52,049;15840,94;9,265
04;2025;09;30;13;35;34;1,034;-0,025;-0,299;23,005;22,175;26,309;-728,395;-534,004;15963,44;9,268
04;2025;09;30;13;35;34;0,79;-0,023;-0,158;24,429;24,031;22,899;-808,685;-730,657;15916,87;9,265
04;2025;09;30;13;35;35;0,622;0,13;0,378;24,585;19,657;26,535;-372,967;-883,668;15540,21;9,263
04;2025;09;30;13;35;35;1,058;-0,028;-0,306;22,961;23,191;21,409;-27,219;-700,508;15734,98;9,26
04;2025;09;30;13;35;36;0,791;0,005;-0,127;22,783;24,141;27,258;-124,146;-1001,899;15732,27;9,273
04;2025;09;30;13;35;36;0,757;0;-0,177;25,475;25,378;27,348;118,58;-688,681;15214,81;9,275
04;2025;09;30;13;35;37;0,74;0,014;0,403;23,851;26,085;21,386;-728,851;-781,071;15835,26;9,273
04;2025;09;30;13;35;37;0,352;-0,085;0,02;21,938;23,721;23,464;120,803;-467,716;15366,9;9,27
04;2025;09;30;13;35;38;0,622;-0,017;0,006;20,402;21,402;22,064;-1238,352;-82,239;16387,01;9,279
04;2025;09;30;13;35;38;0,605;-0,152;-0,075;22,271;23,434;25,428;-1069,057;-268,928;16056,43;9,284
04;2025;09;30;13;35;39;0,644;-0,036;-0,091;20,202;20,585;27,845;-737,309;-1520,111;16097,62;9,279
04;2025;09;30;13;35;39;0,728;0,017;-0,004;21,248;21,005;25,338;4753,922;344,434;12299,92;9,279
04;2025;09;30;13;35;40;0,625;0,038;0,566;23,406;27,3;27,032;954,383;-3898,813;14202,92;9,273
04;2025;09;30;13;35;40;0,724;0,099;-0,018;22,805;22,794;21,951;1313,203;-224,358;14549,46;9,284
04;2025;09;30;13;35;41;0,406;0,034;0,034;24,14;22,529;26,196;-69,304;-1129,546;15521,99;9,284
04;2025;09;30;13;35;41;0,543;0,132;0,196;22,494;21,977;23,531;-557,526;-73,557;15793,35;9,275
04;2025;09;30;13;35;42;0,663;0,009;0,023;24,674;19,414;26,061;-329,136;-957,187;15180,36;9,279
04;2025;09;30;13;35;42;-0,185;0,166;1,028;22,56;21,292;27,258;412,798;-1316,299;15022,23;9,279
04;2025;09;30;13;35;43;0,799;-0,058;-0,436;22,939;20,938;26,309;-1672,84;-735,6;16263,41;9,284
04;2025;09;30;13;35;43;1,112;0,021;0,174;18,6;20,232;25,519;224,233;-909,077;15778,93;9,284
04;2025;09;30;13;35;44;0,583;0,198;0,076;20,336;17,89;21,951;-296,995;-444,518;16028,52;9,273
04;2025;09;30;13;35;44;0,891;-0,036;-0,104;24,073;25,731;24,232;-480,502;-1184,221;15541,19;9,284
04;2025;09;30;13;35;45;0,904;-0,126;-0,386;22,827;20,762;23,712;-733,257;-1830,682;15991,15;9,284
04;2025;09;30;13;35;45;0,687;-0,014;0,462;19,357;23,236;21,251;-828,246;-859,829;16231,21;9,284
04;2025;09;30;13;35;46;0,672;-0,04;0,042;22,805;23,258;25,564;-1932,222;-1103,141;16685,81;9,284
04;2025;09;30;13;35;47;0,699;-0,075;0,028;22,961;22,838;24,073;-2068,316;-539,817;16634,49;9,284
04;2025;09;30;13;35;47;0,777;-0,05;0,006;21,092;21,712;24,661;-604,588;-1452,819;15506,72;9,284
04;2025;09;30;13;35;48;0,846;-0,06;0,067;22,672;23,677;26,512;-385,531;-1040,077;15692,72;9,284
04;2025;09;30;13;35;48;0,365;-0,086;0,091;22,649;19,657;22,538;1899,651;-1892,369;13646,72;9,284
04;2025;09;30;13;35;48;0,759;0,005;-0,084;22,205;23,545;27,755;-856,379;-2053,715;16008,45;9,284
04;2025;09;30;13;35;49;0,969;0,042;-0,241;20,469;17,846;26,738;-337,012;-473,732;15496,35;9,279
04;2025;09;30;13;35;50;0,615;-0,216;0,023;23,317;24,737;24,457;-1029,981;-981,205;15659,11;9,284
04;2025;09;30;13;35;50;0,851;-0,184;0,227;24,229;19,724;20,822;-405,074;-1535,66;15855,86;9,273
04;2025;09;30;13;35;51;0,73;-0,074;-0,324;23,895;20,85;27,416;-1253,992;-928,638;15792;9,284
04;2025;09;30;13;35;51;0,445;-0,313;-0,069;22,672;18,951;27,325;-314,76;-1630,335;15501;9,273
04;2025;09;30;13;35;52;0,689;-0,012;0,26;21,114;23,302;20,189;-961,193;-775,951;15921,55;9,279
04;2025;09;30;13;35;52;0,504;-0,023;0,072;24,118;24,075;26,083;-1050,39;-92,842;16193,05;9,284
04;2025;09;30;13;35;53;0,787;-0,094;-0,039;25,787;21,645;25,045;-480,894;-2372,132;15598,39;9,284
04;2025;09;30;13;35;53;0,971;-0,009;-0,092;22,227;21,248;25,903;279,648;-512,344;15198,09;9,284
04;2025;09;30;13;35;54;0,762;0,041;-0,33;24,741;22,242;21,702;-446,863;-490,618;15870,9;9,279
04;2025;09;30;13;35;54;0,709;-0,059;0,089;21,537;20,828;24,932;-642,342;-2269,859;15813,89;9,279
04;2025;09;30;13;35;55;0,519;0,071;-0,128;25,631;24,428;24,977;-28,823;-1167,492;15591,29;9,284
04;2025;09;30;13;35;55;0,678;0,203;0;20,803;23,456;23,712;-629,459;-1331,064;15584,54;9,284
04;2025;09;30;13;35;56;0,89;-0,119;0,415;25,253;24,539;23,938;267,358;-193,6;15074,09;9,284
04;2025;09;30;13;35;56;0,717;-0,087;0,015;25,453;23,942;23,802;202,736;-605,652;15759,78;9,284
04;2025;09;30;13;35;57;0,628;-0,189;-1,159;22,093;21,226;24,051;-402,99;-942,465;15812,99;9,284
05;2025;09;30;13;41;30;1,302;0,152;0,151;20,669;21,115;26,083;-46,998;581,32;15724,67;9,246
05;2025;09;30;13;41;31;0,815;0,305;0,262;20,224;18,973;21,205;-245,202;550,922;15740,47;9,246
05;2025;09;30;13;41;31;1,072;0,274;-0,062;21,337;22,75;21,183;-666,819;252,921;16100,34;9,246
05;2025;09;30;13;41;32;1,09;0,203;0,074;22,649;18,686;25,677;-375,51;958,004;15591,07;9,246
05;2025;09;30;13;41;32;1,171;0,125;0,007;20,447;18,443;23,419;-363,246;1121,789;15611,88;9,246
05;2025;09;30;13;41;33;1,154;0,11;0,237;23,984;21,866;21,093;-322,007;743,961;15716,96;9,246
05;2025;09;30;13;41;33;1,182;0,074;-0,045;23,473;21,358;26,422;-706,489;1125,885;15746,39;9,246
05;2025;09;30;13;41;34;1,137;0,181;-0,126;22,672;19,238;20,347;-376,314;637,152;15782,83;9,246
05;2025;09;30;13;41;34;1,141;0,195;0,041;23,272;21,358;21,522;-396,319;563,479;15795,55;9,246
05;2025;09;30;13;41;35;1,237;0,165;0,058;18,689;22,948;23,464;-131,244;268,716;15741,6;9,246
05;2025;09;30;13;41;35;1,268;0,237;-0,026;22,672;24,053;21,386;-80,327;292,96;15654,34;9,246
05;2025;09;30;13;41;36;1,101;0,167;0,031;22,583;18,641;22,719;-432,268;691,752;15811,81;9,246
05;2025;09;30;13;41;36;1,214;0,181;0,022;23,651;25,4;22,899;-454,984;866,5;15842,68;9,246
05;2025;09;30;13;41;37;1,253;0,183;-0,079;22,516;22,794;24,977;-406,913;881,548;15854,45;9,246
05;2025;09;30;13;41;37;1,181;0,129;-0,111;19,446;22,948;22,673;-339,119;823,847;15788,67;9,246
05;2025;09;30;13;41;38;1,266;0,222;0,045;22,56;19,039;22,967;-379,543;671,876;15828,21;9,246
05;2025;09;30;13;41;38;1,194;0,237;0,12;23,717;23,456;22,109;-458,618;644,761;15730,04;9,246
05;2025;09;30;13;41;39;1,174;0,206;0,078;22,16;18,796;23,983;-401,125;602,089;15885,45;9,246
05;2025;09;30;13;41;39;1,191;0,142;-0,123;21,737;19,878;22,177;-719,171;965,613;15762,95;9,246
05;2025;09;30;13;41;40;1,214;0,144;-0,099;21,203;23,964;23,961;130,419;341,096;15582,51;9,246
05;2025;09;30;13;41;40;1,1;0,143;-0,03;23,05;21,071;23,238;-403,665;904,274;15679,74;9,246
05;2025;09;30;13;41;41;1,15;0,227;0,085;22,093;22,705;23,328;-422,985;1113,161;15630,27;9,246
05;2025;09;30;13;41;41;1,196;0,222;-0,123;21,849;22,639;22,741;-494,37;488,377;16009,42;9,246
05;2025;09;30;13;41;42;1,213;0,232;-0,063;20,714;22,595;24,774;-513,584;728,169;15769,08;9,246
05;2025;09;30;13;41;42;1,24;0,197;-0,045;20,959;22,242;24,028;-258,993;495,322;15808,32;9,246
05;2025;09;30;13;41;43;1,141;0,148;-0,04;20,38;20,386;25,474;-739,397;717,608;15957,11;9,246
05;2025;09;30;13;41;43;1,019;0,211;-0,078;19,535;21,314;26,738;-412,017;424,539;15731,72;9,246
05;2025;09;30;13;41;44;1,221;0,235;-0,129;21,76;22,22;24,096;135,194;32,374;15770,05;9,246
05;2025;09;30;13;41;44;1,174;0,192;-0,005;25,119;24,472;24,954;-326,56;530,399;15855,64;9,246
05;2025;09;30;13;41;45;1,015;0,025;0,065;22,494;20,563;23,712;-225,628;621,389;15613,21;9,246
05;2025;09;30;13;41;45;1,195;0,189;-0,108;20,603;21,027;25,406;-469,916;379,02;15858,22;9,246
05;2025;09;30;13;41;46;1,05;0,18;-0,041;22,783;21,822;23,622;-459,039;484,327;15905,5;9,246
05;2025;09;30;13;41;46;1,201;0,188;0,009;24,296;21,402;22,018;-412,323;628,744;15766,94;9,246
05;2025;09;30;13;41;47;1,15;0,22;-0,057;20,892;20,386;24,593;-461,918;338,124;15906,11;9,246
05;2025;09;30;13;41;47;1,136;0,351;-0,029;20,336;18,973;22,064;-707,795;182,391;16074,13;9,246
05;2025;09;30;13;41;48;1,081;0,33;0,093;22,761;25,952;21,499;-669,277;200,581;16120,42;9,246
05;2025;09;30;13;41;48;1,239;0,322;0,047;25,475;22,242;26,377;-586,662;642,804;15871,7;9,246
05;2025;09;30;13;41;49;1,019;0,269;0,42;23,183;21,027;23,215;-407,657;732,597;15697,08;9,246
05;2025;09;30;13;41;49;0,919;0,069;-0,212;20,024;21,756;22,628;-618,262;630,671;15894,75;9,246
05;2025;09;30;13;41;50;1,165;0,159;-0,112;23,717;18,73;23,644;-359,567;673,363;15760,19;9,246
05;2025;09;30;13;41;50;1,125;0,165;-0,08;24,296;22,264;22,267;-275,203;763,365;15606,92;9,246
05;2025;09;30;13;41;51;1,098;0,164;-0,031;20,558;21,999;24,051;-160,777;253,996;15871,86;9,246
05;2025;09;30;13;41;51;1,178;0,172;-0,167;21,493;21,535;24,774;-503,607;229,854;16025,45;9,246
05;2025;09;30;13;41;52;1,142;0,17;0,008;20,269;21,336;22,606;-379,721;620,418;15749,12;9,246
05;2025;09;30;13;41;52;1,199;0,181;-0,099;22,716;22,021;23,215;-587,965;1268,389;15679,94;9,246
05;2025;09;30;13;41;53;1,026;0,16;-0,057;19,446;21,093;24,774;-377,615;904,442;15510,01;9,246
05;2025;09;30;13;41;53;1,052;0,138;0,212;24,763;22,043;22,47;-513,664;713,598;15849,93;9,246
05;2025;09;30;13;41;54;0,916;0,098;0,057;22,672;22,396;25,632;-424,293;520,954;15870,87;9,246
05;2025;09;30;13;41;54;1,112;0,183;-0,085;22,049;20,718;24,39;-579,401;697,001;15818,16;9,246
05;2025;09;30;13;41;55;0,957;0,241;0,065;22,427;19,392;22,922;-260,853;369,112;15789,71;9,246
05;2025;09;30;13;41;55;1,093;0,217;-0,12;25,542;21,954;23,554;-352,029;670,794;15697,66;9,246
05;2025;09;30;13;41;56;1,114;0,223;-0,049;21,648;21,491;22,877;-246,213;637,425;15654,91;9,246
05;2025;09;30;13;41;56;1,122;0,207;-0,054;21,203;22,065;21,499;-177,972;271,855;15816,95;9,246
05;2025;09;30;13;41;57;1,098;0,195;-0,198;23,851;20,828;21,702;-281,542;503,662;15631,27;9,246
05;2025;09;30;13;41;57;1,109;0,145;-0,166;22,939;23,324;23,622;-423,699;234,166;15982,01;9,246
05;2025;09;30;13;41;58;1,234;0,214;0,148;22,405;23,964;25,767;-464,182;574,009;15893,89;9,246
05;2025;09;30;13;41;58;1,266;0,247;-0,058;20,313;22,772;23,554;-666,2;301,25;15987,46;9,246
05;2025;09;30;13;41;59;1,226;0,192;-0,007;21,938;21,623;22,222;-596,596;754,415;15944,57;9,246
05;2025;09;30;13;41;59;1,136;0,223;0,025;24,051;24,517;22,222;-332,04;622,166;15753,41;9,246
05;2025;09;30;13;42;00;1,164;0,234;0,035;21,404;20,099;25,406;-225,135;377,404;15847,6;9,246
05;2025;09;30;13;40;23;1,097;-0,107;-0,164;25,653;19,746;24,344;-585,35;214,288;15826,77;9,246
05;2025;09;30;13;40;23;1,009;-0,133;-0,194;22,071;19,127;21,86;-3462,074;-59,869;16992,79;9,246
05;2025;09;30;13;40;24;0,92;-0,09;-0,16;20,847;21,513;24,48;920,488;913,209;14734,28;9,246
05;2025;09;30;13;40;24;0,829;0,001;0,176;21,537;18,531;21,906;-1250,601;227,65;16199,44;9,246
05;2025;09;30;13;40;25;0,8;-0,052;-0,351;22,383;19,613;26,061;-800,283;-1157,705;15892,21;9,246
05;2025;09;30;13;40;25;1,068;0,106;-0,181;20,447;20,85;27,28;-247,572;2216,596;15766,76;9,246
05;2025;09;30;13;40;26;1,117;0,067;-0,028;24,474;17,935;23,373;-412,009;-2183,301;15469,63;9,246
05;2025;09;30;13;40;26;1,101;0,023;-0,367;21,137;21,093;22,944;-568,728;476,55;15461,47;9,246
05;2025;09;30;13;40;27;1,107;-0,103;-0,609;22,85;21,8;22,267;-1248,645;604,895;16072,98;9,246
05;2025;09;30;13;40;27;0,942;-0,024;-0,053;21,203;21,999;22,831;-1503,672;137,706;16478,87;9,246
05;2025;09;30;13;40;28;1,24;0,025;-0,131;25,253;18,84;20,212;-491,562;214,227;15767,41;9,246
05;2025;09;30;13;40;28;1,175;-0,011;-0,21;21,359;23,103;24,48;-1084,283;-60,297;15664,64;9,246
05;2025;09;30;13;40;29;0,993;-0,246;-0,244;22,827;22,396;20,799;-1112,467;44,965;16474,01;9,246
05;2025;09;30;13;40;29;1,131;-0,029;-0,217;22,093;19,172;23,26;142,561;53,355;15361,62;9,246
05;2025;09;30;13;40;30;1,054;-0,045;-0,393;22,983;23,103;24,028;-2397,818;499,313;16771,13;9,246
05;2025;09;30;13;40;30;1,053;-0,091;-0,117;19,268;21,093;25,045;-1156,878;-619,772;16308,66;9,246
05;2025;09;30;13;40;31;1,037;-0,152;-0,183;24,452;23,412;23,531;69,186;140,088;15382,87;9,246
05;2025;09;30;13;40;31;0,698;-0,118;0,005;22,983;19,238;23,306;-974;-183,88;16149,01;9,246
05;2025;09;30;13;40;32;0,928;-0,017;0,011;21,648;20,386;22,109;-453,562;305,886;15573,78;9,246
05;2025;09;30;13;40;32;1,368;0,027;-0,323;22,205;20,872;22,922;-17,332;-925,121;15690,99;9,246
05;2025;09;30;13;40;33;1,036;0,005;-0,068;18,867;21,336;25,948;825,953;933,743;14916,72;9,246
05;2025;09;30;13;40;33;1,022;-0,115;-0,38;21,915;23,059;23,644;-204,607;-1921,386;15974,65;9,246
05;2025;09;30;13;40;34;0,792;-0,071;-0,377;19,023;23,346;23,915;-390,26;454,704;15968,96;9,246
05;2025;09;30;13;40;34;0,715;-0,006;-0,361;23,072;19,547;23,554;1345,867;443,626;14343,54;9,246
05;2025;09;30;13;40;35;1,033;-0,072;0,016;26,743;22,396;23,554;-660,65;78,24;15913,72;9,246
05;2025;09;30;13;40;35;0,886;-0,148;0,166;21,671;22,374;21,567;-579,176;-483,788;15840,66;9,246
05;2025;09;30;13;40;36;0,631;0,088;-0,101;20,247;19,569;24,909;1407,381;-250,667;14316,54;9,246
05;2025;09;30;13;40;36;0,919;0,012;0,079;22,427;20,696;22,899;-777,316;201,723;15836,25;9,246
05;2025;09;30;13;40;37;1,162;-0,109;-0,125;22,249;22,021;24,615;-246,182;1371,964;15429,2;9,246
05;2025;09;30;13;40;37;1,178;-0,032;-0,227;23,584;19,525;25,316;-552,975;-1002,927;15859,94;9,246
05;2025;09;30;13;40;38;0,684;0,017;0,136;22,494;20,563;25,157;-493,695;-506,135;15526,51;9,246
05;2025;09;30;13;40;38;1,018;-0,019;-0,509;22,85;22,308;22,538;372,706;341,121;14996,63;9,246
05;2025;09;30;13;40;39;1,242;0,055;-0,011;20,202;23,478;23,622;-5361,753;-45,162;19382,12;9,246
05;2025;09;30;13;40;39;0,963;-0,044;0,284;22,271;21,999;25,27;2645,515;784,886;10954,03;9,246
05;2025;09;30;13;40;40;1,058;-0,117;-0,2;22,205;22,308;20,302;-1787,624;-849,472;15620,67;9,246
05;2025;09;30;13;40;40;0,884;-0,248;-0,327;23,005;21,469;24,503;-2758,74;-3237,339;18804,37;9,246
05;2025;09;30;13;40;41;1,23;-0,026;-0,037;20,536;21,866;24,864;7807,657;-2785,26;9054,443;9,246
05;2025;09;30;13;40;41;0,921;-0,048;0,053;21,137;20,651;22,109;-2490,887;-2433,192;19372,34;9,246
05;2025;09;30;13;40;42;0,946;0,025;0,037;21,092;18,023;24,886;2163,697;-6695,988;15438,06;9,246
05;2025;09;30;13;40;42;0,916;0,075;0,124;20,158;21,645;22,628;-2501,823;2238,681;16160,48;9,246
05;2025;09;30;13;40;43;1,077;-0,017;0,232;21,203;22,97;20,686;-278,102;3206,572;13830,48;9,246
05;2025;09;30;13;40;43;1,277;-0,058;-0,157;21,782;19,68;22,064;1273,116;-434,08;12076,77;9,246
05;2025;09;30;13;40;44;1,136;-0,139;-0,258;21,715;21,071;22,854;8708,493;-2257,001;9326,983;9,246
05;2025;09;30;13;40;44;1,044;-0,097;-0,593;21,849;22,529;22,222;5079,854;1099,161;11556,62;9,246
05;2025;09;30;13;40;45;0,866;-0,086;0,055;23,695;20,342;23,735;236,16;1852,955;12853,77;9,246
05;2025;09;30;13;40;45;0,643;-0,119;0,018;21,493;19,37;23,464;-4016,404;-409,522;18002,71;9,246
05;2025;09;30;13;40;46;0,827;-0,023;-0,083;23,183;20,961;26,151;-4536,329;1676,498;16565,39;9,246
05;2025;09;30;13;40;46;0,84;-0,084;0,045;24,363;22,772;23,531;-4151,624;-717,045;17636,02;9,246
05;2025;09;30;13;40;47;1,023;0,001;-0,024;19,401;21,579;24,457;1731,485;-1086,38;15301,03;9,246
05;2025;09;30;13;40;47;1,346;0,023;-0,065;19,379;21,689;21,838;222,768;-2171,313;14479,23;9,246
05;2025;09;30;13;40;48;1,246;-0,031;-0,093;20,647;24,472;23,464;-861,595;-191,251;15820,05;9,246
05;2025;09;30;13;40;48;1,159;0,071;-0,213;23,873;21,954;23,035;-518,929;-661,793;15953,9;9,246
05;2025;09;30;13;40;49;1,155;-0,015;-0,207;22,494;21,292;26,151;-968,804;-590,782;15817,94;9,246
05;2025;09;30;13;40;49;0,818;-0,113;-0,313;21,826;21,049;25,406;-649,455;-818,153;15636,53;9,246
05;2025;09;30;13;40;50;1,108;-0,014;0,001;21,693;20,563;20,822;-789,507;-1400,458;15983,42;9,246
05;2025;09;30;13;40;50;1,131;-0,026;-0,244;20,18;19,26;22,312;411,025;-694,65;14979,13;9,246
05;2025;09;30;13;40;51;1,109;-0,096;0,102;22,36;21,292;26,919;349,002;-341,712;15778,06;9,246
05;2025;09;30;13;40;51;1,138;-0,096;-0,168;25,92;19,657;21,544;-1382,851;-1423,806;16336,81;9,246
05;2025;09;30;13;40;52;1,158;-0,04;0,034;21,76;19,172;26,309;-1577,637;-1559,536;16307,91;9,246
05;2025;09;30;13;40;52;1,08;-0,065;-0,079;20,914;21,093;24,548;-1262,215;101,401;16325,7;9,246
05;2025;09;30;13;39;13;0,545;0,034;-0,031;21,448;22,462;24,615;-253,437;403,882;15544,77;9,246
05;2025;09;30;13;39;13;0,895;0,114;-0,018;21,07;19,304;21,747;62,668;-579,804;15480,87;9,246
05;2025;09;30;13;39;14;0,642;-0,017;-0,102;26,165;19,856;21,725;136,058;-985,958;15601,91;9,246
05;2025;09;30;13;39;14;0,714;-0,018;0,051;21,515;23,236;21,747;-681,48;549,133;16048,18;9,246
05;2025;09;30;13;39;15;0,672;-0,096;0,045;23,005;17,338;23,554;-401,878;-647,593;15750,86;9,246
05;2025;09;30;13;39;15;0,458;0,047;0,377;21,448;20,21;24,322;2,185;-452,616;15436,54;9,246
05;2025;09;30;13;39;16;0,723;-0,18;-0,31;21,292;21,071;24,548;163,249;-197,135;15784,46;9,246
05;2025;09;30;13;39;16;0,75;0,027;-0,021;22,338;22,087;24,706;1548,842;-381,457;14592,47;9,246
05;2025;09;30;13;39;17;0,709;-0,004;0,523;23,272;22,021;21,07;1056,34;-287,8;14847,27;9,246
05;2025;09;30;13;39;17;1,219;0,251;0,933;22,205;22,264;23,87;-632,168;233,608;15095,69;9,246
05;2025;09;30;13;39;18;0,779;-0,058;0,19;19,802;24,053;23,644;1270,184;1181,667;14606,35;9,246
05;2025;09;30;13;39;18;0,775;0,042;-0,271;20,491;23,302;26,829;15,246;-1002,513;16336,5;9,246
05;2025;09;30;13;39;19;0,863;0,242;-0,394;19,891;22,551;22,764;193,68;45,837;15496,68;9,246
05;2025;09;30;13;39;19;0,571;-0,057;0,34;21,559;25,731;22,786;169,214;494,238;15003,72;9,246
05;2025;09;30;13;39;20;0,741;0,009;0,111;25,942;20,718;24,186;-975,086;102,991;16891,45;9,246
05;2025;09;30;13;39;20;0,751;-0,029;0,107;23,829;24,737;23,622;228,599;-806,27;15923,12;9,246
05;2025;09;30;13;39;21;0,931;-0,173;-0,182;24,941;23,302;22,831;-911,232;571,234;15959,57;9,246
05;2025;09;30;13;39;21;0,957;-0,145;-0,11;22,271;22,33;24,141;-1294,739;231,712;16065,31;9,246
05;2025;09;30;13;39;22;0,896;-0,076;-0,151;23,005;22,948;23,667;-1776,16;1429,396;16140,11;9,246
05;2025;09;30;13;39;22;0,795;0,054;0,131;23,695;18,531;26,558;-961,232;-1116,464;15795,6;9,246
05;2025;09;30;13;39;23;0,69;0,05;-0,129;22,694;24,494;25,406;1081,071;-154,583;16237,14;9,246
05;2025;09;30;13;39;23;0,477;-0,022;0,114;21,938;23,103;24,299;1154,811;180,527;15004,17;9,246
05;2025;09;30;13;39;24;0,953;0,158;0,655;23,717;19,9;24,096;-213,176;365,683;15376,32;9,246
05;2025;09;30;13;39;24;0,73;-0,072;-0,667;22,16;22,573;22,809;2,877;-417,289;15731,96;9,246
05;2025;09;30;13;39;25;0,512;-0,036;-0,058;21,871;20,408;19,918;600,856;-345,502;15199,96;9,246
05;2025;09;30;13;39;25;0,546;-0,103;0,298;23,606;21,645;24,683;1306,421;-93,64;15381,25;9,246
05;2025;09;30;13;39;26;0,874;-0,104;-0,276;24,496;22,507;26,806;-1699,09;-837,422;16633,27;9,246
05;2025;09;30;13;39;26;0,899;0,021;0,243;22,56;24,804;23,441;-574,959;308,042;16012,56;9,246
05;2025;09;30;13;39;27;1,136;0,206;0,114;19,846;20,961;22,222;469,039;150,799;15453,89;9,246
05;2025;09;30;13;39;28;0,701;0,016;-0,018;22,538;19,613;23,554;-245,539;-1381,397;15918,97;9,246
05;2025;09;30;13;39;28;1,086;0,088;-0,078;21,07;19,657;21,364;563,333;658,294;15378,63;9,246
05;2025;09;30;13;39;28;0,941;0,177;-0,07;23,206;20,696;21,364;-641,709;-243,69;16182,37;9,246
05;2025;09;30;13;39;29;0,443;-0,064;-0,053;23,428;19,039;26,987;-763,326;-518,281;16271,75;9,246
05;2025;09;30;13;39;30;0,818;-0,038;-0,085;22,427;22,993;27,19;5,069;-21,997;15558,88;9,246
05;2025;09;30;13;39;30;0,886;-0,08;-0,374;20,514;20,276;24,751;-1053,091;441,878;16039,48;9,246
05;2025;09;30;13;39;31;0,877;-0,067;0,218;18,111;22,374;24,435;397,085;-1497,932;15305,5;9,246
05;2025;09;30;13;39;31;0,63;0,035;-0,132;21,426;17,294;22,786;312,294;-596,83;15398,52;9,246
05;2025;09;30;13;39;32;0,817;-0,02;0,16;21,426;20,828;22,154;-537,662;557,212;15994,15;9,246
05;2025;09;30;13;39;32;0,983;0,03;-0,001;21,671;21,336;23,283;-266,372;575,916;15724,58;9,246
05;2025;09;30;13;39;33;0,417;0,109;0,582;23,562;19,613;25,045;759,771;-83,043;15142,55;9,246
05;2025;09;30;13;39;33;0,792;-0,065;-0,203;23,428;23,103;23,915;319,415;1350,796;15695,25;9,246
05;2025;09;30;13;39;34;0,601;-0,039;-0,153;22,093;22,153;25,18;-293,82;-804,862;16130,67;9,246
05;2025;09;30;13;39;34;0,548;-0,101;0,089;17,777;20,916;21,928;-228,744;-39,985;15619,01;9,246
05;2025;09;30;13;39;35;0,928;-0,087;0,085;17,777;18,686;21,047;-1303,66;29,986;15994,89;9,246
05;2025;09;30;13;39;35;0,645;-0,053;-0,243;19,802;20,165;23,17;-1180,407;93,421;16118,74;9,246
05;2025;09;30;13;39;36;0,826;0,088;-0,085;21,159;20,055;20,822;305,014;-14,697;15491;9,246
05;2025;09;30;13;39;36;0,696;0,044;0,213;21,27;18,531;23,215;-1542,814;578,412;16320,1;9,246
05;2025;09;30;13;39;37;0,669;-0,032;0,082;21,337;21,513;20,822;-400,064;-742,092;16043,45;9,246
05;2025;09;30;13;39;37;0,743;-0,043;-0,202;25,809;23,501;24,48;-194,81;-1153,662;17874,69;9,246
05;2025;09;30;13;39;38;0,432;0,046;0,345;20,491;21,888;24,435;-1481,264;688,889;17709,26;9,246
05;2025;09;30;13;39;38;0,611;0,075;-0,011;21,381;20,806;24,548;-262,313;-651,07;16050,52;9,246
05;2025;09;30;13;39;39;0,844;0,095;-0,014;22,471;22,286;22,989;402,056;-270,627;15427,63;9,246
05;2025;09;30;13;39;39;0,699;0,078;0,359;19,379;25,002;23,464;48,752;654,791;15808,03;9,246
05;2025;09;30;13;39;40;0,593;-0,083;-0,112;21,893;24,936;21,476;270,02;-443,226;15436,6;9,246
05;2025;09;30;13;39;40;1,194;0,032;-0,277;21,27;22,573;21,838;-546,256;-445,132;15971,16;9,246
05;2025;09;30;13;39;41;1,009;0,058;-0,183;21,381;18,973;21,951;-945,818;551,872;16383,95;9,246
05;2025;09;30;13;39;41;0,971;-0,05;-0,632;24,363;21,822;20,325;-1163,155;-141,304;16646,46;9,246
05;2025;09;30;13;39;42;0,768;0,001;0,417;18,934;21,204;24,864;-1523,819;-543,453;16483,01;9,246
05;2025;09;30;13;39;42;0,858;-0,133;-0,097;21,203;22,197;25,383;-211,131;174,077;15786,66;9,246
05;2025;09;30;13;39;43;0,896;-0,004;-0,038;23,05;18,222;22,448;-288,318;-105,744;16152,21;9,246
06;2025;09;30;13;45;28;1,046;-0,036;0,057;22,538;22,551;23,983;-919,378;-26,788;15760,2;9,246
06;2025;09;30;13;45;28;1,218;-0,021;0,053;22,316;19,26;23,283;-733,486;-77,761;15791,27;9,246
06;2025;09;30;13;45;29;1,068;0,048;0,228;20,847;19,105;25,97;-899,058;94,178;15865,22;9,246
06;2025;09;30;13;45;29;1,206;-0,111;-0,123;20,825;20,055;23,531;-933,864;44,129;15724,91;9,246
06;2025;09;30;13;45;30;1,31;0,045;-0,181;20,803;19,503;25,09;-979,649;-216,787;15902,7;9,246
06;2025;09;30;13;45;30;1,123;0,076;-0,049;23,45;22,529;23,622;-800,422;118,769;15831,71;9,246
06;2025;09;30;13;45;31;1,022;-0,018;-0,104;19,112;18,31;22,38;-747,966;-40,261;15854,03;9,246
06;2025;09;30;13;45;31;1,075;-0,056;0,028;22,827;22,595;24,48;-758,559;-104,652;15791,73;9,246
06;2025;09;30;13;45;32;1,089;-0,054;-0,298;21,648;20,718;24,119;-758,457;-1,918;15844,19;9,246
06;2025;09;30;13;45;32;1,197;-0,07;-0,11;20,58;21,91;24,344;-934,558;-51,259;15876,64;9,246
06;2025;09;30;13;45;33;1,211;-0,032;-0,077;22,894;23,677;24,977;-660,934;218,947;15595,73;9,246
06;2025;09;30;13;45;33;1,209;-0,049;-0,027;23,117;23,567;22,154;-895,093;306,965;15908,29;9,246
06;2025;09;30;13;45;34;1,106;-0,01;0,1;19,579;21,977;25,925;-698,738;121,333;15839,76;9,246
06;2025;09;30;13;45;34;1,153;0,006;-0,056;23,183;19,282;24,209;-771,058;23,397;15813,44;9,246
06;2025;09;30;13;45;35;1,115;-0,058;-0,024;20,269;22,242;27,235;-731,405;271,154;15711,32;9,246
06;2025;09;30;13;45;35;1,105;-0,049;-0,112;23,361;18,443;22,786;-596,612;-272,517;15936,89;9,246
06;2025;09;30;13;45;36;0,916;-0,013;0,054;20,247;22,33;25,27;-629,712;-151,188;15814,96;9,246
06;2025;09;30;13;45;36;1,025;-0,004;-0,034;22,805;22,22;23,554;-814,553;-49,231;15866,71;9,246
06;2025;09;30;13;45;37;1,179;-0,062;0,004;22,738;22,33;19,896;-443,442;-179,776;15769,91;9,246
06;2025;09;30;13;45;37;1,24;-0,057;-0,059;21,938;22,22;25,09;-820,671;-46,373;15926,66;9,246
06;2025;09;30;13;45;38;1,199;0,001;-0,064;22,405;22,396;24,999;-813,003;183,888;15852,26;9,246
06;2025;09;30;13;45;38;0,988;-0,13;0,008;22,694;23,037;23,712;-818,389;175,021;15766,69;9,246
06;2025;09;30;13;45;39;1,113;-0,134;-0,115;19,357;22,507;25,383;-526,165;-103,905;15825,64;9,246
06;2025;09;30;13;45;39;1,042;-0,161;-0,045;21,849;20,519;21,702;-587,32;91,367;15784,38;9,246
06;2025;09;30;13;45;40;1,111;-0,106;-0,094;24,63;22,904;25,316;-624,436;90,208;15744,36;9,246
06;2025;09;30;13;45;40;1,105;-0,034;-0,068;21,893;21,115;20,776;-385,721;-64,568;15735,33;9,246
06;2025;09;30;13;45;41;1,085;0,002;-0,155;22,783;20,563;24,774;-731,324;399,297;15713,61;9,246
06;2025;09;30;13;45;41;1,089;-0,03;0,01;22,116;23,103;22,448;-640,687;-270,846;15892,81;9,246
06;2025;09;30;13;45;42;1,166;-0,056;-0,233;19,601;19,569;21,431;-569,584;90,907;15803,84;9,246
06;2025;09;30;13;45;42;1,128;-0,016;-0,076;23,45;20,872;20,302;-649,575;326,292;15724,13;9,246
06;2025;09;30;13;45;43;1,166;-0,034;0,164;22,271;21,159;21,499;-595,818;121,715;15787,26;9,246
06;2025;09;30;13;45;43;1,09;-0,041;-0,078;18,467;20,254;26,512;-784,03;221,854;15855,89;9,246
06;2025;09;30;13;45;44;1,027;-0,035;-0,106;21,248;20,894;22,154;-708,567;-186,09;15936,68;9,246
06;2025;09;30;13;45;44;1,131;0,027;0,034;25,275;22,109;24,412;-901,428;431,192;15816,05;9,246
06;2025;09;30;13;45;45;1,133;0,008;-0,007;22,627;20,099;21,431;-697,623;-40,334;15751,2;9,246
06;2025;09;30;13;45;45;1,321;-0,079;-0,067;22,805;21,734;22,673;-835,078;250,65;15887,34;9,246
06;2025;09;30;13;45;46;1,185;-0,042;0,013;20,936;21,248;26,354;-889,607;151,025;15827,63;9,246
06;2025;09;30;13;45;46;0,999;-0,172;0,097;21,826;21,513;26,648;-1004,517;289,301;15806,49;9,246
06;2025;09;30;13;45;47;0,879;-0,081;0,095;21,381;20,806;24,254;-600,356;-271,683;15926,87;9,246
06;2025;09;30;13;45;47;0,895;-0,021;0,079;23,628;21,645;25,835;-600,096;-0,409;15714;9,246
06;2025;09;30;13;45;48;0,926;-0,048;0,094;20,402;17,758;25,835;-839,727;33,25;15795,49;9,246
06;2025;09;30;13;45;48;0,812;-0,051;-0,092;20,091;20,916;25,474;-781,48;92,527;15782,19;9,246
06;2025;09;30;13;45;49;0,975;-0,038;-0,012;19,824;21,822;24,006;-679,021;15,935;15791,36;9,246
06;2025;09;30;13;45;49;1,025;0,053;0,112;19,179;21,91;21,747;-802,366;60,209;15806,75;9,246
06;2025;09;30;13;45;50;1,198;-0,117;-0,108;18,044;21,071;24,728;-544,907;-24,935;15673,33;9,246
06;2025;09;30;13;45;50;1,101;-0,109;0,078;20,781;23,766;22,177;-877,959;46,804;15876,94;9,246
06;2025;09;30;13;45;51;1,117;-0,017;-0,101;22,672;20,276;24,661;-676,809;18,136;15782,18;9,246
06;2025;09;30;13;45;51;1,215;-0,023;-0,151;22,961;20,806;24,886;-668,721;-98,751;15833,71;9,246
06;2025;09;30;13;45;52;1,229;0,011;-0,02;23,45;20,718;24,164;-736,673;-101,485;15861,99;9,246
06;2025;09;30;13;45;52;1,11;-0,009;-0,032;20,736;20,43;22,289;-613,968;-61,815;15777,09;9,246
06;2025;09;30;13;45;53;1,241;-0,008;0,012;24,274;24,207;20,28;-685,608;-122,767;15850,98;9,246
06;2025;09;30;13;45;53;1,297;-0,063;-0,07;20,669;19,746;22,989;-587,519;-17,011;15768,31;9,246
06;2025;09;30;13;45;54;1,211;-0,053;0,054;22,694;20,916;22,831;-765,566;5,02;15862,35;9,246
06;2025;09;30;13;45;54;1,18;-0,098;0,222;19,802;19,525;24,841;-834,946;75,896;15852,45;9,246
06;2025;09;30;13;45;55;1,157;-0,072;-0,124;19,713;22,507;23,915;-600,494;-202,024;15857,04;9,246
06;2025;09;30;13;45;55;1,166;-0,038;0,032;20,914;20,718;22,312;-714,632;126,671;15769,64;9,246
06;2025;09;30;13;45;56;1,08;-0,016;-0,121;20,803;21,469;24,164;-970,872;-76,701;16044,23;9,246
06;2025;09;30;13;45;56;1,075;-0,076;-0,143;23,428;23,986;21,364;-547,912;-5,796;15870,16;9,246
06;2025;09;30;13;45;57;1,267;-0,055;-0,282;22,471;22,573;22,899;-920,415;50,716;15907,12;9,246
06;2025;09;30;13;45;57;1,253;-0,053;-0,312;21,226;20,585;22,606;-701,454;264,731;15741,18;9,246
06;2025;09;30;13;44;01;0,949;0,057;0,024;22,383;21,181;23,802;-1991,023;395,174;16609,88;9,246
06;2025;09;30;13;44;02;0,903;-0,052;0,394;22,672;22,175;21,838;-3074,345;987,192;16246,33;9,246
06;2025;09;30;13;44;02;0,865;-0,088;-0,051;20,892;21,932;22,493;-2375,291;2341,713;15885,57;9,246
06;2025;09;30;13;44;03;0,88;-0,074;-0,312;22,627;21,314;25,293;1180,225;1292,169;13542,13;9,246
06;2025;09;30;13;44;03;1,098;-0,068;-0,237;22,427;22,507;24,322;-781,974;408,22;15800,28;9,246
06;2025;09;30;13;44;04;1,002;0,039;0,318;22,027;22,75;22,38;-3569,366;1002,747;16967,74;9,246
06;2025;09;30;13;44;04;0,767;-0,014;0,189;22,249;19,878;26,241;-3767,249;-42,718;17415,14;9,246
06;2025;09;30;13;44;05;0,772;-0,06;0,153;21,137;20,033;25,541;3257,892;4198,475;12605,93;9,246
06;2025;09;30;13;44;05;0,732;-0,058;0,03;22,182;22,772;20,98;93,204;-88,195;15361,82;9,246
06;2025;09;30;13;44;06;0,836;-0,117;0,052;21,27;22,043;23,306;-714,162;1202,139;15132,35;9,246
06;2025;09;30;13;44;06;0,983;-0,051;-0,093;20,692;22,021;24,728;-1110,978;-453,373;16361,74;9,246
06;2025;09;30;13;44;07;0,884;0,061;0,4;21,315;20,21;22,357;-4185,231;760,661;16837,5;9,246
06;2025;09;30;13;44;07;0,947;-0,118;-0,042;22,738;20,585;24,006;-3418,779;3132,243;17111,9;9,246
06;2025;09;30;13;44;08;0,914;-0,155;-0,727;21,604;21,38;22,831;-44,406;1334,635;15184,58;9,246
06;2025;09;30;13;44;08;1,006;-0,032;-0,068;20,936;22,374;26,896;-898,762;-1866,746;15193,8;9,246
06;2025;09;30;13;44;09;0,936;-0,044;0,092;22,516;22,418;22,402;1686,454;-3050,741;14590,2;9,246
06;2025;09;30;13;44;09;0,951;-0,015;0,054;21,871;21,115;23,87;-215,47;626,048;15485,97;9,246
06;2025;09;30;13;44;10;0,852;-0,059;-0,197;21,893;22,838;25,383;-1317,983;-253,141;16980,09;9,246
06;2025;09;30;13;44;10;0,902;-0,045;0,04;22,494;20,32;22,312;1212,466;-429,172;13926,35;9,246
06;2025;09;30;13;44;11;1,014;-0,108;-0,054;25,008;21,093;25,587;2833,469;-1277,173;12687,25;9,246
06;2025;09;30;13;44;11;0,881;-0,047;0,199;20,247;21,137;23,802;2257,669;941,059;13925,67;9,246
06;2025;09;30;13;44;12;0,712;0,006;0,081;19,913;22,131;21,702;-1120,216;1073,962;16372,49;9,246
06;2025;09;30;13;44;12;1,051;-0,178;-0,017;24,14;22,705;26,016;333,497;492,777;15655,71;9,246
06;2025;09;30;13;44;13;0,905;-0,15;-0,176;21,025;20,276;23,825;2110,958;-89,518;14593,75;9,246
06;2025;09;30;13;44;13;1,116;-0,08;-0,057;19,067;22,109;24,096;4509,652;-2164,008;13550,94;9,246
06;2025;09;30;13;44;14;0,979;-0,101;-0,234;22,538;20,629;24,909;967,33;-859,447;14186,43;9,246
06;2025;09;30;13;44;14;0,929;-0,134;-0,058;17,554;20,143;27,845;20,93;797,799;15544,84;9,246
06;2025;09;30;13;44;15;0,861;-0,08;0,028;20,692;24,009;25,541;4452,56;1171,466;13137,04;9,246
06;2025;09;30;13;44;15;0,89;-0,128;0,288;21,359;24,009;23,622;5365,573;314,128;11404,28;9,246
06;2025;09;30;13;44;16;0,829;-0,057;-0,133;23,829;22,462;23,915;1204,683;182,098;15442,25;9,246
06;2025;09;30;13;44;16;0,856;-0,069;-0,211;17,577;21,071;24,683;1180,929;531,019;14597,3;9,246
06;2025;09;30;13;44;17;0,865;-0,028;-0,174;22,783;18,973;25,722;1047,158;460,986;13996,91;9,246
06;2025;09;30;13;44;17;0,97;-0,047;-0,201;19,868;20,32;22,018;-2546,089;1535,892;16185,56;9,246
06;2025;09;30;13;44;18;0,638;0,071;0,136;23,895;20,232;23,373;840,591;866,756;14931,65;9,246
06;2025;09;30;13;44;18;1,022;-0,081;-0,541;22,738;20,099;22,989;1638,565;-253,507;13960,16;9,246
06;2025;09;30;13;44;19;0,916;0,057;0,526;20,669;20,364;23,78;5642,004;-441,909;12364,73;9,246
06;2025;09;30;13;44;19;0,618;-0,147;-0,073;22,916;21,358;21,951;-1851,235;953,451;17303,01;9,246
06;2025;09;30;13;44;20;0,941;-0,085;0,031;25,03;19,127;21,364;-1167,737;-251,557;16102,05;9,246
06;2025;09;30;13;44;20;1,046;-0,106;-0,026;23,651;23,39;21,973;-2252,166;1045,031;16302,01;9,246
06;2025;09;30;13;44;21;1,039;-0,02;0,012;22,116;20,254;21,07;904,023;538,617;15373,62;9,246
06;2025;09;30;13;44;21;1,024;-0,106;-0,326;21,737;20,828;24,322;-1661,27;300,911;16768,44;9,246
06;2025;09;30;13;44;22;1,067;-0,148;-0,063;20,959;18,774;20,438;-1091,427;-1516,778;16386,73;9,246
06;2025;09;30;13;44;22;1,045;-0,109;-0,209;22,983;23,125;24,051;-3295,501;-711,633;17331,47;9,246
06;2025;09;30;13;44;23;0,649;-0,041;-0,158;23,183;25,798;26,174;-2217,917;2468,631;17046,77;9,246
06;2025;09;30;13;44;23;1,007;-0,035;-0,074;23,806;22,462;24,051;-213,517;766,588;15410,31;9,246
06;2025;09;30;13;44;24;0,953;0,031;0,02;22,85;23,28;24,006;3490,423;77;12693,67;9,246
06;2025;09;30;13;44;24;0,85;-0,017;-0,056;21,448;21,734;21,68;247,425;1462,725;13395,69;9,246
06;2025;09;30;13;44;25;0,892;-0,017;-0,115;21,159;22,418;24,344;-1422,141;614,063;15758,33;9,246
06;2025;09;30;13;44;25;0,886;-0,123;-0,006;20,224;22,396;21,544;-1892,217;-287,205;16696,44;9,246
06;2025;09;30;13;44;26;0,965;-0,037;-0,42;20,491;21,38;21,747;-1709,585;1787,169;16445,27;9,246
06;2025;09;30;13;44;26;0,689;-0,121;0,135;21,893;23,721;23,102;-1476,594;-851,143;15941,02;9,246
06;2025;09;30;13;44;27;0,792;-0,094;0,016;23,962;22,153;22,967;-2172,488;205,799;16561,09;9,246
06;2025;09;30;13;44;27;1,041;-0,051;0,013;26,298;21,712;22,764;1393,814;326,388;15145,23;9,246
06;2025;09;30;13;44;28;0,915;-0,202;-0,234;21,203;25,466;23,486;160,232;632,345;15581,34;9,246
06;2025;09;30;13;44;28;0,61;-0,065;-0,635;23,094;22,617;22,809;-1638,331;1213,477;16587,58;9,246
06;2025;09;30;13;44;29;0,837;-0,09;0,055;22,672;22,418;22,47;-2286,902;1188,343;16213,41;9,246
06;2025;09;30;13;44;29;0,842;-0,073;0,113;22,138;22,308;22,831;-3637,005;-627,521;17588;9,246
06;2025;09;30;13;44;30;1,15;-0,101;-0,164;23,695;22,507;24,186;3402,408;2756,814;12963,83;9,246
06;2025;09;30;13;44;30;1,095;-0,098;-0,004;22,338;19,105;25,903;4456,979;-1698,665;12557,3;9,246
06;2025;09;30;13;44;31;1,07;-0,185;-0,183;20,536;21,159;26,196;-443,754;449,275;15706,11;9,246
06;2025;09;30;13;43;10;1,083;0,012;0,119;20,247;20,961;23,125;-828,989;1220,518;15602;9,246
06;2025;09;30;13;43;11;0,948;-0,033;-0,092;20,959;22,109;26,806;33,851;-1859,365;13937,42;9,246
06;2025;09;30;13;43;11;0,872;-0,021;-0,209;20,158;20,806;24,344;664,921;-146,923;14666,11;9,246
06;2025;09;30;13;43;12;0,621;-0,016;-0,244;21,982;24,406;24,593;2525,386;-891,397;14270,36;9,246
06;2025;09;30;13;43;12;0,67;0,072;0,275;24,207;19,348;22,199;-1832,3;-303,519;17202,01;9,246
06;2025;09;30;13;43;13;0,54;0,092;-0,157;24,363;22,33;22,154;-1750,604;1754,397;17043,91;9,246
06;2025;09;30;13;43;13;0,688;-0,006;-0,141;23,25;18,619;24,277;732,417;-1548,624;14435,13;9,246
06;2025;09;30;13;43;14;0,904;-0,033;-0,145;21,315;21,424;26,309;-1115,922;-183,712;15428,77;9,246
06;2025;09;30;13;43;14;0,826;0,021;-0,361;21,07;20,077;22,493;-1268,277;56,937;15913,57;9,246
06;2025;09;30;13;43;15;0,335;0,018;-0,162;19,29;23,169;22,696;-574,802;-1297,038;16357,25;9,246
06;2025;09;30;13;43;15;0,901;-0,003;0,462;21,315;21,513;23,486;951,866;-301,43;13777,54;9,246
06;2025;09;30;13;43;16;0,88;0,035;-0,393;21,137;20,872;22,335;326,792;-178,902;15443,94;9,246
06;2025;09;30;13;43;16;0,807;-0,041;-0,102;23,094;20,077;23,441;-1585,134;-1148,837;16135,98;9,246
06;2025;09;30;13;43;17;0,85;-0,045;-0,017;21,025;21,866;24,096;-798,07;-577,179;15972,15;9,246
06;2025;09;30;13;43;17;0,92;-0,024;0,002;20,247;18,862;24,57;-33,423;-848,528;15560,45;9,246
06;2025;09;30;13;43;18;0,811;-0,1;-0,317;23,139;24,671;23,599;1723,87;-2352,432;15175,87;9,246
06;2025;09;30;13;43;18;0,909;0,104;0,08;22,227;18,995;27,913;2421,469;-1442,818;13202,51;9,246
06;2025;09;30;13;43;19;0,589;-0,103;0,093;22,049;20,099;25,699;9,29;-144,476;15865,12;9,246
06;2025;09;30;13;43;19;0,759;-0,031;0,114;18,378;18,222;21,228;-3345,516;-1245,178;17782,16;9,246
06;2025;09;30;13;43;20;0,744;-0,099;0,074;21,025;19,481;25,496;-638,315;-1363,654;15554,25;9,246
06;2025;09;30;13;43;20;0,714;-0,052;0,658;21,626;20,961;22,357;-1841,972;827,021;16226,25;9,246
06;2025;09;30;13;43;21;0,659;0,003;0,166;20,914;25,577;20,551;382,472;-1137,102;15141,03;9,246
06;2025;09;30;13;43;21;0,744;-0,044;0,206;21,181;20,342;21,454;-255,644;-1296,111;15783,13;9,246
06;2025;09;30;13;43;22;0,71;-0,124;-0,114;21,648;22,617;21,973;-831,59;105,272;14241,67;9,246
06;2025;09;30;13;43;22;0,497;-0,011;0,174;21,07;20,74;22,289;1443,734;-1684,655;15156;9,246
06;2025;09;30;13;43;23;0,73;-0,022;0,141;23,228;18,686;25,067;-2374,7;-86,594;17956,36;9,246
06;2025;09;30;13;43;23;0,7;-0,026;-0,187;22,983;24,009;21,657;-5992,296;3981,878;19014,83;9,246
06;2025;09;30;13;43;24;0,575;0,008;0,061;17,688;20,121;23,26;1263,559;-2742,28;13864,22;9,246
06;2025;09;30;13;43;24;0,598;0,045;0,152;19,357;25,002;21,047;-1433,63;274,22;15596,36;9,246
06;2025;09;30;13;43;25;0,52;0,028;0,115;22,583;20,165;23,373;-327,461;-1439,438;15519,87;9,246
06;2025;09;30;13;43;25;0,88;-0,061;-0,013;17,999;25,113;22,651;-128,711;-807,399;15872,82;9,246
06;2025;09;30;13;43;26;0,851;-0,042;-0,2;22,338;18,288;23,893;-1385,379;-496,508;16486,29;9,246
06;2025;09;30;13;43;26;1,006;-0,028;-0,036;20,291;20,961;21,454;242,458;-952,868;15324,79;9,246
06;2025;09;30;13;43;27;1,103;-0,121;0,01;20,647;16,808;20,596;-890,581;-506,925;15940,82;9,246
06;2025;09;30;13;43;27;1,138;-0,132;-0,219;23,495;22,948;23,306;-854,161;-728,582;15690,19;9,246
06;2025;09;30;13;43;28;0,931;-0,125;-0,035;21,871;20,276;24,977;-717,295;-26,206;15844,38;9,246
06;2025;09;30;13;43;28;0,944;-0,174;-0,294;21,648;20,961;24,774;-693,812;-1062,421;15767,15;9,246
06;2025;09;30;13;43;29;0,986;-0,192;-0,502;18,066;19,172;21,838;-550,273;-280,147;15755,03;9,246
06;2025;09;30;13;43;29;0,662;0,024;0,2;21,515;19,127;21,567;-428,876;-268,286;15652,63;9,246
06;2025;09;30;13;43;30;0,781;-0,142;-0,039;21,849;22,617;21,747;-930,02;-581,162;16008,12;9,246
06;2025;09;30;13;43;30;0,64;-0,015;-0,192;22,694;24,318;23,938;-152,287;-784,257;15422,03;9,246
06;2025;09;30;13;43;31;0,707;-0,019;-0,043;18,044;22,286;22,222;-242,836;-828,48;15605,06;9,246
06;2025;09;30;13;43;31;0,754;-0,056;0,046;19,401;21,336;25,361;-271,729;-183,72;15596,39;9,246
06;2025;09;30;13;43;32;0,9;-0,031;0,016;21,537;21,204;24,119;4063,963;-1847,13;13660,64;9,246
06;2025;09;30;13;43;32;1,011;-0,028;0,153;23,651;19,282;24,615;3537,026;-2408,652;13673,34;9,246
06;2025;09;30;13;43;33;0,997;-0,056;-0,187;21,804;18,376;21,838;974,906;179,506;14291,92;9,246
06;2025;09;30;13;43;33;0,403;0,022;0,504;22,538;22,529;28,409;50,954;-1296,347;15296,46;9,246
06;2025;09;30;13;43;34;0,643;0,021;-0,034;22,36;20,806;23,599;1881,994;-184,441;15219,34;9,246
06;2025;09;30;13;43;34;0,413;-0,084;-0,106;19,245;21,27;23,035;10,342;445,554;15823,16;9,246
06;2025;09;30;13;43;35;0,929;-0,077;-0,339;16,931;18,973;23,78;-584,225;915,743;15875,69;9,246
06;2025;09;30;13;43;35;0,905;0,072;-0,048;22,894;20,916;23,915;-1793,762;-2181,555;16613,73;9,246
06;2025;09;30;13;43;36;0,871;-0,063;-0,178;23,584;20,607;25,564;3531,637;-1843,463;13118,03;9,246
06;2025;09;30;13;43;36;0,837;0,106;-0,314;19,579;20,696;26,061;-500,44;-1620,224;15790,99;9,246
06;2025;09;30;13;43;37;0,573;-0,204;-0,292;25,23;21,159;22,628;-661,355;892,171;15491,98;9,246
06;2025;09;30;13;43;37;0,805;-0,158;-0,172;20,603;22,264;23,328;-1261,197;-669,062;16235,15;9,246
06;2025;09;30;13;43;38;0,894;-0,034;0,633;22,872;21,756;23,486;-583,031;-1000,23;15621,83;9,246
06;2025;09;30;13;43;38;0,967;-0,172;-0,166;19,868;24,185;22,809;-754,038;-1040,97;15805,58;9,246
06;2025;09;30;13;43;39;0,876;-0,094;-0,189;22,294;21,756;22,448;550,506;2,95;15660,92;9,246
06;2025;09;30;13;43;39;0,997;-0,029;0,323;21,871;20,475;22,944;-2220,065;-460,568;16726,68;9,246
06;2025;09;30;13;43;40;1,061;-0,061;0,031;20,669;21,999;26,287;-840,496;-270,46;14514,41;9,246
07;2025;09;30;13;50;07;1,183;0,014;-0,014;23,673;22,175;22,831;-380,416;-476,478;15683,82;9,209
07;2025;09;30;13;50;08;1,056;0,004;-0,05;22,138;22,242;21,815;-446,509;-385,987;15789,02;9,209
07;2025;09;30;13;50;08;0,984;-0,07;0,004;22,538;19,657;21,815;-655,124;-274,747;15862,87;9,209
07;2025;09;30;13;50;09;1,16;-0,06;-0,089;24,007;19,194;24,638;-542,281;-280,902;15921,08;9,209
07;2025;09;30;13;50;09;1,126;-0,056;-0,086;23,117;20,983;23,373;-710,482;-261,212;15832,86;9,209
07;2025;09;30;13;50;10;1,122;-0,067;0,026;25,942;22,75;26,264;-662,563;-217,125;15805,82;9,209
07;2025;09;30;13;50;10;1,21;-0,054;0,015;20,491;22,352;25,022;-475,372;-443,464;15797,45;9,209
07;2025;09;30;13;50;11;1,201;-0,012;-0,114;24,452;21,38;25,993;-602,778;-381,176;15804,8;9,209
07;2025;09;30;13;50;11;1,095;-0,09;-0,002;21,715;19,459;21,996;-744,055;-20,85;15780,53;9,209
07;2025;09;30;13;50;12;1,193;-0,045;-0,069;23,05;20,806;24,186;-642,785;-267,776;15844,75;9,209
07;2025;09;30;13;50;12;1,143;-0,021;0,077;22,004;22,44;21,364;-738,435;-246,593;15809,71;9,209
07;2025;09;30;13;50;13;1,107;-0,058;-0,073;21,07;21,115;22,312;-700,332;-167,604;15850,91;9,209
07;2025;09;30;13;50;13;1,214;-0,068;-0,036;18,177;18,133;23,419;-574,131;-366,563;15814,28;9,209
07;2025;09;30;13;50;14;1,144;-0,114;-0,045;22,939;20,74;22,741;-856,351;-55,449;15824,77;9,209
07;2025;09;30;13;50;14;1,083;-0,09;0,043;20,469;18,796;23,825;-550,992;-439,948;15886,48;9,209
07;2025;09;30;13;50;15;0,947;-0,087;-0,067;19,112;24,715;22,425;-785,613;-246,129;15768,23;9,209
07;2025;09;30;13;50;15;1,239;-0,008;-0,089;25,097;22,595;25,609;-824,129;-85,4;15781,61;9,209
07;2025;09;30;13;50;16;1,189;-0,045;0,023;25,408;19,591;22,673;-680,02;-233,136;15840,1;9,209
07;2025;09;30;13;50;16;1,138;-0,081;-0,019;21,025;22,131;24,232;-593,838;-326,909;15895,85;9,209
07;2025;09;30;13;50;17;1,188;-0,112;-0,12;23,028;23,589;23,26;-568,29;-280,207;15787,03;9,209
07;2025;09;30;13;50;17;1,105;-0,048;-0,052;20,87;25,135;22,854;-696,609;-134,995;15828,33;9,209
07;2025;09;30;13;50;18;1,201;-0,009;0,012;20,981;22,595;23,351;-814,09;-233,585;15853,99;9,209
07;2025;09;30;13;50;18;1,274;-0,06;-0,057;23,473;26,151;23,893;-723,3;-351,253;15683,57;9,209
07;2025;09;30;13;50;19;1,211;-0,066;0,018;23,606;18,862;20,302;-1287,084;527,401;16020,04;9,209
07;2025;09;30;13;50;19;1,167;-0,099;-0,051;20,825;19,812;20,212;-590,29;-296,853;15778,73;9,209
07;2025;09;30;13;50;20;1,143;-0,118;-0,01;21,826;21,91;21,815;-521,699;-295,796;15719,33;9,209
07;2025;09;30;13;50;20;1,11;-0,133;0,02;21,381;20,872;25,925;-646,429;-391,965;15814,67;9,209
07;2025;09;30;13;50;21;1,044;-0,107;-0,196;19,913;22,352;19,647;-756,715;-100,835;15889,68;9,209
07;2025;09;30;13;50;21;1,145;-0,046;-0,021;22,16;21,579;23,08;-746,394;-150,256;15839,99;9,209
07;2025;09;30;13;50;22;1,123;-0,091;-0,142;21,248;21,38;22,741;-738,808;-268,891;15858,69;9,209
07;2025;09;30;13;50;22;1,101;-0,062;-0,031;22,004;19,194;25,203;-852,391;-127,389;15791,48;9,209
07;2025;09;30;13;50;23;1,155;-0,057;-0,071;25,853;20,188;22,402;-710,831;-210,456;15825,66;9,209
07;2025;09;30;13;50;23;1,257;-0,113;-0,216;20,87;24,229;21,138;-683,77;-175,216;15856,49;9,209
07;2025;09;30;13;50;24;1,027;0,02;0,066;23,005;19,282;21,612;-669,684;-128,477;15852,24;9,209
07;2025;09;30;13;50;24;1,189;-0,118;-0,053;23,94;21,999;21,183;-663,095;-47,086;15817,65;9,209
07;2025;09;30;13;50;25;1,141;-0,192;-0,227;22,961;21,204;23,215;-681,817;-123,793;15690,12;9,209
07;2025;09;30;13;50;25;1,201;-0,154;-0,061;21,226;23,213;25,383;-576,923;-221,942;15848,27;9,209
07;2025;09;30;13;50;26;1,372;-0,076;-0,174;20,536;23,986;24,841;-600,906;-33,845;15636,58;9,209
07;2025;09;30;13;50;26;1,118;-0,048;-0,087;22,449;22,109;23,419;-663,633;-96,475;15743,09;9,209
07;2025;09;30;13;50;27;1,102;-0,148;-0,129;20,825;19,922;26,354;-666,425;-334,742;15727,9;9,209
07;2025;09;30;13;50;27;1,045;-0,094;-0,069;22,916;22,087;24,593;-715,703;-111,776;15757,03;9,209
07;2025;09;30;13;50;28;1,093;-0,142;-0,091;23,495;22,396;22,086;-796,275;0,574;15817,83;9,209
07;2025;09;30;13;50;28;1,074;-0,098;0,085;20,113;23,037;24,796;-793,939;-33,42;15815;9,209
07;2025;09;30;13;50;29;0,932;-0,024;0,049;21,893;22,595;23,915;-630,619;-442,965;15761,87;9,209
07;2025;09;30;13;50;29;1,135;-0,011;-0,09;21,359;21,292;26,106;-712,348;-338,618;15857,1;9,209
07;2025;09;30;13;50;30;1,191;-0,092;0,034;21,871;22,507;21,522;-875,202;-32,206;15930,36;9,209
07;2025;09;30;13;50;30;0,994;-0,093;-0,436;21,871;23,699;23,419;-622,479;-291,774;15742,04;9,209
07;2025;09;30;13;50;31;1,233;-0,108;-0,145;22,116;18,708;23,328;-796,113;-61,234;15830,93;9,209
07;2025;09;30;13;50;31;1,171;-0,12;-0,058;22,205;25,864;24,57;-671,555;-326,694;15676,32;9,209
07;2025;09;30;13;50;32;1,141;-0,048;-0,085;22,405;21,579;23,193;-758,128;-231,551;15858;9,209
07;2025;09;30;13;50;32;1,24;-0,026;-0,135;23,895;18,818;26,151;-962,406;-55,579;15801,54;9,209
07;2025;09;30;13;50;33;1,049;-0,102;-0,19;23,895;21,424;24,728;-792,248;-400,217;15894,99;9,209
07;2025;09;30;13;50;33;1,106;-0,081;-0,054;23,495;22,242;23,69;-834,206;-189,188;15753,74;9,209
07;2025;09;30;13;50;34;1,196;-0,074;-0,082;20,647;20,143;21,499;-659,551;-246,246;15850,35;9,209
07;2025;09;30;13;50;34;1,136;-0,075;0,031;21,671;19,525;25,858;-914,325;-187,26;15762,78;9,209
07;2025;09;30;13;50;35;1,065;-0,108;-0,064;22,783;22,75;24,615;-901,29;-200,804;15843,33;9,209
07;2025;09;30;13;50;35;1,155;-0,009;0,03;20,647;22,043;24,593;-489,698;-556,548;15769,73;9,209
07;2025;09;30;13;50;36;1,179;-0,05;0,083;23,005;19,702;24,322;-800,825;-155,227;15844,6;9,209
07;2025;09;30;13;50;36;1,126;-0,043;-0,082;21,96;21,071;24,593;-732,545;107,53;15773,68;9,209
07;2025;09;30;13;50;37;0,959;-0,129;0,027;21,938;18,929;21,138;-871,122;23,569;15795,35;9,209
07;2025;09;30;13;48;57;0,856;-0,002;-0,199;21,448;21,977;25,564;-397,671;670,173;15368,44;9,209
07;2025;09;30;13;48;57;0,882;0,087;0,047;22,783;19,812;22,56;-827,956;-581,3;16024,21;9,209
07;2025;09;30;13;48;58;0,747;-0,104;0,046;21,604;21,954;22,651;-9,783;1025,722;14918,93;9,209
07;2025;09;30;13;48;58;0,765;0,104;0,127;20,38;21,932;26,354;-1638,953;-1083,911;16482,55;9,209
07;2025;09;30;13;48;59;0,821;0,013;0,01;21,938;20,453;23,464;-548,872;-761;15837,34;9,209
07;2025;09;30;13;48;59;0,935;0,116;-0,076;22,071;23,39;22,244;-661,151;27,215;15923,48;9,209
07;2025;09;30;13;49;00;0,998;0,133;-0,001;21,782;20,828;26,716;-904,566;-206,069;15971,16;9,209
07;2025;09;30;13;49;00;1,093;0,112;0,049;22,049;21,137;23,757;-996,231;452,308;15839,6;9,209
07;2025;09;30;13;49;01;1,097;0,077;0,155;24,852;21,999;21,951;-538,262;-1456,576;16062,37;9,209
07;2025;09;30;13;49;01;0,882;0,149;-0,022;22,027;19,414;23,915;-370,431;-501,695;15885,16;9,209
07;2025;09;30;13;49;02;1,154;0,019;-0,298;21,982;21,712;23,08;-258,115;995,823;15269,02;9,209
07;2025;09;30;13;49;02;1,169;0,065;-0,141;23,339;21,159;23,419;-332,832;83,102;15606,72;9,209
07;2025;09;30;13;49;03;1,05;0,117;-0,107;19,668;19,68;22,719;-420,794;-565,035;15799,67;9,209
07;2025;09;30;13;49;03;0,841;0,048;0,007;23,272;25,113;26,603;-679,545;-647,129;15969,5;9,209
07;2025;09;30;13;49;04;1,014;0,061;-0,519;21,849;20,938;20,957;-348,003;361,406;15529,44;9,209
07;2025;09;30;13;49;04;1,147;0,115;-0,145;21,782;22,683;22,289;-593,529;-873,825;15883,61;9,209
07;2025;09;30;13;49;05;1,181;0,087;-0,198;20,781;21,27;23,848;-538,466;-1057,872;15844,93;9,209
07;2025;09;30;13;49;05;1,044;0,071;-0,024;22,538;22,308;22,131;-640,175;-683,41;15654,13;9,209
07;2025;09;30;13;49;06;1,16;0,144;0,061;22,383;19,392;26,106;-220,879;-1242,868;15622,18;9,209
07;2025;09;30;13;49;06;1,099;0,048;-0,074;21,938;20,254;22,267;-487,616;671,518;15908,14;9,209
07;2025;09;30;13;49;07;1,095;0,072;-0,017;22,227;21,623;21,251;-461,908;282,93;15585,61;9,209
07;2025;09;30;13;49;07;1,129;0,068;0,069;22,405;20,055;24,254;-780,804;-841,73;16030,9;9,209
07;2025;09;30;13;49;08;1,023;0,065;0,123;24,14;21,623;24,864;-729,79;-232,324;15823,18;9,209
07;2025;09;30;13;49;08;1,154;0,096;-0,083;25,742;20,673;22,041;-1218,736;-453,15;16233,62;9,209
07;2025;09;30;13;49;09;1,129;0,081;-0,177;19,579;24,583;24,186;-812;221,164;15760,15;9,209
07;2025;09;30;13;49;09;1,092;0,1;-0,167;21,159;20,762;24,028;-884,671;-1418,061;16017,08;9,209
07;2025;09;30;13;49;10;1,121;0,111;-0,106;21,693;19,967;24,796;364,319;-2540,419;15851,59;9,209
07;2025;09;30;13;49;10;1,289;0,169;0,266;20,38;22,993;24,457;-78,382;-2328,503;16466,09;9,209
07;2025;09;30;13;49;11;1,148;0,072;-0,152;22,471;21,645;25,203;-1107,407;-424,419;16310,93;9,209
07;2025;09;30;13;49;11;1,194;0,078;0,194;18,111;19,724;23,464;58,338;-2455,022;15614,33;9,209
07;2025;09;30;13;49;12;1,253;0,114;0,272;21,337;21,535;23,035;-409,506;-2129,757;16284,81;9,209
07;2025;09;30;13;49;12;1,25;-0,094;-0,245;21,648;19,216;21,138;-740,312;118,374;15579,73;9,209
07;2025;09;30;13;49;13;0,865;0,085;-0,332;20,069;21,402;23,78;-774,18;-924,275;15974,94;9,209
07;2025;09;30;13;49;13;0,675;-0,001;0,163;21,292;19,481;22,583;-839,95;-522,694;15743,11;9,209
07;2025;09;30;13;49;14;0,936;-0,011;-0,12;19,98;21,977;23,509;-592,414;-890,094;15995,06;9,209
07;2025;09;30;13;49;14;1,268;0,036;-0,184;20,402;20,453;24,661;-1530,305;-928,355;16349,85;9,209
07;2025;09;30;13;49;15;0,839;-0,004;-0,36;23,673;20,541;22,267;18,305;-888,53;15524,63;9,209
07;2025;09;30;13;49;15;1,024;0,024;0,191;21,337;20,099;21,205;-1268,754;806,061;15673,03;9,209
07;2025;09;30;13;49;16;1,074;0,106;0,038;22,316;20,386;24,525;-1209,591;-1880,58;16309,39;9,209
07;2025;09;30;13;49;16;0,806;0,004;-0,099;22,049;23,986;22,312;-707,446;-648,144;15631,44;9,209
07;2025;09;30;13;49;17;0,766;-0,046;-0,228;23,651;19,061;24,886;-724,159;649,581;16008,63;9,209
07;2025;09;30;13;49;17;0,722;0,004;-0,023;21,025;18,111;22,944;-370,943;-85,846;15635,71;9,209
07;2025;09;30;13;49;18;0,687;0,062;-0,012;20,38;22,926;23,599;-833,788;712,787;15664,49;9,209
07;2025;09;30;13;49;18;0,659;0,039;-0,099;23,206;21,402;27,709;-381,505;216,135;15530,29;9,209
07;2025;09;30;13;49;19;1,152;0,022;-0,073;24,808;21,91;21,793;-1082,864;-3145,817;16174,33;9,209
07;2025;09;30;13;49;19;0,894;0,007;0,066;18,489;17,913;24,232;-677,009;653,086;15584,25;9,209
07;2025;09;30;13;49;20;1,116;-0,109;-0,081;22,672;23,324;22,177;-357,378;-1656,247;15798,61;9,209
07;2025;09;30;13;49;20;1,179;-0,011;-0,251;20,914;24,274;23,69;-1173,383;82,325;15868,05;9,209
07;2025;09;30;13;49;21;0,934;0,039;-0,203;20,758;21,292;22,673;-1194,035;221,777;16031,86;9,209
07;2025;09;30;13;49;21;1,147;-0,066;-0,284;23,851;21,402;24,299;-686,958;424,061;15444,31;9,209
07;2025;09;30;13;49;22;0,902;-0,021;-0,028;24,518;21,579;19,015;-618,959;1110,781;15369,53;9,209
07;2025;09;30;13;49;22;1,427;0,074;0,61;22,939;19,127;26,354;-1296,315;-750,326;15996,82;9,209
07;2025;09;30;13;49;23;1,126;0,069;-0,098;19,357;20,099;24,977;-540,552;-2109,402;16144,88;9,209
07;2025;09;30;13;49;23;1,01;-0,082;-0,178;20,692;20,408;23,825;-1568,665;1599,268;15398,57;9,209
07;2025;09;30;13;49;24;0,899;-0,084;-0,29;21,737;22,352;26,129;-42,404;125,967;15451,61;9,209
07;2025;09;30;13;49;24;0,907;0,087;0,131;20,959;20,74;23,712;-1272,203;-1440,793;16401,22;9,209
07;2025;09;30;13;49;25;0,819;0,005;-0,022;24,518;23,324;24,209;-585,776;-1143,773;15867;9,209
07;2025;09;30;13;49;25;1,075;0,002;-0,226;21,938;21,049;21,002;-753,937;277,398;15768,92;9,209
07;2025;09;30;13;49;26;1,15;-0,045;-0,527;22,027;21,005;26,558;-1967,625;105,187;16273,31;9,209
07;2025;09;30;13;49;26;1,134;0,068;-0,126;23,005;20,43;23,283;-774,148;-1773,778;16055,53;9,209
07;2025;09;30;13;47;54;0,775;0,035;-0,158;23,028;20,408;24,186;-694,216;-1085,735;16095,34;9,209
07;2025;09;30;13;47;54;0,66;-0,032;-0,029;23,206;25,047;25,383;-793,016;-950,1;16038,82;9,209
07;2025;09;30;13;47;55;0,814;0,001;0,083;21,003;27,189;25,338;-176,201;682,061;15215,25;9,209
07;2025;09;30;13;47;55;0,792;-0,047;-0,107;22,36;21,027;26,061;-214,477;-839,134;15737,29;9,209
07;2025;09;30;13;47;56;0,725;0,1;0,07;24,162;22,573;20,167;-565,685;-1064,707;15899,9;9,209
07;2025;09;30;13;47;56;0,835;-0,002;-0,467;21,448;20,585;20,099;-1472,193;-186,625;16076,62;9,209
07;2025;09;30;13;47;57;1,055;0,003;-0,293;22,827;20,143;24,141;-518,013;1494,738;15152,45;9,209
07;2025;09;30;13;47;57;0,897;-0,051;-0,336;19,779;21,623;28,477;-561,397;837,935;15509,04;9,209
07;2025;09;30;13;47;58;1,144;-0,005;-0,073;21,404;20,938;23,035;-714,001;-1400,996;15933,2;9,209
07;2025;09;30;13;47;58;1,011;0,077;-0,192;24,986;21,049;22,606;-256,844;-1343,097;15732,25;9,209
07;2025;09;30;13;47;59;0,898;0,03;-0,068;21,003;23,412;22,628;-1729,496;292,23;16416,48;9,209
07;2025;09;30;13;47;59;1,203;0,08;-0,081;21,515;19,017;20,822;-654,69;-440,951;15697,8;9,209
07;2025;09;30;13;48;00;0,865;0,055;-0,048;23,228;23,346;27,145;-437,081;292,539;15562,6;9,209
07;2025;09;30;13;48;00;0,83;-0,002;-0,568;26,143;23,346;23,983;-1734,925;113,233;16347,09;9,209
07;2025;09;30;13;48;01;0,757;0,066;-0,209;24,652;22,617;24,277;224,67;-381,272;15472,32;9,209
07;2025;09;30;13;48;01;0,736;0,032;0,106;19,579;23,059;24,841;-521,845;-289,477;15401,17;9,209
07;2025;09;30;13;48;02;0,598;-0,088;-0,296;22,894;20,983;22,538;-551,698;-419,066;15776,37;9,209
07;2025;09;30;13;48;02;1,049;0,024;-0,197;22,027;19,922;24,796;43,998;-732,349;15493,57;9,209
07;2025;09;30;13;48;03;0,914;0,093;-0,133;20,402;22,109;25,519;-0,157;-2122,35;15384,31;9,209
07;2025;09;30;13;48;03;0,603;0,062;0,258;23,361;23,523;23,87;-3282,162;1143,626;17119,5;9,209
07;2025;09;30;13;48;04;1,084;0,003;-0,306;19,557;23,125;25,18;-1210,25;-623,623;16501,85;9,209
07;2025;09;30;13;48;04;0,991;-0,009;-0,035;20,558;22,75;25,587;-267,445;103,295;15376,38;9,209
07;2025;09;30;13;48;05;0,923;-0,049;-0,119;21,648;21,446;21,522;249,642;-700,461;15226,57;9,209
07;2025;09;30;13;48;05;0,896;-0,021;-0,073;19,156;23,456;22,877;-1770,688;-579,513;16405,42;9,209
07;2025;09;30;13;48;06;0,671;0,205;0,071;21,715;23,456;24,593;-15,446;-316,8;15454,96;9,209
07;2025;09;30;13;48;06;0,589;-0,037;0,168;22,494;22,396;20,957;-1140,414;-1031,525;16196;9,209
07;2025;09;30;13;48;07;0,638;0,04;-0,113;20,402;22,529;21,793;-1815,197;325,649;16022,61;9,209
07;2025;09;30;13;48;07;0,818;0,057;0,403;22,471;20,696;23,825;-625,698;-1211,821;15849,6;9,209
07;2025;09;30;13;48;08;0,983;0,07;-0,196;22,649;21,513;25,338;-86,419;-1426,362;15842,75;9,209
07;2025;09;30;13;48;08;0,74;0,02;-0,128;20,313;21,137;22,289;-756,709;-43,059;15762,63;9,209
07;2025;09;30;13;48;09;0,815;0,011;0,019;23,717;20,961;23,87;-367,308;-68,526;15829,72;9,209
07;2025;09;30;13;48;09;0,747;0,091;0,351;20,959;21,844;24,615;-485,835;-5,443;15656,17;9,209
07;2025;09;30;13;48;10;1,009;0,029;-0,205;22,939;20,497;23,148;-612,336;-712,385;15866,14;9,209
07;2025;09;30;13;48;10;0,805;-0,052;0,042;22,672;20,585;23,238;-929,874;-642,614;16041,22;9,209
07;2025;09;30;13;48;11;0,859;0,011;0,017;22,761;20,475;26,174;-520,775;-190,655;15568,86;9,209
07;2025;09;30;13;48;11;0,76;-0,042;0,134;24,696;23,92;25,383;-1156,884;-276,116;16162,5;9,209
07;2025;09;30;13;48;12;0,745;-0,04;-0,169;22,071;23,523;22,967;-731,563;-377,187;15784,61;9,209
07;2025;09;30;13;48;12;0,685;-0,05;-0,123;21,849;19,105;22,357;297,824;-719,771;15027,49;9,209
07;2025;09;30;13;48;13;0,425;-0,033;-0,207;20,536;22,794;23,577;80,78;-578,324;14840,18;9,209
07;2025;09;30;13;48;13;0,564;-0,002;-0,023;22,694;23,28;27,077;-1004,945;-1868,338;15921;9,209
07;2025;09;30;13;48;14;0,394;-0,017;-0,257;28,523;19,326;22,244;-367,412;398,699;14710,35;9,209
07;2025;09;30;13;48;14;0,774;0,018;0,367;22,538;20,099;26,512;-197,795;-341,717;15314,37;9,209
07;2025;09;30;13;48;15;0,834;0,032;0,009;22,85;19,702;22,606;1069,401;-723,297;14516,71;9,209
07;2025;09;30;13;48;15;0,821;-0,102;0,044;21,27;22,131;27,596;-797,476;259,723;16321,28;9,209
07;2025;09;30;13;48;16;0,813;-0,001;-0,066;20,135;26,239;22,719;-616,372;-532,608;15949,8;9,209
07;2025;09;30;13;48;16;0,554;0,031;-0,515;21,671;25,731;24,954;-1523,789;2945,774;15280,57;9,209
07;2025;09;30;13;48;17;0,924;0;-0,234;23,183;20,386;24,051;-745,234;-1620,475;16129,12;9,209
07;2025;09;30;13;48;17;1,082;-0,008;-0,368;22,316;22,087;26,016;-754,901;-208,893;15775,59;9,209
07;2025;09;30;13;48;18;1,114;0,019;0,04;21,715;22,22;23,848;595,801;-1636,307;15172,7;9,209
07;2025;09;30;13;48;18;1,033;0,003;-0,099;25,72;20,43;25,225;-1461,715;-315,923;16324,98;9,209
07;2025;09;30;13;48;19;1,13;0,04;-0,054;22,916;20,673;21,973;-690,355;-1551,012;15556,41;9,209
07;2025;09;30;13;48;19;1,041;0,02;-0,168;20,936;21,579;23,622;-174,615;1339,359;15032,35;9,209
07;2025;09;30;13;48;20;1,113;-0,065;-0,147;21,337;20,43;22,719;-357,434;-220,167;15901,01;9,209
07;2025;09;30;13;48;20;1,027;0,102;0,146;20,514;21,159;24,909;-1869,426;1665,619;16453,3;9,209
07;2025;09;30;13;48;21;0,8;0,035;-0,092;22,538;21,314;23,148;-131,581;515,387;15657,19;9,209
07;2025;09;30;13;48;21;0,61;-0,002;0,396;19,868;22,97;27,122;-486,471;-612,635;15280,94;9,209
07;2025;09;30;13;48;22;1,049;0,037;0,114;25,653;19,702;25,27;-88,238;-3271,14;16554,63;9,209
07;2025;09;30;13;48;22;0,997;0,084;-0,258;23,539;20,696;21,364;-113,865;-1424,66;15591,8;9,209
07;2025;09;30;13;48;23;0,92;-0,007;-0,316;20,669;21,402;21,612;-490,164;1413,556;15803,17;9,209
07;2025;09;30;13;48;23;1,027;-0,024;-0,267;22,627;21,557;23,351;-690,19;-282,231;15352,89;9,209
08;2025;09;30;13;54;40;1,211;-0,087;-0,054;22,116;21,402;21,476;-951,651;-231,731;15779,54;9,171
08;2025;09;30;13;54;40;1,081;-0,062;0,023;21,47;19,635;22,312;-896,549;-507,706;15908,82;9,171
08;2025;09;30;13;54;41;1,29;-0,164;-0,259;23,695;19,9;27,393;-699,924;-496,949;15805,07;9,171
08;2025;09;30;13;54;41;0,903;-0,059;0,093;22,471;18,619;23,283;-799,268;-484,608;15778,47;9,171
08;2025;09;30;13;54;42;1,028;-0,154;-0,133;17,888;20,232;24,661;-973,895;-315,488;15872,46;9,171
08;2025;09;30;13;54;42;1,106;-0,139;-0,099;24,763;20,32;26,716;-765,044;-547,473;15777,62;9,171
08;2025;09;30;13;54;43;1,072;-0,061;0,021;21,493;25,069;23,644;-990,693;-293,046;15881,19;9,171
08;2025;09;30;13;54;43;1,064;-0,091;-0,081;22,16;21,91;20,709;-891,412;-425,239;15809,34;9,171
08;2025;09;30;13;54;44;1,08;-0,074;-0,188;24,007;21,137;25,496;-867,52;-283,133;15810,25;9,171
08;2025;09;30;13;54;44;1,197;-0,11;-0,088;21,938;18,995;23,057;-731,47;-592,496;15880,47;9,171
08;2025;09;30;13;54;45;0,895;0,099;0,242;20,892;19,989;22,177;-780,244;33,457;15690,37;9,171
08;2025;09;30;13;54;45;1,218;-0,105;-0,006;26,165;22,153;23,848;-814,012;-292,002;15721,01;9,171
08;2025;09;30;13;54;46;1,125;-0,182;-0,119;25,742;22,705;21,454;-1109,872;-25,019;15880,88;9,171
08;2025;09;30;13;54;46;1,136;-0,077;-0,198;22,471;20,894;29,155;-750,799;-440,282;15811,73;9,171
08;2025;09;30;13;54;47;1,079;-0,193;-0,018;19,001;24,009;24,051;-703,075;-342,377;15884,61;9,171
08;2025;09;30;13;54;47;1,175;-0,102;-0,08;21,915;22,926;27,709;-863,025;-207,074;15753,46;9,171
08;2025;09;30;13;54;48;1,239;-0,097;-0,141;21,114;21,336;25,27;-932,482;-256,5;15764;9,171
08;2025;09;30;13;54;48;1,218;-0,067;-0,05;20,803;20,519;24,344;-619,372;-478,98;15852,54;9,171
08;2025;09;30;13;54;49;0,945;-0,121;-0,297;22,694;22,816;23,802;-840,181;-280,663;15894,82;9,171
08;2025;09;30;13;54;49;1,141;-0,127;-0,131;19,579;24,605;23,69;-758,447;-564,071;15731,92;9,171
08;2025;09;30;13;54;50;1,176;-0,059;-0,057;21,582;21,027;23,441;-580,752;-307,952;15778,94;9,171
08;2025;09;30;13;54;50;1,113;-0,045;0,1;22,36;20,541;23,961;-656,467;-505,149;15804,96;9,171
08;2025;09;30;13;54;51;1,227;-0,089;-0,188;21,426;20,762;21,747;-967,032;-118,832;15727,22;9,171
08;2025;09;30;13;54;51;1,079;-0,084;0,023;23,473;21,645;28,838;-681,224;-483,436;15724,54;9,171
08;2025;09;30;13;54;52;1,09;-0,128;-0,503;24,63;21,778;23,328;-620,903;-402,463;15817,17;9,171
08;2025;09;30;13;54;52;1,135;-0,084;-0,174;19,067;23,346;23,961;-1110,914;-43,972;15846,35;9,171
08;2025;09;30;13;54;53;1,125;-0,08;-0,252;21,982;24,229;22,402;-916,496;-125,39;15773,1;9,171
08;2025;09;30;13;54;53;1,182;-0,154;0,125;21,537;23,147;20,957;-910,243;-173,57;15816,83;9,171
08;2025;09;30;13;54;54;1,257;-0,093;-0,252;21,092;20,497;24,367;-591,16;-598,367;15804,69;9,171
08;2025;09;30;13;54;54;0,993;0,013;0,131;24,385;26,372;23,531;-795,389;-195,841;15801,33;9,171
08;2025;09;30;13;54;55;1,103;-0,081;-0,082;21,003;22,197;23,17;-878,376;-300,256;15897,42;9,171
08;2025;09;30;13;54;55;1,096;-0,103;0,026;26,743;22,44;25,993;-820,744;-442,985;15797,71;9,171
08;2025;09;30;13;54;56;1,047;-0,139;-0,167;23,762;22,772;23,057;-1014,568;-68,352;15829,15;9,171
08;2025;09;30;13;54;56;1,047;-0,091;-0,138;23,695;20,254;23,938;-1019,497;-140,169;15884,15;9,171
08;2025;09;30;13;54;57;0,809;0,016;0,244;21,003;22,485;26,309;-612,804;-502,96;15809,82;9,171
08;2025;09;30;13;54;57;1,191;-0,118;0,032;22,116;24,517;23,961;-887,716;-188,93;15921,14;9,171
08;2025;09;30;13;54;58;1,155;-0,081;0,06;19,29;22,639;21,838;-864,377;-438,155;15833,6;9,171
08;2025;09;30;13;54;58;1,176;0,089;0,429;20,202;18,752;23,08;-855,448;-195,41;15831,27;9,171
08;2025;09;30;13;54;59;1,234;-0,056;-0,001;25,319;22,993;22,651;-754,355;-314,773;15865,78;9,171
08;2025;09;30;13;54;59;1,043;-0,041;0,035;19,156;19,635;23,306;-739,575;-475,262;15848,37;9,171
08;2025;09;30;13;55;00;1,039;-0,07;-0,071;21,47;22,683;25,406;-786,629;-372,216;15786,76;9,171
08;2025;09;30;13;55;00;1,175;-0,011;-0,073;23,628;20,254;25,338;-872,918;-153,825;15840,52;9,171
08;2025;09;30;13;55;01;1,206;-0,087;-0,074;21,359;20,254;22,041;-810,876;-267,753;15791,74;9,171
08;2025;09;30;13;55;01;1,161;-0,127;0,02;19,112;18,664;23,87;-653,864;-351,024;15800,22;9,171
08;2025;09;30;13;55;02;1,448;-0,106;-0,208;18,756;21,954;21,838;-855,61;-231,059;15756,75;9,171
08;2025;09;30;13;55;02;1,187;-0,042;-0,253;23,161;22,882;25,97;-831,116;-490,655;15950,58;9,171
08;2025;09;30;13;55;03;1,044;-0,036;-0,018;24,274;19,127;22,673;-1135,665;-6,486;15816,51;9,171
08;2025;09;30;13;55;03;1,107;-0,069;-0,022;23,829;21,181;23,915;-923,173;-375,758;15840,43;9,171
08;2025;09;30;13;55;04;1,023;-0,044;-0,331;20,847;19,834;23,938;-619,841;-563,03;15790,31;9,171
08;2025;09;30;13;55;04;1,056;-0,109;-0,043;19,134;22,308;22,899;-896,063;-292,234;15756,95;9,171
08;2025;09;30;13;55;05;1,259;-0,064;-0,235;21,96;21,844;22,199;-887,851;-159,994;15828,61;9,171
08;2025;09;30;13;55;05;1,24;-0,051;0,019;19,69;21,645;25,632;-865,954;-180,772;15774,99;9,171
08;2025;09;30;13;55;06;1,13;-0,105;-0,078;22,761;20,386;22,583;-750,99;-279,66;15776;9,171
08;2025;09;30;13;55;06;1,084;-0,15;-0,049;26,232;22,529;24,796;-793,856;-354,323;15890,17;9,171
08;2025;09;30;13;55;07;1,303;-0,047;-0,075;19,357;22,44;24,525;-814,044;-438,636;15835,93;9,171
08;2025;09;30;13;55;07;1,077;-0,153;-0,247;25,542;20,276;23,215;-843,893;-581,859;15800,17;9,171
08;2025;09;30;13;55;08;0,988;-0,148;-0,002;23,428;22,175;25,541;-835,95;-334,663;15680,89;9,171
08;2025;09;30;13;55;08;1,158;-0,143;-0,158;21,27;22,728;22,696;-722,836;-380,99;15714,68;9,171
08;2025;09;30;13;55;09;1,122;-0,157;-0,317;21,493;24,229;23,757;-860,271;-359,118;15768,18;9,171
08;2025;09;30;13;55;09;0,928;-0,041;-0,076;24,897;22,882;24,322;-562,966;-603,56;15826,8;9,171
08;2025;09;30;13;53;12;0,971;-0,013;0,135;22,627;18,465;21,002;-1027,286;-547,234;16081,44;9,171
08;2025;09;30;13;53;13;0,681;0,04;0,127;24,563;21,91;21,86;-1036,932;-99,297;15853,4;9,171
08;2025;09;30;13;53;13;0,779;0,075;-0,085;21,359;19,834;22,402;-385,763;592,472;15221,24;9,176
08;2025;09;30;13;53;14;0,787;0,074;-0,247;20,313;23,125;26,964;-1057,476;-1171,468;16266,58;9,171
08;2025;09;30;13;53;14;0,655;0,067;0,058;20,269;20,673;20,686;-1040,365;-508,516;16081,59;9,176
08;2025;09;30;13;53;15;0,447;0,019;0,135;21,404;22,043;25,451;-941,406;-198,745;15925,27;9,171
08;2025;09;30;13;53;15;0,892;0,087;-0,275;22,071;22,882;20,528;-731,709;-438,444;15813,14;9,171
08;2025;09;30;13;53;16;0,749;0,086;0,071;21,381;22,617;23,983;-761,196;84,913;15764,34;9,171
08;2025;09;30;13;53;16;0,872;0,005;0,091;21,849;22,396;23,373;-825,474;-570,565;16028,02;9,176
08;2025;09;30;13;53;17;0,908;0,013;-0,043;20,024;23,655;21,702;-721,278;-425,849;15777,49;9,176
08;2025;09;30;13;53;17;0,721;0,03;0,039;20,514;22,286;21,906;-543,459;-196,636;15662,68;9,171
08;2025;09;30;13;53;18;1,023;-0,014;-0,014;24,429;24,605;21,951;-456,438;-44,716;15640,9;9,171
08;2025;09;30;13;53;18;0,976;-0,042;-0,138;20,625;22,396;26,625;-352,592;623,813;15373,88;9,171
08;2025;09;30;13;53;19;0,841;-0,019;-0,236;24,229;21,402;25,157;-1054,335;53,949;15950,67;9,171
08;2025;09;30;13;53;19;1,06;-0,106;-0,11;20,781;20,938;21,476;-487,547;-553,083;15831,4;9,171
08;2025;09;30;13;53;20;0,74;-0,087;-0,196;23,717;23,699;21,906;-876,726;-788,675;16051,87;9,171
08;2025;09;30;13;53;20;0,83;-0,072;-0,206;21,915;20,74;24,954;-800,866;-97,039;15852,71;9,176
08;2025;09;30;13;53;21;0,711;-0,076;-0,436;22,138;22,352;24,006;-579,566;-413,985;15603,37;9,171
08;2025;09;30;13;53;21;0,98;-0,086;0,063;19,134;19,326;23,554;-1112,229;564,35;15840,64;9,171
08;2025;09;30;13;53;22;1,008;-0,076;0,184;18,689;20,519;22,289;-438,664;-666,59;15752,02;9,18
08;2025;09;30;13;53;22;0,902;0,084;0,048;23,317;19,26;22,877;-901,433;1011,614;15622,53;9,176
08;2025;09;30;13;53;23;1,453;-0,04;-0,049;21,025;21,292;21,567;-1028,394;-1488,199;16406,28;9,171
08;2025;09;30;13;53;23;1,143;-0,074;-0,144;21,938;23,213;24,48;-153,077;-633,072;15691,38;9,187
08;2025;09;30;13;53;24;1,242;-0,048;-0,059;20,58;18,354;23,08;-1227,155;-440,261;16075,36;9,185
08;2025;09;30;13;53;24;0,904;-0,132;-0,133;22,182;22,264;23,328;-804,556;-906,23;16020,31;9,182
08;2025;09;30;13;53;25;1,083;-0,109;-0,11;24,296;21,734;23,486;-484,465;185,156;15454,74;9,199
08;2025;09;30;13;53;25;1,127;-0,072;-0,118;24,429;23,854;23,69;-1135,899;-588,962;16119,53;9,187
08;2025;09;30;13;53;26;1,068;-0,138;-0,087;22,249;21,977;21,815;-681,943;-633,994;15701,22;9,176
08;2025;09;30;13;53;26;1,033;-0,112;-0,001;23,806;22,33;23,69;-383,856;-769,671;15668,47;9,176
08;2025;09;30;13;53;27;1,014;-0,092;-0,088;23,628;23,456;26,332;-506,835;-147,351;15484,66;9,18
08;2025;09;30;13;53;27;0,945;-0,137;-0,052;23,829;23,942;26,129;-483,742;-661,285;15785,33;9,171
08;2025;09;30;13;53;28;0,999;-0,154;-0,03;21,915;20,784;22,244;-742,396;177,971;15558,67;9,176
08;2025;09;30;13;53;28;0,675;-0,108;0,214;23,339;19,79;23,012;-1077,959;-544,912;16038,78;9,171
08;2025;09;30;13;53;29;0,869;-0,152;-0,293;22,672;21,954;23,328;-523,415;554,066;15454,13;9,171
08;2025;09;30;13;53;29;0,502;-0,112;0,122;22,138;21,932;23,735;-861,263;127,068;15583,48;9,176
08;2025;09;30;13;53;30;0,804;-0,105;-0,154;21,404;22,551;24,909;-886,517;-451,365;15905,82;9,176
08;2025;09;30;13;53;30;0,778;-0,002;0,064;21,092;23,302;22,199;-629,892;312,566;15525,5;9,171
08;2025;09;30;13;53;31;0,796;-0,165;0,13;21,203;21,601;25,112;-304,843;-86,423;15473,75;9,171
08;2025;09;30;13;53;31;0,689;-0,132;0,451;19,334;20,938;23,644;-693,19;356,491;15547,52;9,171
08;2025;09;30;13;53;32;0,877;-0,104;-0,233;23,517;20,828;23,193;-779,562;-533,226;15819,36;9,176
08;2025;09;30;13;53;32;0,627;-0,121;-0,078;21,626;20,563;20,189;-391,897;244,018;15446,92;9,171
08;2025;09;30;13;53;33;0,871;-0,071;-0,41;19,312;20,894;25,519;-1163,463;-545,505;16221,31;9,171
08;2025;09;30;13;53;33;0,746;-0,062;-0,035;19,09;22,705;25,157;-370,045;272,226;15574,45;9,171
08;2025;09;30;13;53;34;0,652;-0,129;-0,012;21,27;22,595;24,254;-573,598;-871,411;15867,58;9,176
08;2025;09;30;13;53;34;0,873;-0,123;-0,146;22,583;22,661;24,638;-1245,093;-932,373;16189,57;9,171
08;2025;09;30;13;53;35;0,74;-0,23;-0,433;20,959;21,866;22,199;-1105,124;-667,016;16027,5;9,171
08;2025;09;30;13;53;35;0,687;-0,216;-0,038;23,606;20,607;26,445;-768,553;1006,308;15448,99;9,171
08;2025;09;30;13;53;36;1,077;-0,157;-0,108;22,85;24,914;23,08;-993,171;-262,66;15810,35;9,171
08;2025;09;30;13;53;36;1,059;-0,122;-0,133;23,272;20,453;24,209;-1044,544;69,354;15785,52;9,171
08;2025;09;30;13;53;37;0,846;-0,157;-0,003;21,871;25,996;23,08;-576,148;344,73;15603,84;9,171
08;2025;09;30;13;53;37;0,771;-0,071;-0,062;23,005;19,635;25,27;-553,528;-366,127;15670,27;9,171
08;2025;09;30;13;53;38;0,624;-0,054;-0,021;22,249;20,033;20,031;-650,091;-171,453;15536,97;9,171
08;2025;09;30;13;53;38;0,842;-0,159;-0,1;20,981;21,866;22,131;-922,887;-792,447;15963,31;9,171
08;2025;09;30;13;53;39;0,996;-0,103;-0,047;23,45;19,26;26,219;-754,734;-155,541;15624,62;9,176
08;2025;09;30;13;53;39;1,033;-0,157;0,146;22,36;20,961;24,615;-43,776;-421,677;15401,94;9,176
08;2025;09;30;13;53;40;0,886;-0,192;-0,109;25,787;21,623;22,854;-649,747;-925,712;15890,49;9,171
08;2025;09;30;13;53;40;0,743;-0,171;0,161;22,249;24,605;25,428;-1001,994;29,236;15889,15;9,176
08;2025;09;30;13;53;41;0,76;-0,092;0,111;20,936;20,74;21,657;-390,829;-946,077;15699,04;9,171
08;2025;09;30;13;53;41;0,902;-0,167;-0,239;23,072;19,812;25,722;-1322,499;232,913;16010,97;9,176
08;2025;09;30;13;53;42;0,686;-0,196;-0,131;23,161;19,812;21,364;-689,312;434,09;15450,13;9,18
08;2025;09;30;13;51;49;0,587;0,002;0,235;20,024;19,9;25,18;-1211,976;-377,49;16326;9,198
08;2025;09;30;13;51;50;0,714;-0,058;-0,16;23,584;21,734;26,377;-423,77;-291,576;15651,33;9,194
08;2025;09;30;13;51;50;0,492;0,092;0,318;21,292;24,053;30,171;-622,526;-1142,161;16285,29;9,203
08;2025;09;30;13;51;51;0,877;-0,01;0,031;21,203;24,009;20,709;-900;-982,328;16237,33;9,209
08;2025;09;30;13;51;51;0,957;0,01;-0,27;26,766;20,143;21,883;-625,151;-152,13;16009,3;9,182
08;2025;09;30;13;51;52;0,633;-0,049;0,027;18,6;22,926;23,735;-324,435;-958,255;16007,37;9,199
08;2025;09;30;13;51;52;0,533;-0,079;0,168;22,85;20,276;24,299;-542,585;-745,303;15935,37;9,198
08;2025;09;30;13;51;53;0,694;-0,109;-0,101;22,916;26,394;23,531;-555,469;-988,901;15865,69;9,199
08;2025;09;30;13;51;53;0,922;-0,148;-0,157;26,098;21,248;25,654;-548,021;128,863;15709,45;9,203
08;2025;09;30;13;51;54;0,437;0,027;0,178;23,962;21,358;22,38;-560,462;-846,618;15885,15;9,19
08;2025;09;30;13;51;54;0,777;-0,08;-0,419;20,803;21,645;22,109;-384,213;218,889;15689,7;9,192
08;2025;09;30;13;51;55;0,663;-0,099;0,171;27,678;21,314;22,357;-359,008;943,04;15729,38;9,194
08;2025;09;30;13;51;55;0,815;-0,031;0,032;24,563;22,948;25,157;-1122,581;664,115;15811,42;9,203
08;2025;09;30;13;51;56;0,892;-0,087;-0,234;20,58;22,109;23,644;-169,655;-404,08;15577,54;9,194
08;2025;09;30;13;51;56;1,034;-0,101;-0,206;23,628;24,119;24,886;-892,266;1272,217;15595,02;9,192
08;2025;09;30;13;51;57;0,868;-0,13;-0,108;21,292;23,059;23,78;-26,628;-660,326;15742,27;9,19
08;2025;09;30;13;51;57;1,066;-0,174;-0,105;19,98;20,651;25,745;-170,056;-1194,86;16032,87;9,209
08;2025;09;30;13;51;58;0,861;-0,078;0,009;22,049;21,91;25,067;-1190,521;229,541;15739,39;9,199
08;2025;09;30;13;51;58;0,796;-0,142;0,015;22,694;26,195;23,644;-1317,828;-1401,829;16175,02;9,203
08;2025;09;30;13;51;59;0,683;-0,149;-0,127;21,648;22,264;22,244;-1035,705;-535,452;16085,22;9,199
08;2025;09;30;13;51;59;0,98;-0,073;-0,078;22,427;21,778;25,88;-388,896;-494,784;15572,12;9,209
08;2025;09;30;13;52;00;0,577;-0,057;-0,167;20,736;20,033;25,09;-943,766;96,486;15986,01;9,204
08;2025;09;30;13;52;00;0,772;-0,022;-0,006;19,646;23,037;22,944;-118,779;-304,865;15429,51;9,209
08;2025;09;30;13;52;01;0,603;-0,113;-0,086;19,957;20,718;22,877;-450,132;632,848;15462,79;9,204
08;2025;09;30;13;52;01;0,803;-0,143;0,146;23,25;22,44;21,68;-1036,344;-2321,403;16390,56;9,209
08;2025;09;30;13;52;02;0,544;0,044;-0,071;19,957;20,806;21,996;-901,421;-483,723;16028,41;9,209
08;2025;09;30;13;52;02;0,704;-0,113;-0,067;23,072;21,91;23,148;-734,342;-102,996;15900,88;9,203
08;2025;09;30;13;52;03;0,649;-0,091;0,056;23,918;23,169;23,825;-362,347;-502,163;15619,14;9,209
08;2025;09;30;13;52;03;0,583;-0,116;0,131;21,025;20,85;21,928;91,598;-368,215;15311,95;9,209
08;2025;09;30;13;52;04;0,643;-0,028;-0,17;23,806;21,226;22,448;-848,746;-1015,369;15967,92;9,209
08;2025;09;30;13;52;04;0,463;-0,039;-0,206;22,939;21,402;21,77;44,885;572,086;15411,72;9,209
08;2025;09;30;13;52;05;0,436;-0,102;0,389;21,337;22,462;26,987;-686,096;-1089,702;16193,43;9,209
08;2025;09;30;13;52;05;0,615;0,009;-0,022;20,046;24,649;25,88;-1010,321;-386,102;15960,56;9,209
08;2025;09;30;13;52;06;0,888;0,014;0,149;24,363;23,942;24,277;-439,001;-255,987;15544,67;9,209
08;2025;09;30;13;52;06;0,476;-0,044;-0,06;22,338;22,352;23,08;-880,337;-440,592;15984,51;9,209
08;2025;09;30;13;52;07;0,767;0,031;0,048;23,028;21,027;25,406;-986,238;-690,396;16054,02;9,209
08;2025;09;30;13;52;07;0,808;-0,073;-0,347;23,628;25,665;27,1;-9,712;-479,367;15306,98;9,209
08;2025;09;30;13;52;08;0,464;0,037;-0,11;23,228;17,117;22,944;-621,977;167,579;15636,97;9,209
08;2025;09;30;13;52;08;0,547;-0,023;-0,023;26,432;20,165;27,529;-320,814;-1784,454;15592,9;9,209
08;2025;09;30;13;52;09;0,638;0,058;0,106;23,606;22,728;25,79;-720,958;705,07;16003,35;9,209
08;2025;09;30;13;52;09;0,701;0,066;-0,154;22,627;25,4;24,728;-575,937;-903,359;15988,45;9,209
08;2025;09;30;13;52;10;0,537;-0,126;0,375;19,913;26,659;28,861;-624,98;-204,338;15775,62;9,209
08;2025;09;30;13;52;10;0,6;-0,1;-0,1;24,185;22,396;26,625;-80,419;35,859;15476,05;9,209
08;2025;09;30;13;52;11;0,787;-0,058;0,127;19,757;20,143;22,131;-544,211;-509,575;15673,12;9,209
08;2025;09;30;13;52;11;0,527;-0,017;-0,011;20,313;21,469;21,747;-869,36;-165,715;15856,16;9,209
08;2025;09;30;13;52;12;0,498;-0,027;-0,097;21,381;25,555;28,003;-680,127;-630,713;15993,21;9,209
08;2025;09;30;13;52;12;0,769;0,062;0,219;20,981;23,456;22,244;-667,447;-380,043;15883,02;9,209
08;2025;09;30;13;52;13;0,558;-0,032;0,065;23,539;22,882;27,28;-865,548;-1337,174;16249,7;9,209
08;2025;09;30;13;52;13;0,776;-0,111;-0,135;20,38;24,693;28,003;-512,266;284,553;15519,24;9,209
08;2025;09;30;13;52;14;0,886;0,019;-0,165;21,203;20,85;22,831;-294,301;-674,177;15716,28;9,209
08;2025;09;30;13;52;14;0,502;-0,15;0,256;21,782;20,276;21,476;-773,367;424,529;15671,97;9,209
08;2025;09;30;13;52;15;0,905;-0,111;-0,106;20,781;22,705;22,56;-123,686;-973,12;15565,73;9,209
08;2025;09;30;13;52;15;0,748;-0,017;-0,037;21,982;20,21;24,073;-1003,738;-509,478;16083,93;9,209
08;2025;09;30;13;52;16;0,72;-0,053;-0,174;23,895;22,33;22,877;-1284,333;-1325,343;16725,2;9,209
08;2025;09;30;13;52;16;0,856;0,058;0,265;21,114;23,788;21,747;-1398,735;254,823;15978,51;9,209
08;2025;09;30;13;52;17;0,806;-0,038;-0,078;23,74;21,667;25,474;-397,84;-805,114;15984,57;9,209
08;2025;09;30;13;52;17;0,734;-0,092;0,031;22,983;20,143;22,064;-1135,156;-219,91;16288,97;9,209
08;2025;09;30;13;52;18;0,616;0,005;-0,197;20,825;20,099;23,26;-1773,405;1040,378;16222,5;9,209
08;2025;09;30;13;52;18;0,714;-0,037;-0,064;22,939;23,169;22,402;-564,139;-1106,713;15594,31;9,209
08;2025;09;30;13;52;19;0,693;-0,026;-0,036;22,672;21,226;25,587;-239,406;-127,362;15630,56;9,209
09;2025;09;30;13;59;40;1,356;-0,157;-0,009;22,338;20,453;25,699;-630,929;23,307;15645,53;9,133
09;2025;09;30;13;59;40;1,2;-0,223;-0,044;24,318;24,252;22,719;-813,142;-602,22;15720,55;9,133
09;2025;09;30;13;59;41;1,28;-0,127;-0,075;24,029;20,806;24,006;-707,472;-412,236;15824,12;9,133
09;2025;09;30;13;59;41;1,18;-0,123;0,003;21,515;24,207;27,438;-742,488;-335,693;15935,89;9,133
09;2025;09;30;13;59;42;1,276;-0,156;-0,07;25,564;23,545;23,328;-757,576;-417,75;15741,88;9,133
09;2025;09;30;13;59;42;1,106;-0,169;-0,024;23,784;20,673;23,215;-558,491;-731,283;15839,09;9,133
09;2025;09;30;13;59;43;1,287;-0,077;-0,048;25,052;20,21;24,841;-704,805;-749,031;15788,99;9,133
09;2025;09;30;13;59;43;1,187;-0,069;-0,168;23,094;20,033;25,248;-637,091;-715,137;15776,72;9,133
09;2025;09;30;13;59;44;1,107;-0,159;-0,004;23,673;20,541;23,306;-734,701;-548,681;15794,53;9,133
09;2025;09;30;13;59;44;1,15;-0,196;-0,107;22,138;23,037;24,277;-979,535;-194,187;15695,12;9,133
09;2025;09;30;13;59;45;1,27;-0,156;-0,053;22,672;20,828;22,899;-944,189;-183,571;15771,83;9,133
09;2025;09;30;13;59;45;1,371;-0,135;-0,032;23,183;22,86;22,922;-793,161;-714,964;15644,56;9,133
09;2025;09;30;13;59;46;1,197;-0,165;-0,046;24,051;23,655;25,79;-772,255;-651,472;15748,32;9,133
09;2025;09;30;13;59;46;1,173;-0,122;0,053;20,936;22,065;22,922;-640,169;-513,689;15855,14;9,133
09;2025;09;30;13;59;47;1,261;-0,124;0,002;22,583;25,29;24,344;-766,708;-614,159;15777,38;9,133
09;2025;09;30;13;59;47;1,163;-0,097;0,005;22,116;22,264;22,989;-474,074;-741,329;15783,33;9,133
09;2025;09;30;13;59;48;1,246;-0,193;-0,077;23,028;22,507;21,025;-598,488;-453,946;15708,37;9,133
09;2025;09;30;13;59;48;1,255;-0,144;0,036;23,651;26,306;23,599;-791,85;-125,578;15806,08;9,133
09;2025;09;30;13;59;49;1,231;-0,152;-0,074;20,936;23,964;22,199;-875,043;-2,331;15665,79;9,133
09;2025;09;30;13;59;49;1,319;-0,08;-0,11;21,982;22,595;25,699;-743,814;-296,723;15767,17;9,133
09;2025;09;30;13;59;50;1,191;-0,127;-0,151;21,826;21,446;24,367;-619,459;-574,083;15811,08;9,133
09;2025;09;30;13;59;50;1,167;-0,223;-0,017;23,139;21,402;21,838;-578,068;-172,536;15783,1;9,133
09;2025;09;30;13;59;51;1,212;-0,174;0,163;21,226;22,043;22,131;-448,083;-438,709;15753,95;9,133
09;2025;09;30;13;59;51;1,227;-0,101;-0,132;19,757;24,561;22,944;-721,484;-192,214;15859,33;9,133
09;2025;09;30;13;59;52;1,405;-0,2;-0,072;24,274;22,418;22,831;-943,94;4,116;15905,65;9,133
09;2025;09;30;13;59;52;1,22;-0,061;0,152;21,47;17,736;24,435;-642,507;-332,51;15805,9;9,133
09;2025;09;30;13;59;53;1,296;-0,109;-0,087;22,249;21,446;25,496;-652,456;-285,108;15789,9;9,133
09;2025;09;30;13;59;53;1,326;-0,142;-0,052;23,584;23,213;19,918;-701,143;-144,229;15816,49;9,133
09;2025;09;30;13;59;54;1,254;-0,131;0,264;22,449;25,952;25,316;-797,825;-314,256;15852,02;9,133
09;2025;09;30;13;59;54;1,282;-0,153;-0,001;22,716;22,485;26,038;-856,741;-215,571;15825,63;9,133
09;2025;09;30;13;59;55;1,01;-0,223;-0,213;25,23;24,296;23,238;-612,141;-521,68;15785,01;9,133
09;2025;09;30;13;59;55;1,294;-0,1;-0,083;24,274;17,206;25,88;-669,472;-305,443;15805,39;9,133
09;2025;09;30;13;59;56;1,263;-0,134;-0,221;20,959;24,119;23,757;-770,914;-298,53;15783,18;9,133
09;2025;09;30;13;59;56;1,157;-0,064;-0,018;23,428;22,948;25,993;-837,113;-204,129;15755,43;9,133
09;2025;09;30;13;59;57;1,175;-0,15;-0,128;22,672;21,888;23,26;-686,247;-495,245;15745,61;9,133
09;2025;09;30;13;59;57;1,174;-0,148;-0,405;22,583;22,462;24,299;-716,279;-454,115;15754;9,133
09;2025;09;30;13;59;58;0,945;-0,18;-0,007;20,58;21,734;19,805;-874,048;-423,67;15895,05;9,133
09;2025;09;30;13;59;58;1,059;-0,045;0,343;21,849;21,579;26,738;-884,691;-274,578;15826,66;9,133
09;2025;09;30;13;59;59;1,446;-0,112;0,08;22,583;20,916;21,702;-703,85;-451,147;15943,7;9,133
09;2025;09;30;13;59;59;1,346;-0,151;0,015;22,85;21,645;22,154;-858,613;-276,165;15798,7;9,133
09;2025;09;30;14;00;00;1,235;-0,098;0,199;21,826;24,097;22,989;-752,379;-501,156;15800,52;9,133
09;2025;09;30;14;00;00;1,283;-0,183;0,047;22,316;21,226;22,583;-728,889;-323,247;15821,66;9,133
09;2025;09;30;14;00;01;1,278;-0,181;-0,145;23,005;22,374;25,97;-890,581;-82,176;15836,37;9,133
09;2025;09;30;14;00;01;1,168;-0,125;-0,215;21,76;20,916;24,548;-618,967;-433,302;15831,72;9,133
09;2025;09;30;14;00;02;1,196;-0,081;0,09;22,471;23,876;24,48;-721,379;-406,68;15778,29;9,133
09;2025;09;30;14;00;02;1,087;-0,129;-0,23;24,385;22,816;20,776;-816,35;-453,8;15743,9;9,133
09;2025;09;30;14;00;03;1,29;-0,231;-0,172;22,85;20,453;23,486;-673,225;-149,161;15757,74;9,133
09;2025;09;30;14;00;03;1,384;-0,115;0,025;21,938;23,567;23,396;-817,168;-203,107;15885,45;9,133
09;2025;09;30;14;00;04;1,331;-0,199;-0,024;23,495;21,358;28,342;-630,388;-522,891;15753,01;9,133
09;2025;09;30;14;00;04;1,31;-0,038;0,016;22,116;22,551;22,854;-531,646;-126,174;15710,3;9,133
09;2025;09;30;14;00;05;1,313;-0,06;0,029;22,027;25,157;25,27;-863,582;-264,905;15798,5;9,133
09;2025;09;30;14;00;05;1,327;-0,16;0,059;21,181;20,43;25,406;-865,791;-299,927;15827,13;9,133
09;2025;09;30;14;00;06;1,3;-0,169;0,032;23,094;24,715;24,706;-781,269;-199,338;15849,98;9,133
09;2025;09;30;14;00;06;1,281;-0,194;-0,069;20,558;21,999;26,151;-714,661;-386,634;15830,8;9,133
09;2025;09;30;14;00;07;1,359;-0,161;0,006;22,405;21,27;22,086;-784,844;-489,105;15898,58;9,133
09;2025;09;30;14;00;07;1,362;-0,186;0,027;24,808;21,049;24,39;-620,096;-457,96;15798,15;9,133
09;2025;09;30;14;00;08;1,315;-0,126;-0,149;23,317;24,207;25,767;-784,421;-305,006;15831,29;9,133
09;2025;09;30;14;00;08;1,245;-0,101;-0,053;20,291;21,999;24,051;-848,756;-443,359;15831,7;9,133
09;2025;09;30;14;00;09;1,226;-0,074;0,039;23,072;24,715;22,719;-605,614;-511,569;15697,96;9,133
09;2025;09;30;14;00;09;1,243;-0,18;0,102;22,605;21,8;23,667;-638,19;-341,184;15760,05;9,133
09;2025;09;30;13;58;12;1,032;-0,101;-0,067;22,85;19,834;24,819;-864,025;139,998;15672,4;9,133
09;2025;09;30;13;58;12;1,06;-0,088;0,27;20,402;22,728;23,238;-550,563;-443,445;15801,96;9,133
09;2025;09;30;13;58;13;1,375;-0,083;-0,268;25,898;23,28;23,102;-1051,586;-1755,762;16327,87;9,133
09;2025;09;30;13;58;13;1,2;-0,034;-0,154;24,296;21,38;26,648;-308,38;-1186,76;15845,43;9,133
09;2025;09;30;13;58;14;1,103;-0,117;-0,091;21,559;22,021;23,396;-966,719;-1631,425;16206,85;9,133
09;2025;09;30;13;58;14;1,026;-0,137;-0,115;23,495;21,358;25,88;-431,64;-409,692;15665,43;9,138
09;2025;09;30;13;58;15;0,992;-0,165;-0,098;24,696;22,772;23,69;-945,256;435,244;15584,76;9,133
09;2025;09;30;13;58;15;0,806;-0,058;0,207;22,494;19,348;24,954;-146,657;886,489;14724,41;9,133
09;2025;09;30;13;58;16;0,828;-0,189;-0,264;24,941;21,071;23,915;153,539;1716,249;14966,19;9,139
09;2025;09;30;13;58;16;0,896;-0,183;-0,303;22,805;20,563;22,064;-1363,826;-479,069;15851,9;9,133
09;2025;09;30;13;58;17;1,255;-0,148;-0,235;21,893;24,009;24,48;-689,101;434,629;15687,87;9,139
09;2025;09;30;13;58;17;1,256;-0,179;-0,25;25,831;19,856;24,186;-868,452;-2167,725;16260,51;9,133
09;2025;09;30;13;58;18;1,182;-0,151;-0,149;23,517;23,567;25,09;-155,527;-170,336;15477,37;9,139
09;2025;09;30;13;58;18;1,04;-0,06;0,018;23,428;23,434;25,045;-95,663;-1146,109;15798,88;9,138
09;2025;09;30;13;58;19;1,075;-0,104;0,261;23,117;23,766;26,851;-539,548;-1158,405;15981,6;9,133
09;2025;09;30;13;58;19;0,803;-0,078;-0,253;22,227;22,86;20,98;-601,018;-660,133;15871,79;9,133
09;2025;09;30;13;58;20;0,959;-0,164;-0,295;25,075;21,866;21,657;-502,033;-1119,725;16024,38;9,139
09;2025;09;30;13;58;20;0,896;-0,203;-0,211;21,915;20,585;22,538;-671,997;-1262,358;16024,49;9,138
09;2025;09;30;13;58;21;1,159;-0,139;-0,07;20,313;22,595;22,809;-798,269;-366,213;15761,5;9,133
09;2025;09;30;13;58;21;0,653;-0,111;-0,193;21,27;20,607;22,538;-611,26;-252,843;15722,49;9,138
09;2025;09;30;13;58;22;0,873;-0,13;0,174;22,805;22,816;27,371;-1057,422;-1652,859;16081,42;9,139
09;2025;09;30;13;58;22;0,875;-0,085;-0,069;23,317;18,752;23,554;-372,781;196,396;15416,63;9,138
09;2025;09;30;13;58;23;1,161;-0,192;0,098;19,446;22,33;25,677;-837,043;-564,152;15641,55;9,133
09;2025;09;30;13;58;23;1,368;-0,134;-0,191;22,004;24,406;24,435;-1292,376;336,199;15971,43;9,143
09;2025;09;30;13;58;24;0,907;-0,128;-0,19;22,071;19,326;22,425;-600,779;-715,411;15802,19;9,139
09;2025;09;30;13;58;24;0,907;-0,145;-0,01;22,316;22,153;23,938;-554,6;-327,535;15687,87;9,147
09;2025;09;30;13;58;25;1,026;-0,163;-0,067;23,562;20,188;22,628;-525,059;-853,962;15964,75;9,144
09;2025;09;30;13;58;25;1,042;-0,174;-0,029;25,253;24,782;24,683;-573,015;-888,399;15923,89;9,143
09;2025;09;30;13;58;26;1,086;-0,118;-0,16;19,401;20,916;21,251;-892,081;-1346,843;16240,7;9,149
09;2025;09;30;13;58;26;1,049;-0,097;-0,14;25,72;22,44;22,899;-396,868;-1288,372;15821,16;9,138
09;2025;09;30;13;58;27;1,076;-0,091;0,099;24,518;18,156;22,628;-517,143;293,284;15505,37;9,139
09;2025;09;30;13;58;27;1,204;-0,139;-0,239;23,94;19,878;24,909;-895,584;-535,363;15927,32;9,147
09;2025;09;30;13;58;28;0,914;-0,162;-0,185;21,359;22,131;23,057;-723,613;-865,946;15939,65;9,155
09;2025;09;30;13;58;28;0,904;-0,086;-0,229;25,876;20,386;23,802;-822,57;-792,35;16075,99;9,161
09;2025;09;30;13;58;29;0,891;0,012;0,428;21,693;18,619;24,412;205,089;-146,954;15182,36;9,155
09;2025;09;30;13;58;29;0,985;-0,099;-0,038;19,713;23,501;22,493;-578,95;-662,146;15939,85;9,147
09;2025;09;30;13;58;30;0,918;-0,134;-0,053;23,94;19,68;27,867;-705,366;769,313;15503,57;9,155
09;2025;09;30;13;58;30;1,021;-0,125;-0,407;21,871;23,545;22,154;-234,69;1112,936;14912,32;9,157
09;2025;09;30;13;58;31;1,069;-0,137;-0,259;22,85;19,26;21,793;-716,447;1608,204;15362,86;9,155
09;2025;09;30;13;58;31;0,954;-0,146;0,046;16,954;22,794;26,4;-20,13;757,115;15076,88;9,152
09;2025;09;30;13;58;32;1,007;-0,225;0,235;22,294;20,651;22,244;-493,026;-919,482;15947,66;9,171
09;2025;09;30;13;58;32;1,073;-0,154;-0,042;21,915;22,396;19,918;-723,083;197,014;15690,36;9,157
09;2025;09;30;13;58;33;1,011;-0,167;-0,267;23,74;18,664;25,925;-523,014;-192,938;15701,5;9,165
09;2025;09;30;13;58;33;0,471;-0,021;-0,107;23,206;19,127;22,989;-1021,558;-1053,727;16176,49;9,161
09;2025;09;30;13;58;34;0,813;-0,115;-0,09;21,982;23,788;24,254;-493,256;394,78;15505,86;9,16
09;2025;09;30;13;58;34;0,824;-0,117;0,119;23,161;23,236;26,49;-883,751;-416,395;15953,21;9,166
09;2025;09;30;13;58;35;0,394;-0,09;0,327;23,206;20,607;27,167;-686,693;-1136,367;15967,37;9,171
09;2025;09;30;13;58;35;0,851;-0,146;-0,014;21,804;19,834;28,567;-766,699;-615,847;15986,87;9,161
09;2025;09;30;13;58;36;0,925;-0,015;0,227;28,034;24,693;24,615;-1004,866;-1064,668;16123,55;9,171
09;2025;09;30;13;58;36;0,945;-0,207;-0,23;20,002;23,456;25,79;-624,078;-230,139;15786,08;9,171
09;2025;09;30;13;58;37;0,698;-0,169;-0,143;26,054;22,33;21,409;-443,988;490,019;15490,49;9,171
09;2025;09;30;13;58;37;0,979;-0,182;-0,167;21,426;23,964;22,515;-587,569;-129,564;15742,32;9,171
09;2025;09;30;13;58;38;1,036;-0,189;-0,102;22,85;20,232;22,402;-321,419;-201,551;15592,09;9,171
09;2025;09;30;13;58;38;1,204;-0,093;-0,208;21,604;20,784;25,858;-1000,798;-675,828;16225,78;9,166
09;2025;09;30;13;58;39;1,055;-0,2;-0,121;23,984;23,766;25,858;-700,992;184,916;15946,07;9,171
09;2025;09;30;13;58;39;0,849;-0,165;0,226;24,741;23,302;21,364;-787,587;325,097;15592,01;9,171
09;2025;09;30;13;58;40;0,983;-0,089;0,155;21,092;21,137;22,131;89,292;-628,741;15330,31;9,171
09;2025;09;30;13;58;40;0,909;0,015;0,088;27,5;23,633;19,918;-1024,346;-1145,581;16194,13;9,171
09;2025;09;30;13;58;41;0,474;0,021;0,715;21,114;21,159;22,786;-325,888;-1316,662;16050,91;9,171
09;2025;09;30;13;58;41;1,085;-0,207;-0,594;20,981;20,364;19,76;-882,719;-1588,498;16108,14;9,166
09;2025;09;30;13;56;56;0,419;-0,05;0,162;23,562;22,264;23,035;-883,981;-662,78;15974,75;9,171
09;2025;09;30;13;56;57;0,776;-0,035;-0,333;23,406;20,342;23,486;-692,63;-1186,869;15921,11;9,171
09;2025;09;30;13;56;57;0,697;-0,018;-0,251;21,203;21,91;19,467;-590,314;945,098;15514,25;9,171
09;2025;09;30;13;56;58;0,633;0,093;-0,077;23,762;24,252;22,131;-112,353;74,824;15383,02;9,171
09;2025;09;30;13;56;58;0,571;0,01;-0,12;20,714;22,22;23,351;-94,678;-209,691;15459,84;9,171
09;2025;09;30;13;56;59;0,901;0,004;-0,048;22,983;23,876;24,209;-406,099;-394,112;15367,13;9,171
09;2025;09;30;13;56;59;0,89;-0,113;-0,141;23,005;22,286;20,28;379,868;481,496;14677,51;9,171
09;2025;09;30;13;57;00;1,059;-0,064;-0,029;22,027;23,898;25,496;-551,123;-884,023;15789,81;9,171
09;2025;09;30;13;57;00;0,848;0,062;0,007;22,672;22,705;26,129;-458,116;-1067,713;16032,64;9,171
09;2025;09;30;13;57;01;0,466;-0,032;-0,211;23,495;20,298;30,239;-658,012;-1431,017;15743,47;9,171
09;2025;09;30;13;57;01;0,434;-0,025;0,236;22,249;20,011;24,48;-488,367;-1443,598;15922,73;9,171
09;2025;09;30;13;57;02;0,875;-0,108;-0,211;23,829;19,591;25,203;-102,256;-100,116;15542,18;9,171
09;2025;09;30;13;57;02;0,801;-0,066;-0,06;19,312;27,277;21,07;-557,891;84,456;15675,94;9,171
09;2025;09;30;13;57;03;0,771;-0,06;-0,107;20,425;17,913;22,041;-421,89;-515,684;15539,31;9,171
09;2025;09;30;13;57;03;0,848;-0,103;-0,104;23,139;20,718;24,977;-339,559;-662,478;15563,72;9,171
09;2025;09;30;13;57;04;0,992;-0,085;0,015;24,162;20,342;22,696;-811,753;42,908;15753,04;9,171
09;2025;09;30;13;57;04;1,001;0,001;0,092;25,609;20,077;21,499;-708,169;-654,329;15974,75;9,171
09;2025;09;30;13;57;05;1,145;-0,109;0,046;22,182;21,977;24,006;-1285,75;144,739;16332,91;9,171
09;2025;09;30;13;57;05;0,999;-0,054;-0,112;24,318;20,254;24,412;-183,671;-870,782;15889,91;9,171
09;2025;09;30;13;57;06;1,141;0,024;-0,201;21,96;21,093;26,354;-333,174;495,99;15079,27;9,171
09;2025;09;30;13;57;06;0,892;-0,024;-0,19;25,408;19,945;22,064;-1190,437;-1643,516;16225,16;9,171
09;2025;09;30;13;57;07;0,777;-0,119;-0,206;24,674;22,308;21,883;-735,453;-708,187;16022,55;9,171
09;2025;09;30;13;57;08;0,599;-0,014;0,088;17,933;22,242;21,296;-807,72;-162,166;15805,86;9,171
09;2025;09;30;13;57;08;1,036;0,009;0,068;21,849;21,667;26,512;-564,708;-268,719;15862,83;9,171
09;2025;09;30;13;57;09;0,637;-0,109;-0,062;22,85;17,117;19,896;-890,799;-598,827;15982,75;9,171
09;2025;09;30;13;57;09;0,597;-0,004;0,179;23,072;19,127;21,793;-1009,508;145,918;15857,05;9,171
09;2025;09;30;13;57;10;1,034;-0,074;0,148;18,734;17,758;22,109;-656,283;-567,778;15852,09;9,171
09;2025;09;30;13;57;10;0,698;-0,065;0,055;24,763;17,648;20,189;-1196,218;-752,854;16218,98;9,171
09;2025;09;30;13;57;11;0,886;-0,042;-0,145;20,87;21,999;22,696;-421,612;373,812;15472,01;9,171
09;2025;09;30;13;57;11;0,531;-0,122;-0,166;20,781;23,721;24,661;-18,581;-203,445;15532,09;9,171
09;2025;09;30;13;57;11;0,539;-0,106;-0,109;19,268;21,336;24,796;-657,125;-869,904;15843,76;9,171
09;2025;09;30;13;57;12;0,843;-0,056;0,107;21,982;21,8;23,848;-628,722;-1011,514;15864,03;9,171
09;2025;09;30;13;57;13;0,916;-0,102;-0,028;24,251;23,92;26,038;-226,682;-228,774;15546,94;9,171
09;2025;09;30;13;57;13;1,067;-0,092;-0,013;23,05;21,402;21,047;-1177,659;-255,049;16262,13;9,171
09;2025;09;30;13;57;14;1,09;-0,122;-0,417;24,496;19,172;20,121;-1736,491;-2055;16798,98;9,171
09;2025;09;30;13;57;14;0,624;-0,045;-0,108;21,159;21,954;24,525;-690,494;66,454;15712,72;9,171
09;2025;09;30;13;57;15;0,681;-0,033;0,082;20,981;20,276;25,812;-520,419;-200,524;15527,89;9,171
09;2025;09;30;13;57;15;0,637;-0,069;-0,13;20,046;22,529;21,499;-653,861;-1208,52;15977,54;9,171
09;2025;09;30;13;57;16;0,897;-0,15;0,178;20,625;20,983;20,822;-109,134;-1235,724;15930,78;9,171
09;2025;09;30;13;57;16;0,933;-0,202;-0,436;23,139;22,374;21,025;-775,55;-704,877;15838,43;9,171
09;2025;09;30;13;57;17;0,785;-0,137;-0,052;25,942;20,961;25,812;-838,113;-862,814;16083,52;9,171
09;2025;09;30;13;57;17;0,828;-0,218;-0,129;19,535;19,569;22,651;-428,688;-492,734;15492,89;9,166
09;2025;09;30;13;57;17;1,004;-0,187;-0,103;22,383;20,961;25,451;-256,1;-888,432;15300,35;9,171
09;2025;09;30;13;57;18;0,727;-0,053;-0,091;21,493;21,159;27,009;-1033,884;-700,428;15922,14;9,171
09;2025;09;30;13;57;19;0,994;-0,062;-0,083;20,647;22,97;23,712;-397,024;-263,249;15615,99;9,171
09;2025;09;30;13;57;19;0,638;-0,017;0,265;22,894;18,001;25,112;-537,478;-759,488;15787,6;9,171
09;2025;09;30;13;57;20;0,731;-0,07;-0,098;19,957;21,181;24,57;-539,936;-1276,432;15777,96;9,171
09;2025;09;30;13;57;20;0,353;-0,056;-0,121;23,072;21,932;24,525;-627,721;-1555,475;16111,77;9,171
09;2025;09;30;13;57;21;1,075;-0,173;-0,379;19,223;22,352;24,096;94,877;-1378,068;15757,46;9,171
09;2025;09;30;13;57;21;1,279;-0,12;0,04;22,738;23,346;21,951;-200,318;-672,276;15750,33;9,171
09;2025;09;30;13;57;22;1,155;-0,165;-0,23;22,516;19,945;24,615;-327,481;-160,152;15744,51;9,171
09;2025;09;30;13;57;22;0,683;0,084;0,16;21,337;22,131;24,164;-423,53;44,227;15625,34;9,171
09;2025;09;30;13;57;23;0,586;-0,116;-0,055;20,847;23,28;24,39;-193,357;-1050,714;15824,53;9,171
09;2025;09;30;13;57;23;0,631;-0,183;0,167;19,957;19,149;24,661;-442,804;-1007,318;16070,15;9,171
09;2025;09;30;13;57;24;0,772;-0,064;-0,075;24,541;22,021;23,712;-624,19;-960,343;15710,53;9,171
09;2025;09;30;13;57;24;0,823;-0,007;-0,229;19,401;23,589;22,922;-1005,985;-239,491;15787,92;9,171
09;2025;09;30;13;57;25;0,77;-0,068;-0,003;19,357;24,141;22,944;-984,216;633,112;15597,2;9,171
09;2025;09;30;13;57;25;0,69;-0,098;0,287;22,783;19,79;22,854;-289,232;-1105,302;15886;9,171
09;2025;09;30;13;57;26;0,454;0,093;0,114;22,916;23,545;23,215;-262,237;-1239,336;15900,99;9,171
09;2025;09;30;13;57;26;0,64;-0,028;0,062;25,698;18,376;22,267;-643,271;-996,624;15941,76;9,171
10;2025;09;30;14;03;32;1,393;-0,005;0,112;23,717;21,579;25,406;-779,341;-482,088;15768,44;9,133
10;2025;09;30;14;03;32;1,495;-0,091;0,021;25,742;25,776;27,258;-793,166;-602,376;15896,6;9,128
10;2025;09;30;14;03;33;1,492;-0,096;-0,09;22,36;25,444;24,796;-949,621;-617,1;15971,59;9,133
10;2025;09;30;14;03;33;1,398;-0,03;0,076;24,407;20,32;22,606;-963,244;-259,931;15792,32;9,133
10;2025;09;30;14;03;34;1,229;0,027;0,019;22,738;21,91;23,735;-524,595;-734,995;15708,88;9,133
10;2025;09;30;14;03;34;1,384;-0,086;-0,033;26,209;23,567;24,503;-822,84;-497,297;15786,68;9,133
10;2025;09;30;14;03;35;1,285;0,012;0,338;23,428;23,92;24,864;-702,971;-737,124;15939,66;9,122
10;2025;09;30;14;03;35;1,325;0,047;0;22,116;25,422;24,119;-773,28;-483,769;15774,48;9,133
10;2025;09;30;14;03;36;1,161;0,005;-0,11;22,182;24,892;24,435;-714,949;-328,379;15667,17;9,128
10;2025;09;30;14;03;36;1,236;0,017;0,163;21,849;21,999;24,503;-647,992;-632,232;15733,23;9,128
10;2025;09;30;14;03;37;1,287;0,026;-0,14;22,449;23,567;23,373;-744,62;-592,722;15909,61;9,133
10;2025;09;30;14;03;37;1,294;-0,036;-0,137;24,919;24,958;26,129;-862,034;-349,961;15820,02;9,128
10;2025;09;30;14;03;38;0,854;-0,03;-0,037;22,294;22,772;23,848;-812,193;-296,016;15876,83;9,133
10;2025;09;30;14;03;38;0,899;-0,048;-0,131;19,824;25,444;23,825;-708,675;-671,84;15875,9;9,128
10;2025;09;30;14;03;39;0,988;0,066;0,575;22,738;22,396;24,209;-886,408;-528,845;16050,08;9,133
10;2025;09;30;14;03;39;1,33;-0,001;0,013;19,446;20,938;25,722;-657,632;-414,363;15735,33;9,128
10;2025;09;30;14;03;40;1,292;-0,081;0,105;22,56;26,526;26,49;-521,204;-636,79;15821,43;9,133
10;2025;09;30;14;03;40;1,284;-0,091;-0,006;24,585;20,254;24,638;-706,356;-451,766;15753,96;9,133
10;2025;09;30;14;03;41;1,184;-0,054;0,158;23,628;22,772;22,515;-868,046;-333,378;15815,72;9,133
10;2025;09;30;14;03;41;1,278;-0,006;-0,513;22,916;24,848;25,925;-712,696;-385,315;15788,78;9,133
10;2025;09;30;14;03;42;1,19;-0,029;-0,147;22,516;21,623;23,757;-786,568;-374,093;15809,66;9,133
10;2025;09;30;14;03;42;1,272;0,034;0,063;24,029;23,832;26,061;-735,734;-528,687;15987,34;9,133
10;2025;09;30;14;03;43;1,109;-0,01;0,12;23,028;21,778;29,471;-665,183;-509,37;15809,89;9,133
10;2025;09;30;14;03;43;1,369;-0,097;-0,114;22,205;22,065;25,745;-706,397;-450,91;15801,95;9,133
10;2025;09;30;14;03;44;1,257;-0,084;-0,108;24,207;20,784;25,248;-681,088;-511,684;15711,62;9,133
10;2025;09;30;14;03;44;1,121;-0,062;0,061;22,138;23,898;25,045;-621,596;-529,545;15827,43;9,133
10;2025;09;30;14;03;45;1,152;-0,01;-0,015;23,584;20,563;22,177;-747,831;-370,121;15827,91;9,133
10;2025;09;30;14;03;45;0,931;0,027;0,203;22,827;23,28;24,435;-657,22;-368,828;15706,52;9,133
10;2025;09;30;14;03;46;1,045;-0,024;-0,022;21,893;21,336;24,232;-822,427;-461,47;15982,64;9,133
10;2025;09;30;14;03;46;1,155;0,004;-0,093;22,294;23,589;26,106;-651,972;-633,836;15875,28;9,133
10;2025;09;30;14;03;47;1,223;-0,051;-0,017;23,206;23,699;24,841;-679,352;-628,205;15972,02;9,133
10;2025;09;30;14;03;47;1,231;-0,018;-0,023;25,052;22,065;24,164;-873,322;-599,291;15890,47;9,133
10;2025;09;30;14;03;48;1,197;-0,018;-0,061;21,493;20,696;23,012;-873,471;-309,557;15879,3;9,133
10;2025;09;30;14;03;48;1,146;-0,004;0,163;25,275;24,384;21,951;-634,498;-446,674;15785,94;9,133
10;2025;09;30;14;03;49;1,302;-0,04;-0,046;21,315;20,74;22,764;-841,209;-316,144;15831,44;9,133
10;2025;09;30;14;03;49;1,164;-0,032;0,043;22,249;22,065;22,989;-713,623;-473,138;15804,34;9,133
10;2025;09;30;14;03;50;1,344;-0,069;-0,054;23,139;22,529;24,435;-747,189;-257,354;15736,74;9,133
10;2025;09;30;14;03;50;1,38;-0,026;-0,002;20,647;21,027;25,745;-633,351;-651,227;15873,6;9,133
10;2025;09;30;14;03;51;1,156;0,037;0,02;23,539;21,159;22,357;-745,765;-298,098;15758,04;9,133
10;2025;09;30;14;03;51;1,21;0,055;-0,106;21,426;19,922;23,215;-847,609;-647,912;15919,36;9,133
10;2025;09;30;14;03;52;1,175;-0,025;-0,127;24,14;23,545;26,354;-673,691;-854,151;15861,76;9,133
10;2025;09;30;14;03;52;1,328;-0,028;0,005;24,897;20,651;27,303;-726,341;-796,051;15904,11;9,133
10;2025;09;30;14;03;53;1,457;-0,03;0,106;25,275;25,025;23,373;-967,471;-629,65;15944,37;9,133
10;2025;09;30;14;03;53;1,484;-0,141;-0,178;22,761;25,069;24,728;-621,475;-589,39;15726,48;9,133
10;2025;09;30;14;03;54;1,258;-0,009;-0,273;24,407;24,163;24,412;-822,563;-325,7;15772,19;9,133
10;2025;09;30;14;03;54;1,38;-0,044;-0,055;24,34;19,945;24,728;-846,374;-568,654;15871,94;9,133
10;2025;09;30;14;03;55;1,259;0,012;-0,149;25,609;24,715;26,083;-924,013;-171,797;15751,06;9,133
10;2025;09;30;14;03;55;1,341;-0,035;-0,113;23,606;23,258;23,69;-811,651;-131,239;15752,15;9,133
10;2025;09;30;14;03;56;1,553;-0,033;0,194;23,339;23,412;23,17;-788,579;-512,797;15860,14;9,133
10;2025;09;30;14;03;56;1,393;-0,151;-0,111;23,762;26,35;23,17;-996,069;-294,883;15916,94;9,133
10;2025;09;30;14;03;57;1,296;-0,094;0,038;24,696;22,043;23,983;-739,844;-532,568;15810,24;9,133
10;2025;09;30;14;03;57;1,272;-0,007;0,017;22,872;23,898;26,174;-940,145;-348,305;15841,93;9,133
10;2025;09;30;14;03;58;1,186;-0,045;-0,082;24,051;23,191;27,935;-836,315;-521,209;15867,11;9,133
10;2025;09;30;14;03;58;1,184;0,006;-0,118;23,094;25,29;23,69;-732,597;-331,559;15811,8;9,133
10;2025;09;30;14;03;59;1,276;0,026;0,048;22,516;21,667;27,213;-1068,237;-234,022;15880,07;9,133
10;2025;09;30;14;03;59;1,296;0,013;0,244;24,185;20,894;25,496;-630,772;-667,537;15851,89;9,133
10;2025;09;30;14;04;00;1,111;0,069;0,156;22,716;21,005;23,893;-763,971;-366,318;15816,4;9,133
10;2025;09;30;14;04;00;0,862;0,036;-0,178;20,847;24,296;25,587;-658,693;-154,783;15590,68;9,133
10;2025;09;30;14;04;01;1,125;-0,03;0,064;23,473;23,39;23,102;-917,482;-490,08;15976,21;9,133
10;2025;09;30;14;04;01;1,188;-0,059;-0,051;24,474;23,147;25,135;-769,362;-539,335;15905,49;9,133
10;2025;09;30;14;02;33;1,22;0,038;-0,052;24,051;22,131;22,086;-917,276;-773,267;15985,55;9,133
10;2025;09;30;14;02;33;1,175;0,081;-0,044;24,185;20,541;22,922;-616,5;-674,504;15770,01;9,133
10;2025;09;30;14;02;34;1,028;0,045;0,102;22,494;22,838;26,219;-842,663;-406,481;16027,37;9,133
10;2025;09;30;14;02;34;1,144;-0,013;-0,305;19,601;26,041;23,848;-933,177;195,365;15786,23;9,133
10;2025;09;30;14;02;35;1,035;0,076;-0,225;24,007;22,33;25,609;-928,436;-503,286;15898,71;9,133
10;2025;09;30;14;02;35;1,152;0,01;0,218;24,874;22,374;26,332;-678,104;-1,429;15697,94;9,133
10;2025;09;30;14;02;36;0,92;-0,048;-0,254;22,427;24,362;21,431;-623,457;-262,735;15576,92;9,133
10;2025;09;30;14;02;36;1,094;0,01;-0,45;22,983;21,248;23,712;-312,889;-314,487;15607,83;9,133
10;2025;09;30;14;02;37;1,195;-0,032;-0,313;21,448;20,983;23,464;-690,413;-508,13;15928,72;9,133
10;2025;09;30;14;02;37;1,022;0,005;-0,088;20,981;20,961;19,805;-960,319;-57,88;15780,72;9,133
10;2025;09;30;14;02;38;0,859;0,104;0,221;22,405;21,513;24,186;-1070,25;84,828;15805,8;9,133
10;2025;09;30;14;02;38;0,898;0,061;-0,027;24,63;20,85;23,102;-447,025;-770,145;15685,85;9,133
10;2025;09;30;14;02;39;1,209;-0,068;-0,285;20,847;22,109;24,48;-781,36;-196,197;15769,91;9,133
10;2025;09;30;14;02;39;0,875;-0,028;-0,16;22,56;20,938;24,503;-294,233;-389,403;15523,17;9,133
10;2025;09;30;14;02;40;0,869;-0,147;-0,167;23,851;25,29;25,519;-715,943;-169,852;15707,77;9,133
10;2025;09;30;14;02;40;0,948;0,052;-0,399;19,69;20,011;23,486;-855,636;-75,183;15727,11;9,133
10;2025;09;30;14;02;41;1,162;-0,103;-0,308;25,542;21,159;23,961;-1278,134;-903,395;16211,88;9,133
10;2025;09;30;14;02;41;0,55;-0,077;-0,248;20,58;21,027;23,373;-309,234;-646,939;15589,76;9,133
10;2025;09;30;14;02;42;1,147;0,041;-0,073;21,826;21,159;24,706;-1283,949;47,281;15916,02;9,133
10;2025;09;30;14;02;42;1,136;-0,012;-0,182;23,339;25,135;22,018;-790,138;-631,283;15841,1;9,133
10;2025;09;30;14;02;43;1,22;-0,099;-0,316;23,228;22,838;23,735;-696,292;-77,897;15694,72;9,133
10;2025;09;30;14;02;43;1,044;0,06;0,023;22,85;22,462;24,073;-432,421;13,366;15483,86;9,133
10;2025;09;30;14;02;44;1,238;0,077;0,088;21,76;22,087;24,909;-716,786;246,471;15581,47;9,133
10;2025;09;30;14;02;44;1,041;0,071;-0,278;22,205;23,633;22,944;-584,974;-202,471;15577,59;9,133
10;2025;09;30;14;02;45;1,035;-0,034;0,015;23,717;21,204;21,928;-857,49;-1354,9;16234,02;9,133
10;2025;09;30;14;02;45;1,079;-0,007;0,03;19,824;21,005;20,776;-479,213;-994,696;15839,86;9,133
10;2025;09;30;14;02;46;0,476;0,008;0,344;22,004;22,529;27,213;-1014,404;-335,161;16003,08;9,133
10;2025;09;30;14;02;46;1,107;0,026;0,09;21,849;20,806;24,209;-241,849;171,223;15543,21;9,133
10;2025;09;30;14;02;47;1,256;0,03;-0,159;25,052;21,91;23,577;-911,472;-596,57;16021,55;9,133
10;2025;09;30;14;02;47;1,143;0,084;0,133;21,915;25,268;25,903;-206,479;191,114;15354,86;9,133
10;2025;09;30;14;02;48;1,165;0,021;-0,047;22,227;20,673;23,396;-618,149;303,79;15523,38;9,133
10;2025;09;30;14;02;48;1,373;0,045;-0,345;26,232;24,826;25,383;-705,144;-201,645;15859,52;9,133
10;2025;09;30;14;02;49;1,287;0,072;-0,044;24,585;19,702;21,725;-519,123;415,474;15434,6;9,133
10;2025;09;30;14;02;49;1,207;-0,004;-0,248;23,183;21,336;22,47;-1248,754;-910,016;16263,75;9,133
10;2025;09;30;14;02;50;1,274;0,11;0,052;22,405;19,547;22,086;-777,917;-753,185;16083,9;9,133
10;2025;09;30;14;02;50;1,024;-0,008;-0,249;23,873;21,667;26,49;-705,315;147,614;15579,24;9,133
10;2025;09;30;14;02;51;1,011;-0,017;0,016;21,559;20,828;24,209;-626,651;219,781;15575,17;9,133
10;2025;09;30;14;02;51;1,139;-0,011;-0,487;22,738;23,037;24,977;-658,889;-264,339;15732,65;9,133
10;2025;09;30;14;02;52;0,909;0,004;0,118;22,916;21,8;25,225;35,601;381,959;15159,06;9,133
10;2025;09;30;14;02;52;0,914;-0,029;-0,127;21,938;22,087;24,932;-510,975;-30,406;15652,6;9,133
10;2025;09;30;14;02;53;1,016;0,083;-0,101;21,27;21,336;24,886;-303,772;601,024;15410,9;9,133
10;2025;09;30;14;02;53;1,173;-0,016;-0,347;24,541;20,85;21,07;-588,425;-619,174;15787,05;9,133
10;2025;09;30;14;02;54;0,915;-0,041;-0,141;23,606;18,929;24,886;-934,587;-851,373;16144,96;9,133
10;2025;09;30;14;02;54;1,086;0,105;-0,125;22,538;21,049;26,129;-640,991;-375,405;15754,66;9,133
10;2025;09;30;14;02;55;1,118;0,105;0,163;21,315;22,22;25,27;-911,74;-718,962;15957,44;9,133
10;2025;09;30;14;02;55;1,057;0,004;-0,421;20,87;21,977;22,922;-546,438;-160,316;15620,88;9,133
10;2025;09;30;14;02;56;0,917;0,059;-0,075;23,317;20,828;22,335;-753,335;-146,784;15663,89;9,133
10;2025;09;30;14;02;56;1,184;-0,039;-0,209;25,698;22,97;22,402;-913,579;-192,339;15781,16;9,133
10;2025;09;30;14;02;57;1,164;-0,006;-0,048;25,364;21,999;23,87;-432,509;-99,969;15734,21;9,133
10;2025;09;30;14;02;57;1,194;0,025;-0,136;24,118;20,916;24,028;-555,266;-251,452;15690,51;9,133
10;2025;09;30;14;02;58;0,801;0,1;0,146;19,891;21,712;22,38;-194,228;-44,615;15420,23;9,133
10;2025;09;30;14;02;58;1,038;0,034;-0,181;22,271;19,591;23,148;-589,567;-529,423;15771,45;9,133
10;2025;09;30;14;02;59;1,027;0,094;-0,04;22,405;21,645;25,677;-669,231;-720,669;15898,24;9,133
10;2025;09;30;14;02;59;1,031;0,04;-0,188;22,227;20,497;24,096;-513,519;-415,135;15745,47;9,133
10;2025;09;30;14;03;00;0,961;-0,003;-0,397;21,915;24,848;23,373;-727,496;551,5;15646,89;9,133
10;2025;09;30;14;03;00;1,237;0,117;-0,314;22,071;20,011;23,938;-607,043;83,529;15720,49;9,133
10;2025;09;30;14;03;01;1,116;-0,074;-0,227;22,36;21,115;25,067;-159,807;606,234;15164,04;9,133
10;2025;09;30;14;03;01;0,912;0,059;-0,105;18,889;17,471;24,322;-464,529;301,621;15436,68;9,133
10;2025;09;30;14;03;02;1,074;-0,033;-0,409;27,678;22,197;22,831;-1165,224;-403,579;15926,45;9,133
10;2025;09;30;14;03;02;1,092;-0,032;-0,383;20,491;21,513;22,944;-1220,222;-694,848;16039,9;9,133
10;2025;09;30;14;01;32;0,582;-0,003;0,368;19,779;27,034;25,925;-1400,856;61,381;16150,27;9,133
10;2025;09;30;14;01;32;0,399;0,074;0,287;21,025;21,204;25,225;-1767,636;-1411,212;16788,32;9,133
10;2025;09;30;14;01;33;0,467;0,088;-0,047;19,757;20,43;21,883;-264,879;-444,945;15685,64;9,133
10;2025;09;30;14;01;33;0,518;0,103;0,241;20,113;23,545;23,26;-921,207;-718,523;16032,58;9,133
10;2025;09;30;14;01;34;0,881;0,016;-0,501;21,938;20,872;21,951;-1616,9;-1093,883;16585,33;9,133
10;2025;09;30;14;01;34;1,22;0,075;-0,047;22,827;20,85;22,538;-254,463;-724,519;15509,18;9,133
10;2025;09;30;14;01;35;1,223;0,124;0,499;19,357;25,577;23,035;-535,726;-286,406;15616,28;9,133
10;2025;09;30;14;01;35;0,747;-0,016;-0,461;23,606;20,232;19,083;-1090,254;-463,009;15989,87;9,133
10;2025;09;30;14;01;36;0,868;0,135;0,218;27,789;20,165;24,706;-1543,95;-824,225;16299,4;9,133
10;2025;09;30;14;01;36;0,742;0,194;0,295;19,045;23,39;25,519;-225,032;-136,435;15430,7;9,133
10;2025;09;30;14;01;37;0,679;0,011;0,021;21,671;23,412;21,838;-628,039;-2225,01;16375,47;9,133
10;2025;09;30;14;01;37;0,664;0,054;-0,245;20,914;20,43;26,241;-114,108;640,412;15114,89;9,133
10;2025;09;30;14;01;38;0,988;0,145;0,093;25,987;23,633;26,038;-400,874;565,564;15409,17;9,133
10;2025;09;30;14;01;38;0,687;-0,028;-0,287;23,74;25,533;27,958;-612,018;-59,068;15591,01;9,133
10;2025;09;30;14;01;39;0,831;-0,051;0,054;25,386;22,794;21,047;-750,614;-485,945;15752,25;9,133
10;2025;09;30;14;01;39;0,749;0,065;-0,038;21,003;22,993;24,209;-778,819;-39,618;15662,53;9,133
10;2025;09;30;14;01;40;0,536;-0,053;-0,204;22,738;22,993;23,193;-823,539;-38,337;15981,95;9,133
10;2025;09;30;14;01;40;0,816;0,117;-0,097;23,317;22,462;22,56;40,319;1374,478;14895,89;9,133
10;2025;09;30;14;01;41;0,697;0,032;0,169;20,603;18,089;23,87;-578,506;-959,312;15806,56;9,133
10;2025;09;30;14;01;41;1,156;-0,043;-0,316;26,054;21,977;24,683;-7,499;282,271;15137,37;9,133
10;2025;09;30;14;01;42;0,75;-0,051;-0,141;23,717;24,362;23,306;-447,865;-248,493;15645,4;9,133
10;2025;09;30;14;01;42;0,51;0,005;-0,119;21,203;20,342;25,225;-650,369;-451,339;15892,02;9,133
10;2025;09;30;14;01;43;0,622;0,311;1,961;19,468;21,778;23,667;-709,937;-407,341;15846,89;9,133
10;2025;09;30;14;01;43;0,799;-0,027;-0,117;23,072;19,856;23,757;-137,699;-115,722;15410,4;9,133
10;2025;09;30;14;01;44;1,186;0,03;-0,229;26,476;23,258;23,08;-856,512;-925,161;16086,9;9,133
10;2025;09;30;14;01;44;1,017;0,02;-0,06;19,423;21,8;21,296;-928,653;-1022,385;16404,05;9,133
10;2025;09;30;14;01;45;0,63;0,011;0,026;27,522;22,551;29,674;-1139,314;-621,79;16081,25;9,133
10;2025;09;30;14;01;45;0,689;0,042;-0,036;23,717;24,782;26,174;-1056,176;-292,917;15920,85;9,133
10;2025;09;30;14;01;46;0,608;0,079;-0,323;24,496;19,437;21,544;-572,172;-812,861;15669,08;9,133
10;2025;09;30;14;01;46;0,626;0,065;0,262;21,337;19,304;22,56;-1036,536;-1198,71;16381,1;9,133
10;2025;09;30;14;01;47;0,937;0,019;-0,288;21,559;24,141;23,78;59,86;-769,468;15577,41;9,133
10;2025;09;30;14;01;47;0,802;0,042;0,01;20,046;19,238;23,848;-1078,045;-1096,762;16007,19;9,133
10;2025;09;30;14;01;48;0,996;0,036;0,041;23,05;20,607;23,554;-903,231;149,485;15640,19;9,133
10;2025;09;30;14;01;48;1,042;0,03;-0,251;24,986;24,782;23,644;-1104,848;-904,292;16189,76;9,133
10;2025;09;30;14;01;49;0,852;-0,022;0,031;19,868;21,756;23,938;-795,329;-254,264;15748,08;9,133
10;2025;09;30;14;01;49;0,685;0,045;0,101;23,117;22,529;23,012;-1053,6;-309,727;15983,17;9,133
10;2025;09;30;14;01;50;0,731;0,151;0,206;20,202;23,876;22,831;-546,55;-306,099;15943,53;9,133
10;2025;09;30;14;01;50;1,192;0,12;0,161;22,783;18,84;24,186;437,949;-1294,335;15417,93;9,133
10;2025;09;30;14;01;51;0,498;-0,073;-0,537;19,935;21,358;25,745;-70,73;-436,506;15521,06;9,133
10;2025;09;30;14;01;51;0,888;0,028;-0,268;23,851;22,86;24,322;-572,528;-674,034;15934,07;9,133
10;2025;09;30;14;01;52;0,665;0,115;0,136;20,069;20,806;21,409;-679,867;-219,916;15651,55;9,133
10;2025;09;30;14;01;52;1,307;-0,151;-0,413;22,182;22,86;26,241;-589,964;-689,403;15780,3;9,133
10;2025;09;30;14;01;53;0,792;0,09;-0,03;25,653;19,945;23,486;-531,329;45,613;15498,34;9,133
10;2025;09;30;14;01;53;0,578;0,029;-0,211;26,143;22,882;27,529;-1001,446;-141,359;15894,19;9,133
10;2025;09;30;14;01;54;0,422;0,06;0,212;22,004;27,874;23,057;-12,087;-20,058;15285,07;9,133
10;2025;09;30;14;01;54;0,819;-0,024;-0,132;21,27;20,497;25,632;-1010,218;165,545;15948,72;9,133
10;2025;09;30;14;01;55;0,732;0;-0,505;24,963;22,485;25,632;-400,027;-765,868;15784,98;9,133
10;2025;09;30;14;01;55;0,505;-0,067;-0,163;26,476;19,635;24,232;-572,605;-441,968;15703,89;9,133
10;2025;09;30;14;01;56;0,834;0,013;0,135;25,431;24,693;24,548;482,769;-1022,6;15303,38;9,133
10;2025;09;30;14;01;56;0,821;0,054;-0,051;24,941;23,412;23,035;-1197,608;-597,868;16046,19;9,133
10;2025;09;30;14;01;57;1,035;0,077;0,035;22,16;18,995;22,312;-1191,267;-1230,621;16546,99;9,133
10;2025;09;30;14;01;57;0,786;0,058;0,468;20,714;23,744;20,98;-46,128;813,837;15053,84;9,133
10;2025;09;30;14;01;58;0,747;0,138;0,188;22,316;21,932;24,344;-808,174;-736,974;15898,41;9,133
10;2025;09;30;14;01;58;0,792;0,048;-0,127;21,226;23,015;23,125;-457,393;-73,513;15487,39;9,133
10;2025;09;30;14;01;59;0,711;0,038;-0,18;20,113;20,32;27,506;-411,321;-639,716;15826,15;9,133
10;2025;09;30;14;01;59;0,64;0,096;-0,143;22,894;22,617;23,87;-672,797;-438,584;15753,75;9,133
10;2025;09;30;14;02;00;0,775;0,041;-0,156;19,067;21,623;31,932;-712,894;-1890,812;16170,55;9,133
10;2025;09;30;14;02;00;1,237;-0,02;-0,468;22,939;23,545;25,406;-799,021;-1177,307;15880,84;9,133
10;2025;09;30;14;02;01;0,706;0,125;-0,033;22,227;23,766;25,745;-974,305;-499,218;15832,3;9,133
10;2025;09;30;14;02;01;0,644;0,024;0,104;21,381;22,131;21,86;-778,294;-1084,895;16083,25;9,133
11;2025;09;30;14;07;43;1,219;0,023;0,005;21,671;21,601;23,983;-497,18;-710,16;15780,76;9,095
11;2025;09;30;14;07;44;0,938;0,164;0,402;18,667;21,888;22,357;-799,925;-523,97;15929,2;9,095
11;2025;09;30;14;07;44;1,209;0,115;0,031;24,229;20,784;20,257;-583,297;-626,554;15748,04;9,095
11;2025;09;30;14;07;45;1,158;0,108;0,012;23,25;23,92;23,802;-603,833;-579,945;15884,36;9,095
11;2025;09;30;14;07;45;1,285;0,056;-0,264;22,449;21,8;21,838;-691,356;-610,905;15811,68;9,095
11;2025;09;30;14;07;46;1,312;0,115;0,062;24,029;23,567;24,299;-839,984;-236,922;15830,02;9,095
11;2025;09;30;14;07;46;1,378;0,039;-0,091;24,852;21,734;21,793;-1058,907;-108,495;15845,83;9,095
11;2025;09;30;14;07;47;1,263;0,038;-0,064;24,518;20,872;23,102;-809,912;-467,116;15882,17;9,095
11;2025;09;30;14;07;47;1,342;0,014;-0,153;23,495;22,131;26,196;-645,519;-548,127;15778,59;9,095
11;2025;09;30;14;07;48;1,214;0,133;-0,185;22,961;22,175;27,461;-835,101;-433,162;15815,53;9,095
11;2025;09;30;14;07;48;1,348;0,111;0,036;20,736;23,942;24,322;-868,036;-203,768;15900,28;9,095
11;2025;09;30;14;07;49;1,236;-0,011;0,129;22,872;21,999;27,1;-712,906;-265,732;15872,66;9,095
11;2025;09;30;14;07;49;1,232;-0,006;0,437;24,852;21,137;24,819;-484,334;-709,572;15772,47;9,095
11;2025;09;30;14;07;50;0,953;0,071;-0,19;22,316;23,346;25,112;-592,016;-574,243;15844,26;9,095
11;2025;09;30;14;07;50;1,268;0,106;0,352;21,025;20,916;26,49;-845,789;-316,06;15845,15;9,095
11;2025;09;30;14;07;51;1,287;0,106;-0,119;24,118;21,27;23,26;-509,888;-747,087;15755,4;9,095
11;2025;09;30;14;07;51;1,349;0,067;0,001;19,468;16,764;24,615;-1124,704;7,211;15793,42;9,095
11;2025;09;30;14;07;52;1,362;0,043;0,02;27,322;24,362;26,016;-950,231;-460,352;15863,92;9,095
11;2025;09;30;14;07;52;1,306;0,05;-0,071;24,385;20,519;23,667;-447,687;-776,482;15796,56;9,095
11;2025;09;30;14;07;53;1,284;-0,011;-0,035;21,292;23,213;22,673;-879,549;-363,688;15758,24;9,095
11;2025;09;30;14;07;53;1,326;0,002;0,068;22,583;24,428;27,913;-514,086;-708,819;15745;9,095
11;2025;09;30;14;07;54;1,343;0,074;0,108;27,544;22,75;25,293;-1051,234;22,971;15891,22;9,095
11;2025;09;30;14;07;54;1,234;-0,009;0,123;22,827;19,746;22,38;-849,666;-532,171;15919,87;9,095
11;2025;09;30;14;07;55;1,396;0,048;-0,068;24,518;19,304;23,802;-837,469;-250,805;15720,26;9,095
11;2025;09;30;14;07;55;1,329;0,056;-0,163;22,538;21,756;22,741;-738,508;-374,899;15798,28;9,095
11;2025;09;30;14;07;56;1,395;0,042;-0,028;23,695;19,68;22,538;-750,088;-232,199;15806,01;9,095
11;2025;09;30;14;07;56;1,268;0,102;0,076;22,16;23,213;23,509;-390,117;-721,623;15681,32;9,095
11;2025;09;30;14;07;57;1,251;0,102;0,112;20,558;20,475;23,757;-623,537;-359,322;15724,38;9,095
11;2025;09;30;14;07;57;1,386;0,071;-0,23;25,364;23,28;25,925;-857,283;12,095;15798,14;9,095
11;2025;09;30;14;07;58;1,344;0,063;0,036;23,606;20,762;24,232;-536,909;-718,306;15738,86;9,095
11;2025;09;30;14;07;58;1,183;0,018;-0,177;20,313;21,402;23,667;-759,429;-234,548;15756,9;9,095
11;2025;09;30;14;07;59;1,223;0,065;-0,159;20,313;22,22;24,367;-747,293;-426,689;15893,5;9,095
11;2025;09;30;14;07;59;1,351;0,064;-0,208;20,736;21,469;26,783;-583,646;-551,919;15829,01;9,095
11;2025;09;30;14;08;00;1,212;0,122;0,102;20,069;23,236;21,77;-1101,604;-138,689;15904,06;9,095
11;2025;09;30;14;08;00;1,297;0,06;-0,016;21,938;21,027;22,606;-746,348;-282,274;15876,64;9,095
11;2025;09;30;14;08;01;1,217;0,046;-0,104;24,096;21,049;23,012;-544,77;-493,623;15670,83;9,095
11;2025;09;30;14;08;01;1,222;-0,006;-0,117;21,114;21,689;22,244;-611,41;-608,632;15910,01;9,095
11;2025;09;30;14;08;02;1,284;0,061;0,047;22,494;23,744;26,196;-873,525;-250,461;15810,24;9,095
11;2025;09;30;14;08;02;1,285;0,008;-0,102;22,405;21,336;22,719;-798,011;-309,158;15881,64;9,095
11;2025;09;30;14;08;03;1,371;0,061;-0,213;24,318;24,539;23,102;-850,4;-454,065;15907,9;9,095
11;2025;09;30;14;08;03;1,093;0,011;0,007;26,387;21,358;22,989;-780,811;-276,867;15734,77;9,095
11;2025;09;30;14;08;04;1,372;0,102;-0,084;18,889;21,667;21,341;-838,138;-289,382;15802,96;9,095
11;2025;09;30;14;08;04;0,869;0,105;0,452;23,829;21,159;22,538;-511,913;-379,368;15743,69;9,095
11;2025;09;30;14;08;05;1,37;0,038;-0,201;23,673;24,141;25,993;-802,838;-325,947;15815,64;9,095
11;2025;09;30;14;08;05;1,32;0,098;-0,074;20,002;22,882;24,344;-857,295;-379,635;15894,28;9,095
11;2025;09;30;14;08;06;1,176;0,107;-0,005;23,717;23,147;24,164;-597,108;-485,596;15774,66;9,095
11;2025;09;30;14;08;06;1,107;0,057;0,037;21,025;21,844;21,499;-745,809;-558,707;15895,29;9,095
11;2025;09;30;14;08;07;1,146;0,098;-0,024;19,757;23,015;26,016;-577,984;-345,755;15722,17;9,095
11;2025;09;30;14;08;07;1,186;0,053;-0,223;23,094;19,172;23,554;-839,28;-698,168;15954,84;9,095
11;2025;09;30;14;08;08;1,021;0,156;0,057;20,892;20,74;23,983;-649,056;-488,382;15832,68;9,095
11;2025;09;30;14;08;08;1,188;-0,01;-0,136;24,162;19,127;22,38;-722,131;-319,932;15769,88;9,095
11;2025;09;30;14;08;09;1,117;0,064;-0,005;21,359;24,141;24,525;-659,955;-519,671;15783,22;9,095
11;2025;09;30;14;08;09;1,085;0,166;-0,081;22,004;25,29;23,712;-824,715;-460,856;15893,47;9,095
11;2025;09;30;14;08;10;1,057;0,09;-0,054;23,206;23,699;23,486;-761,249;-484,705;15810,51;9,095
11;2025;09;30;14;08;10;1,325;0,041;-0,041;22,004;21,557;23,148;-888,886;-261,504;15910,43;9,095
11;2025;09;30;14;08;11;1,269;-0,045;-0,05;22,071;19,017;24,661;-925,198;-261,134;15874,39;9,095
11;2025;09;30;14;08;11;1,244;0,026;-0,139;20,692;24,539;24,119;-626,9;-557,764;15842,79;9,095
11;2025;09;30;14;08;12;1,204;0,05;-0,064;21,47;23,478;25,18;-824,768;-328,431;15831,67;9,095
11;2025;09;30;14;08;12;1,38;0,067;-0,109;23,384;28,095;24,186;-895,402;-336,134;15843,18;9,095
11;2025;09;30;14;08;13;1,418;0,066;-0,108;21,159;21,27;24,638;-1003,504;-253,803;15878,19;9,095
11;2025;09;30;14;06;29;0,58;-0,01;-0,148;21,782;22,22;21,409;-251,691;-175,78;15521,39;9,095
11;2025;09;30;14;06;30;0,654;-0,02;-0,27;22,004;22,396;25,835;-744,371;-1025,215;16108,21;9,095
11;2025;09;30;14;06;30;0,926;0,028;0,027;21,782;21,91;22,47;-501,43;-612,291;15617,55;9,095
11;2025;09;30;14;06;31;1,023;0,103;0,171;21,203;21,071;24,435;-449,305;-533,367;15611,62;9,095
11;2025;09;30;14;06;31;1,05;0,006;-0,168;21,003;21,712;25,541;-714,145;-1202,665;16151,41;9,095
11;2025;09;30;14;06;32;1,233;0,007;-0,692;23,94;24,406;23,577;-651,716;-126,311;15714,2;9,095
11;2025;09;30;14;06;32;1,176;-0,019;0;21,804;21,137;19,173;-1108,482;-522,583;16068,07;9,095
11;2025;09;30;14;06;33;0,802;0,055;-0,214;24,073;21,689;22,086;-759,33;545,938;15686,11;9,095
11;2025;09;30;14;06;33;1,067;0,147;0,024;22,182;22,728;20,822;-697,139;-1817,981;16118,97;9,095
11;2025;09;30;14;06;34;0,806;-0,006;-0,062;24,452;20,784;25,632;-849,211;140,604;15805,28;9,095
11;2025;09;30;14;06;34;1,207;-0,009;-0,314;20,714;19,922;25,135;-781,77;12,659;15553,58;9,095
11;2025;09;30;14;06;35;1,282;0,007;-0,001;22,738;26,129;22,741;-594,825;-1580,977;16188,27;9,095
11;2025;09;30;14;06;35;0,831;-0,025;-0,25;21,849;21,336;23,644;-614,473;67,812;15623,61;9,095
11;2025;09;30;14;06;36;0,858;0,088;-0,112;19,112;22,109;24,186;-1039,696;265,486;15774,88;9,095
11;2025;09;30;14;06;36;0,684;-0,043;0,02;19,468;19,635;21,996;-489,759;-358,664;15706,77;9,095
11;2025;09;30;14;06;37;0,505;0,001;0,231;23,317;20,43;23,735;-651,928;-5,585;15638,03;9,095
11;2025;09;30;14;06;37;0,663;-0,074;-0,201;24,229;22,838;24,322;-653,257;-262,268;15789,49;9,095
11;2025;09;30;14;06;38;0,966;0,114;-0,173;22,182;22,816;25,225;-887,311;-142,717;15818,3;9,095
11;2025;09;30;14;06;38;0,925;-0,04;0,115;20,358;22,286;23,283;-421,08;-99,731;15725,07;9,095
11;2025;09;30;14;06;39;0,879;-0,063;-0,019;17,643;21,888;27,687;-516,416;-1131,669;15752,25;9,095
11;2025;09;30;14;06;39;0,634;0,041;-0,215;21,248;20,651;26,467;-811,785;280,995;15651,64;9,095
11;2025;09;30;14;06;40;0,857;-0,049;-0,341;19,935;24,561;23,057;-647,856;-65,433;15753,12;9,095
11;2025;09;30;14;06;40;0,667;0,019;0,072;17,71;24,627;25,496;-1147,501;-387,767;16008,48;9,095
11;2025;09;30;14;06;41;0,718;0,091;-0,123;21,092;22,131;23,983;-496,166;-910,859;15860,35;9,095
11;2025;09;30;14;06;41;0,768;-0,021;0,017;20,002;19,459;24,819;-1040,624;219,029;15705,13;9,095
11;2025;09;30;14;06;42;0,762;-0,094;-0,153;21,849;20,475;21,702;-171,845;-169,157;15399,33;9,095
11;2025;09;30;14;06;42;0,883;-0,075;0,136;20,491;21,402;21,906;-747,717;18,876;15706,67;9,095
11;2025;09;30;14;06;43;0,548;0,048;-0,169;21,982;20,276;26,874;-616,851;-607,7;15812,83;9,095
11;2025;09;30;14;06;43;0,915;-0,005;0,214;25,297;23,721;22,651;-761,451;540,755;15752,21;9,095
11;2025;09;30;14;06;44;1,207;0,046;-0,494;21,604;20,43;21,612;-360,4;-43,35;15528,94;9,095
11;2025;09;30;14;06;44;1,124;0,026;-0,303;24,919;22,86;24,367;-1060,958;-115,917;15946,55;9,095
11;2025;09;30;14;06;45;0,642;-0,038;-0,308;21,181;21,071;24,367;-606,866;-149,5;15672,64;9,095
11;2025;09;30;14;06;45;0,979;0,034;0,072;20,781;22,087;23,238;-529,62;-591,514;15683,45;9,095
11;2025;09;30;14;06;46;1,229;0,111;-0,133;20,847;18,752;23,328;-388,004;-799,303;15842,45;9,095
11;2025;09;30;14;06;46;1,196;-0,075;-0,097;22,093;23,015;21,725;-889,596;-2071,208;16406,79;9,095
11;2025;09;30;14;06;47;1,143;0,024;-0,084;22,916;19,414;27,077;-1035,952;-1043,155;16236,3;9,095
11;2025;09;30;14;06;47;0,914;0,017;0,172;22,138;20,188;24,254;-559,458;978,888;15424,52;9,095
11;2025;09;30;14;06;48;0,81;-0,078;-0,331;21,025;23,633;22,425;-616,601;-156,844;15616,75;9,095
11;2025;09;30;14;06;48;1,152;-0,034;-0,064;22,116;22,86;24,344;-1035,72;-2079,066;16509,68;9,095
11;2025;09;30;14;06;49;1,012;0,03;0,206;21,871;19,459;24,186;-11,335;-1611,972;15997,29;9,095
11;2025;09;30;14;06;49;1,348;-0,031;0,03;22,138;24,406;23,373;-25,662;-2182,861;16144,35;9,095
11;2025;09;30;14;06;50;1,05;-0,239;-0,381;22,894;20,696;24,864;-921,584;-536,489;16027,33;9,095
11;2025;09;30;14;06;50;0,57;-0,067;-0,163;22,738;22,573;24,796;-604,761;-1059,788;15995,79;9,095
11;2025;09;30;14;06;51;0,749;0,018;0,112;23,628;24,163;22,831;-417,017;-84,781;15673,65;9,095
11;2025;09;30;14;06;51;0,99;0,03;-0,106;21,938;23,611;23,735;-475,232;-1231,572;15985,25;9,095
11;2025;09;30;14;06;52;0,868;0,064;0,077;24,719;21,093;23,125;-855,34;-141,953;15910,33;9,095
11;2025;09;30;14;06;52;1,079;-0,037;-0,133;21,693;20,497;24,728;-378,774;196,048;15424,92;9,095
11;2025;09;30;14;06;53;1,201;-0,09;-0,224;23,161;21,248;22,041;-680,605;-1245,581;16084,2;9,095
11;2025;09;30;14;06;53;1,154;-0,057;-0,666;22,027;21,491;23,215;-425,984;1479,956;15040,77;9,095
11;2025;09;30;14;06;54;0,953;0,092;0,009;19,579;25,179;23,035;-995,898;-1956,489;16122,61;9,095
11;2025;09;30;14;06;54;1,137;0,055;0,088;21,537;23,456;25,316;-282,725;-1700,916;16224,69;9,095
11;2025;09;30;14;06;55;1,198;-0,129;-0,287;21,248;20,828;20,731;-1173,835;-419,49;16013,02;9,095
11;2025;09;30;14;06;55;1,172;0,056;0,083;20,336;22,264;24,796;-40,843;82,369;15312,94;9,095
11;2025;09;30;14;06;56;1,141;0,012;-0,244;21,137;21,932;25,993;-651,549;40,628;15647,21;9,095
11;2025;09;30;14;06;56;1,039;-0,048;0,051;22,783;26,085;26,061;-558,789;-215,876;15640,15;9,095
11;2025;09;30;14;06;57;0,833;-0,048;-0,143;22,983;22,882;25,18;-354,105;290,915;15516,98;9,095
11;2025;09;30;14;06;57;1,024;0,013;-0,017;21,003;21,756;27,303;-441,21;214,604;15561,7;9,095
11;2025;09;30;14;06;58;0,927;0,106;-0,454;22,182;21,645;23,554;-929,343;-141,333;15642,21;9,095
11;2025;09;30;14;06;58;1,099;0,057;-0,45;23,094;20,85;20,709;-641,019;-611,467;15809,45;9,095
11;2025;09;30;14;06;59;0,774;-0,012;0,009;22,294;22,153;23,531;-483,332;-761,842;15661,67;9,095
11;2025;09;30;14;05;21;0,782;-0,075;-0,13;21,871;21,513;26,783;-361,38;-236,967;15736,71;9,095
11;2025;09;30;14;05;22;1,279;-0,122;-0,563;22,85;20,629;22,696;-766,326;-739,355;15795,05;9,095
11;2025;09;30;14;05;22;0,917;-0,188;-0,458;20,758;19,79;27,122;-897,508;-473,494;16097,1;9,095
11;2025;09;30;14;05;23;0,833;-0,164;-0,118;21,426;17,935;25,722;-595,792;-866,794;15945,49;9,095
11;2025;09;30;14;05;23;0,782;0,073;0,408;21,248;22,683;22,741;-57,958;-1324,828;15836,39;9,095
11;2025;09;30;14;05;24;0,69;-0,044;-0,027;22,427;22,242;26,58;-76,924;-80,219;15485,83;9,095
11;2025;09;30;14;05;24;0,614;0,039;0,012;22,271;21,513;21,635;-932,994;-1288,863;16237,35;9,095
11;2025;09;30;14;05;25;0,549;-0,035;0,026;21,292;23,456;24,096;-448,612;-667,332;15618,01;9,095
11;2025;09;30;14;05;25;0,743;-0,088;-0,161;19,935;21,645;24,999;-930,963;-825,397;16311,38;9,095
11;2025;09;30;14;05;26;0,73;0,001;-0,197;20,269;20,85;23,193;-414,262;-1649,788;16015,62;9,095
11;2025;09;30;14;05;26;0,523;0,058;0,373;25,698;27,587;25,97;-857,488;-2007,809;16307,39;9,095
11;2025;09;30;14;05;27;0,519;-0,162;-0,59;23,74;23,721;24,209;-344,693;1109,437;15156,33;9,095
11;2025;09;30;14;05;27;0,908;-0,141;-0,184;21,426;23,633;28,048;-551,337;290,003;15516,83;9,095
11;2025;09;30;14;05;28;1,037;-0,19;0,076;24,407;21,027;25,519;-378,278;-334,108;15758,15;9,095
11;2025;09;30;14;05;28;0,589;-0,176;-0,09;24,073;20,983;21,115;-1077,237;-957,482;16119,29;9,095
11;2025;09;30;14;05;29;0,745;-0,093;-0,236;21,604;24,671;26,219;-596,585;-500,263;15736,92;9,095
11;2025;09;30;14;05;29;0,743;-0,101;-0,196;23,384;22,772;21,318;-581,041;-494,823;15690,83;9,095
11;2025;09;30;14;05;30;0,451;0,068;0,076;23,628;22,97;23,757;-739,758;-126,86;15744,13;9,095
11;2025;09;30;14;05;30;0,486;0,026;-0,156;25,342;18,929;22,47;-619,689;-1024,948;15926,57;9,095
11;2025;09;30;14;05;31;0,472;-0,074;0,187;18,622;22,264;21,657;-193,594;-405,884;15523,55;9,095
11;2025;09;30;14;05;31;0,819;0,094;-0,125;20,758;19,216;22,402;-254,53;-806,787;15897,85;9,095
11;2025;09;30;14;05;32;0,415;-0,078;0,029;23,695;17,338;19,534;-671,974;-1034,004;15922,4;9,095
11;2025;09;30;14;05;32;0,362;-0,004;0,046;22,761;20,916;23,057;-842,894;-1117,587;16044,62;9,095
11;2025;09;30;14;05;33;0,878;-0,064;-0,142;23,361;20,894;21,296;269,374;434,721;14948,86;9,095
11;2025;09;30;14;05;33;0,729;-0,156;0,109;20,647;24,826;24,367;-1251,74;-1004,312;16273,14;9,095
11;2025;09;30;14;05;34;0,668;-0,033;-0,189;20,113;21,557;26,129;-463,924;-57,7;15377,08;9,095
11;2025;09;30;14;05;34;0,625;-0,036;0,055;25,208;17,581;20,505;-950,903;-187,93;15797,05;9,095
11;2025;09;30;14;05;35;0,639;0,03;-0,11;19,579;23,986;26,151;-815,015;-208,427;16031,57;9,095
11;2025;09;30;14;05;35;0,578;-0,084;0,159;21,671;25,025;23,035;-458,222;-213,534;15573,9;9,095
11;2025;09;30;14;05;36;0,788;-0,052;-0,124;20,38;24,296;20,076;-934,839;-1015,385;16135,88;9,095
11;2025;09;30;14;05;36;0,876;-0,065;-0,137;20,514;17,559;20,28;-511,237;320,647;15488,88;9,095
11;2025;09;30;14;05;37;0,464;0,05;0,274;23,851;23,478;23,531;-852,277;-914,875;15998,13;9,095
11;2025;09;30;14;05;37;0,652;-0,165;-0,299;21,048;22,705;24,322;-1231,014;-748,04;16364,61;9,095
11;2025;09;30;14;05;38;0,799;0,017;-0,23;19,112;22,639;20,799;-939,295;-1116,337;16095,67;9,095
11;2025;09;30;14;05;38;0,391;0,033;0,327;20,247;17,913;25,993;-203,156;536,194;15425,86;9,095
11;2025;09;30;14;05;39;0,8;-0,076;-0,433;23,295;22,904;25,18;-763,134;-487,665;15760,55;9,095
11;2025;09;30;14;05;39;0,883;-0,021;0,254;16,442;20,055;23,396;-576,231;-698,787;15916,22;9,095
11;2025;09;30;14;05;40;1,033;0,01;-0,228;19,757;21,844;22,064;-1358,011;-588,7;15977,88;9,095
11;2025;09;30;14;05;40;0,714;0,017;-0,082;20,536;25,599;25,587;-676,035;-329,954;15758,67;9,095
11;2025;09;30;14;05;41;1,244;0,087;-0,331;21,048;25,135;22,312;195,677;-149,412;15447,3;9,095
11;2025;09;30;14;05;41;0,926;-0,177;-0,903;20,758;22,021;22,515;-392,651;721,515;15543,56;9,095
11;2025;09;30;14;05;42;0,676;-0,071;-0,102;19,802;25,533;23,554;-1210,045;-928,776;16146,1;9,095
11;2025;09;30;14;05;42;0,476;-0,022;-0,18;21,76;24,561;26,648;-317,06;66,356;15470,72;9,095
11;2025;09;30;14;05;43;0,907;-0,101;-0,008;22,494;25,621;25,022;-769,094;138,875;15775,37;9,095
11;2025;09;30;14;05;43;0,741;-0,194;0,318;22,027;20,32;23,509;-539,756;-497,459;15590,32;9,095
11;2025;09;30;14;05;44;0,944;-0,018;-0,374;25,141;20,188;23,554;-1001,36;257,182;15683,05;9,095
11;2025;09;30;14;05;44;1,198;-0,108;-0,349;28,123;24,98;27,348;-961,988;651,042;15660,91;9,095
11;2025;09;30;14;05;45;0,743;-0,051;-0,068;19,379;22,22;23,961;-518,796;479,622;15423,46;9,095
11;2025;09;30;14;05;45;0,431;0,047;0,14;24,429;20,806;22,989;-394,854;785,916;15311,51;9,095
11;2025;09;30;14;05;46;0,374;0,056;0,264;22,36;22,242;23,509;-854,784;-1187,872;16295,05;9,095
11;2025;09;30;14;05;46;0,849;0,007;0,044;22,449;20,475;25,112;-871,311;-2200,585;16299,39;9,095
11;2025;09;30;14;05;47;1,003;-0,181;-0,124;21,337;20,585;22,538;-634,402;-677,49;15750,05;9,095
11;2025;09;30;14;05;47;0,632;-0,111;0,029;18,133;21,601;22,764;-578,318;-703,557;15781,42;9,095
11;2025;09;30;14;05;48;0,822;-0,051;-0,149;21,559;23,744;26,716;-441,728;-522,239;15771,45;9,095
11;2025;09;30;14;05;48;0,704;-0,156;0,336;22,294;21,38;26,061;-556,553;-802,758;15819,79;9,095
11;2025;09;30;14;05;49;1,103;-0,215;-0,217;21,715;18,73;24,073;-1055,006;-383,81;15984,49;9,095
11;2025;09;30;14;05;49;0,573;-0,015;-0,113;20,113;22,794;25,135;-581,077;94,504;15515,72;9,095
11;2025;09;30;14;05;50;0,458;-0,134;-0,152;24,385;21,601;20,189;-776,817;-611,986;15886,78;9,095
11;2025;09;30;14;05;50;0,479;0,056;-0,084;22,405;19,635;26,558;-641,562;-1185,052;16098,58;9,095
11;2025;09;30;14;05;51;0,471;-0,244;-0,191;23,628;21,027;23,802;-341,889;-227,75;15366,22;9,095
12;2025;09;30;14;11;56;1,248;0,134;-0,16;21,359;18,884;22,086;-787,78;-812,319;15786,33;9,095
12;2025;09;30;14;11;56;1,316;0,118;-0,091;18,667;17,736;25,18;-779,121;-773,927;15789,65;9,095
12;2025;09;30;14;11;57;1,046;0,155;-0,23;21,003;17,802;22,199;-927,101;-931,639;15734,9;9,095
12;2025;09;30;14;11;57;1,317;0,124;-0,119;22,36;24,384;20,822;-960,847;-727,953;15806,68;9,095
12;2025;09;30;14;11;58;1,306;0,117;0,142;17,243;23,346;26,241;-929,906;-852,272;15829,5;9,095
12;2025;09;30;14;11;58;1,273;0,032;-0,119;22,516;21,226;20,799;-992,086;-578,98;15803,99;9,095
12;2025;09;30;14;11;59;1,333;0,115;0,094;22,85;23,589;18,766;-986,115;-879,152;15715,62;9,095
12;2025;09;30;14;11;59;1,449;0,133;-0,004;21,493;21,469;21,702;-904,979;-1065,291;15748,73;9,095
12;2025;09;30;14;12;00;1,432;0,157;-0,125;20,87;22,242;22,018;-1006,872;-875,143;15852,7;9,095
12;2025;09;30;14;12;00;1,363;0,168;0;19,735;19,039;23,69;-987,265;-1002,217;15855,55;9,095
12;2025;09;30;14;12;01;1,369;0,102;-0,216;20,603;22,683;22,989;-1280,931;-821,049;15833,21;9,095
12;2025;09;30;14;12;01;1,215;0,039;0,064;20,291;23,434;24,322;-949,942;-810,394;15764,15;9,095
12;2025;09;30;14;12;02;1,249;0,096;-0,078;22,049;22,75;19,512;-1386,498;-746,591;15982,67;9,095
12;2025;09;30;14;12;02;1,382;0,136;-0,293;20,603;24,009;24,774;-897,193;-1060,158;15908,67;9,095
12;2025;09;30;14;12;03;1,367;0,13;-0,121;25,097;22,595;25,654;-969,989;-817,743;15792,27;9,095
12;2025;09;30;14;12;03;1,389;0,102;-0,172;21,025;22,794;24,503;-1234,68;-1022,612;15759,69;9,095
12;2025;09;30;14;12;04;1,28;0,09;-0,031;23,562;20,894;23,215;-1139,353;-1074,081;15604,67;9,095
12;2025;09;30;14;12;04;1,159;0,122;-0,001;23,517;19,017;27,913;-1093,138;-892,521;15705,48;9,095
12;2025;09;30;14;12;05;1,241;0,081;-0,124;20,002;19,127;24,503;-1232,649;-697,26;15753,32;9,095
12;2025;09;30;14;12;05;1,37;0,064;-0,092;25,297;23,081;22,651;-886,971;-722,647;15734,63;9,095
12;2025;09;30;14;12;06;1,453;0,058;-0,107;22,761;20,32;21,522;-703,8;-778,6;15924,39;9,095
12;2025;09;30;14;12;06;1,42;0,07;-0,12;22,36;20,938;23,26;-946,758;-559,096;15819,68;9,095
12;2025;09;30;14;12;07;1,404;0,06;-0,042;20,892;25,179;24,254;-855,442;-628,377;15923,87;9,095
12;2025;09;30;14;12;07;1,195;0,18;-0,381;19,49;20,828;23,848;-878,889;-554,323;15841,66;9,095
12;2025;09;30;14;12;08;1,218;0,166;0,175;23,183;20,85;23,531;-838,855;-709,465;15833,88;9,095
12;2025;09;30;14;12;08;1,299;0,07;-0,194;20,536;23,059;25,654;-936,277;-686,823;15819,97;9,095
12;2025;09;30;14;12;09;0,936;0,157;0,2;19,156;19,304;28,748;-770,62;-697,845;15710,29;9,095
12;2025;09;30;14;12;09;1,108;0,134;-0,212;21,47;22,286;20,212;-887,037;-549,785;15775,56;9,095
12;2025;09;30;14;12;10;1,227;0,017;-0,062;23,584;20,497;24,209;-871,86;-550,795;15817,31;9,095
12;2025;09;30;14;12;10;1,277;0,046;-0,156;22,649;17,537;22,989;-746,411;-622,462;15800,98;9,095
12;2025;09;30;14;12;11;1,15;0,105;0,105;22,427;20,894;23,419;-733,874;-702,518;15760,7;9,095
12;2025;09;30;14;12;11;1,21;0,032;-0,244;25,164;17,979;25,519;-932,244;-573,809;15863,96;9,095
12;2025;09;30;14;12;12;1,118;0,066;-0,115;21,159;22,197;22,606;-846,987;-673,203;15830,95;9,095
12;2025;09;30;14;12;12;1,195;0,159;0;18,956;20,408;22,673;-863,152;-660,463;15807,56;9,095
12;2025;09;30;14;12;13;1,214;0,194;-0,257;21,404;20,497;23,193;-928,893;-554,958;15824,19;9,095
12;2025;09;30;14;12;13;1,051;0,081;-0,324;21,76;21,977;23,825;-683,042;-545,671;15717,65;9,095
12;2025;09;30;14;12;14;1,136;0,106;-0,135;24,83;23,169;24,299;-750,298;-364,532;15761,51;9,095
12;2025;09;30;14;12;14;1,043;0,055;0,189;19,802;21,888;21,996;-751,955;-635,876;15845,22;9,095
12;2025;09;30;14;12;15;1,233;0,082;-0,056;23,183;21,689;24,615;-733,406;-455,083;15781,43;9,095
12;2025;09;30;14;12;15;1,183;0,021;0,191;21,448;19,635;22,583;-575,014;-544,956;15769,74;9,095
12;2025;09;30;14;12;16;1,2;0,119;-0,266;21,537;22,374;22,651;-675,991;-397,656;15938,19;9,095
12;2025;09;30;14;12;16;1,252;0,01;-0,106;21,96;24,274;24,57;-597,55;-472,606;15718,42;9,095
12;2025;09;30;14;12;17;1,146;-0,028;-0,004;24,318;23,28;24,435;-813,435;-456,255;15872,83;9,095
12;2025;09;30;14;12;17;1,292;0,035;-0,109;25,653;22,153;20,754;-662,153;-628,119;15767,15;9,095
12;2025;09;30;14;12;18;1,106;-0,026;-0,055;24,407;17,824;20,754;-658,208;-577,809;15806,55;9,095
12;2025;09;30;14;12;18;1,191;0,056;-0,092;24,34;22,418;24,932;-630,276;-510,162;15809,08;9,095
12;2025;09;30;14;12;19;1,265;0,052;-0,135;24,407;19,724;24,48;-718,544;-553,464;15879,21;9,095
12;2025;09;30;14;12;19;1,269;0,153;0,276;20,669;23,655;26,422;-687,626;-643,983;15825,42;9,095
12;2025;09;30;14;12;20;1,062;0,065;-0,28;19,357;18,156;24,006;-763,746;-437,771;15785,67;9,095
12;2025;09;30;14;12;20;0,933;0,055;0,136;21,359;19,768;23,419;-828,212;-401,763;15878,98;9,095
12;2025;09;30;14;12;21;0,904;0,144;-0,023;22,939;19,878;21,928;-841,334;-508,277;15832,58;9,095
12;2025;09;30;14;12;21;1,141;0,012;-0,254;20,847;23,721;25,519;-818,324;-398,13;15838,92;9,095
12;2025;09;30;14;12;22;1,201;0,035;-0,074;22,85;21,866;21,883;-788,436;-516,386;15787,05;9,095
12;2025;09;30;14;12;22;1,378;0,076;-0,208;23,584;22,264;24,299;-753,777;-468,65;15686,21;9,095
12;2025;09;30;14;12;23;1,205;0,027;-0,227;22,249;19,657;22,131;-597,025;-561,046;15728,57;9,095
12;2025;09;30;14;12;23;1,219;0;-0,121;22,583;21,491;21,702;-497,835;-519,633;15691,34;9,095
12;2025;09;30;14;12;24;1,166;0,058;-0,069;19,98;21,954;22,944;-514,47;-501,759;15684,15;9,095
12;2025;09;30;14;12;24;1,159;0,064;-0,12;23,539;23,92;23,373;-679,575;-359,786;15808,35;9,095
12;2025;09;30;14;12;25;1,24;0,165;0,146;20,558;21,027;22,786;-599,511;-555,702;15776,48;9,095
12;2025;09;30;14;12;25;0,98;0,048;-0,046;22,093;18,376;20,189;-509,129;-369,067;15738,65;9,095
12;2025;09;30;14;11;00;0,955;0,034;0,089;21,159;21,204;25,541;329,635;-636,77;15689,58;9,095
12;2025;09;30;14;11;00;0,881;0,044;0,09;23,673;19,37;24,57;-138,833;-600,695;15939,14;9,095
12;2025;09;30;14;11;01;0,804;0,058;0,095;22,027;20,718;25,18;-56,432;-261,107;16091,75;9,095
12;2025;09;30;14;11;01;0,968;0,032;-0,3;27,678;17,515;20,889;-418,857;-203,936;15729,78;9,095
12;2025;09;30;14;11;02;1,148;-0,053;-0,184;20,269;21,623;22,831;-578,348;668,943;15526,05;9,095
12;2025;09;30;14;11;02;1,157;-0,021;-0,496;21,96;20,188;23,757;-396,904;-1060,448;16031,13;9,095
12;2025;09;30;14;11;03;0,983;0,219;0,342;23,918;22,418;26,738;-714,332;110,7;15659,33;9,095
12;2025;09;30;14;11;03;0,793;-0,101;0,051;19,913;23,81;26,603;-522,858;-319,276;15639,74;9,095
12;2025;09;30;14;11;04;0,88;0,004;0,094;25,164;20,055;21,86;-254,035;-167,296;15712,7;9,095
12;2025;09;30;14;11;04;0,942;-0,018;-0,246;23,206;23,39;22,764;-572,019;-59,809;15807,09;9,095
12;2025;09;30;14;11;05;1,09;0,057;-0,055;22,027;21,822;25,203;-612,451;270,547;15700,01;9,095
12;2025;09;30;14;11;05;1,247;0,008;-0,184;23,05;19,282;29,064;-384,303;-47,547;15677,02;9,095
12;2025;09;30;14;11;06;1,176;0,093;0,127;20,447;22,661;21,815;-373,999;-921,598;15851,79;9,095
12;2025;09;30;14;11;06;1,267;0,009;-0,176;25,119;20,033;24,412;-438,698;-665,341;15709,99;9,095
12;2025;09;30;14;11;07;1,381;0,037;-0,084;22,071;21,181;22,47;-188,602;-337,897;15766,09;9,095
12;2025;09;30;14;11;07;1,168;0,037;-0,035;22,961;24,031;24,367;-1026,503;-283,837;16034,73;9,095
12;2025;09;30;14;11;08;1,191;0,041;-0,116;20,536;20,894;26,671;-1014,513;-789,167;16070,62;9,095
12;2025;09;30;14;11;08;1,019;0,081;0,113;24,496;25,687;22,041;-649,375;-308,097;15841,46;9,095
12;2025;09;30;14;11;09;1,034;0,019;-0,027;22,961;20,74;23,825;-617,803;-1079,029;15968,69;9,095
12;2025;09;30;14;11;09;0,982;0,155;0,273;19,735;21,027;21,68;-628,392;-791,153;15650,07;9,095
12;2025;09;30;14;11;10;1,003;0,057;-0,261;22,538;19,702;24,886;-684,275;-159,758;15698,48;9,095
12;2025;09;30;14;11;10;1,089;-0,057;-0,028;20,625;21,778;24,367;-476,324;-505,729;15755,12;9,095
12;2025;09;30;14;11;11;1,103;0,052;0,128;24,296;22,087;21,205;-503,899;-151,678;15796,79;9,095
12;2025;09;30;14;11;11;1,05;-0,025;-0,479;22,427;20,43;26,354;-344,613;-437,262;15631,99;9,095
12;2025;09;30;14;11;12;1,079;-0,106;-0,115;23,317;18,686;24,548;-672,931;-484,813;15919,18;9,095
12;2025;09;30;14;11;12;0,824;-0,042;0,064;25,542;19,547;25,225;-620,688;-211,941;15677,74;9,095
12;2025;09;30;14;11;13;0,83;0,118;0,437;22,205;24,737;26,58;-524,451;-1328,442;16037,23;9,095
12;2025;09;30;14;11;13;1,14;-0,118;0,114;21,048;21,159;21,951;-534,309;-1137,047;16046,38;9,095
12;2025;09;30;14;11;14;0,777;0,218;0,171;21,203;21,535;22,538;-623,071;-928,615;15947,71;9,095
12;2025;09;30;14;11;14;0,761;-0,032;-0,279;20,469;21,491;21,951;-965,494;-425,192;15957,29;9,095
12;2025;09;30;14;11;15;0,63;0,053;0,162;22,761;20,519;21,138;-335,911;-441,025;15660,36;9,095
12;2025;09;30;14;11;15;0,744;-0,019;-0,111;20,091;22,838;24,051;-265,358;-414,01;15545,64;9,095
12;2025;09;30;14;11;16;0,962;0,023;-0,08;19,913;23,39;22,199;-517,992;-270,838;15684,6;9,095
12;2025;09;30;14;11;16;0,988;0,016;-0,085;21,915;23,456;25,157;-319,322;97,939;15514,45;9,095
12;2025;09;30;14;11;17;0,924;0,049;0,174;21,025;23,213;23,486;-672,804;-30,562;15737,33;9,095
12;2025;09;30;14;11;17;1,024;-0,003;0,108;22,027;24,141;23,373;-284,078;-965,845;15727,49;9,095
12;2025;09;30;14;11;18;0,83;0,018;0,203;19,757;24,185;26,648;-598,077;-466,223;15788,6;9,095
12;2025;09;30;14;11;18;1,115;0,018;-0,133;23,272;25,025;26,241;-760,192;57,007;15656,82;9,095
12;2025;09;30;14;11;19;1,078;-0,062;-0,104;21,938;23,037;21,996;-1252,963;-707,445;16119,25;9,095
12;2025;09;30;14;11;19;0,972;0,008;-0,087;21,426;19,348;23,893;-837,71;-473,022;15830,24;9,095
12;2025;09;30;14;11;20;1,314;0,062;-0,398;24,296;21,204;24,209;-593,331;-143,911;15638,83;9,095
12;2025;09;30;14;11;20;1,282;-0,022;-0,065;24,541;21,093;22,989;-889,212;-602,457;15856,51;9,095
12;2025;09;30;14;11;21;1,387;-0,006;-0,22;24,652;20,497;27,167;-720,613;-885,687;15853,13;9,095
12;2025;09;30;14;11;21;1,23;0,016;0,094;22,716;19,481;24,028;-808,998;-779,333;15993,75;9,095
12;2025;09;30;14;11;22;1,001;0,011;0,008;22,649;21,115;21,296;-828,431;-355,102;15930,45;9,095
12;2025;09;30;14;11;22;1,091;-0,027;0,02;23,651;23,589;21,973;-823,581;-75,596;15641,13;9,095
12;2025;09;30;14;11;23;1,245;-0,114;0,176;23,562;19,657;24,073;-1261,6;-918,496;16230,46;9,095
12;2025;09;30;14;11;23;1,081;-0,024;-0,072;21,938;22,175;24,39;-528,084;-684,446;15712,26;9,095
12;2025;09;30;14;11;24;1,077;0,061;-0,132;21,715;23,677;24,119;-782,033;-961,833;16064,76;9,095
12;2025;09;30;14;11;24;1,149;0,001;0,255;24,585;25,51;24,728;-435,432;-416,292;15751,56;9,095
12;2025;09;30;14;11;25;0,717;0,004;-0,175;21,671;21,071;23,599;-523,828;679,022;15599,07;9,095
12;2025;09;30;14;11;25;1,005;-0,051;0,07;19,779;21,424;23,035;-1056,302;-517,488;15898,85;9,095
12;2025;09;30;14;11;26;0,904;0,032;0,089;25,787;26,747;28,251;-638,343;162,569;15468,73;9,095
12;2025;09;30;14;11;26;1,027;-0,046;-0,061;19,891;17,979;22,606;-1004,013;-754,441;16089,16;9,095
12;2025;09;30;14;11;27;1,017;-0,019;-0,619;24,874;17,714;25,338;-956,802;306,333;15817,95;9,095
12;2025;09;30;14;11;27;1,077;-0,096;0,226;22,916;25,4;24,774;-772,144;-517,172;15919,1;9,095
12;2025;09;30;14;11;28;1,239;-0,031;0,145;22,738;24,517;28,138;-316,578;-208,283;15461,91;9,095
12;2025;09;30;14;11;28;0,976;-0,029;0,076;22,894;20,43;25,812;-380,28;-390,347;15639,13;9,095
12;2025;09;30;14;11;29;1,212;-0,046;-0,27;22,16;21,446;23,306;-697,789;96,701;15483,57;9,095
12;2025;09;30;14;11;29;1,128;0,038;-0,302;21,292;23,324;23,26;-592,734;-323,405;15545,74;9,095
12;2025;09;30;14;10;04;0,579;0,033;0,043;21,804;23,412;26,106;505,324;-292,419;14773,72;9,095
12;2025;09;30;14;10;05;0,861;-0,04;-0,448;21,826;23,677;28,477;-250,215;-1188,331;15531,46;9,095
12;2025;09;30;14;10;05;1,214;0,002;-0,037;21,715;21,027;22,064;40,88;-945,846;15601,11;9,095
12;2025;09;30;14;10;06;0,656;0,083;0,204;23,873;21,115;23,215;-979,232;-719,306;16102,55;9,095
12;2025;09;30;14;10;06;0,68;0,148;0,176;21,515;17,449;28,906;-396,501;-1978,049;16172,38;9,095
12;2025;09;30;14;10;07;0,67;0,019;-0,303;24,674;23,589;24,728;-305,288;-1447,484;16034,11;9,095
12;2025;09;30;14;10;07;0,994;-0,026;0,169;20,959;20,033;22,402;-899;28,068;15749,81;9,095
12;2025;09;30;14;10;08;1,21;-0,073;-0,177;24,118;22,175;23,283;-119,314;-1098,703;15698;9,095
12;2025;09;30;14;10;08;0,869;0,014;-0,335;23,406;22,617;25,316;-1058,975;-432,278;15776,17;9,095
12;2025;09;30;14;10;09;1,054;0,082;-0,336;21,448;21,557;24,141;-735,1;-1402,527;15920,92;9,095
12;2025;09;30;14;10;09;1,038;-0,016;0,149;22,538;22,772;25,88;-120,637;464,523;15605,53;9,095
12;2025;09;30;14;10;10;1,067;0,033;0,026;21,137;24,075;23,17;-405,122;-1337,898;15754,03;9,095
12;2025;09;30;14;10;10;0,932;0,024;-0,026;24,429;20,121;26,625;-872,847;-2550,756;16675,98;9,095
12;2025;09;30;14;10;11;0,642;-0,086;-0,266;20,514;19,105;23,283;-534,679;133,872;15371,6;9,095
12;2025;09;30;14;10;11;0,698;0,018;0,06;20,491;20,784;24,322;-384,134;-370,682;15723,07;9,095
12;2025;09;30;14;10;12;0,744;-0,018;-0,15;25,141;24,958;22,199;-1084,237;106,925;16061,72;9,095
12;2025;09;30;14;10;12;0,964;-0,037;-0,081;25,408;21,005;23,893;-674,113;661,951;15322,63;9,095
12;2025;09;30;14;10;13;1,019;-0,029;-0,172;24,207;20,629;23,644;-1712,642;-290,242;15790,22;9,095
12;2025;09;30;14;10;13;0,987;-0,007;0,092;19,824;22,948;25,338;-783,389;58,705;15573,33;9,095
12;2025;09;30;14;10;14;1,143;-0,07;-0,198;22,294;21,049;22,989;-473,285;322,574;15506,31;9,095
12;2025;09;30;14;10;14;0,839;0,002;-0,544;18,311;19,569;24,593;-798,744;-679,678;15885,97;9,095
12;2025;09;30;14;10;15;0,889;-0,144;0,105;20,58;19,238;23,915;-983,953;-811,479;15882,16;9,095
12;2025;09;30;14;10;15;1,011;-0,071;-0,122;18,467;21,8;23,577;-656,915;-547,792;15563,69;9,095
12;2025;09;30;14;10;16;0,626;0,075;0,406;19,112;22,617;25,564;-560,052;-573,872;16026,31;9,095
12;2025;09;30;14;10;16;0,728;-0,055;0,079;20,603;21,204;26,377;-835,219;-683,121;15892,86;9,095
12;2025;09;30;14;10;17;0,895;0,011;0,147;22,294;25,776;24,164;-1098,749;-1020,346;16067,81;9,095
12;2025;09;30;14;10;17;0,796;-0,036;0,142;22,471;19,525;23,509;-902,193;-337,638;15772,33;9,095
12;2025;09;30;14;10;18;1,135;-0,103;-0,36;18,912;19,856;27,438;-637,903;-578,139;15828,29;9,095
12;2025;09;30;14;10;18;1,019;-0,094;-0,371;19,868;21,844;24,299;-990,643;-1927,5;16198,4;9,095
12;2025;09;30;14;10;19;1,028;0,006;-0,03;24,518;21,999;22,719;-871,109;-1462,177;15985,88;9,095
12;2025;09;30;14;10;19;1,062;-0,092;-0,445;18,244;22,352;22,967;-905,362;-1162,001;15985,92;9,095
12;2025;09;30;14;10;20;0,857;-0,028;0,574;23,473;26,041;23,712;-700,955;767,226;15298,15;9,095
12;2025;09;30;14;10;20;0,75;-0,112;-0,334;25,319;20,165;24,209;-535,372;-949,103;15653,25;9,095
12;2025;09;30;14;10;21;0,939;-0,063;-0,075;21,76;23,169;21,906;-745,187;-829,155;15880,68;9,095
12;2025;09;30;14;10;21;1,012;0,004;0,194;21,07;19,856;21,454;210,642;-828,824;15416,28;9,095
12;2025;09;30;14;10;22;1,098;0,116;0,05;21,092;21,424;24,683;-821,714;-642,967;15697,26;9,095
12;2025;09;30;14;10;22;1,151;-0,091;-0,289;22,694;20,894;24,254;-1206,862;983,305;15405,59;9,095
12;2025;09;30;14;10;23;0,775;0,001;-0,04;22,916;20,188;24,028;-598,853;1107,602;15440,19;9,095
12;2025;09;30;14;10;23;0,737;-0,008;0,101;22,738;19,26;22,989;-992,119;6,756;16147,88;9,095
12;2025;09;30;14;10;24;0,879;-0,04;-0,627;24,452;20,718;25,316;-157,783;574,815;14889,98;9,095
12;2025;09;30;14;10;24;0,917;-0,006;0,249;20,803;20,872;21,138;-735,926;-1821,546;16251,59;9,095
12;2025;09;30;14;10;25;0,867;0,012;0,166;23,072;23,412;24,999;-404,199;-964,911;15791,38;9,095
12;2025;09;30;14;10;25;0,732;-0,169;-0,51;19,779;21,954;26,196;-807,676;230,788;15394,21;9,095
12;2025;09;30;14;10;26;0,68;0,037;0,433;24,585;19,856;26,49;-735,563;-362,391;15996,38;9,095
12;2025;09;30;14;10;26;0,933;-0,085;0,069;20,959;23,523;22,741;-1793,192;-106,185;16007,47;9,095
12;2025;09;30;14;10;27;0,88;0,004;-0,368;21,938;19,591;26,332;-614,58;-672,257;15779,98;9,095
12;2025;09;30;14;10;27;0,83;-0,112;0,177;20,491;20,651;24,457;-1134,997;366,646;15702,41;9,095
12;2025;09;30;14;10;28;0,755;-0,06;-0,232;23,005;22,485;23,193;-1102,871;1098,364;15575,94;9,095
12;2025;09;30;14;10;28;0,991;-0,067;0,177;20,247;20,475;27,619;-1030,372;121,956;15757,16;9,095
12;2025;09;30;14;10;29;0,99;-0,019;-0,308;23,206;19,149;24,051;-530,824;-1349,63;15904,15;9,095
12;2025;09;30;14;10;29;0,646;-0,125;-0,295;17,532;20,784;22,854;-627,383;-805,526;15931,8;9,095
12;2025;09;30;14;10;30;0,693;0,032;-0,418;22,916;19,922;25,225;-848,836;-1471,185;16222,1;9,095
12;2025;09;30;14;10;30;0,828;-0,004;-0,128;22,805;20,806;21,138;-400,148;673,435;15683,86;9,095
12;2025;09;30;14;10;31;0,815;-0,077;0,105;24,007;20,629;22,199;21,231;32,914;15239,86;9,095
12;2025;09;30;14;10;31;0,757;0,019;0,349;21,426;21,91;18,518;-502,838;-769,105;15805,52;9,095
12;2025;09;30;14;10;32;1,001;-0,027;-0,107;23,139;22,551;22,448;-748,004;-63,513;15833,01;9,095
12;2025;09;30;14;10;32;0,948;-0,083;-0,357;24,496;18,752;24,39;-125,078;-2021,17;16043,08;9,095
12;2025;09;30;14;10;33;1,349;-0,116;-0,15;23,161;20,806;25,293;-866,477;-852,594;16039,02;9,095
12;2025;09;30;14;10;33;1,109;-0,076;-0,253;21,315;21,513;20,392;-109,715;-1219,941;16047,08;9,095
12;2025;09;30;14;10;34;1,15;-0,048;-0,039;19,557;22,617;22,854;-684,696;-957,058;15997,03;9,095
13;2025;09;30;14;15;33;1,136;0,102;-0,152;20,247;21,888;23,961;-552,852;-720,937;15846,91;9,058
13;2025;09;30;14;15;34;1,217;0,072;-0,1;23,495;22,418;23,509;-698,705;-613,643;15864,87;9,058
13;2025;09;30;14;15;34;1,414;0,077;-0,378;27,166;20,651;22,719;-917,831;-543,994;15776;9,058
13;2025;09;30;14;15;35;1,444;0,078;-0,103;24,251;21,734;23,035;-870,494;-565,605;15865,87;9,058
13;2025;09;30;14;15;35;1,34;0,116;-0,046;21,671;24,229;24,57;-814,546;-490,023;15905,43;9,058
13;2025;09;30;14;15;36;1,256;-0,005;-0,204;26,966;19,856;22,064;-677,319;-537,609;15709,51;9,058
13;2025;09;30;14;15;36;1,251;0,036;-0,015;25,497;21,888;22,899;-698,827;-658,862;15830,82;9,058
13;2025;09;30;14;15;37;1,344;0,147;0,092;24,363;17,316;22,989;-690,349;-452,098;15815,99;9,058
13;2025;09;30;14;15;37;1,115;-0,059;-0,128;21,137;22,087;22,109;-982,383;-530,862;15997,46;9,058
13;2025;09;30;14;15;38;1,276;0,077;0,076;21,693;21,071;23,283;-821,279;-370,721;15810,42;9,058
13;2025;09;30;14;15;38;1,314;0,001;-0,069;20,669;18,708;21,86;-861,626;-189,986;15762,87;9,058
13;2025;09;30;14;15;39;1,292;0,032;-0,099;22,205;20,497;21,906;-965,542;-308,962;15853,21;9,058
13;2025;09;30;14;15;39;1,242;0,025;-0,067;23,094;22,617;19,421;-747,19;-519,472;15917,45;9,058
13;2025;09;30;14;15;40;1,413;0,031;0,001;19,846;23,059;24,751;-479,01;-428,753;15699,74;9,058
13;2025;09;30;14;15;40;1,427;0,035;0,143;19,29;21,226;25,948;-654,142;-563,497;15831,44;9,058
13;2025;09;30;14;15;41;1,278;0,08;-0,233;24,963;21,579;23,193;-612,161;-570,59;15864,18;9,058
13;2025;09;30;14;15;41;1,305;0,135;0,028;22,16;21,756;24,503;-679,674;-356,869;15795,73;9,058
13;2025;09;30;14;15;42;1,415;0,163;0,045;24,518;20,033;24,886;-882,521;-108,212;15835,69;9,058
13;2025;09;30;14;15;42;1,202;0,082;-0,048;20,58;20,519;22,515;-728,037;-217,48;15882,36;9,058
13;2025;09;30;14;15;43;1,371;0,116;-0,018;25,431;19,194;16,644;-905,375;-198,589;15863,29;9,058
13;2025;09;30;14;15;43;1,37;0,095;4,013;21,537;20,651;0,158;-605,167;-394,765;15833,04;9,058
13;2025;09;30;14;15;44;1,348;-0,001;-4,612;23,94;19,635;0,316;-765,994;-349,202;15786,08;9,058
13;2025;09;30;14;15;44;1,473;0,029;0,063;22,738;21,8;0,226;-675,122;-421,27;15767,16;9,058
13;2025;09;30;14;15;45;1,262;0,098;-2,696;23,406;22,396;0,429;-707,194;-313,697;15753,5;9,058
13;2025;09;30;14;15;45;1,6;0,076;-2,304;20,469;21,424;0,271;-799,114;-212,01;15815,9;9,058
13;2025;09;30;14;15;46;1,415;0,032;3,515;19,824;22,816;0,271;-899,494;-80,187;15757,17;9,058
13;2025;09;30;14;15;46;1,525;0,071;-0,215;25,475;22,043;5,781;-841,808;-102,109;15649,31;9,058
13;2025;09;30;14;15;47;1,274;0,025;-0,153;23,517;20,011;12,759;-829,872;45,525;15822,99;9,058
13;2025;09;30;14;15;47;1,333;-0,044;-0,079;22,538;20,607;24,073;-693,996;-209,141;15770,22;9,058
13;2025;09;30;14;15;48;1,529;0,014;-0,2;21,114;20,894;24,141;-660,116;-572,593;15846,17;9,058
13;2025;09;30;14;15;48;1,459;0,096;-0,146;19,668;19,414;26,129;-567,892;-479,049;15779,71;9,058
13;2025;09;30;14;15;49;1,326;0,112;0,11;19,957;24,782;22,877;-668,001;-290,063;15767,11;9,058
13;2025;09;30;14;15;49;1,478;0,087;-0,036;22,004;22,551;22,583;-821,551;-355,432;15898,45;9,058
13;2025;09;30;14;15;50;1,298;0,058;0,072;17,577;21,513;23,554;-550,994;-373,893;15774,71;9,058
13;2025;09;30;14;15;50;1,301;-0,032;-0,238;20,625;22,816;25,925;-758,877;-119,905;15770,86;9,058
13;2025;09;30;14;15;51;1,335;0,067;-0,101;21,96;22,087;26,512;-618,715;-326,03;15785,8;9,058
13;2025;09;30;14;15;51;1,203;0,034;-0,153;19,779;19,878;23,78;-844,78;-474,913;15786,26;9,058
13;2025;09;30;14;15;52;1,057;0,092;-0,009;18,778;20,43;23,125;-726,528;-390,195;15766,85;9,058
13;2025;09;30;14;15;52;1,374;-0,04;-0,152;23,984;19,437;19,557;-811,284;-452,79;15934,49;9,058
13;2025;09;30;14;15;53;1,555;0,06;-0,098;18,956;21,977;10,049;-607,906;-577,409;15810,3;9,058
13;2025;09;30;14;15;53;1,282;-0,054;3,374;23,495;19,172;0,068;-662,026;-469,322;15868,62;9,058
13;2025;09;30;14;15;54;1,163;-0,07;-0,866;20,603;19,768;0,655;-564,204;-340,341;15886,12;9,058
13;2025;09;30;14;15;54;1,366;0,055;0,406;23,072;21,645;0,135;-482,984;-552,8;15838,26;9,058
13;2025;09;30;14;15;55;1,333;0,061;-1,309;24,563;21,756;0,384;-597,703;-240,612;15820,3;9,062
13;2025;09;30;14;15;55;1,254;-0,067;3,099;24,385;20,188;-0,113;-590,719;-415,289;15808,28;9,058
13;2025;09;30;14;15;56;1,28;0,088;-2,936;22,449;17,051;-0,339;-678,312;-395,794;15807;9,058
13;2025;09;30;14;15;56;1,268;0,057;2,304;19,29;20,298;-0,158;-828,135;-493,563;15862,05;9,058
13;2025;09;30;14;15;57;1,364;0,166;0,225;24,118;21,159;14,205;-737,596;-360,105;15792,3;9,058
13;2025;09;30;14;15;57;1,437;0,03;0,07;22,672;21,226;1,649;-726,328;-330,289;15710,63;9,058
13;2025;09;30;14;15;58;1,389;0,108;0,225;21,159;22,617;4,901;-725,946;-292,487;15745,1;9,058
13;2025;09;30;14;15;58;1,024;-0,092;0,201;20,914;19,613;21,544;-813,862;-248,298;15862,26;9,058
13;2025;09;30;14;15;59;1,181;-0,08;-0,57;21,626;21,204;24,796;-518,875;-434,081;15815,82;9,058
13;2025;09;30;14;15;59;1,548;0,061;0,358;20,625;19,569;24,48;-685,233;-458,825;15733,53;9,058
13;2025;09;30;14;16;00;1,204;0,026;-0,025;23,25;22,507;22,651;-690,828;-438,894;15883,77;9,058
13;2025;09;30;14;16;00;1,308;0,071;0,169;23,005;20,497;22,131;-929,584;-339,66;15840,93;9,058
13;2025;09;30;14;16;01;1,123;0,126;0,141;21,381;22,33;21,386;-824,533;-220,802;15805,75;9,058
13;2025;09;30;14;16;01;1,366;0,127;-0,207;26,855;21,446;23,735;-560,88;-287,369;15739,72;9,058
13;2025;09;30;14;16;02;1,47;0,033;-0,009;24,007;22,021;26,783;-656,013;-403,694;15769,15;9,058
13;2025;09;30;14;16;02;1,413;0,071;0,055;25,586;21,137;22,809;-623,364;-267,182;15839,9;9,058
13;2025;09;30;14;16;03;1,429;-0,019;-0,108;21,826;23,015;19,692;-697,572;-303,462;15859,34;9,058
13;2025;09;30;14;14;43;1,216;0,074;-0,746;20,002;18,884;23,306;-442,236;374,436;15547,42;9,058
13;2025;09;30;14;14;43;0,959;0,183;-0,343;20,402;20,629;19,128;-758,163;226,834;15747,81;9,058
13;2025;09;30;14;14;44;1,067;0,272;0,16;21,315;18,708;25,316;-679,921;-611,402;15889,43;9,058
13;2025;09;30;14;14;44;1,165;0,291;0,486;24,274;23,589;22,696;-321,793;453,907;15502,1;9,058
13;2025;09;30;14;14;45;0,995;0,113;0,263;21,47;22,175;24,819;-1053,009;-82,235;16023,69;9,058
13;2025;09;30;14;14;45;1,076;0,114;-0,23;21,826;21,623;24,728;-560,616;-271,076;15834,88;9,058
13;2025;09;30;14;14;46;1,373;0,246;-0,148;23,05;23,986;21,431;-464,825;-483,602;15834,75;9,058
13;2025;09;30;14;14;46;1,251;0,148;-0,168;21,671;19,172;25,27;-770,367;-510,857;15932,99;9,058
13;2025;09;30;14;14;47;0,796;0,136;0,588;25,431;21,424;22,086;-767,333;-727,293;15847,98;9,058
13;2025;09;30;14;14;47;1,275;0,061;-0,139;19,001;20,364;23,87;-1144,15;-410,66;16112,91;9,058
13;2025;09;30;14;14;48;1,084;0,1;-0,045;20,692;22,131;22,673;-1211,572;331,294;15922,44;9,058
13;2025;09;30;14;14;48;1,368;0,221;0,368;22,16;22,948;23,373;-478,99;-543,84;15755,8;9,058
13;2025;09;30;14;14;49;1,301;0,057;-0,008;23,028;19,547;23,08;-384,743;-615,223;15864,6;9,058
13;2025;09;30;14;14;49;1,23;0,122;-0,248;20,469;19,812;22,967;-334,173;8,235;15452,03;9,058
13;2025;09;30;14;14;50;0,93;0,092;-0,008;23,628;23,478;23,712;-722,592;-568,796;15925,21;9,058
13;2025;09;30;14;14;50;0,898;0,102;0,164;21,159;23,324;22,154;-468,114;-283,269;15755,16;9,058
13;2025;09;30;14;14;51;0,732;-0,009;0,132;22,939;21,38;20,618;-283,011;-318,707;15617,08;9,058
13;2025;09;30;14;14;51;1,125;0,151;-0,045;24,83;20,011;25,858;-850,937;132,148;15895,44;9,058
13;2025;09;30;14;14;52;0,903;0,073;0,137;17,376;20,143;22,018;-263,824;-212,763;15491,75;9,058
13;2025;09;30;14;14;52;0,963;0,008;-0,103;21,003;22,904;23,419;-1047,583;-710,269;16070,33;9,058
13;2025;09;30;14;14;53;0,695;0,074;0,333;18,266;16,389;24,841;-922,01;-1014,109;16102,15;9,058
13;2025;09;30;14;14;53;1,34;0,106;-0,183;22,805;21,491;22,944;-385,382;-758,622;15649,7;9,058
13;2025;09;30;14;14;54;1,208;0,157;-0,038;19,868;21,822;22,086;-799,173;-1190,088;15997,95;9,058
13;2025;09;30;14;14;54;1,176;0,163;-0,339;16,709;22,772;23,125;-859,374;145,393;15757,18;9,058
13;2025;09;30;14;14;55;1,018;0,189;0,163;23,406;17,935;22,289;-578,856;-165,617;15675,81;9,058
13;2025;09;30;14;14;55;1,077;0,105;0,078;22,427;22,021;24,119;-779,686;-474,417;16086,35;9,058
13;2025;09;30;14;14;56;1,133;0,154;-0,106;20,669;23,103;22,289;-636,562;-542,831;15801,37;9,058
13;2025;09;30;14;14;56;1,106;0,095;-0,292;24,096;23,876;25,022;-378,233;-48,299;15511,01;9,058
13;2025;09;30;14;14;57;0,907;0,088;0,753;23,806;22,22;22,764;-245,825;-269,464;15483,64;9,058
13;2025;09;30;14;14;57;1,39;0,139;-0,091;23,428;20,43;22,47;-564,252;-567,088;15854,16;9,058
13;2025;09;30;14;14;58;1,239;0,092;-0,184;22,16;19,525;25,18;-988,444;-161,805;15924,57;9,058
13;2025;09;30;14;14;58;1,312;-0,027;-0,338;22,249;19,834;22,651;-506,27;-222,436;15762,04;9,058
13;2025;09;30;14;14;59;0,981;0,113;-0,025;22,338;21,535;21,386;-724,462;-318,422;15730,99;9,058
13;2025;09;30;14;14;59;1,363;-0,074;-0,415;20,091;25,179;26,806;-580,471;-961,586;15987,2;9,058
13;2025;09;30;14;15;00;0,873;0,217;-0,192;23,517;23,081;25,09;-308,919;-296,544;15500,07;9,058
13;2025;09;30;14;15;00;0,917;0,111;-0,147;18,645;21,071;22,967;-856,283;-514,513;15896,97;9,058
13;2025;09;30;14;15;01;0,754;0,191;0,543;19,535;19,503;23,215;-973,102;-861,218;16053,65;9,058
13;2025;09;30;14;15;01;1,413;0,061;-0,206;24,518;24,053;23,125;-544,784;-36,773;15698,69;9,058
13;2025;09;30;14;15;02;1,194;0,148;0,08;23,361;18,884;25,157;-477,376;-908,113;15785,16;9,058
13;2025;09;30;14;15;02;1,038;0,068;0,053;23,517;24,87;22,515;-1312,869;-850,058;16160,61;9,058
13;2025;09;30;14;15;03;1,271;0,152;-0,244;19,98;25,002;23,283;-1174,375;-600,234;16076,26;9,058
13;2025;09;30;14;15;03;1,195;0,159;0,011;19,579;18,995;27,529;-806,706;-387,217;15866,74;9,058
13;2025;09;30;14;15;04;0,912;0,073;-0,163;19,245;20,784;24,073;-474,19;-409,898;15497,37;9,058
13;2025;09;30;14;15;04;1,265;0,18;-0,234;24,251;21,866;19,263;-1064,292;-174,898;15820,72;9,058
13;2025;09;30;14;15;05;1,434;0,146;-0,494;21,448;21,932;21,093;-916,073;646,649;15581,02;9,058
13;2025;09;30;14;15;05;1,218;0,198;-0,312;23,584;20,961;22,177;-944,263;-230,717;15821,82;9,058
13;2025;09;30;14;15;06;0,942;0,06;0,14;22,516;24,384;21,951;-1308,052;16,423;16028,56;9,058
13;2025;09;30;14;15;06;1,042;0,116;-0,231;21,737;23,213;26,693;-780,121;168,681;15672,82;9,058
13;2025;09;30;14;15;07;1,256;0,01;-0,213;21,648;17,692;22,944;-540,659;-342,073;15711;9,058
13;2025;09;30;14;15;07;1,001;0,049;-0,087;22,071;21,38;26,377;-799,483;-364,918;15868,35;9,058
13;2025;09;30;14;15;08;1,134;0,235;-0,21;25,942;25,4;22,131;-1003,139;-395,814;16043,04;9,058
13;2025;09;30;14;15;08;1,352;0,048;-0,191;24,83;20,298;25,451;-807,8;-584,631;15910,27;9,058
13;2025;09;30;14;15;09;1,441;0,06;0,029;25,742;20,629;23,667;-905,654;-893,807;16145,74;9,058
13;2025;09;30;14;15;09;1,247;0,116;0,001;20,87;22,529;24,254;-430,932;-944,302;15764,99;9,058
13;2025;09;30;14;15;10;1,022;0,155;-0,057;19,846;22,728;19,828;-546,453;-895,425;15862,6;9,058
13;2025;09;30;14;15;10;0,966;0,127;-0,1;21,47;19,591;18,586;-788,53;-963,913;16041,07;9,058
13;2025;09;30;14;15;11;1,006;0,082;-0,257;20,803;19,238;22,854;-267,341;-569,905;15610,14;9,063
13;2025;09;30;14;15;11;0,62;0,104;0,18;21,804;21,778;22,583;-295,892;58,42;15385,16;9,058
13;2025;09;30;14;15;12;0,977;0,152;0,16;20,914;22,838;22,651;-662,298;-722,712;15898,29;9,063
13;2025;09;30;14;15;12;1,123;0,024;-0,276;20,847;16,852;22,673;-998,676;7,092;16019,57;9,058
13;2025;09;30;14;13;41;0,927;0,122;0,258;21,359;22,242;20,505;266,6;-631,181;15453,95;9,058
13;2025;09;30;14;13;42;0,624;0,122;0,018;22,694;22,926;24,028;216,163;-449,044;15552,68;9,058
13;2025;09;30;14;13;42;0,687;0,169;0,23;24,385;20,121;20,867;90,683;-1195,641;16117,69;9,058
13;2025;09;30;14;13;43;0,981;0,071;-0,312;22,894;22,728;20,28;-385,18;-710,413;16106,91;9,058
13;2025;09;30;14;13;43;0,718;0,234;-0,156;21,025;21,38;25,677;-517,062;288,47;15875,8;9,058
13;2025;09;30;14;13;44;0,866;0,045;-0,124;20,825;22,97;21,431;-1100,254;397,529;15330,4;9,058
13;2025;09;30;14;13;44;1,148;0,134;-0,24;22,916;20,541;20,505;-612,958;-1153,26;16157,48;9,058
13;2025;09;30;14;13;45;0,865;0,243;-0,044;21,604;22,021;23,486;-824,179;-1663,979;16697,63;9,058
13;2025;09;30;14;13;45;0,691;0,017;-0,732;19,646;24,936;25,79;-880,894;-31,447;15712,02;9,063
13;2025;09;30;14;13;46;0,558;0,077;-0,002;18,489;23,545;24,028;-939,881;-699,49;16014,22;9,058
13;2025;09;30;14;13;46;0,64;0,054;0,438;23,495;23,302;24,232;-652,292;-224,217;15740,8;9,058
13;2025;09;30;14;13;47;1,12;0,031;-0,274;24,563;21,005;26,264;-1273,285;-896,262;16409,51;9,058
13;2025;09;30;14;13;47;0,775;0,136;0,28;21,893;20,077;22,222;-74,343;-530,144;15664,46;9,058
13;2025;09;30;14;13;48;0,983;0,15;-0,206;23,406;17,846;23,531;-595,945;-348,064;15852,22;9,062
13;2025;09;30;14;13;48;0,783;0,31;0,117;24,563;20,342;26,287;-620,332;-421,185;16176,41;9,058
13;2025;09;30;14;13;49;0,727;-0,039;-0,1;21,292;20,563;21,273;-139,928;-1830,326;16687,19;9,058
13;2025;09;30;14;13;49;0,763;0,109;-0,039;23,562;18,973;21,07;-1161,903;-2728,841;17773,94;9,058
13;2025;09;30;14;13;50;0,891;0,068;-0,252;21,203;23,986;25,09;218,632;-688,067;15164,88;9,058
13;2025;09;30;14;13;50;0,752;0,107;0,373;20,625;19,702;26,4;-851,101;1992,353;15234,73;9,063
13;2025;09;30;14;13;51;0,865;0,109;-0,072;19,312;20,607;26,016;-100,336;-1011,534;15610,45;9,058
13;2025;09;30;14;13;51;0,628;0,034;-0,137;20,269;23,501;28,477;-547,89;2024,256;14633,18;9,058
13;2025;09;30;14;13;52;0,894;0,068;0,094;19,156;20,762;23,599;-1471,941;1636,639;15508,01;9,058
13;2025;09;30;14;13;52;0,898;0,117;0,261;20,336;20,21;26,535;33,503;-3086,056;15920,47;9,058
13;2025;09;30;14;13;53;0,659;0,083;-0,258;22,205;19,503;22,425;-704,938;-492,628;15816,7;9,058
13;2025;09;30;14;13;53;0,541;0,097;-0,065;21,47;21,336;22,154;-815,862;1836,047;15123,24;9,058
13;2025;09;30;14;13;54;0,693;0,128;0,161;21,871;22,882;24,299;299,115;-588,736;15525,24;9,058
13;2025;09;30;14;13;54;1,206;0,232;0,209;19,357;21,535;23,238;-496,621;-1666,967;16239,9;9,058
13;2025;09;30;14;13;55;0,862;0,053;-0,378;24,363;19,127;22,177;-807,273;1289,201;15146,72;9,062
13;2025;09;30;14;13;55;0,786;0,157;0,348;19,668;23,324;23,035;-575,303;-729,297;16511,14;9,058
13;2025;09;30;14;13;56;1,133;0,097;-0,385;26,476;20,077;20,686;-680,386;-506,81;15646,95;9,058
13;2025;09;30;14;13;56;0,644;0,281;0,122;18,4;21,932;22,47;-715,216;-1758,425;16031,02;9,058
13;2025;09;30;14;13;57;0,759;0,188;-0,127;25,297;24,384;24,683;-68,842;-2027,64;16146,68;9,058
13;2025;09;30;14;13;57;0,621;-0,074;-0,24;23,584;19,79;24,435;-1300,253;776,02;15509,79;9,058
13;2025;09;30;14;13;58;0,713;0,146;-0,084;20,269;23,589;23,983;-1055,852;-644,244;15861,11;9,058
13;2025;09;30;14;13;58;1,038;0,231;-0,05;21,025;22,021;23,644;-171,348;-2396,391;15873,7;9,058
13;2025;09;30;14;13;59;0,917;0,171;-0,164;20,091;21,402;22,041;-1059,641;-595,746;16230,3;9,058
13;2025;09;30;14;13;59;0,862;0,207;0,458;24,897;21,248;24,119;-1122,895;152,605;15605,65;9,058
13;2025;09;30;14;14;00;0,995;0,13;-0,692;21,359;22,087;22,831;-679,56;-245,948;15794,32;9,058
13;2025;09;30;14;14;00;0,648;0,126;-0,638;24,986;20,784;21,567;-1054,109;603,425;15737,12;9,058
13;2025;09;30;14;14;01;0,568;0,157;-0,078;22,939;22,264;26,558;-21,479;-1716,199;15113,01;9,058
13;2025;09;30;14;14;01;0,727;-0,019;-0,183;21,693;21,469;21,747;-920,829;1959,241;15182,68;9,058
13;2025;09;30;14;14;02;0,776;0,2;-0,231;24,229;26,593;23,915;-524,424;-446,281;15704,01;9,058
13;2025;09;30;14;14;02;0,471;0,127;-0,085;21,47;22,197;21,047;-859,54;2300,89;14852,01;9,058
13;2025;09;30;14;14;03;1,087;0,228;-0,171;22,449;19,503;20,867;-161,625;-1318,75;15675,88;9,058
13;2025;09;30;14;14;03;0,761;-0,057;0,037;23,651;21,844;21,906;-1267,06;-1609,818;16085,04;9,058
13;2025;09;30;14;14;04;0,839;0,204;-0,145;19,49;24,053;23,148;-565,583;-529,118;15853,48;9,058
13;2025;09;30;14;14;04;0,788;0,281;-0,161;22,004;19,437;21,996;-189,856;2315,221;14596,29;9,063
13;2025;09;30;14;14;05;1,115;0,201;-0,158;24,941;20,099;22,267;-257,512;448,442;15294,22;9,058
13;2025;09;30;14;14;05;1,162;0,234;0,197;23,984;22,926;22,267;-833,309;-1394,968;16632,53;9,058
13;2025;09;30;14;14;06;0,691;0,101;-0,051;24,007;22,772;24,141;-1114,863;-1135,247;16613,94;9,058
13;2025;09;30;14;14;06;1,047;0,112;-0,041;22,916;22,705;21,838;-1010,763;2375,012;14688,25;9,058
13;2025;09;30;14;14;07;1,052;0,202;-0,212;22,294;24,185;26,58;-842,183;625,142;15800,64;9,062
13;2025;09;30;14;14;07;0,916;0,278;0,155;21,025;22,794;20,709;-1381,95;1016,614;15820,91;9,058
13;2025;09;30;14;14;08;0,759;0,172;0,038;19,312;20,21;25,248;-830,725;-1072,763;15968,96;9,067
13;2025;09;30;14;14;08;0,62;0,114;-0,002;20,336;20,342;21,476;442,242;-4243,85;16252,39;9,063
13;2025;09;30;14;14;09;0,698;0,06;-0,305;20,625;23,324;25,361;-141,295;-584,025;15420,75;9,067
13;2025;09;30;14;14;09;0,711;0,033;-0,372;21,048;20,541;21,522;-573,162;-132,627;15718,66;9,068
13;2025;09;30;14;14;10;0,247;0,113;-0,04;22,983;19,569;22,177;-475,08;-25,79;15504,52;9,072
13;2025;09;30;14;14;10;0,51;0,043;-0,32;22,894;21,336;24,344;-1128,852;-921,07;16210,04;9,068
13;2025;09;30;14;14;11;0,551;0,197;0,012;20,514;17,692;19,399;-476,2;-795,571;15888,31;9,067
14;2025;09;30;14;19;08;1,335;0;-0,495;21,493;24,671;22,719;-930,164;-576,523;15932,02;9,058
14;2025;09;30;14;19;09;1,119;0,106;-0,212;21,715;21,093;24,322;-642,115;-971,965;15863,31;9,058
14;2025;09;30;14;19;09;1,077;0,06;-0,216;21,404;20,011;22,199;-765,457;-650,091;15812,31;9,058
14;2025;09;30;14;19;10;1,188;0,065;-0,191;21,559;18,686;21,047;-778,001;-691,743;15794,19;9,058
14;2025;09;30;14;19;10;1,164;-0,049;-0,476;18,578;20,938;22,673;-652,342;-940,34;15733;9,058
14;2025;09;30;14;19;11;1,002;0,035;-0,008;23,895;16,919;18,699;-705,192;-828,146;15858,69;9,058
14;2025;09;30;14;19;11;1,242;0,169;-0,138;22,427;19,834;20,483;-986,188;-682,289;15851,56;9,058
14;2025;09;30;14;19;12;1,259;0,113;0,126;23,495;20,696;24,186;-971,984;-639,088;15873,09;9,058
14;2025;09;30;14;19;12;1,307;0,132;0,007;22,36;20,563;23,102;-921,13;-580,453;15790,36;9,058
14;2025;09;30;14;19;13;1,166;0,043;-0,053;22,494;24,914;25,18;-845,732;-757,825;15813,31;9,058
14;2025;09;30;14;19;13;1,115;0,023;-0,073;20,625;18,73;22,696;-905,759;-627,609;15809,51;9,058
14;2025;09;30;14;19;14;1,303;0,062;0,058;22,205;21,137;23,667;-816,536;-505,08;15674,8;9,058
14;2025;09;30;14;19;14;1,401;0,037;-0,23;20,224;22,485;21,093;-1112,271;-282,363;15821,46;9,058
14;2025;09;30;14;19;15;1,242;0,051;0,051;20,936;21,093;23,351;-744,122;-344,398;15676;9,058
14;2025;09;30;14;19;15;1,234;-0,034;-0,093;22,36;22,065;23,757;-800,683;-493,417;15816,35;9,058
14;2025;09;30;14;19;16;1,383;0,013;-0,085;21,76;20,32;21,499;-1079,983;-183,845;15798,87;9,058
14;2025;09;30;14;19;16;1,3;0,023;-0,121;21,737;20,143;22,357;-885,436;-424,764;15856,2;9,058
14;2025;09;30;14;19;17;1,25;-0,007;-0,116;18,066;22,242;24,503;-707,036;-318,051;15733,57;9,058
14;2025;09;30;14;19;18;1,162;0,106;0,141;23,517;23,721;21,364;-826,259;-155,466;15833,16;9,058
14;2025;09;30;14;19;18;1,281;0,032;-0,14;21,849;19,79;25,022;-860,308;-399,387;15850,91;9,058
14;2025;09;30;14;19;19;1,18;0,043;-0,13;20,002;22,904;20,573;-776,27;-341,676;15811,38;9,058
14;2025;09;30;14;19;19;1,142;0,051;0,089;20,781;21,358;24,299;-903,131;-90,533;15745,35;9,058
14;2025;09;30;14;19;20;1,014;0,124;0,117;22,338;24,472;25,767;-981,455;-425,884;15853,85;9,058
14;2025;09;30;14;19;20;1,344;0,071;-0,11;20,87;21,579;22,041;-1044,611;-394,486;15926,67;9,058
14;2025;09;30;14;19;21;1,198;-0,02;0,012;22,761;19,613;27,574;-936,387;-276,033;15830,64;9,058
14;2025;09;30;14;19;21;1,158;0,047;-0,052;23,517;19,326;20,799;-810,438;-394,495;15802,86;9,058
14;2025;09;30;14;19;22;1,239;0,011;-0,131;20,669;20,983;24,051;-626,663;-368,568;15805,13;9,058
14;2025;09;30;14;19;22;1,39;0,068;-0,127;22,672;20,342;26,287;-885,028;-370,807;15802,66;9,058
14;2025;09;30;14;19;23;1,294;0,066;-0,114;21,048;20,651;21,77;-997,057;-380,349;15840,45;9,058
14;2025;09;30;14;19;23;1,256;0,043;0,106;23,806;25,731;23,961;-1006,466;-364,896;15859,6;9,058
14;2025;09;30;14;19;24;1,416;0,016;-0,176;21,181;18,531;21,77;-1028,667;-335,079;15859,62;9,058
14;2025;09;30;14;19;24;1,309;-0,008;-0,096;21,871;22,728;23,802;-758,971;-378,23;15780,04;9,058
14;2025;09;30;14;19;25;1,433;0,023;-0,092;21,092;21,557;24,886;-788,341;-397,114;15836,93;9,058
14;2025;09;30;14;19;25;1,33;0,077;0,076;21,871;22,507;21,996;-857,509;-568,667;15813,07;9,058
14;2025;09;30;14;19;26;1,355;0,013;0,284;24,696;21,402;22,154;-724,507;-390,589;15740,85;9,058
14;2025;09;30;14;19;26;1,451;0,01;-0,258;18,756;20,342;25,722;-780,546;-284,861;15798,93;9,058
14;2025;09;30;14;19;27;1,362;0,119;-0,401;20,603;20,298;24,277;-733,759;-469,127;15732,24;9,058
14;2025;09;30;14;19;27;1,176;-0,002;-0,041;18,889;18,929;22,854;-712,78;-455,748;15703,73;9,058
14;2025;09;30;14;19;28;0,895;0,06;0,165;19,601;20,055;26,964;-740,626;-387,938;15808,8;9,058
14;2025;09;30;14;19;28;1,039;0,095;0,021;20,158;21,38;25,361;-978,481;-380,821;15937,63;9,058
14;2025;09;30;14;19;29;1,266;0,058;0,083;20,959;21,734;24,886;-910,919;-325,592;15823,54;9,058
14;2025;09;30;14;19;29;1,266;0,062;-0,026;23,005;20,21;21,273;-865,67;-270,287;15757,44;9,058
14;2025;09;30;14;19;30;1,3;0,026;0,012;21,137;18,553;21,499;-640,972;-547,84;15849,75;9,058
14;2025;09;30;14;19;30;1,446;0,062;-0,135;21,938;20,74;22,944;-781,234;-200,071;15808,85;9,058
14;2025;09;30;14;19;31;1,377;0,025;-0,001;20,291;20,563;21,476;-742,655;-330,59;15885,79;9,058
14;2025;09;30;14;19;31;1,403;0,041;-0,163;21,315;20,74;25,203;-870,17;-273,14;15862,65;9,058
14;2025;09;30;14;19;32;1,396;0,054;-0,035;20,603;20,563;23,983;-583,278;-366,521;15802,55;9,058
14;2025;09;30;14;19;32;1,352;0,071;-0,021;22,249;18,73;21,996;-733,744;-250,838;15946,96;9,058
14;2025;09;30;14;19;33;1,302;0,019;-0,013;23,384;20,74;22,131;-606,02;-516,565;15739,2;9,058
14;2025;09;30;14;19;33;1,284;0,127;-0,098;20,692;20,165;22,764;-815,243;-209,063;15884,42;9,058
14;2025;09;30;14;19;34;1,358;0,108;0,021;20,247;23,147;23,848;-804,146;-231,664;15829,96;9,058
14;2025;09;30;14;19;34;1,431;0,076;0,007;18,889;17,581;26,264;-783,354;-465,695;15797,58;9,058
14;2025;09;30;14;19;35;1,276;0,158;-0,021;19,535;20,563;23,26;-707,155;-601,219;15904,65;9,058
14;2025;09;30;14;19;35;1,287;0,098;-0,023;22,205;18,686;24,661;-841,099;-384,58;15841,8;9,058
14;2025;09;30;14;19;36;1,144;0,09;-0,006;22,694;21,358;24,548;-800,231;-343,399;15841,96;9,058
14;2025;09;30;14;19;36;1,341;0,099;-0,161;19,802;21,579;23,599;-680,764;-325,547;15758,59;9,058
14;2025;09;30;14;19;37;1,332;0,071;-0,373;19,156;21,712;23,238;-795,338;-425,73;15817,43;9,058
14;2025;09;30;14;19;37;1,493;0,067;-0,09;23,606;17,603;21,973;-825,465;-308,61;15838,17;9,058
14;2025;09;30;14;19;38;1,608;0,021;-0,011;21,515;22,44;22,018;-938,846;-385,062;15798,58;9,058
14;2025;09;30;14;19;38;1,207;0,065;0,073;19,379;22,33;24,886;-952,353;-211,543;15758,61;9,058
14;2025;09;30;14;18;02;0,919;0,098;0,44;20,135;23,081;25,022;-440,229;-907,754;15812,33;9,058
14;2025;09;30;14;18;03;0,668;0,073;-0,064;20,469;18,995;22,786;-737,936;-463,914;15696,14;9,058
14;2025;09;30;14;18;03;0,682;0,081;-0,256;25,497;21,292;26,151;-698,167;-677,541;15808,29;9,058
14;2025;09;30;14;18;04;0,918;-0,079;0,006;21,537;22,418;22,831;-684,401;-163,616;15594,82;9,058
14;2025;09;30;14;18;04;0,836;0,086;-0,207;18,4;20,408;24,864;-798,189;-695,544;15893,11;9,058
14;2025;09;30;14;18;05;0,67;-0,052;0,115;19,735;20,232;25,564;-759,183;-486,562;15814,55;9,058
14;2025;09;30;14;18;05;0,827;0,071;-0,204;18,756;21,91;22,47;-882,601;409,632;15564,7;9,058
14;2025;09;30;14;18;06;1,017;0,068;-0,054;20,247;19,9;22,967;-610,293;-508,819;15733,06;9,058
14;2025;09;30;14;18;06;1,096;-0,024;0,068;19,601;22,264;25,022;-1106,574;-967,821;15982,29;9,058
14;2025;09;30;14;18;07;1,407;0,004;0,012;21,114;20,364;25,067;-709,215;-885,67;16007,74;9,058
14;2025;09;30;14;18;07;1,233;-0,017;-0,464;19,423;21,38;20,28;-1004,531;-224,642;15895,96;9,058
14;2025;09;30;14;18;08;1,021;0,075;0,241;20,024;20,497;25,112;-781,08;-89,97;15761,44;9,058
14;2025;09;30;14;18;08;0,917;0,022;0,053;21,07;20,563;23,599;-699,279;-254,408;15807,6;9,058
14;2025;09;30;14;18;09;1,182;-0,028;0,262;20,158;21,667;27,145;-929,695;-75,064;15767,05;9,058
14;2025;09;30;14;18;09;1,174;0,124;-0,387;23,05;26,306;21,928;-816,005;-251,926;15791,45;9,058
14;2025;09;30;14;18;10;0,679;0,139;-0,029;21,426;19,768;24,39;-413,498;-699,509;15764,63;9,058
14;2025;09;30;14;18;10;1,064;0,076;0,17;20,158;22,705;22,515;-1371,535;-326,529;16162,65;9,058
14;2025;09;30;14;18;11;0,806;0,076;-0,152;20,669;20,298;23,983;-1046,831;-45,37;15866,44;9,058
14;2025;09;30;14;18;11;0,876;0,068;-0,084;19,401;19,812;23,441;-965,088;-632,874;16015,29;9,058
14;2025;09;30;14;18;12;1,228;0,012;-0,134;21,849;18,796;22,086;-665,052;-203,205;15805,57;9,058
14;2025;09;30;14;18;12;1,334;0,091;0,1;21,315;19,613;29,313;-1129,756;-436,678;15924,78;9,058
14;2025;09;30;14;18;13;1,168;0,02;0,05;21,226;23,611;23,599;-1357,902;-306,425;15980,84;9,058
14;2025;09;30;14;18;13;0,946;0,025;0,244;20,024;20,718;21,612;-1283,573;559,405;15772;9,058
14;2025;09;30;14;18;14;0,938;0,016;-0,071;21,938;20,961;24,435;-662,384;521,931;15496,59;9,058
14;2025;09;30;14;18;14;0,99;0,123;0,039;20,536;19,746;22,289;-514,229;-313,256;15735,65;9,058
14;2025;09;30;14;18;15;0,819;-0,082;0,034;22,427;24,252;25,699;-647,018;-489,132;15786,68;9,058
14;2025;09;30;14;18;15;0,926;-0,031;-0,009;22,071;22,838;24,683;-831,34;-337,236;15911,83;9,058
14;2025;09;30;14;18;16;1,04;-0,021;-0,003;21,203;20,099;24,186;-1089,99;-756,276;16043,11;9,058
14;2025;09;30;14;18;16;0,678;0,096;0,39;18,111;20,762;20,754;-1268,937;-773,871;16145,57;9,058
14;2025;09;30;14;18;17;0,922;-0,072;-0,444;20,069;19,459;23,08;-1086,486;-342,322;16015,72;9,058
14;2025;09;30;14;18;17;1,038;0,032;-0,124;22,649;17,427;22,854;-645,886;-929,374;15821,97;9,058
14;2025;09;30;14;18;18;1,206;-0,106;-0,264;21,381;24,892;24,367;-735,863;-637,956;15809,27;9,058
14;2025;09;30;14;18;19;1,219;-0,224;-0,738;22,916;24,693;24,096;-620,254;37,228;15587,57;9,058
14;2025;09;30;14;18;19;0,792;-0,017;0,088;19,579;19,657;22,515;-810,967;-207,107;15649,49;9,058
14;2025;09;30;14;18;19;1,093;-0,019;-0,317;18,289;17,648;22,335;-1187,046;415,824;15740,35;9,058
14;2025;09;30;14;18;20;1,254;-0,038;-0,295;22,205;15,903;21,205;-1087,491;85,373;16094,1;9,058
14;2025;09;30;14;18;20;0,971;0,084;0,122;18,956;21,888;23,012;-868,908;-178,195;15796,95;9,058
14;2025;09;30;14;18;21;1,124;0,036;-0,139;23,272;18,84;24,796;-529,681;-524,072;15617,38;9,058
14;2025;09;30;14;18;21;0,981;-0,093;0,088;20,18;22,595;25,632;-602,535;-926,793;15881,4;9,058
14;2025;09;30;14;18;22;1,165;0,03;-0,058;23,361;20,475;23,554;-569,606;-642,31;15799,49;9,058
14;2025;09;30;14;18;22;1,244;0,006;-0,229;20,158;20,872;21,68;-440,583;-325,171;15564,47;9,058
14;2025;09;30;14;18;23;1,406;0,019;-0,215;21,27;23,677;21,476;-509,381;-532,579;15661,56;9,058
14;2025;09;30;14;18;24;1,133;0,089;-0,196;20,669;19,967;21,702;-1230,564;-890,294;16211,69;9,058
14;2025;09;30;14;18;24;1,159;0,056;-0,221;24,897;16,344;22,177;-534,402;-46,092;15492,83;9,058
14;2025;09;30;14;18;24;1,188;-0,151;0,142;21,737;20,408;18,247;-782,048;-111,407;15779,83;9,058
14;2025;09;30;14;18;25;0,979;0,009;-0,113;19,49;21,159;24,073;-913,093;-778,052;15933,63;9,058
14;2025;09;30;14;18;25;0,934;0,045;0,21;24,096;21,093;22,899;-922,626;-145,614;15677,44;9,058
14;2025;09;30;14;18;26;0,835;-0,073;-0,057;20,514;20,585;20,889;-726,318;-167,372;15690,86;9,058
14;2025;09;30;14;18;27;0,749;0,133;-0,044;21,07;18,774;26,964;-654,206;92,594;15552,26;9,058
14;2025;09;30;14;18;27;0,905;0,102;0,022;21,003;21,402;24,661;-785,431;-136,858;15722,27;9,058
14;2025;09;30;14;18;28;1,083;-0,123;0,054;21,226;21,336;24,751;-474,132;-150,839;15529,33;9,058
14;2025;09;30;14;18;28;0,852;0,132;-0,026;21,47;21,071;25,88;-747,811;-125,392;15730,1;9,058
14;2025;09;30;14;18;29;0,579;-0,121;-0,545;19,557;20,497;25,248;-1181,274;-1318,557;16342,82;9,058
14;2025;09;30;14;18;29;1,027;0,039;-0,03;23,295;20,364;20,505;-855,277;-942,779;15898,61;9,058
14;2025;09;30;14;18;30;1,024;0,016;-0,05;23,161;19,172;21,68;-752,147;-311,226;15675,97;9,058
14;2025;09;30;14;18;30;0,714;0,066;-0,053;19,223;20,607;23,035;-891,506;-194,459;15843,23;9,058
14;2025;09;30;14;18;31;0,979;0,044;-0,068;20,936;22,153;23,848;-1273,904;-436,218;16105,25;9,058
14;2025;09;30;14;18;31;0,927;-0,022;0,269;18,4;23,324;21,815;-908,15;-691,017;15978,09;9,058
14;2025;09;30;14;18;32;0,924;-0,015;0,036;20,892;24,715;24,141;-830,902;-544,785;15817,24;9,058
14;2025;09;30;14;18;32;0,986;-0,037;-0,206;20,269;23,545;23,667;-735,042;-375,915;15798,59;9,058
14;2025;09;30;14;17;11;0,681;0,119;0,086;19,646;19,525;21,996;-1751,585;142,896;15911,62;9,058
14;2025;09;30;14;17;11;0,619;0,021;-0,172;20,269;16,079;19,715;-1605,377;-382,918;15993,99;9,058
14;2025;09;30;14;17;12;0,678;0,048;0,113;17,888;21,292;21,318;-1008,171;-183,487;15518,02;9,058
14;2025;09;30;14;17;12;0,317;0,012;0,038;23,206;22,462;19,941;-614,919;-376,314;15652,68;9,058
14;2025;09;30;14;17;13;0,636;0,077;0,026;22,049;21,756;25,067;-1030,498;-658,117;15883,1;9,058
14;2025;09;30;14;17;13;0,934;0,056;-0,253;23,25;23,125;20,28;-1117,199;422,198;15624;9,058
14;2025;09;30;14;17;14;1,085;-0,115;-0,288;22,894;23,169;24,683;-745,691;-430,074;15668,96;9,058
14;2025;09;30;14;17;14;0,855;0,006;-0,094;20,425;18,796;25,903;-1153,248;250,357;15823,06;9,058
14;2025;09;30;14;17;15;0,792;0,093;0,248;19,045;23,766;22,335;-780,792;-799,676;15792,11;9,058
14;2025;09;30;14;17;15;0,861;-0,032;0,011;18,956;22,109;24,435;-1065,89;-72,978;15926,92;9,058
14;2025;09;30;14;17;16;1,077;-0,004;-0,029;17,866;20,585;24,615;-1043,967;-469,401;15845,43;9,058
14;2025;09;30;14;17;16;1,008;-0,009;0,03;20,002;18,531;22,583;-1036,137;-464,757;15897,93;9,058
14;2025;09;30;14;17;17;0,751;0,07;-0,466;21,337;24,737;25,88;-1330,051;-465,628;16105,73;9,058
14;2025;09;30;14;17;17;0,457;0,133;0,119;23,606;20,033;23,577;-283,789;-1374,877;15910,82;9,058
14;2025;09;30;14;17;18;0,668;0,049;-0,124;19,401;19,105;24,999;-1016,437;1163,161;15240,23;9,058
14;2025;09;30;14;17;18;0,875;0,105;-0,174;22,205;22,485;24,412;-1086,381;-114,002;15575,58;9,058
14;2025;09;30;14;17;19;0,914;0,121;-0,13;19,49;20,497;18,202;-1179,612;725,45;15771,41;9,058
14;2025;09;30;14;17;19;0,662;0,107;0,2;20,736;19,79;25,428;285,11;-530,487;15340,16;9,058
14;2025;09;30;14;17;20;0,523;0,093;0,257;28,1;18,686;19,738;-980,86;-836,457;16174,37;9,058
14;2025;09;30;14;17;20;0,711;0,12;-0,115;21,938;23,876;24,435;-458,109;-511,415;15737,24;9,058
14;2025;09;30;14;17;21;0,676;0,069;0,248;21,537;22,639;23,667;-697,279;-181,039;15813,15;9,058
14;2025;09;30;14;17;21;0,372;0,133;0,126;24,496;17,957;23,125;-511,055;-27,658;15582,54;9,058
14;2025;09;30;14;17;22;0,549;0,052;-0,27;24,541;24,627;20,009;-602,501;-207,2;15443,35;9,058
14;2025;09;30;14;17;22;0,601;0,137;0,132;25,23;19,657;20,912;-835,124;-316,896;15601,42;9,058
14;2025;09;30;14;17;23;0,636;-0,002;-0,302;23,74;22,904;24,819;-595,955;-591,961;15788,56;9,058
14;2025;09;30;14;17;23;0,582;0,002;-0,205;20,158;20,276;23,69;-892,969;-323,605;15787,52;9,058
14;2025;09;30;14;17;24;0,489;-0,011;0,535;17,821;20,121;17,863;-530,14;535,918;15155,83;9,058
14;2025;09;30;14;17;24;0,703;0,029;-1,069;20,38;19,9;25,203;-235,437;-1268,599;15714,93;9,058
14;2025;09;30;14;17;25;0,413;0,121;-0,105;21,982;20,165;23,26;-697,313;671,672;15272,14;9,058
14;2025;09;30;14;17;25;0,845;0,082;0,455;21,381;20,585;20,709;986,692;-621,406;15484,41;9,058
14;2025;09;30;14;17;26;0,623;0,03;0,14;22,182;21,093;25,383;-1046,653;-196,514;15760,54;9,058
14;2025;09;30;14;17;26;0,761;0,077;0,031;23,295;25,069;26,129;98,811;-1037,425;15115;9,058
14;2025;09;30;14;17;27;0,824;0,109;0,144;22,027;17,89;21,093;-157,931;-755,257;15647,83;9,058
14;2025;09;30;14;17;27;1,043;0,071;-0,056;19,779;20,872;21,793;-1612,317;212,575;16289,41;9,058
14;2025;09;30;14;17;28;1,308;0,056;-0,455;19,668;18,111;23,667;-653,933;-45,378;15511,29;9,058
14;2025;09;30;14;17;28;1,071;0,064;-0,241;21,137;18,111;24,232;-281,081;-1393,327;15657,11;9,058
14;2025;09;30;14;17;29;0,614;0,046;0,045;18,689;18,266;20,754;-1877,586;-377,672;16597,48;9,058
14;2025;09;30;14;17;29;0,775;0,046;-0,243;22,583;19,017;21,138;-432,461;243,576;15373,73;9,058
14;2025;09;30;14;17;30;0,762;0,041;-0,123;21,537;19,127;21,928;-1626,584;-424,368;16308,2;9,058
14;2025;09;30;14;17;30;0,533;-0,017;-0,743;17,621;21,181;22,854;57,487;-201,493;15156,06;9,058
14;2025;09;30;14;17;31;0,5;-0,04;-0,102;23,139;25,4;24,548;-434,919;99,792;15652,91;9,058
14;2025;09;30;14;17;31;0,64;0,055;0,265;23,895;21,866;23,915;60,162;-621,233;15295,57;9,058
14;2025;09;30;14;17;32;0,598;0,052;-0,051;16,42;22,065;24,57;-655,699;-521,246;16150,74;9,058
14;2025;09;30;14;17;32;0,421;0,109;0,163;20,959;19,061;25,203;162,592;-290,921;15545,81;9,058
14;2025;09;30;14;17;33;0,752;0,078;-0,191;23,072;22,529;22,786;-1491,694;-553,74;16356,34;9,058
14;2025;09;30;14;17;33;0,567;0,075;-0,144;19,802;21,689;20,663;-351,559;47,536;15445,31;9,058
14;2025;09;30;14;17;34;0,756;0,105;0,027;24,296;20,585;21,409;-572,329;105,388;15595,54;9,058
14;2025;09;30;14;17;34;0,602;0,036;0,2;21,226;17,316;20,754;-389,988;-856,471;15783,46;9,058
14;2025;09;30;14;17;35;0,665;0,069;-0,142;23,473;20,607;21,77;-937,099;-256,906;16006,33;9,058
14;2025;09;30;14;17;35;0,384;0,048;0,048;22,427;15,461;21,68;-13,536;-116,872;15214,5;9,058
14;2025;09;30;14;17;36;0,956;-0,057;-0,297;19,557;20,099;23,035;-1168,276;-838,374;15922,77;9,058
14;2025;09;30;14;17;36;1,128;0,019;-0,08;18,778;20,408;22,38;-602,736;75,64;15606,62;9,058
14;2025;09;30;14;17;37;1,027;0,062;0,138;25,431;20,43;20,551;-344,827;-906,568;15995,57;9,058
14;2025;09;30;14;17;37;1,049;0,141;0,259;21,671;21,137;24,48;-666,919;135,883;15743,51;9,058
14;2025;09;30;14;17;38;0,803;0,049;-0,104;20,781;21,579;17,276;-716,556;-1002,251;15978,67;9,058
14;2025;09;30;14;17;38;0,735;-0,007;-0,24;19,891;20,806;29,629;-1301,436;366,181;15986,89;9,058
14;2025;09;30;14;17;39;1,048;0,049;-0,323;23,139;20,651;23,193;-736,443;-41,328;15643,74;9,058
14;2025;09;30;14;17;39;0,782;-0,046;0,011;18,511;21,601;19,692;-679,022;-432,407;15775,64;9,058
14;2025;09;30;14;17;40;0,473;0,144;0,137;21,648;20,806;21,341;-387,788;-330,507;15546,33;9,058
14;2025;09;30;14;17;40;0,645;0,037;0,037;22,36;19,083;24,999;-620,063;56,917;15488,92;9,058
15;2025;09;30;14;23;07;1,468;0,024;-4,133;23,384;22,705;-0,361;-548,807;-835,92;15788,96;9,02
15;2025;09;30;14;23;07;1,457;0,092;2,757;21,671;19,26;-0,813;-786,991;-492,825;15854,64;9,02
15;2025;09;30;14;23;08;1,233;0,05;-3,534;23,25;21,159;-0,881;-782,523;-750,693;15848,39;9,02
15;2025;09;30;14;23;08;1,267;0,041;-0,333;21,604;20,011;-0,881;-824,557;-619,52;15782,86;9,02
15;2025;09;30;14;23;09;1,464;0,122;-2,51;25,052;20,43;-0,836;-986,775;-730,658;15834,14;9,02
15;2025;09;30;14;23;09;1,369;-0,017;0,715;25,141;21,071;-0,474;-928,492;-623,736;15862,85;9,02
15;2025;09;30;14;23;10;1,127;-0,009;-2,367;23,139;19,967;-0,655;-640,248;-763,51;15748,15;9,02
15;2025;09;30;14;23;10;1,306;0,076;-4,225;26,632;21,226;-0,384;-641,173;-769,769;15751,69;9,02
15;2025;09;30;14;23;11;1,408;0,095;-3,242;25,364;19,017;-0,7;-909,169;-791,599;15855,87;9,02
15;2025;09;30;14;23;11;1,305;0,09;-1,611;17,933;21,314;-0,745;-750,855;-666,852;15789,76;9,02
15;2025;09;30;14;23;12;1,212;0,056;3,648;20,336;22,021;-0,7;-714,807;-659,014;15725,65;9,02
15;2025;09;30;14;23;12;1,162;0,024;4,276;21,114;22,507;-0,813;-795,479;-707,327;15852,46;9,02
15;2025;09;30;14;23;13;1,323;0,071;-1,75;19,49;23,545;-0,926;-707,257;-808,654;15657,45;9,02
15;2025;09;30;14;23;13;1,487;0,07;-0,068;23,406;20,232;7,881;-860,405;-737,616;15628,91;9,02
15;2025;09;30;14;23;14;1,466;0,089;-0,048;21,938;23,081;6,639;-661,391;-813,293;15819,89;9,02
15;2025;09;30;14;23;14;1,494;0,029;5,231;20,781;23,766;0;-838,242;-685,887;15792,03;9,02
15;2025;09;30;14;23;15;1,323;0,028;0,829;22,827;20,121;-0,339;-604,513;-673,563;15719,14;9,02
15;2025;09;30;14;23;15;1,402;0,087;-0,029;22,049;22,131;8,898;-595,328;-763,875;15655,61;9,02
15;2025;09;30;14;23;16;1,436;0,096;-0,071;20,135;19,172;24,774;-814,953;-869,19;15809,32;9,025
15;2025;09;30;14;23;16;1,217;0,094;-0,189;20,936;19,061;22,651;-917,129;-662,712;15899,56;9,02
15;2025;09;30;14;23;17;1,332;0,054;-0,023;22,36;23,037;19,941;-913,607;-859,99;15749,63;9,025
15;2025;09;30;14;23;17;1,345;0,066;-0,214;19,401;21,689;20,347;-861,218;-773,196;15879,58;9,025
15;2025;09;30;14;23;18;1,21;0,058;-0,019;22,649;18,089;20,573;-697,81;-817,878;15762,79;9,031
15;2025;09;30;14;23;18;1,335;0,113;-0,126;21,648;19,68;21,725;-954,289;-801,113;15843,99;9,039
15;2025;09;30;14;23;19;1,325;0,103;0,055;19,668;19,061;24,841;-847,351;-727,445;15740,47;9,02
15;2025;09;30;14;23;19;1,348;0,067;-0,116;23,74;21,932;20,37;-953,332;-770,709;15751,44;9,029
15;2025;09;30;14;23;20;1,477;0,042;-2,037;22,449;24,406;-0,723;-1002,552;-541,534;15823,89;9,031
15;2025;09;30;14;23;20;1,413;0,126;2,571;20,58;20,099;0,406;-875,689;-760,483;15947,35;9,034
15;2025;09;30;14;23;21;1,502;0,081;3,167;19,379;19,149;-0,294;-658,625;-826,305;15726,39;9,047
15;2025;09;30;14;23;21;1,308;0,139;2,474;20,002;18,288;-0,474;-939,171;-661,77;15883,53;9,043
15;2025;09;30;14;23;22;1,5;0,046;-1,254;23,673;19,194;0,158;-851,931;-988,908;15838,86;9,036
15;2025;09;30;14;23;22;1,368;0,032;-5,322;19,446;19,9;-0,226;-668,163;-913,673;15816,24;9,048
15;2025;09;30;14;23;23;1,247;0,064;-3,477;22,894;20,607;-0,632;-1131,348;-781,911;15809,78;9,047
15;2025;09;30;14;23;23;1,238;0,06;-0,742;21,938;22,065;-1,039;-659,71;-812,009;15776,43;9,043
15;2025;09;30;14;23;24;1,348;0,083;-0,768;21,693;20,099;-0,723;-867,936;-793,175;15814,78;9,058
15;2025;09;30;14;23;24;1,296;0,06;-0,566;23,117;24,848;5,872;-909,591;-876,296;15693,35;9,058
15;2025;09;30;14;23;25;1,142;0,015;-0,084;23,228;18,619;16,531;-980,787;-900,975;15764,02;9,052
15;2025;09;30;14;23;25;1,253;0,048;-0,393;24,296;20,033;4,72;-1118,72;-734,667;15852,67;9,058
15;2025;09;30;14;23;26;1,253;-0,012;-0,775;21,76;21,535;-0,971;-1161,32;-644,287;15761,58;9,058
15;2025;09;30;14;23;26;1,289;-0,017;-1,004;20,647;22,043;-0,565;-1091,813;-702,638;15800,11;9,053
15;2025;09;30;14;23;27;1,173;0,087;4,027;20,18;21,358;-0,723;-996,651;-839,871;15758,35;9,058
15;2025;09;30;14;23;27;1,236;0,085;-2,556;19,134;23,037;-0,406;-1032,644;-677,517;15745,71;9,053
15;2025;09;30;14;23;28;1,34;0,032;2,576;21,737;20,585;-1,061;-908,896;-929,571;15814,89;9,052
15;2025;09;30;14;23;28;1,079;0,11;0,089;21,559;21,248;13,911;-923,318;-941,806;15750,51;9,048
15;2025;09;30;14;23;29;1,248;0,146;-0,069;23,806;17,648;19,941;-966,971;-839,116;15870,38;9,052
15;2025;09;30;14;23;29;1,342;0,048;-0,241;20,158;19,945;4,765;-914,8;-785,794;15839,75;9,058
15;2025;09;30;14;23;30;1,279;0,128;0,03;17,554;19,834;9,846;-1058,939;-890,525;15862,07;9,058
15;2025;09;30;14;23;30;1,271;0,098;-0,021;20,825;23,213;21,16;-1081,727;-819,445;15852,21;9,053
15;2025;09;30;14;23;31;1,289;0,073;0,086;19,535;19,503;21,589;-981,148;-826,096;15858,7;9,052
15;2025;09;30;14;23;31;1,274;0,043;-0,197;19,579;19,172;23,215;-831,156;-830,598;15744,61;9,058
15;2025;09;30;14;23;32;1,28;0,058;0,029;20,113;18,067;22,244;-739,811;-794,155;15764,61;9,052
15;2025;09;30;14;23;32;1,263;0,094;-0,107;22,294;18,509;23,893;-701,715;-869,651;15769,42;9,058
15;2025;09;30;14;23;33;1,352;0,086;-0,095;21,003;21,689;21,928;-620,305;-745,66;15811,86;9,058
15;2025;09;30;14;23;33;1,332;0,083;0,058;18,622;21,999;21,318;-920,069;-635,053;15773,05;9,058
15;2025;09;30;14;23;34;1,413;0,118;-0,28;24,34;23,523;22,493;-836,037;-855,269;15861,64;9,052
15;2025;09;30;14;23;34;1,359;0,049;-0,017;21,493;20,806;22,967;-879,077;-777,074;15809,62;9,058
15;2025;09;30;14;23;35;1,421;0,061;-0,305;22,405;21,358;22,177;-979,682;-868,35;15923,47;9,052
15;2025;09;30;14;23;35;1,286;0,152;0,034;21,871;24,693;25,067;-784,23;-856,429;15775,12;9,058
15;2025;09;30;14;23;36;1,402;0,051;-0,261;19,245;23,368;22,922;-1063,498;-825,349;15806,04;9,058
15;2025;09;30;14;23;36;1,397;0,105;0,094;20,447;24,693;26,874;-999,31;-658,59;15843,41;9,058
15;2025;09;30;14;22;07;1,236;-0,084;-0,173;21,493;20,519;22,267;-261,871;-858,088;15857,61;9,047
15;2025;09;30;14;22;07;1,203;-0,109;-0,232;23,717;19,194;19,783;-677,268;-482,439;15772,54;9,034
15;2025;09;30;14;22;08;0,983;-0,097;0,061;22,071;18,575;20,46;-783,732;-716,883;15950,66;9,031
15;2025;09;30;14;22;08;1,201;-0,053;-0,268;21,96;21,336;26,219;-685,53;-475,547;15838,42;9,043
15;2025;09;30;14;22;09;1,179;-0,086;-0,128;18,533;21,005;26,558;-1480,931;-1055,224;16177,84;9,031
15;2025;09;30;14;22;09;1,143;-0,189;-0,03;22,85;18,973;22,809;-635,836;-580,032;15830,32;9,029
15;2025;09;30;14;22;10;1,085;-0,287;-0,119;19,468;18,73;20,844;-685,981;-634,318;15898,97;9,031
15;2025;09;30;14;22;10;1,158;-0,25;-0,079;23,228;20,453;21,341;-738,512;-104,628;15641,72;9,034
15;2025;09;30;14;22;11;1,115;0,008;0,052;20,58;20,453;21,093;-668,139;-229,632;15852,9;9,036
15;2025;09;30;14;22;11;0,938;-0,107;-0,015;22,449;23,832;21,996;-723,29;-483,552;15912,54;9,039
15;2025;09;30;14;22;12;0,504;-0,145;-0,252;22,138;21,91;23,238;-523,56;-570,475;15952,84;9,031
15;2025;09;30;14;22;12;0,501;-0,102;0,168;20,714;21,8;24,344;-899,29;-486,936;15956,46;9,029
15;2025;09;30;14;22;13;1,183;-0,028;0,242;21,27;20,894;20,618;-646,163;-399,347;15785,08;9,041
15;2025;09;30;14;22;13;1,017;-0,133;-0,211;15,419;15,947;25,338;-417,528;-355,994;15730,5;9,025
15;2025;09;30;14;22;14;1,127;-0,195;-0,065;21,159;19,459;20,618;-828,987;-77,689;15838,63;9,036
15;2025;09;30;14;22;14;0,634;-0,148;0,115;20,625;18,421;21,793;-447,379;-304,052;15783,55;9,034
15;2025;09;30;14;22;15;0,947;-0,149;-0,095;22,093;20,541;25,97;-196,006;-321,7;15662,92;9,036
15;2025;09;30;14;22;15;1,168;-0,09;0,012;17,265;23,699;22,515;-818,22;-744,354;15953,12;9,025
15;2025;09;30;14;22;16;0,88;-0,19;-0,039;16,82;19,856;21,793;-823,979;497,564;15762,07;9,041
15;2025;09;30;14;22;16;1,238;-0,118;-0,338;20,803;20,718;23,328;-587,492;-361,095;15890,47;9,039
15;2025;09;30;14;22;17;1,149;-0,165;0,067;20,336;17,625;20,98;-816,936;-226,395;15941,88;9,02
15;2025;09;30;14;22;17;1,006;-0,076;0,001;20,825;21,999;20,912;-744,462;-507,769;15942,96;9,039
15;2025;09;30;14;22;18;1,145;-0,134;-0,06;20,758;26,659;21,296;-326,503;-775,255;15755,49;9,036
15;2025;09;30;14;22;18;1,008;-0,096;0,364;24,429;19,878;25,97;-731,707;-529,153;15953,35;9,025
15;2025;09;30;14;22;19;1,111;-0,159;-0,131;22,516;19,702;23,599;-640,72;-489,075;15745,54;9,02
15;2025;09;30;14;22;19;1,202;-0,165;-0,216;20,046;20,298;24,299;-810,278;114,457;15833,78;9,025
15;2025;09;30;14;22;20;1,336;-0,147;0,152;23,517;21,689;26,422;-983,654;-233,629;15992,15;9,025
15;2025;09;30;14;22;20;1,264;-0,128;-0,273;19,423;22,507;20,596;-892,378;-284,53;15956,85;9,025
15;2025;09;30;14;22;21;1,035;-0,13;-0,029;21,648;19,437;21,205;-810,158;233,52;15807,94;9,025
15;2025;09;30;14;22;21;1,189;-0,143;-0,081;19,98;20,254;25,338;-332,069;-282,251;15769,26;9,029
15;2025;09;30;14;22;22;1,258;-0,105;-0,149;20,247;20,386;22,177;-749,027;-271,057;15869,58;9,02
15;2025;09;30;14;22;22;1,305;-0,171;-0,304;19,112;22,33;24,457;-649,73;-11,832;15732,16;9,034
15;2025;09;30;14;22;23;1,351;-0,159;-0,31;21,604;20,607;17,434;-688,869;-616,902;15855,22;9,025
15;2025;09;30;14;22;23;0,967;-0,162;0,246;21,537;25,334;22,38;-651,134;-658,317;15959,73;9,039
15;2025;09;30;14;22;24;1,068;-0,127;0,288;21,114;21,756;22,877;-693,511;-418,934;15805,97;9,02
15;2025;09;30;14;22;24;1,135;-0,066;-0,136;20,959;23,633;21,273;-762,179;-58,008;15720,88;9,02
15;2025;09;30;14;22;25;1,055;-0,1;-0,11;22,916;17,802;22,38;-720,149;-376,623;15793,76;9,031
15;2025;09;30;14;22;25;1,021;-0,151;-0,121;22,716;21,248;24,909;-596,8;-209,638;15871,76;9,025
15;2025;09;30;14;22;26;1,079;-0,205;-0,246;23,005;21,204;23,938;-1085,19;-402,489;15830,48;9,031
15;2025;09;30;14;22;26;0,889;-0,123;0,083;22,249;17,338;19,557;-686,134;-515,443;15847,13;9,025
15;2025;09;30;14;22;27;1,279;-0,098;0,127;20,536;24,472;26,648;-846,169;-240,161;15868,94;9,031
15;2025;09;30;14;22;27;0,98;-0,166;-0,073;23,028;18,752;22,402;-749,382;-138,167;15802,34;9,039
15;2025;09;30;14;22;28;1,06;-0,168;-0,101;20,536;25,069;20,392;-630,358;-327,536;15676,37;9,031
15;2025;09;30;14;22;28;1,317;-0,148;-0,132;22,16;18,973;23,848;-758,326;-167,923;15722,85;9,02
15;2025;09;30;14;22;29;1,339;-0,147;-0,1;21,47;20,629;22,922;-542,363;-32,114;15650,6;9,036
15;2025;09;30;14;22;29;1,157;-0,167;0,013;20,158;20,475;20,731;-1189,757;-364,666;15976,03;9,034
15;2025;09;30;14;22;30;1,299;-0,117;0,112;21,025;26,35;21,928;-639,053;-864,452;15985,42;9,031
15;2025;09;30;14;22;30;1,243;-0,194;-0,208;22,049;19,127;22,086;-304,866;-314,242;15493,81;9,034
15;2025;09;30;14;22;31;1,289;-0,202;0,03;19,957;22,507;23,848;-578,765;92,748;15668,92;9,047
15;2025;09;30;14;22;32;1,04;-0,289;-0,011;23,117;20,696;22,831;-732,965;136,462;15681,43;9,034
15;2025;09;30;14;22;32;1,039;-0,055;-0,029;23,428;19,503;22,244;-827,14;0,738;15743,5;9,047
15;2025;09;30;14;22;33;1,034;-0,214;-0,007;23,74;20,916;20,776;-536,157;-340,68;15812,14;9,043
15;2025;09;30;14;22;33;1,012;-0,104;0,07;23,272;19,9;26,287;-539,502;-507,127;15944,84;9,047
15;2025;09;30;14;22;34;1,367;-0,188;-0,214;22,939;21,932;21,183;-441,24;-250,563;15740,6;9,048
15;2025;09;30;14;22;34;1,079;-0,221;-0,074;18,711;19,37;22,086;-551,144;-434,278;15692,06;9,052
15;2025;09;30;14;22;35;0,787;-0,287;0,034;19,846;21,049;20,799;-787,536;-305,652;15801,29;9,053
15;2025;09;30;14;22;35;1,095;-0,119;-0,152;19,802;22,352;20,505;-548,831;-240,068;15802,9;9,052
15;2025;09;30;14;22;36;1,169;-0,192;-0,048;19,735;18,973;23,057;-633,178;-312,924;15763,55;9,053
15;2025;09;30;14;22;36;0,824;-0,101;0,158;24,429;18,531;25,045;-415,162;-267,968;15643,49;9,052
15;2025;09;30;14;22;37;1,052;-0,143;-0,036;18,689;19,525;23,148;-916,593;-221,064;15859,68;9,058
15;2025;09;30;14;21;09;1,076;0,184;-0,097;19,846;20,408;23,87;-1442,412;-579,546;16095,66;9,02
15;2025;09;30;14;21;10;0,955;0,125;-0,058;18,622;21,38;22,335;257,278;-138,676;15703,2;9,029
15;2025;09;30;14;21;10;0,85;0,044;0,165;16,776;17,78;19,805;-302,844;511,912;15030,72;9,025
15;2025;09;30;14;21;11;0,648;0,037;-0,009;23,094;23,744;23,712;-1145,515;-658,177;16265,35;9,029
15;2025;09;30;14;21;11;0,845;0,093;0,294;23,918;18,708;20,934;-872,514;-1513,417;16225,4;9,02
15;2025;09;30;14;21;12;0,662;-0,061;-0,2;19,312;16,83;25,157;-807,656;-189,482;15957,23;9,02
15;2025;09;30;14;21;12;0,581;0,021;0,195;21,048;18,443;21,838;-804,96;347,346;15639,03;9,031
15;2025;09;30;14;21;13;0,738;0,04;-0,099;21,893;22,418;18,247;42,75;-295,767;15285,75;9,025
15;2025;09;30;14;21;13;0,67;0,119;0,12;23,25;25,466;19,941;-169,391;1203,721;15464,28;9,047
15;2025;09;30;14;21;14;0,843;-0,008;0,073;22,227;18,73;24,186;-906,08;-1205,786;15841,25;9,039
15;2025;09;30;14;21;14;1,497;-0,181;-0,64;18,578;21,667;22,696;-1296,653;-375,314;16229,88;9,025
15;2025;09;30;14;21;15;1,045;-0,109;-0,441;22,405;22,683;26,129;-561,195;-481,336;15606,59;9,034
15;2025;09;30;14;21;15;1,049;-0,094;-0,363;17,799;18,884;24,367;-753,536;-1449,627;16233,51;9,041
15;2025;09;30;14;21;16;0,703;-0,011;-0,033;19,49;20,276;21,815;-1039,759;-419,72;16073,15;9,039
15;2025;09;30;14;21;16;0,951;-0,04;-0,13;18,266;19,348;24,367;-1086,829;-1338,48;16450,71;9,031
15;2025;09;30;14;21;17;0,763;-0,118;-0,115;21,671;18,421;22,606;-248,976;90,15;15388,63;9,043
15;2025;09;30;14;21;17;0,976;0,017;-0,325;20,603;18,398;20,573;-600,505;-595,672;16229,84;9,047
15;2025;09;30;14;21;18;0,901;-0,107;0,001;20,58;20,938;24,525;117,335;772,905;15354,76;9,053
15;2025;09;30;14;21;18;1,056;-0,095;-0,335;24,096;25,731;23,735;-924,653;-1265,785;16232,37;9,052
15;2025;09;30;14;21;19;0,793;0,042;0,053;18,711;24,605;25,609;-557,76;-923,952;15920,54;9,053
15;2025;09;30;14;21;19;0,751;0,028;0,071;19,868;20,342;22,967;-701,702;-1034,316;15947,25;9,052
15;2025;09;30;14;21;20;0,589;0,038;0,185;20,18;21,667;21,567;-627,504;-703,617;15842,54;9,058
15;2025;09;30;14;21;20;0,656;-0,037;0,177;20,247;20,519;23,396;-1016,791;-2488,957;16576,45;9,058
15;2025;09;30;14;21;21;0,374;-0,205;0,416;24,162;18,067;22,831;-396,836;-833,021;15877,05;9,058
15;2025;09;30;14;21;21;0,783;-0,024;-0,073;21,782;22,087;21,635;-1271,991;-4152,817;17412,9;9,058
15;2025;09;30;14;21;22;1,046;-0,064;-0,216;21,515;20,232;21,793;-1292,309;-1607,789;16168,14;9,058
15;2025;09;30;14;21;22;0,846;-0,226;-0,322;18,467;25,29;24,819;-1137,49;369,622;16129,85;9,058
15;2025;09;30;14;21;23;0,739;-0,123;0,227;21,092;24,141;23,215;-938,52;-338,314;15949,77;9,058
15;2025;09;30;14;21;23;0,664;-0,05;-0,06;22,093;22,264;20,347;-1027,8;834,492;15303,24;9,058
15;2025;09;30;14;21;24;0,692;-0,086;-0,016;20,781;24,009;24,119;-791,116;371,529;15173,11;9,058
15;2025;09;30;14;21;24;0,738;0,008;-0,271;18,4;17,559;20,076;-197,432;-801,438;15445,16;9,058
15;2025;09;30;14;21;25;0,513;-0,079;-0,089;24,785;19,591;24,615;-880,333;-1199,416;16035,19;9,058
15;2025;09;30;14;21;25;0,794;-0,202;0,035;19,334;19,061;19,354;-770,44;342,022;15529,42;9,058
15;2025;09;30;14;21;26;0,756;-0,081;-0,134;23,206;23,324;20,144;-673,274;-540,111;15897,59;9,058
15;2025;09;30;14;21;26;0,733;-0,056;0,071;19,512;20,033;25,316;-743,496;1208,419;14933,33;9,058
15;2025;09;30;14;21;27;0,868;-0,111;-0,309;23,072;21,977;20,934;-202,234;-503,123;15699,3;9,058
15;2025;09;30;14;21;27;0,583;-0,057;-0,105;18,689;18,509;23,328;-884,954;217,503;15314,37;9,058
15;2025;09;30;14;21;28;0,677;-0,087;0,036;19,201;17,824;17,479;-1284,582;858,959;15528,04;9,058
15;2025;09;30;14;21;28;0,68;-0,049;-0,023;17,577;24,119;23,419;-504,01;-601,847;15311,03;9,058
15;2025;09;30;14;21;29;-0,062;-0,014;0,026;21,048;20,364;22,515;-1152,226;-864,185;15950,96;9,058
15;2025;09;30;14;21;29;0,617;-0,016;0,279;18,422;17,67;20,867;-1545,73;469,116;15841,97;9,058
15;2025;09;30;14;21;30;0,805;-0,083;-0,308;16,776;20,563;19,534;-1293,449;-203,513;15901,05;9,058
15;2025;09;30;14;21;30;0,615;-0,093;-0,121;22,983;21,159;25,632;-1028,555;-845,725;16133,34;9,058
15;2025;09;30;14;21;31;0,645;-0,012;-0,072;22,338;17,758;21,973;-1589,581;2252,404;15474,92;9,053
15;2025;09;30;14;21;31;0,459;-0,099;0,164;22,16;19,304;18,021;-254,853;-206,487;15313,33;9,058
15;2025;09;30;14;21;32;0,413;0,157;0,983;22,894;18,818;21,273;-389,192;437,216;15260,3;9,053
15;2025;09;30;14;21;32;0,382;-0,018;-0,092;16,998;24,229;21,951;-950,9;-579,333;15783,46;9,052
15;2025;09;30;14;21;33;0,542;-0,041;-0,169;21,114;26,571;24,774;-475,407;268,261;15607,29;9,053
15;2025;09;30;14;21;33;0,125;0,083;0,509;20,002;24,185;23,373;-388,893;-1212,62;15596,36;9,036
15;2025;09;30;14;21;34;0,497;-0,108;0,322;25,609;20,806;22,944;-48,275;189,335;15169;9,039
15;2025;09;30;14;21;34;0,877;-0,102;-0,146;24,007;20,276;20,686;-790,717;-776,789;15684,25;9,041
15;2025;09;30;14;21;35;0,414;-0,101;-0,066;16,709;19,812;21,657;-282,296;1214,564;14980,48;9,043
15;2025;09;30;14;21;35;0,665;-0,014;0,093;18,6;22,948;21,499;-247,361;-945,416;15806,6;9,047
15;2025;09;30;14;21;36;0,613;-0,194;0,032;19,624;22,816;22,086;-728,316;-52,748;15612,8;9,025
15;2025;09;30;14;21;36;0,534;-0,088;0,032;21,826;18,708;20,799;-682,107;-91,732;15788,71;9,047
15;2025;09;30;14;21;37;0,412;-0,105;-0,152;21,604;21,181;24,977;-752,471;-793,93;16074,08;9,039
15;2025;09;30;14;21;37;0,543;0,037;-0,169;22,805;20,938;21,567;-1005,471;-328,722;15961,83;9,036
15;2025;09;30;14;21;38;0,472;0,067;0,173;18,667;19,547;25,045;-602,454;239,081;15567,7;9,029
15;2025;09;30;14;21;38;0,856;0,098;0,474;16,442;19,481;18,766;-712,858;-1172,525;15915,41;9,031
15;2025;09;30;14;21;39;0,82;-0,083;0,057;22,805;18,376;20,551;-797,728;-413,308;15621,17;9,025
16;2025;09;30;14;26;43;1,28;0,032;-0,006;23,984;21,977;5,917;-632,573;-558,658;15787,94;9,02
16;2025;09;30;14;26;44;1,287;0,097;-4,501;19,891;25,113;0,203;-666,614;-672,724;15855,95;9,02
16;2025;09;30;14;26;44;1,238;0,046;-0,518;23,339;23,412;0,226;-1241,609;-573,313;15922,55;9,02
16;2025;09;30;14;26;45;1,423;0,049;3,69;20,514;17,537;0,068;-1072,936;-556,588;15871,53;9,02
16;2025;09;30;14;26;45;1,239;0,039;-1,408;20,024;20,143;0,294;-1122,776;-503,975;15729,39;9,02
16;2025;09;30;14;26;46;1,33;-0,074;0,024;20,336;17,228;20,28;-721,278;-540,543;15855,55;9,02
16;2025;09;30;14;26;46;1,36;-0,107;0,13;21,114;21,557;8,243;-849,604;-532,823;15755,28;9,02
16;2025;09;30;14;26;47;1,348;0,082;0,084;24,251;21,667;3,433;-835,737;-472,416;15860,23;9,02
16;2025;09;30;14;26;47;1,439;-0,041;0,047;20,58;20,099;10,975;-974,226;-435,309;15696,28;9,02
16;2025;09;30;14;26;48;1,192;-0,039;-5,526;23,361;20,983;-0,045;-580,334;-450,492;15802,06;9,02
16;2025;09;30;14;26;48;1,218;-0,04;0,066;21,515;21,049;3,749;-683,523;-573,552;15838,45;9,02
16;2025;09;30;14;26;49;1,208;-0,019;-0,161;22,071;19,613;2,213;-607,501;-417,608;15791,44;9,02
16;2025;09;30;14;26;49;1,23;0,006;-0,305;24,763;21,424;0,158;-692,408;-450,542;15827,11;9,02
16;2025;09;30;14;26;50;1,268;-0,059;6,206;19,913;18,354;0,745;-724,742;-384,094;15768,74;9,02
16;2025;09;30;14;26;50;1,21;-0,091;0,05;24,407;22,352;13,55;-590,676;-612,152;15800,36;9,02
16;2025;09;30;14;26;51;1,506;-0,129;0,048;19,624;21,27;9,372;-562,266;-508,85;15749,1;9,02
16;2025;09;30;14;26;51;1,31;-0,096;-0,079;24,34;22,131;11,766;-876,443;-485,742;15882,44;9,02
16;2025;09;30;14;26;52;1,387;-0,079;-0,237;21,003;21,623;1,603;-759,349;-481,494;15762,45;9,02
16;2025;09;30;14;26;52;1,265;-0,043;3,164;23,005;22,529;0,339;-436,021;-717,475;15747,51;9,02
16;2025;09;30;14;26;53;1,192;-0,044;0,438;20,247;20,055;9,011;-823,753;-585,405;15786,25;9,02
16;2025;09;30;14;26;53;1,047;-0,08;0,157;22,761;20,916;16,282;-630,834;-444,994;15760,76;9,02
16;2025;09;30;14;26;54;1,24;-0,05;0,758;23,206;19,348;4,788;-661,6;-529,805;15779,4;9,02
16;2025;09;30;14;26;54;0,968;-0,096;-0,002;19,868;21,977;2,733;-929,624;-534,199;15835,25;9,02
16;2025;09;30;14;26;55;1,045;-0,117;0,102;21,381;20,254;16,915;-893,448;-366,641;15732,28;9,02
16;2025;09;30;14;26;55;1,024;-0,101;0,603;20,892;19,547;4,901;-812,81;-212,694;15804,47;9,02
16;2025;09;30;14;26;56;1,188;-0,075;-2,079;22,56;20,099;-0,158;-668,448;-391,66;15794,93;9,02
16;2025;09;30;14;26;56;1,178;-0,084;-3,111;20,803;22,33;0,023;-637,252;-523,54;15858,17;9,02
16;2025;09;30;14;26;57;1,205;-0,053;3,326;21,582;22,794;-0,406;-766,732;-384,673;15706,7;9,02
16;2025;09;30;14;26;57;1,291;-0,036;2,83;17,666;16,985;-0,181;-701,72;-510,896;15796,17;9,02
16;2025;09;30;14;26;58;1,212;-0,058;0,282;19,49;21,712;1,807;-793,269;-370,311;15778,44;9,02
16;2025;09;30;14;26;58;1,254;-0,059;0,952;19,09;21,645;8,13;-752,595;-625,874;15862,19;9,02
16;2025;09;30;14;26;59;1,139;-0,011;0,083;21,337;25,908;10,998;-865,869;-354,562;15794,1;9,02
16;2025;09;30;14;26;59;1,152;-0,052;-0,139;20,158;22,529;15,808;-911,023;-542,816;15828,56;9,02
16;2025;09;30;14;27;00;1,369;-0,074;0,061;22,605;18,178;4,765;-831,391;-482,233;15862,41;9,02
16;2025;09;30;14;27;00;1,374;-0,084;-0,067;21,626;22,507;3,794;-719,077;-538,047;15846,93;9,02
16;2025;09;30;14;27;01;1,279;-0,036;0,071;22,316;20,85;15,56;-817,73;-415,366;15881,24;9,02
16;2025;09;30;14;27;01;1,392;-0,007;0,997;25,052;21,8;6,368;-806,376;-396,634;15867,2;9,02
16;2025;09;30;14;27;02;1,372;-0,059;-0,189;21,671;21,623;11,359;-774,335;-396,909;15820,93;9,02
16;2025;09;30;14;27;02;1,201;-0,088;0,152;22,894;19,922;7,565;-867,316;-354,138;15804,66;9,02
16;2025;09;30;14;27;03;1,448;-0,125;0,679;20,514;20,188;0,361;-848,771;-499,85;15806,7;9,02
16;2025;09;30;14;27;03;1,361;-0,131;-1,897;21,493;21,424;0,135;-790,623;-388,65;15771,05;9,02
16;2025;09;30;14;27;04;1,255;-0,032;-0,053;21,114;21,888;2,439;-830,559;-391,341;15794,78;9,02
16;2025;09;30;14;27;04;1,101;-0,152;-0,037;18,845;21,226;19,783;-1036,671;-482,09;15889,1;9,02
16;2025;09;30;14;27;05;1,343;-0,103;-0,129;21,849;19,989;15,266;-910,792;-557,585;15833,68;9,02
16;2025;09;30;14;27;05;1,209;-0,026;0,171;20,959;18,509;3,071;-935,972;-26,232;15727,88;9,02
16;2025;09;30;14;27;06;1,186;0;6,176;20,647;19,746;0,181;-804,279;-456,092;15815,96;9,02
16;2025;09;30;14;27;06;1,184;0,012;-3,49;20,536;20,806;0,406;-821,683;-154,816;15732,56;9,02
16;2025;09;30;14;27;07;1,239;-0,12;4,213;20,18;19,856;-0,452;-1053,224;-376,494;15830,33;9,02
16;2025;09;30;14;27;07;1,323;-0,041;-0,899;21,114;22,728;1,197;-834,856;-497,147;15802,67;9,02
16;2025;09;30;14;27;08;1,365;-0,075;0,226;19,757;21,049;8,401;-858,142;-175,602;15824,91;9,02
16;2025;09;30;14;27;08;1,37;-0,041;0,984;19,601;22,882;0,09;-802,242;-579,062;15763,01;9,02
16;2025;09;30;14;27;09;1,389;-0,117;-0,337;23,183;22,352;-0,316;-849,689;-416,38;15775,21;9,02
16;2025;09;30;14;27;09;1,426;-0,154;1,583;25,742;22,065;-0,09;-845,766;-382,089;15862,33;9,02
16;2025;09;30;14;27;10;1,119;-0,009;0,128;21,448;22,993;2,371;-739,655;-529,861;15817,33;9,02
16;2025;09;30;14;27;10;1,446;-0,142;-0,07;22,738;18,951;15,515;-837,079;-434,216;15872,41;9,02
16;2025;09;30;14;27;11;1,217;-0,006;3,13;21,07;22,308;0,226;-780,57;-447,329;15811,83;9,02
16;2025;09;30;14;27;11;1,262;0,014;2,405;20,291;21,27;-0,203;-882,091;-323,703;15744,67;9,02
16;2025;09;30;14;27;12;1,133;-0,145;1,563;22,294;23,169;-0,361;-863,512;-307,851;15827,27;9,02
16;2025;09;30;14;27;12;1,213;-0,096;1,607;19,913;22,153;-0,61;-795,401;-448,763;15872,71;9,02
16;2025;09;30;14;27;13;1,184;-0,051;0,038;25,408;22,948;16,282;-832,157;-459,785;15776;9,02
16;2025;09;30;14;25;42;1,198;-0,202;0,138;19,045;20,894;24,277;-888,064;-520,308;15747,03;9,02
16;2025;09;30;14;25;42;0,969;-0,11;0,355;25,497;22,816;22,131;-849,494;-536,749;15871,37;9,02
16;2025;09;30;14;25;43;1,282;-0,163;-0,053;22,827;21,579;21,002;-947,584;-1001,367;15969,31;9,02
16;2025;09;30;14;25;43;1,195;-0,078;-0,149;20,803;21,27;20,099;-922,356;-227,198;15751,77;9,02
16;2025;09;30;14;25;44;1,161;-0,104;0,002;17,799;21,314;21,16;-604,908;-270,292;15629,65;9,02
16;2025;09;30;14;25;44;1,221;-0,157;-0,016;20,158;19,702;25,112;-718,752;-784,065;15887,9;9,02
16;2025;09;30;14;25;45;1,132;-0,106;-0,309;22,672;17,316;21,476;-756,142;-328,271;15754;9,02
16;2025;09;30;14;25;45;1,26;-0,155;-0,105;20,18;21,093;23,396;-650,129;-342,711;15698,06;9,02
16;2025;09;30;14;25;46;1,146;-0,153;0,024;21,404;17,581;20,934;-926,146;-372,861;15896,39;9,02
16;2025;09;30;14;25;46;1,291;-0,207;-0,319;21,426;25,709;21,77;-880,304;-229,546;15985,88;9,02
16;2025;09;30;14;25;47;1,294;-0,084;0,248;24,986;22,418;22,289;-791,04;-572,87;15831,49;9,02
16;2025;09;30;14;25;47;1,194;-0,154;0,115;19,357;23,633;22,335;-713,037;-491,303;16018,7;9,02
16;2025;09;30;14;25;48;1,198;-0,179;0,128;21,804;20,828;22,131;-878,428;-821,596;16037,03;9,02
16;2025;09;30;14;25;48;1,102;-0,191;-0,104;22,027;24,517;24,48;-758,459;-736,971;16025,05;9,02
16;2025;09;30;14;25;49;1,278;-0,151;-0,018;21,426;22,44;19,85;-651,351;-641,925;15661,39;9,02
16;2025;09;30;14;25;49;1,262;-0,213;-0,084;22,805;19,392;21,16;-742,182;-457,81;15822,05;9,02
16;2025;09;30;14;25;50;1,269;-0,211;-0,339;23,094;24,494;24,096;-841,673;-499,386;15946,73;9,02
16;2025;09;30;14;25;50;1,185;-0,274;-0,21;22,716;22,308;23,012;-588,348;-564,539;15820,08;9,02
16;2025;09;30;14;25;51;1,143;-0,147;-0,257;26,677;21,071;21,476;-847,517;-855,1;16021,65;9,02
16;2025;09;30;14;25;51;1,252;-0,216;0,073;18,378;20,386;24,909;-237,005;-253,05;15648,8;9,02
16;2025;09;30;14;25;52;0,907;-0,086;0,171;22,583;19,414;25,79;-64,408;-422,155;15671,69;9,02
16;2025;09;30;14;25;52;1,265;-0,104;-0,017;25,075;21,756;25,474;-405,314;-818,919;15786,78;9,02
16;2025;09;30;14;25;53;0,894;-0,186;-0,427;20,358;21,623;20,867;-896,344;-832,147;15993,76;9,02
16;2025;09;30;14;25;53;0,86;-0,096;0,012;23,228;20,011;25,157;-1034,388;-114,894;15871,69;9,02
16;2025;09;30;14;25;54;1,021;-0,233;0,016;22,182;22,197;20,099;-843,131;-457,296;15872,82;9,02
16;2025;09;30;14;25;54;1,308;-0,174;0,27;19,067;21,159;22,312;-743,545;-189,808;15701,25;9,02
16;2025;09;30;14;25;55;0,708;-0,036;0,095;21,537;18,84;20,347;-1126,36;-337,943;15939,03;9,02
16;2025;09;30;14;25;55;1,096;-0,03;0,178;20,046;17,603;20,731;-661,562;-302,307;15741,33;9,02
16;2025;09;30;14;25;56;0,785;-0,31;-0,039;22,049;19,657;19,579;-699,705;19,701;15658,69;9,02
16;2025;09;30;14;25;56;1,093;-0,117;-0,086;18,066;19,922;19,467;-916,957;-611,111;15986,66;9,02
16;2025;09;30;14;25;57;1,004;-0,17;0,075;19,379;26,217;24,073;-870,756;-451,976;15840,69;9,02
16;2025;09;30;14;25;57;0,967;-0,12;0,007;19,846;20,121;20,347;-582,868;-320,415;15693,71;9,02
16;2025;09;30;14;25;58;0,739;-0,121;-0,136;20,58;17,625;20,844;-962,753;-502,774;15866,67;9,02
16;2025;09;30;14;25;58;0,897;-0,099;-0,026;19,735;18,84;20,325;-1009,812;-416,848;15951,11;9,02
16;2025;09;30;14;25;59;0,799;-0,152;-0,025;19,846;18,597;27,393;-859,443;-383,793;15921,79;9,02
16;2025;09;30;14;25;59;0,983;-0,186;-0,192;19,29;21,049;23,915;-359,222;-192,305;15703,62;9,02
16;2025;09;30;14;26;00;0,982;-0,19;0,011;20,402;20,21;24,615;-796,335;-225,919;15800,15;9,02
16;2025;09;30;14;26;00;0,922;-0,162;-0,144;18,978;18,951;22,831;-705,704;-413,404;15771,28;9,02
16;2025;09;30;14;26;01;1,182;-0,176;-0,324;22,449;20,43;24,141;-707,361;-415,172;15787,6;9,02
16;2025;09;30;14;26;01;1,201;-0,11;0,955;18,978;19,834;25,97;-1266,616;-55,826;15936,44;9,02
16;2025;09;30;14;26;02;0,966;-0,082;-0,086;21,048;20,165;21,228;-514,298;15,217;15684,07;9,02
16;2025;09;30;14;26;02;1,131;-0,033;0,175;20,447;18,288;23,915;-553,479;-417,393;15809,49;9,02
16;2025;09;30;14;26;03;0,925;-0,092;-0,361;24,652;23,191;20,302;-553,432;-42,956;15705,65;9,02
16;2025;09;30;14;26;03;0,979;-0,236;-0,153;24,696;19,989;23,306;-779,19;-429,523;15797,51;9,02
16;2025;09;30;14;26;04;0,982;-0,204;-0,245;22,538;18,465;22,628;-1027,046;-822,682;16011,77;9,02
16;2025;09;30;14;26;04;0,905;-0,146;0,015;25,275;22,264;22,425;-535,258;-365,874;15744,58;9,02
16;2025;09;30;14;26;05;0,897;-0,104;-0,218;19,512;17,846;22,289;-667,599;-505,453;15777,81;9,02
16;2025;09;30;14;26;05;1,033;-0,014;0,22;21,849;21,27;25,587;-651,434;-362,622;15706,41;9,02
16;2025;09;30;14;26;06;0,94;-0,248;-0,46;18,111;21,137;20,844;-927,007;-86,639;15786,12;9,02
16;2025;09;30;14;26;06;0,857;-0,031;0,189;22,538;19,922;23,102;-701,971;-119,962;15720,04;9,02
16;2025;09;30;14;26;07;1,141;-0,177;0,575;22,405;22,308;23,893;-689,375;-798,022;15833,31;9,02
16;2025;09;30;14;26;07;1,113;-0,185;-0,032;23,295;20,541;23,125;-636,684;-555,907;15837,89;9,02
16;2025;09;30;14;26;08;1,258;-0,133;0,027;20,447;19,083;22,944;-503,512;-357,554;15667,87;9,02
16;2025;09;30;14;26;08;1,275;-0,222;-0,077;23,406;23,302;20,663;-406,037;-625,893;15613,3;9,02
16;2025;09;30;14;26;09;1,163;-0,151;-0,131;22,672;20,673;23,283;-958,971;-154,891;15997,63;9,02
16;2025;09;30;14;26;09;1,324;-0,222;-0,385;22,471;22,485;25,067;-1316,345;-351,488;16177,71;9,02
16;2025;09;30;14;26;10;0,994;-0,274;-0,201;21,938;24,053;20,889;-1116,833;-218,371;15955,19;9,02
16;2025;09;30;14;26;10;0,873;-0,156;0,32;23,094;25,356;25,383;-898,387;-227,679;16013,84;9,02
16;2025;09;30;14;26;11;0,966;-0,114;0,279;21,203;24,34;26,196;-644,087;-653,962;15741,62;9,02
16;2025;09;30;14;26;11;1,242;-0,23;-0,029;22,916;22,264;24,796;-767,462;-365,189;15902,39;9,02
16;2025;09;30;14;24;34;0,704;0,012;-0,019;22,983;17,515;19,76;-645,897;165,954;15480,95;9,02
16;2025;09;30;14;24;35;1;-0,109;-0,058;18,6;19,348;24,051;-278,456;-1697,337;15776,55;9,02
16;2025;09;30;14;24;35;0,703;0,153;0,101;21,96;19,878;21,025;-491,625;-240,104;15688,65;9,02
16;2025;09;30;14;24;36;0,583;0,025;0,233;19,245;19,459;19,963;-611,222;-309,868;15555,48;9,02
16;2025;09;30;14;24;36;0,384;-0,138;0,064;17,577;21,402;28,726;-617,985;-484,154;15592,3;9,02
16;2025;09;30;14;24;37;0,667;0,041;0,015;17,844;18,354;22,673;-1350,384;-350,324;16085,65;9,02
16;2025;09;30;14;24;37;0,456;-0,136;-0,321;25,52;19,967;16,96;-589,471;-121,562;15345,82;9,02
16;2025;09;30;14;24;38;0,472;0,003;-0,031;20,87;20,806;19,467;-1244,081;-757,855;16257,04;9,02
16;2025;09;30;14;24;38;0,313;-0,008;0,305;18,066;16,366;22,493;-1714,476;129,455;15726,72;9,02
16;2025;09;30;14;24;39;0,679;0,03;0,711;17,955;23,964;20,799;-1392,293;332,803;15865,39;9,02
16;2025;09;30;14;24;39;0,697;-0,018;-0,222;18,533;23,412;25,767;-650,192;-939,365;16167,34;9,02
16;2025;09;30;14;24;40;0,495;-0,001;-0,108;18,444;18,509;21,522;-579,1;-600,052;15830,73;9,02
16;2025;09;30;14;24;40;0,75;-0,012;0,066;21,737;21,248;20,031;-1127,831;-1341,062;16130,67;9,02
16;2025;09;30;14;24;41;1,23;-0,077;-0,322;20,447;21,977;25,157;-352,745;-720,889;15905,09;9,02
16;2025;09;30;14;24;41;1,077;-0,039;0,167;24,073;19,945;27,348;-874,296;563,259;15696,84;9,02
16;2025;09;30;14;24;42;1,05;-0,071;0,377;22,071;20,673;18,202;-491,867;166,567;15661,1;9,02
16;2025;09;30;14;24;42;1,17;-0,147;-0,164;20,491;19,37;21,793;-595,638;-797,023;15833,37;9,02
16;2025;09;30;14;24;43;1,162;-0,084;-0,165;18,533;20,784;23,035;-683,711;-1270,737;16026,63;9,02
16;2025;09;30;14;24;43;0,776;-0,104;-0,152;18,222;22,175;18,112;-795,609;-1752,095;16542,92;9,02
16;2025;09;30;14;24;44;0,973;-0,151;-0,467;22,471;23,258;26,671;-611,24;-140,219;15864,5;9,02
16;2025;09;30;14;24;44;0,829;-0,174;-0,222;24,207;20,872;17,75;-883,173;-489,163;15832,2;9,02
16;2025;09;30;14;24;45;0,608;-0,004;-0,08;22,494;19,768;23,125;-439,39;269,809;15399,26;9,02
16;2025;09;30;14;24;45;0,768;0,005;-0,044;17,955;19,37;22,154;-552,12;-537,012;15705,32;9,02
16;2025;09;30;14;24;46;1,044;-0,113;-0,114;18,889;24,693;22,018;-759,541;-363,375;15988,38;9,02
16;2025;09;30;14;24;46;0,858;-0,059;0,077;22,672;20,342;22,312;-659,357;-740,618;15786,59;9,02
16;2025;09;30;14;24;47;0,848;-0,182;0,294;19,067;20,408;25,225;-1076,284;168,195;15666,57;9,02
16;2025;09;30;14;24;47;0,737;-0,061;0,111;21,048;19,26;23,69;-294,266;-2285,545;16301,4;9,02
16;2025;09;30;14;24;48;0,73;0,016;-0,12;23,406;20,629;20,731;-638,807;-323,484;15743,73;9,02
16;2025;09;30;14;24;48;0,558;-0,062;-0,054;25,052;24,141;25,09;-917,517;-228,451;16024,12;9,02
16;2025;09;30;14;24;49;0,605;0,041;-0,351;19,846;18,708;19,376;-1089,255;-1350,448;16393,76;9,02
16;2025;09;30;14;24;49;0,461;0,047;-0,307;20,358;17,228;22,628;-941,325;1761,249;15151,9;9,02
16;2025;09;30;14;24;50;0,675;0,022;-0,023;19,201;22,396;21,747;-167,663;1082,165;15298,99;9,02
16;2025;09;30;14;24;50;0,919;-0,323;-0,073;25,164;22,882;21,409;-895,048;-737,937;15886,93;9,02
16;2025;09;30;14;24;51;0,498;0,041;0,247;20,647;22,705;19,105;-1928,99;-858,581;16332,25;9,02
16;2025;09;30;14;24;51;0,663;0,019;-0,245;21,47;18,244;22,064;-822,064;117,091;15716,28;9,02
16;2025;09;30;14;24;52;0,855;0,086;0,285;21,27;21,689;22,944;-564,689;190,204;15446,58;9,02
16;2025;09;30;14;24;52;0,844;-0,07;-0,192;22,916;21,469;20,98;-850,154;-193,136;16076,13;9,02
16;2025;09;30;14;24;53;0,991;-0,214;-0,357;22,939;20,85;22,809;-400,5;186,099;15678,83;9,02
16;2025;09;30;14;24;53;1,064;-0,08;-0,277;21,292;24,185;22,606;-1396,62;-257,706;15326,98;9,02
16;2025;09;30;14;24;54;0,883;-0,185;-0,523;20,514;20,342;22,131;-686,076;739,45;15730,73;9,02
16;2025;09;30;14;24;54;0,648;-0,005;0,482;23,005;18,973;27,438;-1361,186;-1205,138;15618,24;9,02
16;2025;09;30;14;24;55;0,671;-0,176;-0,326;19,156;20,961;20,754;-755,93;1651,308;15148,31;9,02
16;2025;09;30;14;24;55;0,832;-0,148;0,271;18,667;20,453;21,318;-645,568;2524,368;15033,38;9,02
16;2025;09;30;14;24;56;0,761;-0,008;-0,072;24,051;19,414;23,148;-1598,431;-922,849;15895,62;9,02
16;2025;09;30;14;24;56;0,845;-0,081;0,348;18,622;18,575;19,15;-394,259;-1912,185;16269,51;9,02
16;2025;09;30;14;24;57;1,059;-0,224;0,363;23,873;21,999;23,712;-898,937;-154,558;15962,53;9,02
16;2025;09;30;14;24;57;0,926;-0,103;-0,077;21,025;18,531;24,322;-1099,484;-849,598;16823,75;9,02
16;2025;09;30;14;24;58;0,795;-0,187;-0,192;22,939;18,686;22,583;-520,909;424,559;15594,46;9,02
16;2025;09;30;14;24;58;0,449;0,003;0,014;18,2;20,629;19,828;-437,504;892,388;15465,03;9,02
16;2025;09;30;14;24;59;0,664;-0,023;-0,037;19,824;20,696;24,39;-439,383;556,403;15196,12;9,02
16;2025;09;30;14;24;59;0,663;-0,05;0,215;22,271;18,774;24,638;-656,549;-36,73;15616,29;9,02
16;2025;09;30;14;25;00;0,834;-0,131;0,363;19,446;22,485;23,735;-457,76;-636,638;15897,5;9,02
16;2025;09;30;14;25;00;0,724;-0,162;0,093;19,09;21,292;22,538;-1322,471;-159,019;15967,67;9,02
16;2025;09;30;14;25;01;0,693;0,008;0,043;20,202;20,453;22,967;-477,684;-923,717;15776,58;9,02
16;2025;09;30;14;25;01;0,634;-0,069;0,022;23,717;21,314;27,755;-251,872;33,156;15533,1;9,02
16;2025;09;30;14;25;02;1,006;-0,059;0,102;20,38;21,712;20,867;-1095,994;-357,126;16101,99;9,02
16;2025;09;30;14;25;02;1,063;-0,246;-0,071;19,535;23,876;23,712;-513,82;-128,872;15684,36;9,02
16;2025;09;30;14;25;03;0,992;-0,124;0,291;20,714;24,34;23,419;-588,647;-327,87;15847,87;9,02
16;2025;09;30;14;25;03;1,009;-0,018;0,127;19,357;22,948;24,073;-491,207;-382,318;15666,04;9,02
16;2025;09;30;14;25;04;0,418;-0,132;0,376;21,604;18,553;21,77;-234,402;703,904;15095,65;9,02
17;2025;09;30;14;29;51;1,065;0,086;2,777;22,16;23,015;-0,474;-885,206;-430,147;15682,55;9,02
17;2025;09;30;14;29;51;1,179;0,113;5,99;18,2;20,961;-0,565;-927,41;-882,101;15739,44;9,02
17;2025;09;30;14;29;52;1,196;0,01;-3,019;18,756;22,153;-0,294;-1017,542;-570,317;15778,67;9,02
17;2025;09;30;14;29;52;1,259;0,129;-2,558;19,09;20,894;-0,542;-926,294;-229,122;15763,8;9,02
17;2025;09;30;14;29;53;1,119;0,034;3,148;20,469;18,818;-0,79;-1053,603;-324,571;15776,54;9,02
17;2025;09;30;14;29;53;1,039;0,093;-2,191;21,915;19,481;-0,565;-909,185;-431,972;15803,44;9,02
17;2025;09;30;14;29;54;1,016;0,216;1,269;19,713;21,358;-0,903;-994,806;-566,661;15810,63;9,02
17;2025;09;30;14;29;54;1,392;0,128;-2,549;21,715;18,973;-0,542;-1021,588;-651,689;15937,28;9,02
17;2025;09;30;14;29;55;1,326;0,11;4,102;17,799;18,376;-0,452;-1074,065;-524,521;15892,11;9,02
17;2025;09;30;14;29;55;1,244;0,062;-3,862;21,248;22,838;-0,903;-830,847;-439,981;15761,64;9,02
17;2025;09;30;14;29;56;1,191;0,068;-0,342;21,27;20,143;-0,474;-817,544;-534,598;15849,07;9,02
17;2025;09;30;14;29;56;1,273;0,035;3,237;16,642;17,515;-0,745;-901,538;-364,959;15842,26;9,02
17;2025;09;30;14;29;57;1,317;0,072;-2,884;17,109;21,579;-0,135;-1056,704;-497,452;15836,77;9,02
17;2025;09;30;14;29;57;1,462;0,128;0,445;22,004;20,254;-0,429;-935,223;-374,43;15826,39;9,02
17;2025;09;30;14;29;58;1,103;0,139;3,393;20,892;23,92;-0,813;-912,81;-426,5;15812,77;9,02
17;2025;09;30;14;29;58;1,348;0,101;3,995;22,649;22,308;-1,129;-706,867;-494,696;15816,74;9,02
17;2025;09;30;14;29;59;1,297;0,085;-1,842;19,245;22,264;-0,61;-877,857;-445,201;15849,71;9,02
17;2025;09;30;14;29;59;1,253;0,072;-2,478;19,913;20,43;-0,497;-903,866;-412,277;15775,09;9,02
17;2025;09;30;14;30;00;1,338;0,106;-3,061;24,63;18,796;-0,61;-979,56;-349,702;15889,07;9,02
17;2025;09;30;14;30;00;0,964;0,076;1,717;21,27;18,222;-0,723;-762,805;-268,947;15790,66;9,02
17;2025;09;30;14;30;01;1,263;0,016;-1,639;18,711;19,768;-0,768;-708,82;-373,694;15807,43;9,02
17;2025;09;30;14;30;01;1,303;0,113;2,343;19,468;20,121;-1,039;-717,653;-586,759;15838,37;9,02
17;2025;09;30;14;30;02;1,368;0,07;4,485;22,605;24,252;-0,542;-766,767;-351,429;15758,98;9,02
17;2025;09;30;14;30;02;1,34;0,124;4,676;19,624;21,336;-0,994;-749,6;-360,276;15806,3;9,02
17;2025;09;30;14;30;03;1,032;0,098;2,039;19,779;21,292;-0,587;-765,806;-313,297;15714,86;9,02
17;2025;09;30;14;30;03;1,456;0,136;-2,656;21,938;21,999;-1,016;-844,982;-150,773;15732,47;9,02
17;2025;09;30;14;30;04;1,5;0,103;-0,33;16,687;18,156;-0,632;-1054,028;-313,886;15991,24;9,02
17;2025;09;30;14;30;04;1,333;0,191;-2,616;21,559;19,326;-0,587;-655,822;-352,486;15834,25;9,02
17;2025;09;30;14;30;05;1,384;0,096;3,65;20,514;19,68;-0,745;-719,967;-512,72;15857,91;9,02
17;2025;09;30;14;30;05;1,334;0,116;6,669;19,134;20,673;-0,542;-557,775;-351,835;15790,31;9,02
17;2025;09;30;14;30;06;1,333;0,096;0,683;22,605;21,91;-0,948;-838,544;-653,51;15892,33;9,02
17;2025;09;30;14;30;06;1,345;0,104;4,691;21,092;18,619;-0,903;-910,785;-328,91;15749,59;9,02
17;2025;09;30;14;30;07;1,336;0,113;5,386;19,891;19,017;-0,948;-891,127;-588,915;15897,99;9,02
17;2025;09;30;14;30;07;1,276;0,07;-4,562;21,292;20,453;-0,452;-784,573;-618,297;15772,87;9,02
17;2025;09;30;14;30;08;1,038;0,173;1,838;22,827;20,298;-0,226;-929,664;-337,376;15840,89;9,02
17;2025;09;30;14;30;08;1,3;0,13;-3,537;19,668;22,683;-0,948;-1022,986;-326,162;15899,47;9,02
17;2025;09;30;14;30;09;1,139;0,177;2,39;22,516;23,346;-0,677;-918,856;-384,815;15853,17;9,02
17;2025;09;30;14;30;09;1,3;0,175;-3,368;21,938;21,115;-0,181;-894,745;-444,614;15851,69;9,02
17;2025;09;30;14;30;10;1,191;0,219;5,065;24,073;19,238;-0,994;-837,27;-493,924;15859,76;9,02
17;2025;09;30;14;30;10;1,224;0,081;-2,393;20,024;18,951;-0,497;-667,026;-489,405;15810,67;9,02
17;2025;09;30;14;30;11;1,227;0,118;3,988;19,023;19,481;-0,948;-833,609;-467,457;15797,57;9,02
17;2025;09;30;14;30;11;0,88;0,167;-3,939;19,001;20,077;-0,474;-791,859;-353,111;15730,12;9,02
17;2025;09;30;14;30;12;1,052;0,126;-0,14;19,579;17,625;-0,226;-795,882;-303,979;15783,25;9,02
17;2025;09;30;14;30;12;1,154;0,08;-0,171;18,578;21,513;1,378;-864,532;-335,863;15829,77;9,02
17;2025;09;30;14;30;13;1,076;0,128;0,182;20,758;22,197;-0,858;-753,883;-393,201;15828,32;9,02
17;2025;09;30;14;30;13;1,237;0,212;-0,023;22,449;18,929;11,269;-815,44;-252,034;15832,32;9,02
17;2025;09;30;14;30;14;1,083;0,192;-0,126;21,982;17,294;11,404;-812,213;-359,883;15759,09;9,02
17;2025;09;30;14;30;14;0,759;0,067;-3,128;20,358;21,623;-0,587;-999,751;-360,542;15834,09;9,02
17;2025;09;30;14;30;15;1,202;0,107;-2,003;18,022;19,282;-0,948;-1014,527;-461,182;15863,6;9,02
17;2025;09;30;14;30;15;1,262;0,07;4,345;20,825;20,983;-0,406;-807,798;-469,972;15830,21;9,02
17;2025;09;30;14;30;16;1,186;0,154;2,758;21,915;19,039;-0,542;-764,968;-272,636;15812,44;9,02
17;2025;09;30;14;30;16;1,209;0,143;-3,326;18,088;20,806;-0,723;-807,394;-252,788;15774,33;9,02
17;2025;09;30;14;30;17;1,262;0,218;4,38;21,604;20,983;-0,271;-951,367;-370,56;15818,6;9,02
17;2025;09;30;14;30;17;1,229;0,223;0,45;22,16;17,051;-0,723;-967,408;-255,539;15822,25;9,02
17;2025;09;30;14;30;18;1,122;0,13;-0,761;18,711;19,945;-0,452;-821,027;-238,953;15759,21;9,02
17;2025;09;30;14;30;18;1,199;0,152;3,482;22,471;18,178;-0,519;-841,156;-431,624;15801,49;9,02
17;2025;09;30;14;30;19;1,179;0,167;1,578;20,87;18,332;-0,745;-1012,336;-392,992;15834,95;9,02
17;2025;09;30;14;30;19;1,354;0,188;4,048;20,892;20,585;-0,587;-942,458;-511,174;15916,84;9,02
17;2025;09;30;14;30;20;1,314;0,195;-0,073;22,182;17,272;-0,903;-1085,392;-397,065;15878,39;9,02
17;2025;09;30;14;30;20;1,288;0,181;0,422;21,782;18,884;-0,361;-1022,9;-213,786;15803,45;9,02
17;2025;09;30;14;29;05;1,249;0,104;0,095;21,404;18,686;18,473;-483,549;-583,126;15470,45;9,02
17;2025;09;30;14;29;06;1,362;-0,017;0,088;19,824;17,846;22,989;-1404,135;-897,767;16261,97;9,02
17;2025;09;30;14;29;06;0,996;0,085;0,037;22,894;20,43;19,308;-158,839;-197,393;15361,83;9,02
17;2025;09;30;14;29;07;1,278;0,112;0,095;21,048;18,686;17,592;-1018,614;-604,248;15674,11;9,02
17;2025;09;30;14;29;07;0,862;-0,012;0,17;22,316;17,714;24,39;-387,18;209,289;15158,35;9,02
17;2025;09;30;14;29;08;1,06;0,006;0,019;19,668;21,424;23,757;-437,287;-419,71;15643,89;9,02
17;2025;09;30;14;29;08;0,852;0,066;0,441;19,535;18,332;23,577;-934,144;-691,179;15908,06;9,02
17;2025;09;30;14;29;09;1,372;-0,138;-0,399;20,091;20,475;22,944;-851,744;-668,224;15862,86;9,02
17;2025;09;30;14;29;09;1,217;0,013;0,291;17,465;23,015;24,254;-340,155;-105,848;15352,04;9,02
17;2025;09;30;14;29;10;1,413;-0,051;-0,33;19,245;19,238;26,377;-1014,571;-395,357;15963,01;9,02
17;2025;09;30;14;29;10;1,195;-0,064;0,134;20,959;21,712;20,867;-1374,51;-1089,898;16188,84;9,02
17;2025;09;30;14;29;11;1,231;-0,042;0,128;24,229;22,683;22,989;-892,521;-483,855;15891,54;9,02
17;2025;09;30;14;29;11;1,335;-0,058;-0,152;20,425;20,475;21,838;-1122,111;-295,729;15892,84;9,02
17;2025;09;30;14;29;12;0,911;0,03;-0,035;19,646;19,945;22,064;-1341,639;-395,798;16067,89;9,02
17;2025;09;30;14;29;12;1,033;-0,041;0,112;19,535;21,292;22,515;-688,867;-493,744;15722,72;9,02
17;2025;09;30;14;29;13;0,953;0,009;-0,084;21,96;19,9;27,393;-849,965;-326,864;15760,75;9,02
17;2025;09;30;14;29;13;0,642;0,031;0,103;19,268;18,332;23,915;-815,376;-310,701;15797,36;9,02
17;2025;09;30;14;29;14;0,961;-0,036;0,044;20,603;22,507;22,719;-633,932;36,177;15555,57;9,02
17;2025;09;30;14;29;14;0,869;0,164;0,125;19,001;20,298;23,193;-795,267;-1000,094;16045,71;9,02
17;2025;09;30;14;29;15;0,861;0,007;0,11;22,316;18,818;22,38;-985,642;-306,63;15879,15;9,02
17;2025;09;30;14;29;15;0,992;0,134;0,361;19,268;21,513;21,251;-987,021;-782,287;16065,67;9,02
17;2025;09;30;14;29;16;0,661;-0,006;0,175;19,713;20,165;20,483;-652,154;-31,717;15632,21;9,02
17;2025;09;30;14;29;16;1,038;0,002;-0,144;19,512;20,453;24,841;-763,965;279,404;15564,84;9,02
17;2025;09;30;14;29;17;1,079;0,002;0,235;19,957;22,264;23,148;-142,862;-467,21;15608,41;9,02
17;2025;09;30;14;29;17;1,06;-0,08;-0,188;17,354;19,525;21,77;-660,337;-165,488;15666,88;9,02
17;2025;09;30;14;29;18;1,048;-0,019;-0,296;20,113;21,645;21,589;-1060,443;-652,755;15985,85;9,02
17;2025;09;30;14;29;18;1,046;0,036;0,194;19,001;23,456;22,967;-929,384;-427,213;15885,35;9,02
17;2025;09;30;14;29;19;0,751;0,09;-0,104;18,4;15,593;21,973;-863,083;-475,595;15911,99;9,02
17;2025;09;30;14;29;19;0,978;0,113;-0,424;21,137;19,989;20,596;-575,268;-79,825;15589,41;9,02
17;2025;09;30;14;29;20;0,912;-0,049;0,157;22,093;21,402;20,528;-559,397;-198,91;15694,71;9,02
17;2025;09;30;14;29;20;0,697;0,068;0,215;19,156;17,162;19,218;-846,512;-450,57;15871,84;9,02
17;2025;09;30;14;29;21;0,765;0,163;-0,129;20,135;21,866;22,741;-1023,614;-463,175;15897,92;9,02
17;2025;09;30;14;29;21;0,863;0,135;0,342;21,893;20,453;22,538;-378,716;-205,959;15537,82;9,02
17;2025;09;30;14;29;22;0,707;-0,158;0,189;22,783;19,812;21,183;-572,395;-284,588;15661,94;9,02
17;2025;09;30;14;29;22;1,137;-0,054;-0,193;20,247;20,298;21,635;-516,677;-725,957;15943,05;9,02
17;2025;09;30;14;29;23;1,354;0,039;-0,238;20,158;20,408;22,267;-1048,655;-336,647;15987,08;9,02
17;2025;09;30;14;29;23;0,927;0,055;-0,056;19,668;21,027;22,177;-496,16;-109,245;15467,99;9,02
17;2025;09;30;14;29;24;1,258;0,091;-0,146;19,846;19,503;22,831;-694,143;122,229;15624,86;9,02
17;2025;09;30;14;29;24;1,255;0,124;-0,032;20,113;18,045;23,486;-1369,632;-657,995;16155,13;9,02
17;2025;09;30;14;29;25;1,162;0,081;0,298;19,98;23,28;23,26;-516,574;-114,84;15578,94;9,02
17;2025;09;30;14;29;25;0,972;-0,059;-0,113;22,249;22,44;25,248;-891,77;-471,88;15776,16;9,02
17;2025;09;30;14;29;26;1,162;0,007;0,086;23,028;19,437;19,986;-835,521;-86,412;15747,33;9,02
17;2025;09;30;14;29;26;0,806;0,094;0,192;22,649;17,824;19,173;-436,627;19,185;15481,75;9,02
17;2025;09;30;14;29;27;0,864;0,034;-0,067;19,49;19,216;23,193;-1078,943;-254,243;15793,55;9,02
17;2025;09;30;14;29;27;1,073;0,156;0,522;20,558;19,282;19,376;-798,767;-327,877;15811,68;9,02
17;2025;09;30;14;29;28;0,889;0,016;-0,027;17,933;17,89;21,906;-960,63;-824,519;15906,7;9,02
17;2025;09;30;14;29;28;0,955;-0,068;0,106;19,357;19,591;21,499;-872,086;-62,933;15772,88;9,02
17;2025;09;30;14;29;29;1,074;-0,012;-0,265;20,269;21,557;22,606;-1120,115;-451,816;16082,8;9,02
17;2025;09;30;14;29;29;1,119;0,013;-0,156;19,49;22,683;21,047;-486,871;-146,722;15592,68;9,02
17;2025;09;30;14;29;30;0,96;-0,005;-0,16;23,806;19,216;21,996;-1126,478;-531,503;16116,22;9,02
17;2025;09;30;14;29;30;1,074;0,036;-0,385;20,669;20,607;26,377;-658,878;-321,9;15759,69;9,02
17;2025;09;30;14;29;31;1,023;0,112;-0,007;22,605;18,995;20,234;-1280,238;-386,05;16108,92;9,02
17;2025;09;30;14;29;31;1,21;0,065;-0,151;19,535;15,77;21,273;32,151;6,964;15222,33;9,02
17;2025;09;30;14;29;32;0,881;-0,017;-0,068;18,244;18,553;22,944;-1251,541;-813,688;16187,45;9,02
17;2025;09;30;14;29;32;1,189;0,031;-0,29;22,004;20,629;21,228;-928,359;-570,242;15831,9;9,02
17;2025;09;30;14;29;33;1,228;0,011;-0,46;20,091;20,828;21,951;-702,377;-688,265;15856,49;9,02
17;2025;09;30;14;29;33;0,76;-0,012;0,08;18,422;19,26;24,909;-639,236;-196,62;15675,46;9,02
17;2025;09;30;14;29;34;1,043;0,008;0,023;21,226;17,007;23,17;-868,427;-61,472;15799,44;9,02
17;2025;09;30;14;29;34;1,02;-0,061;-0,135;20,847;18,487;23,396;-1093,33;-489,344;15978,33;9,02
17;2025;09;30;14;29;35;1,009;0,002;-0,085;19,134;18,487;22,041;-1077,602;-423,742;15906,31;9,02
17;2025;09;30;14;28;08;0,935;0,169;-0,169;20,981;18,818;19,896;-970,205;-93,625;15735,91;9,02
17;2025;09;30;14;28;09;1,032;0,198;-0,486;19,512;21,623;22,854;-1101,229;-34,486;15798,18;9,02
17;2025;09;30;14;28;09;1,034;0,197;0,09;20,647;21,822;22,041;-1169,435;174,944;15666,94;9,02
17;2025;09;30;14;28;10;1,157;0,211;0,026;22,205;20,121;20,076;-1098,73;-563,067;15895,63;9,02
17;2025;09;30;14;28;10;0,916;0,264;0,065;19,29;19,657;22,38;-721,645;-71,599;15584,85;9,02
17;2025;09;30;14;28;11;0,877;0,179;0,413;19,312;19,238;21,522;-1001,824;-473,773;15998,14;9,02
17;2025;09;30;14;28;11;0,701;0,12;-0,378;19,357;18,973;23,757;-813,943;-113,669;15587,81;9,02
17;2025;09;30;14;28;12;0,829;0,177;0,129;19,802;20,607;20,144;-656,645;-556,608;15725,87;9,02
17;2025;09;30;14;28;12;0,939;0,175;0,048;18,778;17,603;22,651;-944,22;-445,078;15986,82;9,02
17;2025;09;30;14;28;13;0,795;0,073;-0,029;19,09;16,521;22,967;-909,944;-1096,193;15933,31;9,02
17;2025;09;30;14;28;13;0,898;0,033;-0,372;18,889;21,204;20,551;-1639,799;-438,143;16203,27;9,02
17;2025;09;30;14;28;14;0,968;0,056;-0,141;21,604;22,175;23,78;-1059,695;36,717;15780,95;9,02
17;2025;09;30;14;28;14;0,849;0,038;-0,002;19,802;19,967;21,725;-806,391;-67,996;15568,71;9,02
17;2025;09;30;14;28;15;0,769;0,043;-0,05;23,673;22,86;18,36;-821,429;-251,279;15662,27;9,02
17;2025;09;30;14;28;15;0,753;0,013;-0,052;19,913;18,332;20,776;-943,005;-85,771;15610,06;9,02
17;2025;09;30;14;28;16;0,513;0,073;-0,314;20,692;16,72;23,554;-867,556;-592,122;15832,34;9,02
17;2025;09;30;14;28;16;0,385;0,154;0,507;21,404;17,471;20,98;-1150,959;-876,559;16056,06;9,02
17;2025;09;30;14;28;17;0,913;0,177;0,221;21,315;18,465;23,509;-839,684;-187,961;15769,14;9,02
17;2025;09;30;14;28;17;1,074;0,116;0,025;19,379;17,913;24,028;-565,626;-281,982;15666,47;9,02
17;2025;09;30;14;28;18;0,831;0,175;0,141;19,935;24,119;22,041;-605,157;-198,033;15641,5;9,02
17;2025;09;30;14;28;18;0,63;0,099;0,116;18,867;19,216;19,467;-572,25;692,35;15287,88;9,02
17;2025;09;30;14;28;19;0,574;0,123;-0,091;19,779;21,005;21,747;-807,364;-139,271;15742,3;9,02
17;2025;09;30;14;28;20;0,635;0,105;-0,241;20,847;20,342;18,699;-326,18;-260,765;15487,98;9,02
17;2025;09;30;14;28;20;0,588;0,103;0,06;24,674;19,989;24,841;-458,694;-150,844;15530,77;9,02
17;2025;09;30;14;28;21;0,802;0,116;0,28;17,977;15,858;18,879;-1091,928;-734,058;16106,15;9,02
17;2025;09;30;14;28;21;0,694;0,145;-0,031;22,427;20,938;22,809;-1056,124;-523,377;16016,98;9,02
17;2025;09;30;14;28;22;0,656;0,05;0,018;23,851;19,525;22,538;-719,107;51,158;15664,97;9,02
17;2025;09;30;14;28;22;1,22;0,208;-0,011;19,312;23,567;19,489;-709,939;-406,978;15803,17;9,02
17;2025;09;30;14;28;23;1,114;0,163;-0,24;19,935;18,376;20,641;-704,826;-95,102;15644,73;9,02
17;2025;09;30;14;28;23;0,742;0,199;-0,17;20,336;19,68;22,109;-501,139;-196,638;15627,57;9,02
17;2025;09;30;14;28;24;0,631;0,136;0,179;20,625;18,421;23,667;-976,507;-895,475;16191,43;9,02
17;2025;09;30;14;28;24;0,981;0,155;-0,113;20,447;20,519;22,335;-928,263;-574,99;16126,03;9,02
17;2025;09;30;14;28;25;0,819;0,134;0,033;18,956;18,465;24,412;-648,842;-127,236;15784,8;9,02
17;2025;09;30;14;28;25;1,047;0,123;0,153;21,648;21,601;18,834;-300,056;-451,636;15524,27;9,02
17;2025;09;30;14;28;26;0,892;0,121;0,518;21,47;23,037;21,296;-590,15;-1085,573;16060,27;9,02
17;2025;09;30;14;28;26;0,719;0,207;-0,094;22,004;21,932;23,87;-654,661;-442,093;15745,83;9,02
17;2025;09;30;14;28;27;0,995;0,033;-0,528;18,756;22,264;18,541;-835,632;-17,936;15739,25;9,02
17;2025;09;30;14;28;27;0,941;0,091;-0,132;18,2;19,613;21,228;-1039,321;-660,921;16127,46;9,02
17;2025;09;30;14;28;28;0,843;0,09;0,004;22,249;17,89;19,941;-419,763;-268,088;15773,79;9,02
17;2025;09;30;14;28;28;0,906;0,211;-0,154;17,421;23,699;20,867;-955,246;-889,972;16137,62;9,02
17;2025;09;30;14;28;29;0,754;0,146;0,141;23,028;21,689;23,238;-232,455;66,913;15463,93;9,02
17;2025;09;30;14;28;29;0,881;0,051;-0,229;19,223;17,471;23,69;-525,801;-121,182;15642,2;9,02
17;2025;09;30;14;28;30;0,998;0,031;0,385;23,784;20,033;21,928;-308,989;-163,384;15399,39;9,02
17;2025;09;30;14;28;30;0,944;0,067;-0,016;20,514;19,238;21,635;-1202,363;-747,782;16066,86;9,02
17;2025;09;30;14;28;31;0,732;0,096;-0,09;21,604;15,814;22,877;-621,088;-200,133;15619,24;9,02
17;2025;09;30;14;28;31;0,637;0,131;0,153;20,247;20,033;21,025;-999,486;-768,003;15881,37;9,02
17;2025;09;30;14;28;32;0,632;0,138;0,426;21,582;18,001;24,344;-1087,48;-1186,394;16002,21;9,02
17;2025;09;30;14;28;32;0,875;0,127;-0,325;20,981;20,342;23,938;-1091,645;-365,336;15858,1;9,02
17;2025;09;30;14;28;33;0,989;-0,012;-0,332;20,825;21,005;24,232;-1049,528;-49,528;15799,07;9,02
17;2025;09;30;14;28;33;0,956;0,086;0,12;16,576;20,629;23,419;-898,785;-156,59;15624,51;9,02
17;2025;09;30;14;28;34;0,767;0,103;0,215;20,447;21,712;23,599;-997,191;-106,536;15706,4;9,02
17;2025;09;30;14;28;34;0,656;0,105;-0,089;24,118;22,816;24,954;-1079,544;-1167,812;15954,44;9,02
17;2025;09;30;14;28;35;0,515;0,082;-0,223;20,87;20,961;22,041;-1236,422;-394,968;15907,94;9,02
17;2025;09;30;14;28;35;0,784;0,014;0,358;20,024;20,983;24,638;-879,706;-587,081;15690,21;9,02
17;2025;09;30;14;28;36;0,888;0,15;-0,239;19,757;19,613;19,489;-1198,127;-900,509;15960,43;9,02
17;2025;09;30;14;28;36;1,116;0,06;-0,432;17,198;18,553;22,109;-481,952;-342,068;15292,12;9,02
17;2025;09;30;14;28;37;0,789;0,105;0,126;21,537;20,011;21,951;-840,938;-322,995;15703,54;9,02
17;2025;09;30;14;28;37;0,775;0,102;0,191;19,156;19,856;23,193;-1024,956;-440,962;15863,51;9,02
17;2025;09;30;14;28;38;1,082;0,078;-0,257;21,938;19,702;22,719;-774,977;-311,659;15568,52;9,02
17;2025;09;30;14;28;38;0,974;0,137;-0,047;18,266;19,105;25,722;-1234,233;-408,209;15866,75;9,02
18;2025;09;30;14;33;18;1,335;0,068;3,37;18,333;20,85;-0,452;-727,416;-430,086;15760,41;9,02
18;2025;09;30;14;33;18;1,32;0,079;-3,409;20,38;18,906;-0,203;-756,65;-273,662;15850,76;9,02
18;2025;09;30;14;33;19;1,203;-0,045;-1,224;25,965;20,828;-0,813;-649,266;-376,221;15805,24;9,02
18;2025;09;30;14;33;19;1,238;0,066;-4,391;21,826;20,673;-0,294;-905,154;-433,081;15845,47;9,02
18;2025;09;30;14;33;20;1,112;0,104;1,164;21,337;18,906;-0,768;-923,44;-319,109;15826,85;9,02
18;2025;09;30;14;33;20;1,095;0,075;-2,859;21,114;19,194;-0,181;-962,365;-456,74;15865,85;9,02
18;2025;09;30;14;33;21;1,139;0,119;1,818;23,651;19,172;-0,474;-905,137;-254,152;15841,71;9,02
18;2025;09;30;14;33;21;1,124;0,107;-4,3;20,758;17,913;-0,203;-757,524;-305,243;15765,3;9,02
18;2025;09;30;14;33;22;1,101;0,081;-0,644;20,313;24,34;-0,723;-836,03;-398,531;15819,2;9,02
18;2025;09;30;14;33;22;1,185;0,091;-2,892;21,693;18,619;-0,497;-822,164;-345,276;15779,97;9,02
18;2025;09;30;14;33;23;1,304;0,039;1,611;20,402;16,013;-0,181;-927,863;-388,438;15796,08;9,02
18;2025;09;30;14;33;23;1,286;0,131;0,121;21,114;19,812;-0,497;-841,349;-426,521;15863,41;9,02
18;2025;09;30;14;33;24;1,39;0,07;-0,154;14,084;20,762;-0,836;-723,309;-286,775;15835,59;9,02
18;2025;09;30;14;33;24;1,233;0,093;-0,881;19,646;19,127;-0,61;-686,965;-376,981;15756,64;9,02
18;2025;09;30;14;33;25;1,229;0,125;2,706;17,221;20,143;-0,768;-816,803;-425,135;15828,83;9,02
18;2025;09;30;14;33;25;1,261;0,196;-4,336;20,091;19,989;-1,197;-861,162;-203,65;15829,41;9,02
18;2025;09;30;14;33;26;1,326;0,115;2,738;18,111;19,812;-1,107;-1087,335;-210,722;15813,34;9,02
18;2025;09;30;14;33;26;1,305;0,106;-0,09;19,334;20,872;-0,61;-878,265;-172,949;15900,86;9,02
18;2025;09;30;14;33;27;1,281;0,14;2,176;20,625;19,282;-0,519;-939,976;-108,001;15768,2;9,02
18;2025;09;30;14;33;27;1,24;0,051;2,062;20,758;16,808;-0,7;-966,337;-171,785;15802,75;9,02
18;2025;09;30;14;33;28;1,252;0,11;3,486;23,183;19,79;-0,723;-935,143;-246,261;15830,11;9,02
18;2025;09;30;14;33;28;1,23;0,154;-5,609;23,962;19,149;-0,429;-1033,857;-129,739;15823,95;9,02
18;2025;09;30;14;33;29;1,253;0,124;1,103;15,975;21,822;-1,039;-904,751;-265,287;15857,91;9,02
18;2025;09;30;14;33;29;1,289;0,079;1,284;21,826;19,547;-0,632;-920,162;-176,026;15810,87;9,02
18;2025;09;30;14;33;30;1,226;0,081;4,38;21,025;19,68;-0,858;-934,153;-208,741;15751,71;9,02
18;2025;09;30;14;33;30;1,263;0,102;0,853;19,401;20,806;-0,565;-983,643;-249,391;15862,13;9,02
18;2025;09;30;14;33;31;1,214;0,114;-3,923;20,669;19,238;-0,158;-997,591;-291,736;15840,01;9,02
18;2025;09;30;14;33;31;1,167;0,113;2,323;20,914;23,191;-1,039;-812,345;-282,868;15780,86;9,02
18;2025;09;30;14;33;32;1,267;0,168;-0,919;19,891;24,075;-0,452;-902,696;-324,098;15890,97;9,02
18;2025;09;30;14;33;32;1,273;0,174;-4,11;21,915;25,555;-0,836;-807,818;-127,138;15862,1;9,02
18;2025;09;30;14;33;33;1,223;0,166;5,8;16,976;20,541;-0,723;-922,498;-150,142;15807,83;9,02
18;2025;09;30;14;33;33;1,352;0,138;2,719;22,004;19,392;-0,677;-859,703;-188,02;15805,13;9,02
18;2025;09;30;14;33;34;1,349;0,146;-3,821;18,6;17,802;-0,813;-964,903;-375,812;15807,25;9,02
18;2025;09;30;14;33;34;1,45;0,076;6,665;20,358;21,071;-0,429;-842,823;-98,316;15751,54;9,02
18;2025;09;30;14;33;35;1,318;0,185;2,352;20,18;20,188;-1,061;-951,214;-178,998;15785,46;9,02
18;2025;09;30;14;33;35;1,444;0,119;-0,794;24,34;23,434;-0,836;-1147,917;-186,727;15770,85;9,02
18;2025;09;30;14;33;36;1,465;0,143;3,774;19,935;21,292;-1,107;-774,325;-69,281;15561,91;9,02
18;2025;09;30;14;33;36;1,381;0,122;2,123;19,334;21,557;-0,723;-1017,064;-38,788;15952,36;9,02
18;2025;09;30;14;33;37;1,366;0,166;2,678;22,672;21,623;-0,858;-1208,801;-73,161;15813,07;9,02
18;2025;09;30;14;33;37;1,346;0,151;-0,909;21,76;19,79;-0,429;-1048,368;56,408;15740,6;9,02
18;2025;09;30;14;33;38;1,426;0,088;1,707;22,316;20,519;-1,061;-955,165;-262,481;15857,82;9,02
18;2025;09;30;14;33;38;1,328;0,225;1,794;22,071;18,818;-0,632;-1229,154;-95,139;15679,14;9,02
18;2025;09;30;14;33;39;1,241;0,17;-1,194;23,272;20,033;-0,587;-1198,578;-104,082;15854,78;9,02
18;2025;09;30;14;33;39;1,322;0,112;-2,524;20,069;20,033;-0,79;-1286,438;-231,994;15861,56;9,02
18;2025;09;30;14;33;40;1,384;0,044;1,895;20,313;22,308;-0,429;-1151,694;59,309;15817,61;9,02
18;2025;09;30;14;33;40;1,209;0,102;3,915;17,777;20,74;-0,723;-1001,239;-89,399;15777,25;9,02
18;2025;09;30;14;33;41;1,294;0,192;1,887;20,892;18,884;-1,039;-1048,251;-20,449;15759,69;9,02
18;2025;09;30;14;33;41;1,225;0,13;3,822;21,715;20,563;-0,565;-1041,62;-79,667;15841,05;9,02
18;2025;09;30;14;33;42;1,251;0,148;3,241;20,046;17,846;-0,723;-986,308;-287,216;15814,79;9,02
18;2025;09;30;14;33;42;1,25;0,235;2,834;21,626;16,322;-0,79;-1097,059;-96,368;15799,29;9,02
18;2025;09;30;14;33;43;1,27;0,181;-1,569;18,044;16,654;-0,948;-1107,493;38,644;15726,58;9,02
18;2025;09;30;14;33;43;1,225;0,094;6,099;19,357;17,559;-0,7;-1178,766;-49,102;15804,38;9,02
18;2025;09;30;14;33;44;1,306;0,154;-1,218;21,114;18,951;-0,677;-1197,395;-72,434;15831,36;9,02
18;2025;09;30;14;33;44;1,504;0,105;0,709;22,649;20,541;-0,858;-1141,233;-377,722;15822,28;9,02
18;2025;09;30;14;33;45;1,301;0,068;4,982;22,827;17,471;-0,7;-886,437;-592,508;15943,78;9,02
18;2025;09;30;14;33;45;1,145;0,162;4,443;18,934;21,91;-0,61;-1195,2;-322,267;15783,23;9,02
18;2025;09;30;14;33;46;1,403;0,167;7,074;24,852;22,75;-0,655;-1204,101;-76,344;15753,69;9,02
18;2025;09;30;14;33;46;1,281;0,143;2,423;18,133;18,884;-0,723;-1239,071;-156,085;15872,25;9,02
18;2025;09;30;14;33;47;1,636;0,078;4,214;21,07;20,21;-0,565;-1107,218;-99,368;15683,32;9,02
18;2025;09;30;14;33;47;1,244;0,151;4,812;19,446;21,27;-0,768;-1247,479;-601,082;15852,17;9,02
18;2025;09;30;14;32;23;1,129;-0,295;-0,089;20,291;18,973;24,841;-684,846;-381,587;15942,76;9,02
18;2025;09;30;14;32;23;0,964;-0,197;0,092;23,295;18,973;21,273;-703,131;255,24;15773,36;9,02
18;2025;09;30;14;32;24;1,038;-0,271;0,029;21,448;21,27;23,735;-747,462;207,052;15739,89;9,02
18;2025;09;30;14;32;24;0,995;-0,259;0,035;20,825;20,673;21,883;-815,122;367,259;15765,26;9,02
18;2025;09;30;14;32;25;1,064;-0,241;0,2;21,048;18,398;20,867;-816,375;-177,496;15989,01;9,02
18;2025;09;30;14;32;25;1,006;-0,027;-0,372;20,024;18,487;22,741;-711,729;44,092;15735,11;9,02
18;2025;09;30;14;32;26;0,999;-0,116;-0,243;19,134;18,111;24,457;-865,044;-288,885;15867,51;9,02
18;2025;09;30;14;32;26;0,92;-0,176;-0,251;14,907;20,121;20,076;-714,053;-175,874;15863,05;9,02
18;2025;09;30;14;32;27;1,107;-0,057;0,106;21,048;22,374;22,515;-679,407;-625,799;15850,82;9,02
18;2025;09;30;14;32;27;1,008;0,006;0,083;19,223;20,585;24,412;-523,275;-651,976;15951,72;9,02
18;2025;09;30;14;32;28;0,788;-0,186;-0,051;20,781;18,597;22,312;-650,672;-270,916;15812,51;9,02
18;2025;09;30;14;32;28;0,935;-0,228;-0,044;16,776;22,175;24,096;-457,04;-541,213;15635,75;9,02
18;2025;09;30;14;32;29;1,054;-0,252;-0,083;22,338;18,266;24,119;-701,623;74,435;15653,13;9,02
18;2025;09;30;14;32;29;1,022;-0,247;-0,562;19,646;17,89;23,441;-549,457;-17,999;15750,36;9,02
18;2025;09;30;14;32;30;1,206;-0,187;0,028;21,07;18,906;20,889;-897,005;362,454;15768,99;9,02
18;2025;09;30;14;32;30;0,922;-0,227;-0,023;22,249;18,31;22,448;-984,378;-628,446;15932,9;9,02
18;2025;09;30;14;32;31;0,922;-0,162;0,132;17,621;21,446;19,015;-704,907;-1204,424;16034,86;9,02
18;2025;09;30;14;32;31;1,037;-0,25;-0,043;20,069;21,159;20,686;-596,534;-1245,171;15942,24;9,02
18;2025;09;30;14;32;32;0,835;-0,113;0,071;20,803;22,286;26,106;-459,491;213,473;15662,29;9,02
18;2025;09;30;14;32;32;0,915;-0,255;-0,026;23,45;17,117;22,086;-490,083;-169,702;15657,1;9,02
18;2025;09;30;14;32;33;0,941;-0,202;-0,136;18,378;17,824;20,054;-868,475;-582,894;15934,47;9,02
18;2025;09;30;14;32;33;0,91;-0,124;-0,068;20,069;22,926;22,131;-626,352;-107,628;15701,88;9,02
18;2025;09;30;14;32;34;1,038;-0,162;0,485;17,888;21,292;19,037;-702,998;-540,586;15929,29;9,02
18;2025;09;30;14;32;34;0,824;-0,219;-0,083;18,667;20,099;22,741;-540,304;-907,333;15808,24;9,02
18;2025;09;30;14;32;35;1,251;-0,312;-0,048;21,96;20,298;25,248;-1316,996;-184,513;15938,41;9,02
18;2025;09;30;14;32;35;1,19;-0,257;-0,115;21,337;15,836;18,699;-686,145;-458,418;15902,12;9,02
18;2025;09;30;14;32;36;1,096;-0,201;0,242;17,354;18,664;21,657;-300,542;-341,005;15683,75;9,02
18;2025;09;30;14;32;36;1,235;-0,258;-0,043;20,447;20,408;20,234;-719,031;-318,435;15735,57;9,02
18;2025;09;30;14;32;37;1,215;-0,291;-0,011;20,625;18,266;20,167;-963,765;-670,926;16059,41;9,02
18;2025;09;30;14;32;37;1,104;-0,253;0,041;26,81;19,68;21,228;-444,438;-559,458;15822,12;9,02
18;2025;09;30;14;32;38;1,116;-0,153;0,157;21,671;19,657;18,631;-585,65;-429,24;15785,67;9,02
18;2025;09;30;14;32;38;1,083;-0,302;-0,253;17,844;21,049;24,525;-387,373;-416,429;15649,59;9,02
18;2025;09;30;14;32;39;1,118;-0,242;-0,041;19,735;20,519;23,622;-530,886;-882,343;15796,09;9,02
18;2025;09;30;14;32;39;1,275;-0,188;-0,099;19,334;18,089;23,531;-715,008;-148,431;15832,55;9,02
18;2025;09;30;14;32;40;1,174;-0,185;-0,192;19,824;21,358;23,735;-869,31;-623,636;15832,33;9,02
18;2025;09;30;14;32;40;1,012;-0,276;-0,527;20,536;22,573;20,325;-793,374;-767,352;15849,53;9,02
18;2025;09;30;14;32;41;0,714;-0,153;-0,051;19,245;19,547;18,495;-711,038;211,555;15792,42;9,02
18;2025;09;30;14;32;41;0,781;-0,169;-0,15;15,53;18,929;19,579;-713,893;-693,64;15786,27;9,02
18;2025;09;30;14;32;42;1,036;-0,151;-0,148;18,2;23,92;20,325;-925,131;-662,916;15919,85;9,02
18;2025;09;30;14;32;42;1,057;-0,137;-0,028;20,558;20,033;23,328;-760,591;-389,674;15862,82;9,02
18;2025;09;30;14;32;43;1,03;-0,287;-0,219;19,001;19,746;21,838;-697,273;-245,436;15665,7;9,02
18;2025;09;30;14;32;43;1,066;-0,236;-0,138;19,846;17,868;22,041;-599,578;-357,946;15754,38;9,02
18;2025;09;30;14;32;44;1,018;-0,31;0,1;20,87;20,828;20,054;-156,489;-797,021;15740,02;9,02
18;2025;09;30;14;32;44;1,154;-0,377;-0,007;18,912;16,676;21,77;-469,163;-710,429;15822,79;9,02
18;2025;09;30;14;32;45;0,896;-0,245;0,209;16,976;18,619;25,654;-688,956;-92,054;15784,14;9,02
18;2025;09;30;14;32;45;0,985;-0,254;0,019;21,381;25,002;20,618;-624,01;-346,797;15866,18;9,02
18;2025;09;30;14;32;46;0,968;-0,259;-0,093;22,116;20,718;19,986;-438,502;72,348;15532,24;9,02
18;2025;09;30;14;32;46;0,862;-0,184;-0,034;18,667;20,077;21,77;-537,221;31,988;15835,49;9,02
18;2025;09;30;14;32;47;1,012;-0,265;0,197;22,138;24,715;18,518;-628,646;-442,916;15872,75;9,02
18;2025;09;30;14;32;47;1,056;-0,242;-0,272;22,116;20,121;23,644;-641,454;-133,704;15728,34;9,02
18;2025;09;30;14;32;48;0,774;-0,214;-0,053;21,114;20,298;20,302;-731,337;-188,399;15852,11;9,02
18;2025;09;30;14;32;48;0,917;-0,248;-0,088;19,357;19,812;22,448;-309,578;-694,437;15620,61;9,02
18;2025;09;30;14;32;49;1,068;-0,299;-0,291;22,939;19,922;20,438;-849,617;-402,111;15773,53;9,02
18;2025;09;30;14;32;49;0,894;-0,233;-0,165;20,202;21,049;20,709;-949,286;-658,516;15861,46;9,02
18;2025;09;30;14;32;50;1,12;-0,27;0,107;19,98;21,049;21,838;-879,315;-534,191;15865,01;9,02
18;2025;09;30;14;32;50;1,131;-0,201;-0,308;21,048;17,228;23,893;-787,931;-523,585;15927,2;9,02
18;2025;09;30;14;32;51;0,799;-0,243;-0,186;21,826;18,774;21,341;-718,071;-500,852;15750,26;9,02
18;2025;09;30;14;32;51;1,164;-0,29;-0,161;24,541;17,493;20,731;-525,814;-407,097;15771,32;9,02
18;2025;09;30;14;32;52;0,964;-0,221;0,131;22,004;19,569;19,173;-971,89;-632,909;15770,68;9,02
18;2025;09;30;14;32;52;0,925;-0,16;0,03;21,114;21,8;20,302;-538,569;-213,671;15643,84;9,02
18;2025;09;30;14;31;10;0,331;-0,15;0,593;22,894;22,264;20,573;-955,064;1435,64;15134,84;9,02
18;2025;09;30;14;31;11;0,775;-0,235;0,031;24,096;23,125;24,164;-734,252;-225,141;15497,85;9,02
18;2025;09;30;14;31;11;0,702;-0,054;0,05;24,162;20,386;23,599;-726,492;-585,921;15614,6;9,02
18;2025;09;30;14;31;12;1,009;-0,136;-0,289;19,713;22,242;24,774;-870,123;-574,383;15597,98;9,02
18;2025;09;30;14;31;12;0,634;-0,023;-0,121;22,538;20,673;23,102;-1400,414;-1131,54;15845,5;9,02
18;2025;09;30;14;31;13;0,482;-0,009;0,12;21,871;19,525;19,241;-1292,548;229,465;15599,28;9,02
18;2025;09;30;14;31;13;0,435;-0,032;0,161;19,779;20,497;20,641;-133,924;-1310,382;15769,78;9,02
18;2025;09;30;14;31;14;0,668;-0,066;-0,14;22,071;19,216;24,186;-2013,591;-1013,473;16230,93;9,02
18;2025;09;30;14;31;14;0,698;-0,018;0,004;21,203;19,503;19,421;-1911,806;-180,661;16040,7;9,02
18;2025;09;30;14;31;15;0,63;0,073;0,062;21,27;20,651;22,041;-178,754;201,268;15084,66;9,02
18;2025;09;30;14;31;15;0,634;0,008;-0,101;23,295;21,115;25,112;-277,047;-160,835;15351,36;9,02
18;2025;09;30;14;31;16;0,595;0,046;-0,132;20,736;26,593;25,541;-1187,17;-783,693;16379,57;9,02
18;2025;09;30;14;31;16;0,78;-0,129;-0,711;22,494;19,878;21,747;-216,065;252,673;15330,32;9,02
18;2025;09;30;14;31;17;0,961;0,194;0,218;21,96;20,983;24,232;-1292,457;-1147,62;16269,95;9,02
18;2025;09;30;14;31;17;0,809;0,073;-0,394;24,874;20,21;20,709;-740,798;-832,37;15932,18;9,02
18;2025;09;30;14;31;18;0,485;-0,103;-0,477;19,468;21,734;22,56;-1463,932;-1109,361;16395,14;9,02
18;2025;09;30;14;31;18;0,598;-0,007;-0,088;20,558;20,408;29,335;-210,054;146,795;15281,92;9,02
18;2025;09;30;14;31;19;0,626;-0,031;0,108;20,803;20,497;22,425;-637,941;-862,984;15905,38;9,02
18;2025;09;30;14;31;19;0,836;-0,203;-0,452;20,736;21,314;21,973;-608,33;-107,603;15651,89;9,02
18;2025;09;30;14;31;20;0,962;-0,094;-0,101;23,851;23,589;24,457;-1237,365;137,322;15935,02;9,02
18;2025;09;30;14;31;20;0,807;-0,096;-0,121;19,891;22,109;22,493;-1327,336;-281,613;16029,29;9,02
18;2025;09;30;14;31;21;0,568;-0,079;-0,11;22,249;23,147;21,973;-1358,771;117,916;15983,27;9,02
18;2025;09;30;14;31;21;0,803;-0,154;-0,399;20,692;22,197;26,919;-595,527;-735,031;15845,98;9,02
18;2025;09;30;14;31;22;0,648;-0,026;-0,075;24,096;17,073;26,174;-1200,87;-391,531;16174,53;9,02
18;2025;09;30;14;31;22;0,73;0,114;0,46;19,535;23,523;24,796;-836,199;-394,412;15922;9,02
18;2025;09;30;14;31;23;0,039;-0,065;-0,2;20,113;18,929;22,425;-1133,407;-545,988;16135,33;9,015
18;2025;09;30;14;31;23;0,589;0,025;-0,382;20,625;17,957;25,18;-1089,022;-1014,655;16399,21;9,02
18;2025;09;30;14;31;24;0,635;-0,041;0,055;23,873;18,023;23,125;-25,504;-690,159;15414,75;9,02
18;2025;09;30;14;31;24;1,015;-0,084;0,044;18,889;20,077;21,589;-1408,111;-980,76;16361,75;9,02
18;2025;09;30;14;31;25;0,91;0,014;0,137;21,737;25,488;23,78;-851,094;-320,635;15983,53;9,02
18;2025;09;30;14;31;25;0,981;-0,183;-0,709;20,87;22,33;24,006;-236,477;247,67;15346,4;9,02
18;2025;09;30;14;31;26;1,078;-0,215;-0,156;23,005;21,645;21,838;-1061,281;-1005,204;16169,59;9,02
18;2025;09;30;14;31;26;1,065;-0,194;-0,217;21,404;21,91;24,39;-758,916;731,011;15513,35;9,02
18;2025;09;30;14;31;27;0,897;-0,144;-0,099;21,76;19,922;24,322;-644,452;-1020,747;16050,21;9,02
18;2025;09;30;14;31;27;0,779;-0,119;-0,114;18,355;20,85;25,519;-1601,873;-1457,195;16578,11;9,02
18;2025;09;30;14;31;28;0,886;-0,095;0,743;21,181;20,342;23,08;-1059,447;-201,632;16219,27;9,02
18;2025;09;30;14;31;28;1,038;-0,131;-0,101;20,224;19,945;21,364;-1030,936;-647,188;16111,51;9,02
18;2025;09;30;14;31;29;0,914;-0,116;-0,15;22,338;22,396;25,564;-600,113;-0,052;15733,99;9,02
18;2025;09;30;14;31;29;0,715;-0,038;0,017;19,601;22,926;22,131;-376,158;-1250,68;15745,64;9,02
18;2025;09;30;14;31;30;0,848;-0,07;-0,128;21,114;20,408;20,776;-1004,824;-502,248;15978,64;9,02
18;2025;09;30;14;31;30;0,804;-0,137;-0,073;25,319;21,712;23,17;-1373,443;-403,079;16234,88;9,02
18;2025;09;30;14;31;31;1,039;-0,104;-0,012;22,538;21,071;23,26;-564,433;-560,592;15658,01;9,02
18;2025;09;30;14;31;31;0,712;-0,045;0,205;20,825;20,077;24,954;-1589,126;401,32;15973,45;9,02
18;2025;09;30;14;31;32;0,922;-0,076;-0,233;21,893;19,702;22,402;184,399;-282,583;15185,62;9,02
18;2025;09;30;14;31;32;0,889;-0,08;-0,156;20,714;20,276;26,287;-1334,027;-89,842;15893,27;9,02
18;2025;09;30;14;31;33;0,85;-0,012;0,216;18,155;23,832;24,954;-807,589;-76,178;15801,18;9,02
18;2025;09;30;14;31;33;0,963;-0,011;-0,679;20,914;20,696;24,977;-7,815;-1578,494;15495,77;9,02
18;2025;09;30;14;31;34;0,576;0,039;0,205;23,784;17,78;20,099;85,161;-307,178;15348;9,02
18;2025;09;30;14;31;34;0,553;-0,114;0,171;19,846;20,254;22,041;-201,107;675,348;15144,48;9,02
18;2025;09;30;14;31;35;0,805;-0,117;-0,381;19,69;19,9;19,421;-799,376;262,584;15477,09;9,02
18;2025;09;30;14;31;35;0,634;0,063;0,276;23,139;21,557;20,618;-412,681;1035,036;15078,44;9,02
18;2025;09;30;14;31;36;0,56;-0,065;0,305;20,981;18,266;23,644;-287,088;-136,109;15458,65;9,02
18;2025;09;30;14;31;36;0,893;0,012;-0,066;23,005;22,109;22,538;-1405,209;-672,028;16351,67;9,02
18;2025;09;30;14;31;37;0,467;-0,035;0,196;22,138;16,455;26,196;-424,956;85,803;15490,57;9,02
18;2025;09;30;14;31;37;0,496;-0,004;0,001;18,711;20,43;23,102;-175,895;152,076;15126,4;9,02
18;2025;09;30;14;31;38;0,654;-0,12;0,308;18,511;21,513;25,699;-848,69;298,015;15652,45;9,02
18;2025;09;30;14;31;38;1,018;-0,189;-0,071;22,716;23,191;20,799;-822,07;248,293;15633,93;9,02
18;2025;09;30;14;31;39;0,721;-0,097;0,051;20,914;20,563;18,925;-1211,603;-712,411;16048,22;9,02
18;2025;09;30;14;31;39;0,65;-0,09;0,245;21,159;18,597;19,85;34,907;532,411;15131,23;9,02
18;2025;09;30;14;31;40;0,865;-0,184;0,123;21,671;18,421;22,335;-134,417;-209,435;15424,08;9,02
19;2025;09;30;14;36;31;1,231;0,072;3,17;18,8;21,38;-0,384;-993,774;-726,616;15818,06;9,02
19;2025;09;30;14;36;31;1,224;0,048;0,188;22,138;22,705;-0,519;-871,39;-596,187;15724,39;9,02
19;2025;09;30;14;36;32;1,318;-0,034;-1,229;22,16;22,705;-0,158;-940,959;-471,466;15783,83;9,02
19;2025;09;30;14;36;32;1,383;-0,046;1,684;19,824;19,812;-0,294;-933,914;-297,813;15855,04;9,015
19;2025;09;30;14;36;33;1,254;0,086;-0,265;18,266;22,816;0,023;-916,372;-651,012;15800,77;9,014
19;2025;09;30;14;36;33;1,104;0,097;0,779;18,489;21,115;0,429;-866,208;-458,943;15777,96;9,02
19;2025;09;30;14;36;34;1,227;0,038;4,171;17,888;19,856;-0,023;-937,67;-500,343;15825,5;9,02
19;2025;09;30;14;36;34;1,287;0,028;2,96;20,736;19,304;-0,09;-891,382;-597,352;15810,41;9,02
19;2025;09;30;14;36;35;1,318;0,018;-0,299;21,604;19,967;0,068;-1025,528;-146,976;15803,11;9,02
19;2025;09;30;14;36;35;1,411;-0,035;-0,248;19,379;18,575;1,152;-1000,624;-620,977;15822,74;9,02
19;2025;09;30;14;36;36;1,411;0,034;-1,981;19,713;17,316;-0,158;-969,736;-564,598;15876,91;9,02
19;2025;09;30;14;36;36;1,293;0,081;4,464;19,179;20,408;-0,339;-955,666;-476,014;15782,18;9,02
19;2025;09;30;14;36;37;1,22;0,056;-4,554;18,244;19,812;1,084;-923,579;-575,884;15794,85;9,02
19;2025;09;30;14;36;37;1,184;-0,033;-3,159;21,493;20,762;-0,271;-979,03;-608,786;15790,53;9,02
19;2025;09;30;14;36;38;1,199;-0,022;-4,862;21,07;18,73;-0,158;-907,813;-568,797;15776,45;9,02
19;2025;09;30;14;36;38;1,236;0;0,296;21,782;20,165;0,813;-1100,164;-521,884;15850,89;9,02
19;2025;09;30;14;36;39;1,424;-0,035;-2,049;21,76;19,967;-0,294;-1060,354;-457,97;15749,2;9,02
19;2025;09;30;14;36;39;1,27;0,073;-2,912;21,404;20,673;0,7;-1010,766;-388,869;15838,59;9,02
19;2025;09;30;14;36;40;1,202;-0,011;0,33;19,557;19,989;0,497;-1140,832;-512,284;15939,84;9,02
19;2025;09;30;14;36;40;1,414;-0,141;0,062;20,336;17,648;7,769;-1004,026;-410,107;15868,98;9,02
19;2025;09;30;14;36;41;1,39;-0,023;0,366;19,134;17,758;2,01;-1119,605;-464,866;15863,57;9,02
19;2025;09;30;14;36;41;1,296;-0,022;-0,218;19,134;20,762;1,197;-867,287;-599,33;15764,46;9,02
19;2025;09;30;14;36;42;1,235;0,034;-2,881;20,202;20,055;-0,09;-985,843;-627,028;15871,15;9,02
19;2025;09;30;14;36;42;1,255;0,014;3,777;19,201;22,021;0,226;-839,874;-410,677;15739,11;9,02
19;2025;09;30;14;36;43;1,182;0,063;0,093;23,361;20,386;-0,226;-991,367;-534,363;15819,2;9,02
19;2025;09;30;14;36;43;1,131;0,076;-0,193;16,665;19,304;-0,023;-920,756;-501,766;15840,68;9,02
19;2025;09;30;14;36;44;1,274;0,085;0,224;17,421;17,824;-0,294;-955,063;-264,601;15738,98;9,02
19;2025;09;30;14;36;44;1,265;0,037;1,572;20,87;17,537;-0,248;-858,763;-271,954;15810,63;9,02
19;2025;09;30;14;36;45;1,324;0,094;-3,968;17,554;19,812;-0,181;-901,631;-484,747;15859,54;9,02
19;2025;09;30;14;36;45;1,386;0,007;4,694;23,539;18,664;-0,09;-1034,802;-216,633;15779,49;9,02
19;2025;09;30;14;36;46;1,263;0,043;0,959;18,489;21,8;-0,294;-974,475;-494,447;15843,65;9,02
19;2025;09;30;14;36;46;1,249;0,064;0,543;18,956;17,228;-0,181;-1183,469;-257,433;15804,09;9,02
19;2025;09;30;14;36;47;1,124;0,082;0,035;20,447;18,178;0,248;-905,038;-256,191;15727,44;9,02
19;2025;09;30;14;36;47;1,163;0,105;-2,475;21,626;17,581;0,045;-1037,28;-317,087;15763,27;9,02
19;2025;09;30;14;36;48;1,233;0,064;5,428;19,379;15,881;-0,339;-853,531;-486,368;15802,46;9,02
19;2025;09;30;14;36;48;1,24;-0,026;0,092;21,07;21,049;0,7;-873,843;-527,312;15887,18;9,02
19;2025;09;30;14;36;49;1,322;-0,053;4,51;23,428;22,639;0,294;-794,141;-418,705;15760,15;9,02
19;2025;09;30;14;36;49;1,16;0,063;1,529;24,096;19,768;-0,429;-834,866;-325,533;15789,6;9,02
19;2025;09;30;14;36;50;1,179;-0,048;0,394;21,292;15,395;5,646;-873,785;-430,358;15776,29;9,02
19;2025;09;30;14;36;50;1,341;-0,083;-0,035;23,161;19,017;1,129;-896,389;-397,972;15888,86;9,02
19;2025;09;30;14;36;51;1,334;-0,065;0,155;23,317;19,459;9,507;-919,124;-377,392;15885,04;9,02
19;2025;09;30;14;36;51;1,286;-0,093;-0,365;19,423;19,194;9,462;-706,375;-566,068;15854,02;9,02
19;2025;09;30;14;36;52;1,183;-0,021;0,075;18,667;20,718;14,114;-775,799;-355,176;15823,05;9,02
19;2025;09;30;14;36;52;1,109;-0,01;0,164;19,446;19,613;5,872;-807,52;-420,583;15793,32;9,02
19;2025;09;30;14;36;53;1,092;0,024;0,456;20,603;18,929;0,429;-883,494;-349,56;15836,57;9,02
19;2025;09;30;14;36;53;1,257;0;-2,298;18,467;19,304;0,429;-907,725;-474,261;15898,21;9,02
19;2025;09;30;14;36;54;1,209;0,031;1,645;19,624;18,509;0,158;-829,934;-311,461;15815,36;9,02
19;2025;09;30;14;36;54;1,211;0,076;-4,948;18,533;21,005;-0,023;-893,74;-187,463;15791,09;9,02
19;2025;09;30;14;36;55;1,191;0,07;5,056;19,423;20,983;0,158;-780,645;-412,637;15817,21;9,02
19;2025;09;30;14;36;55;1,231;0,042;-4,752;20,603;21,579;-0,045;-745,649;-301,289;15739,24;9,02
19;2025;09;30;14;36;56;1,289;0,005;-2,555;19,69;23,081;-0,429;-904,939;-325,035;15842,97;9,02
19;2025;09;30;14;36;56;1,004;0,017;-4,741;17,421;20,143;-0,587;-792,914;-380,41;15772,62;9,02
19;2025;09;30;14;36;57;1,147;-0,042;0,653;22,36;19,547;-0,248;-730,181;-417,075;15853,91;9,02
19;2025;09;30;14;36;57;1,338;-0,064;-1,239;19,713;21,005;-0,542;-752,615;-159,612;15728,71;9,02
19;2025;09;30;14;36;58;1,261;-0,082;0,114;22,449;19,68;7,091;-793,43;-309,242;15867,93;9,02
19;2025;09;30;14;36;58;1,235;-0,153;0,186;24,741;18,774;18,315;-915,932;-354,387;15902,07;9,02
19;2025;09;30;14;36;59;1,097;0,065;-4,153;20,202;17,007;0,723;-833,254;-20,425;15723,3;9,02
19;2025;09;30;14;36;59;1,257;0,089;2,351;19,601;20,85;0,113;-815,428;-309,059;15777,33;9,02
19;2025;09;30;14;37;00;1,206;0,161;-1,703;16,442;20,276;0,384;-762,656;-273,127;15780,45;9,02
19;2025;09;30;14;37;00;1,208;0,062;-1,283;22,516;17,14;0,181;-863,936;-295,789;15831,05;9,02
19;2025;09;30;14;35;41;0,898;-0,024;-0,063;14,395;18,951;22,402;-969,213;-448,731;15831,41;8,998
19;2025;09;30;14;35;41;1,033;0,015;-0,078;21,626;19,216;20,776;-842,634;-789,266;15839,88;9,001
19;2025;09;30;14;35;42;1,139;0,086;0,057;18,689;16,676;22,583;-935,58;157,866;15788,61;8,987
19;2025;09;30;14;35;42;1,109;-0,013;-0,288;18,355;19,304;20,121;-692,178;173,478;15432,77;8,996
19;2025;09;30;14;35;43;1,212;0,12;0,015;19,334;19,591;26,354;-1205,047;-509,267;16234,63;8,993
19;2025;09;30;14;35;43;1,279;0,018;-0,555;19,29;20,43;24,186;-748,917;-207,861;15709,57;8,991
19;2025;09;30;14;35;44;1,07;0,176;0,145;19,112;19,79;20,257;-770,448;-703,922;15881,85;8,982
19;2025;09;30;14;35;44;1,318;0,014;-0,15;22,294;19,216;25,632;-619,681;-125,76;15570,19;8,991
19;2025;09;30;14;35;45;1,124;0,014;-0,309;18,889;20,121;22,244;-1051,937;-568,827;15929,49;8,987
19;2025;09;30;14;35;45;1,083;-0,054;0,099;18,177;19,238;22,628;-473,116;-654,149;15731,77;8,987
19;2025;09;30;14;35;46;1,107;-0,106;0,016;21,27;20,188;20,573;-1016,606;-272,026;15956,23;8,993
19;2025;09;30;14;35;46;1,149;-0,072;-0,252;19,913;17,051;22,38;-571,169;-140,244;15672,51;8,987
19;2025;09;30;14;35;47;1,312;-0,076;-0,145;23,428;23,39;21,07;-707,113;-356,647;15733,98;8,993
19;2025;09;30;14;35;47;1,374;-0,003;-0,187;18,556;18,111;22,041;-611,031;-201,884;15661,57;9,001
19;2025;09;30;14;35;48;1,251;0,002;-0,064;17,71;19,746;21,657;-772,221;-261,457;15812,23;8,998
19;2025;09;30;14;35;48;1,111;0,014;0,024;18,378;19,635;20,844;-922,992;-438,494;15913,56;9,001
19;2025;09;30;14;35;49;1,028;0,095;-0,097;20,38;18,111;18,36;-1078,428;-726,807;15973,44;8,998
19;2025;09;30;14;35;49;1,117;0,049;-0,094;20,069;20,585;22,719;-814,25;-742,536;15823,07;9,001
19;2025;09;30;14;35;50;0,987;-0,05;0,364;19,957;17,802;20,641;-1136,141;-253,758;15804,92;9,004
19;2025;09;30;14;35;50;0,981;0,028;0,116;19,868;22,396;23,351;-1173,629;-196,025;15861,01;8,996
19;2025;09;30;14;35;51;1,173;-0,106;-0,049;17,332;17,537;19,128;-604,49;-1131,567;15818,76;9,014
19;2025;09;30;14;35;51;1,195;-0,031;0,069;22,205;19,724;20,957;-892,046;-692,811;15846,12;9,02
19;2025;09;30;14;35;52;0,886;-0,061;0,01;19,735;21,778;20,618;-1299,633;-1137,398;16088,02;9,009
19;2025;09;30;14;35;52;0,942;0,093;0,372;16,353;16,786;23,915;-1201,746;-193,116;15854,93;9,006
19;2025;09;30;14;35;53;1,213;0,108;-0,088;20,803;16,963;22,38;-1536,058;-198,237;15856,17;9,009
19;2025;09;30;14;35;53;1,137;0,05;-0,223;22,716;17,913;19,647;-939,652;-247,67;15760,12;9,015
19;2025;09;30;14;35;54;1,06;0,026;-0,076;21,07;19,812;19,625;-867,292;-551,247;15911,05;9,014
19;2025;09;30;14;35;54;0,984;-0,021;-0,21;22,56;21,579;20,302;-829,543;-648,887;15829,38;9,02
19;2025;09;30;14;35;55;1,05;-0,105;-0,085;20,046;21,734;23,757;-822,325;-332,511;15774,59;9,02
19;2025;09;30;14;35;55;1,336;-0,011;-0,334;18,066;20,32;20,641;-729,995;-519,304;15717,14;9,015
19;2025;09;30;14;35;56;1,039;-0,063;0,083;24,808;16,124;22,38;-930,37;-121,14;15782,16;9,02
19;2025;09;30;14;35;56;1,395;-0,041;-0,128;18,422;19,238;21,77;-1287,851;36,507;15880,77;9,015
19;2025;09;30;14;35;57;1,392;-0,022;-0,148;21,982;17,537;21,228;-1096,422;-800,043;15878,71;9,02
19;2025;09;30;14;35;57;1,294;0,027;-0,313;20,402;16,19;21,499;-730,158;-229,213;15709,96;9,02
19;2025;09;30;14;35;58;1,16;0,057;-0,02;18,978;18,133;22,493;-738,86;-429,385;15694,1;9,02
19;2025;09;30;14;35;58;1,126;-0,09;-0,055;18,333;22,529;23,509;-1111,316;-776,211;16089,45;9,02
19;2025;09;30;14;35;59;1,146;0,026;-0,083;19,357;18,531;18,721;-1138,179;-457,432;15932;9,02
19;2025;09;30;14;35;59;1,149;-0,004;0,002;19,134;16,72;24,525;-570,662;-496,996;15644,87;9,02
19;2025;09;30;14;36;00;1,081;-0,015;-0,036;17,265;19,282;23,306;-926,07;540,577;15553,18;9,02
19;2025;09;30;14;36;00;1,408;-0,11;-0,396;22,093;16,941;23,193;-649,709;-11,724;15626,14;9,02
19;2025;09;30;14;36;01;1,181;-0,033;-0,026;21,715;19,724;22,606;-1276,449;-1538,768;16239,22;9,02
19;2025;09;30;14;36;01;1,066;-0,001;-0,128;20,803;18,443;22,877;-503,72;-580,581;15764,43;9,02
19;2025;09;30;14;36;02;1,126;0,006;0,139;22,583;18,818;24,615;-940,384;-685,011;15993,39;9,02
19;2025;09;30;14;36;02;1,081;0,033;0,053;20,669;22,882;22,651;-870,755;-1072,487;15950,92;9,02
19;2025;09;30;14;36;03;0,87;0,013;0,103;19,779;19,922;24,525;-641,297;-602,575;15667,55;9,02
19;2025;09;30;14;36;03;1,17;0,023;0,047;21,448;18,708;25,88;-1040,576;-109,501;15849,58;9,02
19;2025;09;30;14;36;04;0,892;-0,133;-0,753;19,579;20,453;20,731;-761,014;-581,169;15820,23;9,02
19;2025;09;30;14;36;04;1,153;-0,074;-0,272;18,111;19,083;23,283;-826,8;-327,823;15869,66;9,02
19;2025;09;30;14;36;05;1,124;-0,069;-0,205;18,711;19,348;21,273;-913,776;320,05;15605,13;9,02
19;2025;09;30;14;36;05;0,786;-0,006;0,148;18,889;20,762;18,315;-807,568;-476,931;15888,34;9,02
19;2025;09;30;14;36;06;0,643;-0,037;-0,126;20,625;18,575;21,838;-707,586;-343,719;15818,33;9,02
19;2025;09;30;14;36;06;1,259;0,068;-0,016;21,982;17,625;19,692;-825,466;-937,66;16014,57;9,02
19;2025;09;30;14;36;07;0,958;-0,05;-0,056;23,295;21,579;19,76;-487,189;-105,48;15661,1;9,02
19;2025;09;30;14;36;07;1,03;0,012;-0,031;20,87;17,14;21,499;-802,84;-1069,749;16082,95;9,02
19;2025;09;30;14;36;08;1,262;0,026;-0,208;19,535;17,692;19,986;-249,924;-610,782;15720,62;9,02
19;2025;09;30;14;36;08;1,36;0,075;0,109;20,803;20,033;20,46;-690,285;-911,09;15892,19;9,02
19;2025;09;30;14;36;09;1,209;-0,011;-0,032;20,091;21,159;21,589;-1068,027;-1351,256;16210,91;9,02
19;2025;09;30;14;36;09;1,15;0,014;-0,348;20,291;22,131;21,838;-732,637;12,774;15703,64;9,02
19;2025;09;30;14;36;10;1,035;-0,045;0,107;21,626;21,977;19,986;-971,76;211,357;15780,76;9,02
19;2025;09;30;14;36;10;1,084;-0,016;-0,104;21,849;18,619;21,228;-851,781;-299,829;15805,13;9,02
19;2025;09;30;14;34;46;0,847;-0,12;-0,241;20,425;16,919;27,574;-560,242;-43,44;15563,92;8,982
19;2025;09;30;14;34;47;1,089;-0,04;-0,095;19,512;20,696;20,302;-310,955;-25,253;15324,62;8,987
19;2025;09;30;14;34;47;1,012;-0,177;-0,305;17,465;20,585;22,922;-492,966;517,988;15359,64;8,987
19;2025;09;30;14;34;48;0,801;0,007;-0,779;14,907;18,244;24,864;-931,74;-16,824;15782,01;8,987
19;2025;09;30;14;34;48;0,312;-0,082;0,065;20,758;21,446;24,367;-859,828;-1353,879;16295,72;8,998
19;2025;09;30;14;34;49;1,14;-0,067;0,196;22,694;17,67;26,061;-1443,257;-2156,756;16545,86;8,987
19;2025;09;30;14;34;49;0,952;-0,079;0,099;21,938;19,657;23,87;-1150,22;-1029,215;16216,52;8,993
19;2025;09;30;14;34;50;0,911;-0,048;0,104;21,604;21,866;23,644;-981,793;-244,574;15792,03;8,991
19;2025;09;30;14;34;50;0,795;-0,112;-0,011;20,358;19,348;20,212;-378,496;124,759;15147,29;9,004
19;2025;09;30;14;34;51;0,502;-0,12;-0,035;22,027;20,077;20,98;-1230,508;628,142;15722,24;8,996
19;2025;09;30;14;34;52;1,05;-0,183;-0,271;17,866;18,332;19,241;31,291;-474,295;15254,35;9,009
19;2025;09;30;14;34;52;0,958;0,008;-0,15;20,647;18,84;19,805;-1133,151;-1066,287;16028,6;9,001
19;2025;09;30;14;34;53;0,692;-0,175;0,011;15,508;19,856;21,476;42,69;636,323;15170,54;8,998
19;2025;09;30;14;34;53;0,855;-0,106;0,376;20,291;17,537;20,505;-595,497;555,254;15438,04;9,001
19;2025;09;30;14;34;54;0,788;0,005;0,289;21,715;21,005;23,961;-100,396;-567,361;15297,05;9,004
19;2025;09;30;14;34;54;0,634;-0,054;-0,163;19,846;21,358;21,793;49,048;325,164;15074,65;9,01
19;2025;09;30;14;34;55;0,703;-0,049;-0,149;22,605;23,456;21,635;-622,339;-818,335;15845,16;9,02
19;2025;09;30;14;34;55;1,053;-0,116;0,066;20,38;17,603;20,957;-839,37;-482,834;15844,42;9,01
19;2025;09;30;14;34;56;0,83;-0,184;-0,551;18,622;21,27;24,119;-386,112;1255,7;15085,96;9,014
19;2025;09;30;14;34;56;0,739;-0,063;-0,069;20,914;21,999;23,69;150,705;-119,833;15062,67;9,01
19;2025;09;30;14;34;57;0,345;-0,001;-0,378;19,601;19,922;18,45;-911,788;-587,516;16016,82;9,02
19;2025;09;30;14;34;57;0,651;-0,104;0,005;18,578;24,185;24,886;-1483,066;-1192,212;16500,62;9,015
19;2025;09;30;14;34;58;0,451;-0,117;-0,017;19,468;19,591;19,15;-234,593;-457,973;15281,26;9,02
19;2025;09;30;14;34;58;0,656;-0,084;-0,044;17,666;22,683;23,667;-870,869;-269,484;15860,58;9,02
19;2025;09;30;14;34;59;0,934;-0,197;-0,025;21,737;21,005;19,625;-924,818;1156,86;15603,91;9,02
19;2025;09;30;14;34;59;0,779;-0,133;-0,156;23,428;18,487;18,179;-297,196;39,044;15311,49;9,02
19;2025;09;30;14;35;00;0,836;-0,103;-0,026;17,31;19,304;20,483;-860,373;-1403,105;16230,3;9,02
19;2025;09;30;14;35;00;0,744;-0,081;0,133;17,999;17,294;18,473;-402,783;-717,357;15416,91;9,02
19;2025;09;30;14;35;01;0,736;-0,093;-0,14;21,938;19,768;21,499;-998,266;641,644;15718,2;9,02
19;2025;09;30;14;35;01;0,915;-0,16;-0,279;21,648;22,153;19,421;-406,718;-92,389;15563,78;9,02
19;2025;09;30;14;35;02;0,928;-0,023;-0,339;20,38;19,812;21,725;-560,872;823,462;15434,14;9,02
19;2025;09;30;14;35;02;0,814;-0,195;-0,101;23,829;18,111;23,69;-1197,306;194,895;15718;9,02
19;2025;09;30;14;35;03;0,928;-0,344;-0,355;23,74;19,437;19,512;-143,041;-526,55;15488,31;9,02
19;2025;09;30;14;35;03;0,977;-0,157;0,112;20,336;22,308;20,731;-1309,092;-1015,75;16289,59;9,02
19;2025;09;30;14;35;04;0,907;-0,236;-0,381;19,423;19,392;22,515;-642,184;1253,338;15072,06;9,02
19;2025;09;30;14;35;04;1,013;-0,252;-0,199;20,38;19,746;20,325;-516,514;69,66;15774,83;9,02
19;2025;09;30;14;35;05;0,922;-0,136;0,038;18,2;18,178;23,419;-689,729;-919,885;16054,95;9,02
19;2025;09;30;14;35;05;0,746;0,049;-0,165;17,999;15,66;19,512;-318,031;-1539,366;15845,71;9,02
19;2025;09;30;14;35;06;0,528;-0,053;0,085;19,001;18,067;22,289;-322,221;-374,678;15634,04;9,02
19;2025;09;30;14;35;06;0,867;-0,049;0,129;21,404;21,579;19,85;-584,704;-324,946;15667,79;9,02
19;2025;09;30;14;35;07;0,976;-0,116;0,017;20,491;19,326;20,009;-1049,969;-429,879;16020,75;9,02
19;2025;09;30;14;35;07;0,877;-0,083;0,031;16,665;16,919;17,547;-489,819;-519,78;15667,35;9,02
19;2025;09;30;14;35;08;0,646;-0,154;-0,131;16,153;21,159;18,428;-956,632;-220,84;15886,79;9,02
19;2025;09;30;14;35;08;0,608;0,008;0,123;18,622;16,609;22,131;-774,483;-163,38;15672,75;9,02
19;2025;09;30;14;35;09;0,885;-0,139;0,034;16,687;21,491;19,647;-342,739;-2207,535;16281,68;9,02
19;2025;09;30;14;35;09;0,609;-0,155;0,076;18,756;18,133;22,244;-649,075;-315,411;15655,56;9,02
19;2025;09;30;14;35;10;0,75;-0,107;0,19;20,269;20,696;22,764;-111,528;-1100,563;15690,61;9,02
19;2025;09;30;14;35;10;0,471;-0,009;-0,03;19,446;17,427;20,415;-1070,437;-285,627;15908,71;9,02
19;2025;09;30;14;35;11;0,465;-0,089;0,217;19,535;18,708;20,347;-213,373;829,764;15105,14;9,02
19;2025;09;30;14;35;11;0,612;-0,217;-0,267;20,024;16,897;22,244;-911,789;-815,451;15966,3;9,02
19;2025;09;30;14;35;12;0,496;-0,075;0,139;22,249;22,043;19,534;-996,283;-852,516;16074,05;9,02
19;2025;09;30;14;35;12;0,621;-0,106;-0,149;20,603;19,547;21,86;395,219;785,932;14642,66;9,02
19;2025;09;30;14;35;13;0,68;-0,103;-0,172;20,447;19,172;22,538;591,69;703,387;14518,28;9,02
19;2025;09;30;14;35;13;0,748;-0,131;-0,457;17,087;19,194;21,86;-843,555;-706,832;15974,43;9,02
19;2025;09;30;14;35;14;0,991;-0,166;-0,054;18,467;15,858;18,925;-1517,01;-1071,883;16468,44;9,02
19;2025;09;30;14;35;14;0,62;-0,13;-0,083;21,849;20,651;25,632;-930,357;-1144,358;16302,21;9,02
19;2025;09;30;14;35;15;0,518;-0,215;0,197;22,427;18,995;21,589;-647,079;-503,304;15729,79;9,02
19;2025;09;30;14;35;15;0,578;-0,113;0,171;18,956;20,563;20,844;-757,774;-813,982;16082,43;9,02
19;2025;09;30;14;35;16;0,468;-0,077;0,527;20,758;19,591;21,793;-727,686;-1403,802;16187;9,02
19;2025;09;30;14;35;16;0,692;-0,077;0,094;22,049;18,73;19,308;-487,586;-183,228;15567,33;9,02
20;2025;09;30;14;39;46;1,247;0,034;-0,199;21,47;20,408;18,834;-1149,2;-338,172;15843;9,004
20;2025;09;30;14;39;46;1,076;0,053;-0,096;19,156;18,509;21,409;-962,207;-346,97;15847,89;9,01
20;2025;09;30;14;39;47;1,223;0,102;-0,093;21,693;18,818;19,331;-994,648;-310,294;15819,77;8,998
20;2025;09;30;14;39;47;1,129;0,059;0,004;18,978;18,376;21,996;-1008,007;-296,981;15934,97;9,001
20;2025;09;30;14;39;48;1,166;0,167;-0,118;17,688;23,876;22,606;-1055,18;-410,461;15837,51;9,02
20;2025;09;30;14;39;48;1,139;0,107;-0,07;17,399;20,585;21,883;-1197,327;-205,002;15853,15;9,001
20;2025;09;30;14;39;49;1,23;0,102;-0,136;18,978;19,392;23,509;-1196,185;-302,251;15769,16;9,014
20;2025;09;30;14;39;49;1,245;0,108;-0,131;16,998;19,26;21,635;-1183,028;-269,852;15780,31;9,001
20;2025;09;30;14;39;50;1,162;0,106;-0,141;19,201;16,808;19,647;-1188,717;-385,293;15843,8;9,009
20;2025;09;30;14;39;50;1,182;0,11;0,12;21,159;17,14;22,538;-996,971;-324,786;15701,44;9,001
20;2025;09;30;14;39;51;1,431;0,021;-0,198;19,601;22,772;20,867;-941,004;-209,022;15749,43;9,009
20;2025;09;30;14;39;51;1,124;0,146;0,015;20,892;17,25;20,573;-877,763;-358,123;15842,16;9,006
20;2025;09;30;14;39;52;0,957;0,167;0,321;19,802;22,816;18,495;-805,958;-278,606;15942,82;9,004
20;2025;09;30;14;39;52;1,123;0,131;0,078;17,732;18,354;24,028;-820,068;-176,84;15792,96;9,01
20;2025;09;30;14;39;53;1,125;0,143;-0,037;20,625;19,922;23,419;-719,383;-333,842;15882,15;9,02
20;2025;09;30;14;39;53;1,347;0,096;0,096;16,954;22,728;22,425;-742,473;-221,32;15839,83;9,02
20;2025;09;30;14;39;54;1,122;0,219;0,001;18,511;19,437;20,505;-693,529;-288,099;15831,06;9,02
20;2025;09;30;14;39;54;1,236;0,111;-0,043;20,313;20,011;16,599;-712,379;-281,042;15910,93;9,015
20;2025;09;30;14;39;55;1,214;0,159;-0,066;20,491;23,766;21,002;-833,334;-149,221;15812,46;9,009
20;2025;09;30;14;39;55;1,108;0,172;-0,034;22,049;19,68;21,567;-781,823;-240,6;15846,14;9,01
20;2025;09;30;14;39;56;1,343;0,028;-0,213;19,624;21,27;19,783;-760,907;-192,662;15799,58;9,02
20;2025;09;30;14;39;56;1,39;0,05;-0,03;22,294;19,194;22,041;-702,617;-273,697;15854,8;9,015
20;2025;09;30;14;39;57;1,284;0,096;0,034;21,804;20,143;20,98;-816,219;-115,177;15763,86;9,02
20;2025;09;30;14;39;57;1,3;0,114;-0,052;17,888;18,708;18,947;-798,093;-290,514;15885,03;9,015
20;2025;09;30;14;39;58;1,21;0,089;-0,108;19,957;17,692;21,251;-783,908;-188,936;15797,21;9,02
20;2025;09;30;14;39;58;1,227;0,071;-0,053;18,756;18,487;21,364;-765,397;-195,004;15789,34;9,015
20;2025;09;30;14;39;59;1,217;0,152;0,083;17,532;18,354;21,364;-853,799;-218,051;15841,11;9,02
20;2025;09;30;14;39;59;1,152;0,129;-0,032;18,8;16,234;21,454;-673,017;-261,44;15810,6;9,015
20;2025;09;30;14;40;00;1,196;0,067;0,049;20,313;20,408;21,725;-614,745;-382,197;15787,09;9,02
20;2025;09;30;14;40;00;1,267;0,127;-0,041;23,161;16,256;20,912;-688,7;-270,565;15778,75;9,02
20;2025;09;30;14;40;01;1,249;0,036;-0,055;19,268;16,146;24,39;-890,602;-212,195;15856,97;9,02
20;2025;09;30;14;40;01;1,236;0,054;0,039;20,135;19,503;21,883;-929,254;-202,178;15821,33;9,02
20;2025;09;30;14;40;02;1,241;0,07;-0,259;20,603;18,73;18,202;-822,473;-329,453;15946;9,02
20;2025;09;30;14;40;02;1,172;0,072;-0,051;19,913;18,332;23,419;-699,187;-371,014;15778,53;9,02
20;2025;09;30;14;40;03;1,287;0,102;-0,11;19,468;16,632;24,254;-778,36;-151,663;15823,99;9,02
20;2025;09;30;14;40;03;1,23;0,14;-0,093;19,245;16,168;21,386;-757,95;-293,681;15853,11;9,02
20;2025;09;30;14;40;04;1,338;0,136;-0,142;20,736;21,071;20,076;-812,002;-300,583;15748,89;9,02
20;2025;09;30;14;40;04;1,263;0,045;0,023;21,248;18,995;18,812;-683,236;-426,98;15863,56;9,02
20;2025;09;30;14;40;05;1,224;0,046;0,121;18,155;22,087;21,025;-723,691;-406,189;15810,29;9,02
20;2025;09;30;14;40;05;1,213;0,08;-0,064;24,34;19,856;18,315;-547,041;-315,478;15787,67;9,02
20;2025;09;30;14;40;06;1,076;0,136;-0,069;19,824;17,648;18,925;-769,81;-265,252;15851,17;9,02
20;2025;09;30;14;40;06;1,223;0,124;-0,033;20,38;19,724;18,812;-810,235;-400,347;15810,96;9,02
20;2025;09;30;14;40;07;1,16;0,116;0,007;14,551;21,115;16,305;-743,617;-425,019;15819,75;9,02
20;2025;09;30;14;40;07;1,183;0,172;-0,033;14,751;17,846;20,641;-826,072;-348,378;15838,03;9,02
20;2025;09;30;14;40;08;1,246;0,071;-0,049;19,112;22,33;22,448;-741,639;-416,088;15803,59;9,02
20;2025;09;30;14;40;08;1,329;0,09;-0,234;21,626;19,392;24,277;-864,742;-329,868;15829,66;9,02
20;2025;09;30;14;40;09;1,229;0,114;-0,129;20,469;19,878;20,076;-789,733;-349,049;15809,21;9,02
20;2025;09;30;14;40;09;1,19;0,11;-0,133;16,442;19,702;20,551;-671,418;-249,807;15786,39;9,02
20;2025;09;30;14;40;10;1,04;0,138;0,053;21,27;18,796;20,121;-744,272;-406,462;15835,42;9,02
20;2025;09;30;14;40;10;1,077;0,081;-0,042;15,908;18,796;25,157;-824,518;-392,594;15824,82;9,02
20;2025;09;30;14;40;11;1,088;0,175;0,039;19,134;19,039;20,438;-695,239;-304,452;15815,35;9,02
20;2025;09;30;14;40;11;1,227;0,128;-0,124;18,823;18,597;19,986;-692,28;-397,319;15861,02;9,02
20;2025;09;30;14;40;12;1,182;0,164;-0,148;21,693;17,117;22,177;-712,561;-332,337;15824,98;9,02
20;2025;09;30;14;40;12;1,387;0,057;0,034;20,224;18,487;23,622;-684,978;-376,661;15770,64;9,02
20;2025;09;30;14;40;13;1,28;0,14;-0,101;17,577;17,537;22,786;-742,949;-182,967;15794,86;9,02
20;2025;09;30;14;40;13;1,242;0,194;-0,045;19,446;21,27;18,27;-651,823;-237,686;15754,19;9,02
20;2025;09;30;14;40;14;1,099;0,175;-0,142;17,465;19,768;20,844;-666,11;-287,301;15821,93;9,02
20;2025;09;30;14;40;14;1,077;0,038;-0,033;19,624;19,127;20,099;-823,96;-465,893;15866,13;9,02
20;2025;09;30;14;40;15;1,3;0,065;-0,091;22,538;21,778;22,967;-812,406;-354,622;15797,86;9,02
20;2025;09;30;14;40;15;1,32;0,079;0,061;19,446;21,137;18,27;-846,266;-343,155;15833,92;9,02
20;2025;09;30;14;38;56;1,265;0,173;-0,272;17,777;20,696;21,544;-1249,516;-258,498;15986,08;9,006
20;2025;09;30;14;38;56;1,075;0,054;0,092;17,821;14,82;20,505;-473,149;-252,039;15496,56;8,987
20;2025;09;30;14;38;57;1,226;0,095;-0,072;20,269;18,111;19,986;-436,226;138,131;15496,77;8,998
20;2025;09;30;14;38;57;1,256;0,147;-0,246;20,469;23,258;21,431;-823,426;-23,103;15666,2;8,996
20;2025;09;30;14;38;58;1,267;0,175;-0,103;23,495;17,537;19,376;-928,277;15,853;15635,69;8,998
20;2025;09;30;14;38;58;1,275;0,168;0,088;19,824;21,734;24,48;-1106,496;-55,823;15846,57;9,001
20;2025;09;30;14;38;59;1,113;0,17;-0,101;18,422;17,913;22,989;-1252,649;198,57;15872,19;8,993
20;2025;09;30;14;38;59;1,311;0,13;-0,198;20,38;22,021;19,308;-1173,226;-322,353;15959,28;8,991
20;2025;09;30;14;39;00;1,23;0,104;-0,201;21,092;19,657;25,88;-915,564;-675,892;16070,97;9,009
20;2025;09;30;14;39;00;1,26;0,136;-0,099;18,845;21,645;24,796;-657,222;202,467;15642,31;9,015
20;2025;09;30;14;39;01;1,254;0,142;-0,189;21,337;20,276;23,193;-894,954;-1002,666;16049,39;9,009
20;2025;09;30;14;39;01;1,236;0,158;-0,081;20,402;18,84;22,335;-641,619;-699,896;15742,44;9,01
20;2025;09;30;14;39;02;1,11;0,138;-0,023;18,8;22,573;23,238;-782,137;-500,281;15779,91;9,004
20;2025;09;30;14;39;02;1,106;0,142;-0,046;22,471;21,027;20,709;-462,996;-428,12;15591,72;9,001
20;2025;09;30;14;39;03;1,189;0,083;-0,156;21,292;21,999;19,467;-835,232;-1271,43;16125,1;9,02
20;2025;09;30;14;39;03;1,245;-0,002;-0,203;21,048;19,812;19,286;-710,77;-955,542;16020,99;9,02
20;2025;09;30;14;39;04;1,161;0,035;-0,223;19,245;17,493;19,941;-1230,937;-29,957;15970,02;9,009
20;2025;09;30;14;39;04;1,255;0,042;-0,086;21,114;18,178;17,05;-968,75;-1360,409;16047,99;9,015
20;2025;09;30;14;39;05;1;0,071;-0,089;23,028;17,692;17,592;-737,275;440,29;15459,12;9,02
20;2025;09;30;14;39;05;0,941;0,07;0,015;18,422;17,095;22,831;-1165,552;-769,788;15995,28;9,02
20;2025;09;30;14;39;06;1,07;0,148;-0,123;17,91;23,191;19,308;-820,312;-1107,609;15790,71;9,014
20;2025;09;30;14;39;06;1,059;0,11;-0,068;21,025;20,673;21,657;-958,275;-1203,47;16185,22;9,02
20;2025;09;30;14;39;07;0,9;0,126;-0,038;17,888;17,957;18,179;-1467,754;-517,62;16154,54;9,014
20;2025;09;30;14;39;07;1,282;0,175;0,031;20,224;18,951;19,67;-632,999;-719,138;15992,83;9,02
20;2025;09;30;14;39;08;1,13;0,12;-0,143;16,998;18,398;19,67;-523,358;-247,587;15588,17;9,02
20;2025;09;30;14;39;08;1,181;0,156;-0,123;18,533;26,217;19,76;-461,688;-352,575;15784,41;9,02
20;2025;09;30;14;39;09;1,061;0,103;-0,113;19,601;21,8;24,028;-798,605;296,117;15703,96;9,014
20;2025;09;30;14;39;09;1,056;0,179;0,118;22,271;19,834;22,131;-537,95;-518,144;15853,31;9,02
20;2025;09;30;14;39;10;1,285;0,055;-0,128;20,58;22,639;22,651;-728,98;-516,874;15899,13;9,02
20;2025;09;30;14;39;10;1,224;0,177;0,031;19,201;19,834;18,518;-587,766;-1038,626;15946,56;9,015
20;2025;09;30;14;39;11;1,23;0,137;-0,072;19,446;17,228;21,815;-813,985;-898,638;16079,61;9,02
20;2025;09;30;14;39;11;1,031;0,057;-0,434;19,49;17,537;22,244;-220,341;-214,02;15560,11;9,02
20;2025;09;30;14;39;12;1,104;0,138;-0,338;20,603;20,585;20,37;-814,223;-695,207;15943,38;9,02
20;2025;09;30;14;39;12;1,106;0,086;-0,134;20,18;20,673;19,738;-678,394;-793,87;15932,12;9,02
20;2025;09;30;14;39;13;0,801;0,084;-0,245;18,111;20,232;19,218;-411,824;93,497;15639,33;9,02
20;2025;09;30;14;39;13;1,063;0,09;-0,087;22,649;19,613;17,886;-254,201;410,934;15316,89;9,02
20;2025;09;30;14;39;14;1,081;0,152;-0,133;22,494;17,736;20,596;-1027,508;367,801;15556,18;9,02
20;2025;09;30;14;39;14;1,372;0,115;0,085;17,332;19,856;21,77;-204,822;-85,739;15539,83;9,02
20;2025;09;30;14;39;15;1,276;0,155;-0,251;18,489;20,408;21,093;-554,234;-1131,07;16003,96;9,02
20;2025;09;30;14;39;15;1,284;0,186;0,055;19,423;21,226;19,196;-526,621;-783,583;15762,04;9,02
20;2025;09;30;14;39;16;1,298;0,135;-0,171;16,442;21,027;19,76;-1416,219;1407,468;15743,04;9,02
20;2025;09;30;14;39;16;1,205;0,157;-0,288;19,535;15,792;20,844;-682,773;-726,028;15928,9;9,02
20;2025;09;30;14;39;17;1,24;0,026;-0,081;20,291;19,878;22,402;-780,155;-1603,079;16147,07;9,02
20;2025;09;30;14;39;17;1,329;0,135;-0,146;20,892;17,692;17,457;-384,739;-664,377;15882,05;9,02
20;2025;09;30;14;39;18;1,306;0,092;-0,058;21,582;20,673;22,312;-411,964;-490,936;15832,64;9,02
20;2025;09;30;14;39;18;1,16;-0,022;-0,274;17,287;18,951;22,696;-530,01;-344,68;15800,21;9,02
20;2025;09;30;14;39;19;1,054;-0,006;-0,433;17,154;17,625;22,831;-652,437;-285,515;15767,05;9,02
20;2025;09;30;14;39;19;1,323;0,12;-0,159;21,515;21,071;21,544;-430,214;-508,079;15757,2;9,02
20;2025;09;30;14;39;20;1,333;0,134;0,253;21,893;21,645;20,709;-705,427;-602,577;16049,27;9,02
20;2025;09;30;14;39;20;1,351;0,1;-0,252;21,226;18,575;18,766;-717,568;-474,919;15824,38;9,02
20;2025;09;30;14;39;21;1,274;0,093;0,12;20,825;19,569;19,376;-1116,521;492,33;15659,04;9,02
20;2025;09;30;14;39;21;1,298;0,07;-0,272;20,87;22,087;19,963;-769,071;-90,442;15823,47;9,02
20;2025;09;30;14;39;22;1,241;0,082;-0,091;21,404;21,402;20,618;-692,135;784,028;15405,02;9,02
20;2025;09;30;14;39;22;1,094;0,064;0,055;19,646;21,005;21,838;-105,236;155,54;15629,63;9,02
20;2025;09;30;14;39;23;1,156;0,065;-0,071;21,76;23,39;22,064;-1023,208;-344,249;15895,79;9,02
20;2025;09;30;14;39;23;1,198;0,101;0,103;19,557;20,121;20,551;-948,575;-1652,513;16351,27;9,02
20;2025;09;30;14;39;24;1,091;0,087;-0,2;18,222;20,961;20,912;-1272,514;308,291;15906,79;9,02
20;2025;09;30;14;39;24;1,085;0,1;0,057;19,868;17,979;19,331;-1182,047;-127,467;15905,79;9,02
20;2025;09;30;14;39;25;1,162;0,123;-0,09;17,799;17,957;21,205;-516,787;-371,331;15818,99;9,02
20;2025;09;30;14;39;25;1,14;0,149;0,03;18,4;18,929;20,957;-599,929;-176,447;15719,14;9,02
20;2025;09;30;14;38;05;0,683;0,081;0,151;24,919;21,314;22,944;-1395,162;-173,124;15961;9,009
20;2025;09;30;14;38;06;0,654;-0,052;-0,07;20,914;17,25;21,341;-1116,679;-51,177;15902,48;9,01
20;2025;09;30;14;38;06;0,911;-0,058;-0,203;21,315;19,812;22,222;-671,08;248,93;15373,43;9,02
20;2025;09;30;14;38;07;0,722;-0,074;0,23;19,134;21,049;22,764;-497,582;-297,666;15567,36;9,02
20;2025;09;30;14;38;07;0,474;-0,139;-0,137;21,693;22,462;22,38;-912,148;-118,786;15750,13;9,004
20;2025;09;30;14;38;08;0,734;0,009;-0,67;20,38;17,913;20,663;-1237,963;-931,648;16152,12;9,02
20;2025;09;30;14;38;08;0,787;-0,034;0,012;20,291;19,105;22,289;-365,1;-63,713;15454,71;9,009
20;2025;09;30;14;38;09;0,566;0,105;0,112;19,735;19,746;22,154;-838,459;-508,278;15762,86;9,01
20;2025;09;30;14;38;09;0,39;0,097;0,181;21,804;17,184;19,828;-626,189;401,186;15741,1;9,014
20;2025;09;30;14;38;10;0,353;0,09;0,275;23,406;18,708;22,289;115,955;71,894;15107,23;9,02
20;2025;09;30;14;38;10;0,426;0,143;0,52;20,202;20,585;20,776;-1679,655;-737,88;16405,19;9,014
20;2025;09;30;14;38;11;0,42;0,106;0,321;26,899;19,702;20,28;-1146,669;-1079,874;15966,82;9,02
20;2025;09;30;14;38;11;0,348;0,085;0,319;26,031;16,919;21,86;-740,984;-369,758;15834,77;9,02
20;2025;09;30;14;38;12;0,509;-0,057;-0,131;22,027;22,021;18,044;-912,192;339,237;15731,67;9,015
20;2025;09;30;14;38;12;0,999;0,027;-0,086;22,761;17,338;23,057;-1613,913;-851,832;16427,85;9,02
20;2025;09;30;14;38;13;0,72;0,092;0,42;18,155;21,115;18,586;-555,133;-368,894;15614,59;9,02
20;2025;09;30;14;38;13;0,872;0,136;0,231;21,315;21,005;19,489;-332,076;-421,289;15861,19;9,02
20;2025;09;30;14;38;14;0,587;0,068;-0,001;21,626;21,402;20,415;-301,803;-975,219;15909,67;9,015
20;2025;09;30;14;38;14;0,499;0,119;0,237;18,133;18,244;23,622;-1163,802;-706,442;16128,45;9,02
20;2025;09;30;14;38;15;0,816;0,017;0,13;23,117;24,009;22,38;-712,361;-1423,918;16023,34;9,02
20;2025;09;30;14;38;15;0,388;0,097;0,197;21,871;20,585;23,531;-1123,561;-221,833;15902,67;9,02
20;2025;09;30;14;38;16;0,635;0,163;0,6;26,521;15,593;22,628;-1487,693;-1400,47;16168,28;9,02
20;2025;09;30;14;38;16;0,893;-0,021;-0,139;24,874;19,768;19,76;-1258,432;-418,649;15778,04;9,02
20;2025;09;30;14;38;17;0,432;0,104;0,367;22,894;18,929;24,412;-1025,795;-761,1;16095,26;9,015
20;2025;09;30;14;38;18;0,884;0,227;-0,025;25,698;22,286;21,951;-1875,955;-1011,291;16595,07;9,014
20;2025;09;30;14;38;18;0,545;0,144;-0,01;25,876;19,856;22,018;-1310,854;-794,64;16345,65;9,01
20;2025;09;30;14;38;19;1,024;0,023;-0,238;26,766;22,021;18,766;-495,006;-600,672;15743,08;9,02
20;2025;09;30;14;38;19;0,951;0,243;0,431;27,7;19,856;19,196;-968,246;-403,1;15854,88;9,015
20;2025;09;30;14;38;20;0,828;-0,013;-0,002;23,272;20,011;20,167;-1015,25;-571,012;15863,27;9,014
20;2025;09;30;14;38;20;0,518;-0,096;0,117;20,158;20,077;21,996;-398,687;-836,159;15705,08;9,02
20;2025;09;30;14;38;21;0,491;0,048;0,081;21,715;21,005;22,56;-880,174;-772,288;16111,59;9,02
20;2025;09;30;14;38;21;0,448;0,041;-0,078;19,779;17,515;23,26;-626,721;131,575;15647,61;9,02
20;2025;09;30;14;38;22;0,893;0,023;0,261;18,355;17,824;20,528;-723,049;-229,76;15953,45;9,02
20;2025;09;30;14;38;22;1,025;-0,063;-0,036;21,226;21,557;21,567;-1612,093;-1223,497;16683,09;9,02
20;2025;09;30;14;38;23;0,696;0,165;0,194;21,048;20,276;19,873;-870,783;-1496,247;16030,78;9,02
20;2025;09;30;14;38;23;0,679;0,176;0,348;22,916;22,728;18,134;-830,287;-170,874;15810,85;9,02
20;2025;09;30;14;38;24;0,53;0,15;0,398;20,847;18,156;18,112;-876,534;-744,76;15980,79;9,02
20;2025;09;30;14;38;24;0,435;0,107;0,63;20,158;19,9;21,77;-327,836;-629,94;15569,44;9,02
20;2025;09;30;14;38;25;0,325;0,075;0,498;21,849;21,623;20,754;-1409,031;-300,688;16146,15;9,02
20;2025;09;30;14;38;25;0,785;0,2;0,203;24,674;20,916;19,67;-708,934;-379,216;15898,69;9,02
20;2025;09;30;14;38;26;0,414;-0,093;0,057;22,961;19,017;20,234;-521,403;-238,821;15690,88;9,02
20;2025;09;30;14;38;26;0,439;-0,108;-0,024;24,363;25,842;24,886;-1279,123;416,45;15731,98;9,02
20;2025;09;30;14;38;27;0,217;0,057;0,38;17,354;25,356;22,56;-376,312;-136,506;15627,46;9,02
20;2025;09;30;14;38;27;0,893;-0,044;0,034;23,74;17,625;21,951;-620,193;-111,878;15675,96;9,02
20;2025;09;30;14;38;28;0,822;-0,118;-0,269;18,734;20,475;21,454;-1125,086;-373,71;15855,08;9,02
20;2025;09;30;14;38;28;0,748;0,027;-0,048;19,001;18,266;19,173;-1273,469;138,665;16080,99;9,02
20;2025;09;30;14;38;29;0,733;-0,038;-0,261;20,714;21,424;22,357;-1078,238;-536,632;15990,62;9,02
20;2025;09;30;14;38;29;0,592;-0,001;-0,124;20,447;18,376;19,512;-1003,937;-299,446;16013,03;9,02
20;2025;09;30;14;38;30;0,258;0,069;0,308;23,473;20,762;20,505;638,132;419,662;14934,88;9,02
20;2025;09;30;14;38;30;0,549;0,138;0,315;27,834;20,563;19,015;-909,053;-150,732;15860,43;9,02
20;2025;09;30;14;38;31;0,374;0,09;0,201;25,431;16,786;20,799;-1108,054;-536,451;16315,21;9,02
20;2025;09;30;14;38;31;0,18;0,045;0,324;25,008;17,162;20,528;-613,143;-371,641;15910,64;9,02
20;2025;09;30;14;38;32;0,083;0,02;0,66;25,275;23,125;23,238;-2100,767;-1777,802;17024,61;9,02
20;2025;09;30;14;38;32;0,368;0,097;0,267;24,63;20,673;20,031;-822,373;-225,729;15861,85;9,02
20;2025;09;30;14;38;33;0,78;-0,035;0,137;24,607;16,499;18,721;-747,234;-520,453;16246,66;9,02
20;2025;09;30;14;38;33;0,569;0,14;-0,021;20,603;18,906;23,802;-426,643;18,643;15655,79;9,02
20;2025;09;30;14;38;34;0,427;0,104;-0,271;23,317;21,667;22,041;-1171,498;-1008,768;16122,41;9,02
20;2025;09;30;14;38;34;0,536;0,14;0,173;24,607;18,222;22,154;-1075,198;-721,064;15968,48;9,02
20;2025;09;30;14;38;35;0,939;0,024;-0,042;22,427;18,398;23,757;-1028,083;-598,984;16243,24;9,02
20;2025;09;30;14;38;35;0,746;-0,017;-0,085;21,137;20,651;21,16;-283,687;-290,167;15455,4;9,02
21;2025;09;30;14;43;02;1,036;0,027;-0,198;19,357;15,748;19,444;-900,97;-608,836;15746,59;8,982
21;2025;09;30;14;43;02;1,082;-0,027;-0,108;21,137;18,929;22,086;-869,989;-465,221;15770,06;8,982
21;2025;09;30;14;43;03;1,052;-0,014;-0,518;21,337;19,437;21,07;-974,288;-500,197;15905,47;8,982
21;2025;09;30;14;43;03;1,015;-0,026;-0,075;17,554;17,625;21,002;-863,103;-604,686;15792,56;8,982
21;2025;09;30;14;43;04;1,127;-0,071;-0,103;20,113;17,89;24,344;-687,341;-464,452;15806,78;8,982
21;2025;09;30;14;43;04;0,961;-0,038;-0,197;18,533;21,623;24,141;-711,509;-533,912;15871,44;8,982
21;2025;09;30;14;43;05;0,842;-0,005;0,059;20,291;18,774;22,696;-841,534;-437,354;15833,6;8,982
21;2025;09;30;14;43;05;0,996;0,023;-0,014;18,133;21,314;27,258;-755,611;-416,976;15781,3;8,982
21;2025;09;30;14;43;06;1,154;-0,024;0,038;21,337;15,748;20,822;-847,355;-140,035;15713,99;8,982
21;2025;09;30;14;43;06;1,089;-0,021;-0,065;16,22;18,774;23,08;-753,973;-464,047;15832,15;8,982
21;2025;09;30;14;43;07;1,135;-0,082;-0,056;14,106;15,748;19,444;-773,484;-420,635;15739,63;8,982
21;2025;09;30;14;43;07;1,087;-0,015;0,033;18,355;21,535;22,764;-685,06;-317,066;15745,58;8,982
21;2025;09;30;14;43;08;0,996;0,026;0,006;19,601;19,459;20,031;-691,95;-202,25;15767,81;8,982
21;2025;09;30;14;43;08;1,159;0,026;0,054;20,825;18,023;17,818;-577,767;-295,082;15757,28;8,982
21;2025;09;30;14;43;09;1,18;-0,017;-0,067;17,532;16,433;21,567;-703,634;-260,237;15745,97;8,982
21;2025;09;30;14;43;09;0,953;0,08;-0,014;19,023;17,117;24,028;-668,257;-625,546;15811,1;8,982
21;2025;09;30;14;43;10;0,974;0,027;0,001;19,601;15,108;21,567;-810,392;-412,618;15876,62;8,982
21;2025;09;30;14;43;10;0,906;0,023;0,018;23,005;17,294;20,415;-730,484;-449,11;15837,91;8,982
21;2025;09;30;14;43;11;0,934;-0,028;-0,053;21,381;19,657;19,873;-592,23;-306,558;15751,47;8,982
21;2025;09;30;14;43;11;1,064;-0,023;0,047;19,579;17,095;21,815;-864,155;-404,31;15919;8,982
21;2025;09;30;14;43;12;1,043;0,04;0,075;17,844;21,226;18,789;-684,477;-350,3;15788,75;8,982
21;2025;09;30;14;43;12;0,937;0,087;-0,099;15,396;18,73;18,744;-598,155;-398,914;15811,12;8,982
21;2025;09;30;14;43;13;1,11;-0,045;-0,021;18,155;17,272;23,17;-471,309;-362,918;15688,57;8,982
21;2025;09;30;14;43;13;1,018;0,001;-0,019;18,044;22,264;20,957;-683,118;-487,325;15846,63;8,982
21;2025;09;30;14;43;14;0,998;0,016;-0,031;15,04;17,029;19,489;-610,176;-447,577;15831,7;8,982
21;2025;09;30;14;43;14;1,051;-0,019;-0,159;19,579;17,272;17,773;-585,309;-422,725;15797,55;8,982
21;2025;09;30;14;43;15;0,884;0,066;0,042;18,556;18,443;15,56;-563,479;-409,515;15821,91;8,982
21;2025;09;30;14;43;15;0,963;0,064;0,129;19,446;17,515;20,438;-696,338;-452,451;15807,99;8,982
21;2025;09;30;14;43;16;1,062;-0,021;-0,154;21,27;15,373;22,335;-775,381;-432,503;15847,29;8,982
21;2025;09;30;14;43;16;1,05;-0,019;-0,159;19,646;18,465;18,157;-778,962;-379,099;15818,61;8,982
21;2025;09;30;14;43;17;1,177;0,04;-0,271;16,998;18,244;18,992;-706,211;-382,832;15803,03;8,982
21;2025;09;30;14;43;17;1,039;-0,016;-0,015;15,908;19,238;19,67;-642,64;-442,815;15793,86;8,982
21;2025;09;30;14;43;18;1,147;-0,066;-0,142;18,4;18,84;18,541;-621,571;-318,081;15804,23;8,982
21;2025;09;30;14;43;18;0,917;0,027;-0,098;19,98;16,72;22,402;-556,493;-445,583;15805,99;8,982
21;2025;09;30;14;43;19;1,122;-0,006;0,086;19,779;19,702;17,524;-711,284;-434,339;15874,81;8,982
21;2025;09;30;14;43;19;1,185;-0,05;-0,045;16,954;17,14;17,592;-620,259;-453,5;15824,08;8,982
21;2025;09;30;14;43;20;0,997;0,038;-0,166;17,443;20,232;22,967;-635,188;-385,936;15745,99;8,982
21;2025;09;30;14;43;20;0,718;0,111;0,607;19,512;21,645;24,457;-728,368;-509,349;15822,98;8,982
21;2025;09;30;14;43;21;1,051;-0,038;-0,021;15,997;19,061;19,376;-850,964;-429,109;15801,44;8,982
21;2025;09;30;14;43;21;0,952;0,004;-0,25;22,961;19,348;20,551;-674,184;-456,248;15776,07;8,982
21;2025;09;30;14;43;22;1,132;0,004;-0,128;18,467;18,73;20,325;-816,268;-440,592;15858,83;8,982
21;2025;09;30;14;43;22;1,159;-0,008;-0,124;22,494;18,84;21,386;-695,116;-315,596;15735,54;8,982
21;2025;09;30;14;43;23;1,064;0,02;-0,116;22,271;19,392;19,941;-766,544;-488,994;15868,88;8,982
21;2025;09;30;14;43;23;0,975;-0,02;-0,149;20,091;19,878;21,567;-729,492;-363,179;15828,37;8,982
21;2025;09;30;14;43;24;1,057;-0,047;-0,166;15,196;19,282;19,037;-840,617;-398,324;15839,76;8,982
21;2025;09;30;14;43;24;1,082;0,115;0,325;18,133;19,127;19,692;-694,772;-325,446;15743,72;8,982
21;2025;09;30;14;43;25;1,12;0,027;-0,032;18,088;18,774;22,651;-690,043;-387,206;15782,54;8,982
21;2025;09;30;14;43;25;0,925;0,013;0,027;21,137;21,093;19,263;-687,036;-432,294;15797,64;8,982
21;2025;09;30;14;43;26;0,9;-0,014;-0,214;21,493;18,708;24,209;-612,289;-452,47;15818,07;8,987
21;2025;09;30;14;43;26;1,03;-0,027;-0,134;23,406;22,087;18,857;-636,892;-378,477;15798,72;8,982
21;2025;09;30;14;43;27;0,957;-0,031;-0,117;14,729;17,25;22,357;-701,063;-399,679;15874,2;8,987
21;2025;09;30;14;43;27;1,069;0,004;-0,088;16,042;19,37;18,27;-623,114;-371,92;15802,62;8,982
21;2025;09;30;14;43;28;1,132;-0,032;-0,153;15,352;20,386;19,805;-671,268;-335,79;15806,79;8,987
21;2025;09;30;14;43;28;1,116;-0,016;-0,047;19,134;19,194;17,795;-651,169;-427,643;15763,58;8,991
21;2025;09;30;14;43;29;1,009;0,014;0,042;17,176;20,519;21,251;-626,082;-450,503;15827,16;8,993
21;2025;09;30;14;43;29;1,035;-0,052;0,104;18,467;21,071;21,002;-651,544;-417,151;15791,4;8,991
21;2025;09;30;14;43;30;1,069;-0,05;-0,002;16,353;19,702;14,995;-716,123;-426,382;15817,51;8,982
21;2025;09;30;14;43;30;1,004;-0,047;-0,254;18,333;21,314;22,809;-630,813;-323,168;15745,73;8,982
21;2025;09;30;14;43;31;0,981;-0,007;-0,032;17,399;22,264;24,119;-788,537;-448,114;15767,54;8,987
21;2025;09;30;14;43;31;0,929;0,017;0,025;16,865;19,194;18,405;-793,01;-492;15800,61;8,987
21;2025;09;30;14;42;04;0,959;-0,121;0,093;19,624;18,288;26,445;-643,35;-650,363;15717,55;8,982
21;2025;09;30;14;42;04;0,966;-0,065;-0,015;18,912;16,609;18,383;-828,653;-388,237;15740,72;8,982
21;2025;09;30;14;42;05;1,013;0,009;0,049;18,711;17,537;18,021;-792,754;-523,602;15775,74;8,982
21;2025;09;30;14;42;05;0,76;-0,042;-0,063;17,443;18,664;23,87;-410,324;-390,114;15711,11;8,982
21;2025;09;30;14;42;06;0,925;0,003;-0,045;17,176;19,282;22,538;-1110,037;-608,31;16010,16;8,982
21;2025;09;30;14;42;06;0,935;0,025;0,049;19,579;14,754;20,505;-1009,474;-597,526;15920,33;8,982
21;2025;09;30;14;42;07;0,826;-0,084;-0,131;23,272;16,543;19,354;-814,399;-559,234;15872,38;8,982
21;2025;09;30;14;42;07;0,823;0,054;-0,086;17,91;19,68;17,524;-920,397;-283,655;15836,79;8,982
21;2025;09;30;14;42;08;0,772;-0,111;-0,114;19,245;21,734;21,205;-985,254;-644,239;15930,9;8,982
21;2025;09;30;14;42;08;1,009;-0,03;0,108;16,909;20,077;21,273;-1005,586;-594,567;15966,28;8,982
21;2025;09;30;14;42;09;1,06;0,032;-0,089;18,177;16,897;17,389;-842,264;-286,168;15846,91;8,982
21;2025;09;30;14;42;09;1,002;-0,018;-0,082;17,977;16,632;19,738;-1234,935;-560,231;15985,48;8,982
21;2025;09;30;14;42;10;0,979;-0,008;-0,186;18,511;18,332;23,238;-1394,326;-654,211;16047,31;8,982
21;2025;09;30;14;42;10;1,184;0,004;-0,242;15,73;15,704;17,637;-599,716;-867,897;15779,48;8,982
21;2025;09;30;14;42;11;1,151;0,002;-0,121;18,333;16,632;20,618;-1250,996;-305,683;15940,63;8,982
21;2025;09;30;14;42;11;1,03;0,041;0,31;16,042;16,411;21,815;-498,175;-224,225;15646,07;8,982
21;2025;09;30;14;42;12;1,104;0,075;-0,108;21,181;15,726;22,064;-916,555;-516,141;15924,1;8,982
21;2025;09;30;14;42;12;1;-0,08;0,004;24,318;20,165;19,196;-651,768;-811,195;15918,45;8,982
21;2025;09;30;14;42;13;1,086;-0,089;-0,253;17,265;16,985;19,738;-899,279;-617,132;15871,05;8,982
21;2025;09;30;14;42;13;0,921;-0,099;0,143;21,337;19,282;19,444;-339,006;-368,891;15638,78;8,982
21;2025;09;30;14;42;14;1,076;-0,098;-0,06;19,49;20,938;23,644;-1019,675;-511,14;16022,22;8,982
21;2025;09;30;14;42;14;1,148;-0,011;0,05;22,827;19,216;18,45;-804,249;-514,618;15901,02;8,982
21;2025;09;30;14;42;15;0,98;-0,02;0,253;18,845;15,616;19,896;-852,193;-329,351;15881,96;8,982
21;2025;09;30;14;42;15;1,01;-0,097;-0,108;19,401;21,358;19,489;-856,688;-273,453;15722,65;8,982
21;2025;09;30;14;42;16;0,74;-0,01;0,262;17,732;17,162;21,16;-147,058;-151,173;15509,04;8,982
21;2025;09;30;14;42;16;0,839;-0,168;-0,219;21,359;18,31;18,36;-671,895;-293,451;15809,18;8,982
21;2025;09;30;14;42;17;0,756;-0,047;-0,094;19,179;18,111;19,738;-979,174;-556,19;15853,89;8,982
21;2025;09;30;14;42;17;1,112;-0,002;-0,158;17,91;18,995;19,76;-455,572;-240,703;15648,4;8,982
21;2025;09;30;14;42;18;1,068;-0,009;-0,031;18,088;17,515;21,567;-788,894;-373,317;15857,65;8,982
21;2025;09;30;14;42;18;1,161;-0,028;-0,117;18,622;19,238;20,596;-800,358;-453,811;15823,93;8,982
21;2025;09;30;14;42;19;0,926;0,012;0,049;21,915;16,874;22,899;-464,437;-37,263;15721,63;8,982
21;2025;09;30;14;42;19;1,075;-0,065;-0,123;19,579;24,119;21,77;-457,229;-250,587;15658,57;8,982
21;2025;09;30;14;42;20;0,839;0,081;-0,13;18,244;16,83;18,179;-713,113;-381,44;15766,42;8,982
21;2025;09;30;14;42;20;0,567;-0,081;0,003;16,931;20,916;23,961;-673,239;-654,983;15853,63;8,982
21;2025;09;30;14;42;21;1,039;-0,104;-0,082;18,022;18,133;17,615;-800,792;-948,688;16069,08;8,982
21;2025;09;30;14;42;21;1,083;-0,098;-0,019;18,511;17,957;23,622;-1074,63;-623,606;16044,75;8,982
21;2025;09;30;14;42;22;0,677;-0,007;0,302;16,442;18,752;20,37;-742,065;-404,138;15833,09;8,982
21;2025;09;30;14;42;22;0,905;0,018;-0,007;13,906;17,007;16,734;-391,433;-415,285;15721,58;8,982
21;2025;09;30;14;42;23;0,935;-0,055;-0,16;19,957;16,587;18,834;-629,542;-285,774;15707,63;8,982
21;2025;09;30;14;42;23;1,037;-0,048;0,011;16,42;17,736;23,554;-908,315;-457,131;15849,9;8,982
21;2025;09;30;14;42;24;0,964;-0,137;0,211;18,311;18,906;22,56;-500,081;-260,165;15734,72;8,982
21;2025;09;30;14;42;24;1,016;-0,083;-0,225;18,4;18,2;22,335;-296,934;-313,213;15647,83;8,982
21;2025;09;30;14;42;25;0,932;-0,02;-0,099;21,048;18,84;22,719;-599,541;-294,196;15817,54;8,982
21;2025;09;30;14;42;25;1,043;-0,06;0,016;20,269;17,67;20,189;-767,478;-364,868;15920,38;8,982
21;2025;09;30;14;42;26;0,97;-0,021;-0,162;19,401;19,922;19,534;-707,924;-268,677;15794,13;8,982
21;2025;09;30;14;42;26;0,893;-0,037;-0,093;18,622;18,906;21,047;-1104,98;-328,107;15951,44;8,982
21;2025;09;30;14;42;27;0,996;-0,101;-0,446;19,001;17,272;18,947;-817,658;-466,081;15843,28;8,982
21;2025;09;30;14;42;27;0,948;-0,041;0,272;18,4;17,824;19,715;-373,7;-236,225;15738,4;8,982
21;2025;09;30;14;42;28;0,945;-0,067;-0,3;20,002;16,411;21,386;-1026,431;-513,378;15910,24;8,987
21;2025;09;30;14;42;28;0,833;-0,19;-0,258;19,557;16,565;19,896;-531,976;-688,405;15834,34;8,982
21;2025;09;30;14;42;29;0,912;-0,077;0,032;18,111;21,093;18,405;-663,439;-298,355;15838,13;8,982
21;2025;09;30;14;42;29;0,74;-0,133;0,046;16,197;17,736;17,931;-520,102;-398,251;15695,16;8,982
21;2025;09;30;14;42;30;0,772;-0,022;0,133;17,888;21,402;19,196;-803,254;-616,134;15866,54;8,982
21;2025;09;30;14;42;30;0,709;-0,001;-0,094;17,732;18,266;18,925;-753,087;-546,875;15899,64;8,982
21;2025;09;30;14;42;31;0,833;0,098;0,055;16,22;18,222;19,896;-980,86;-312,138;15817,53;8,982
21;2025;09;30;14;42;31;0,767;-0,092;-0,274;19,802;18,951;17,931;-938,136;-405,796;15868,96;8,982
21;2025;09;30;14;42;32;0,995;-0,015;-0,134;18,2;18,244;16,576;-741,502;-681,714;15915,77;8,982
21;2025;09;30;14;42;32;0,962;0,009;-0,174;18,756;17,184;19,738;-736,174;-401,038;15851,05;8,982
21;2025;09;30;14;42;33;0,82;0,017;0,001;18,778;17,89;23,622;-774,205;-596,699;15873,08;8,982
21;2025;09;30;14;42;33;0,902;-0,003;0,478;19,535;17,537;18,721;-985,558;-708,845;15916,33;8,982
21;2025;09;30;14;41;08;0,71;-0,039;0,086;17,977;17,029;20,709;-2101,82;-1612,378;16299,26;8,982
21;2025;09;30;14;41;09;0,893;0,07;-0,179;18,511;20,408;18,134;-1161,2;-1462,915;15729,6;8,982
21;2025;09;30;14;41;09;0,767;0,073;0,086;16,776;18,862;20,031;-1290,957;-1711,11;16095,98;8,982
21;2025;09;30;14;41;10;0,819;0,051;-0,215;16,909;16,632;21,431;-1337,899;-1218,068;15777,09;8,982
21;2025;09;30;14;41;10;0,882;0,062;0,05;19,312;19,724;22,651;-926,256;-1087,108;15865,69;8,982
21;2025;09;30;14;41;11;0,622;0,057;-0,027;19,757;19,326;22,583;-1135,757;-820,017;15926,19;8,982
21;2025;09;30;14;41;11;0,785;-0,001;0,64;20,892;21,204;24,141;-616,417;-203,359;15685,6;8,982
21;2025;09;30;14;41;12;0,85;-0,045;-0,248;18,467;16,278;20,483;-618,934;-205,162;15717,63;8,982
21;2025;09;30;14;41;12;0,665;-0,003;0,035;20,58;17,294;26,332;-1003,884;-111,956;15800,22;8,982
21;2025;09;30;14;41;13;0,631;0,02;-0,161;20,358;19,547;24,186;-392,695;-664,371;15674,01;8,982
21;2025;09;30;14;41;13;0,655;0,066;0,178;17,065;18,531;23,193;-658,557;-698,53;15836,13;8,982
21;2025;09;30;14;41;14;0,75;0,043;0,128;17,977;17,625;22,47;-1103,464;-1229,534;16243,57;8,982
21;2025;09;30;14;41;14;1,074;-0,008;-0,176;17,866;21,446;19,579;-417,562;-263,765;15499,39;8,982
21;2025;09;30;14;41;15;0,925;-0,023;-0,239;21,559;18,553;22,086;-989,346;-487,234;16004,39;8,982
21;2025;09;30;14;41;15;0,998;0,11;0,226;22,071;20,696;23,915;-882,728;-502,133;15873,58;8,982
21;2025;09;30;14;41;16;0,76;0,121;0,034;19,179;18,708;21,725;-822,978;-1351,333;16045,95;8,982
21;2025;09;30;14;41;16;0,76;-0,151;-0,117;16,086;19,039;23,961;-519,194;-562,36;15630,36;8,982
21;2025;09;30;14;41;17;0,604;0,05;0,034;17,821;17,184;21,522;-681,113;-429,479;15719,58;8,982
21;2025;09;30;14;41;17;0,613;-0,019;0,175;17,332;19,746;17,841;-719,376;-464,432;15870,77;8,982
21;2025;09;30;14;41;18;0,617;-0,028;0,03;19,868;20,165;18,27;-542,505;185,8;15380,67;8,982
21;2025;09;30;14;41;18;0,855;0,034;-0,303;15,196;19,017;20,528;-388,486;-1225,427;15774,9;8,982
21;2025;09;30;14;41;19;0,931;0,115;-0,214;19,29;18,862;19,218;-1136,364;-688,942;15981,86;8,982
21;2025;09;30;14;41;19;0,637;0,088;0,061;18,422;17,515;21,318;-649,403;86,025;15559,24;8,982
21;2025;09;30;14;41;20;0,658;-0,175;-0,044;20,469;19,304;18,925;-604,404;-218,552;15499,85;8,982
21;2025;09;30;14;41;20;1,099;-0,082;-0,416;16,042;18,818;21,702;-1882,639;-1079,924;16351,68;8,982
21;2025;09;30;14;41;21;0,73;-0,025;-0,15;18,088;21,248;23,735;-1150,463;-571,955;15947,75;8,982
21;2025;09;30;14;41;21;0,698;-0,098;-0,17;16,131;16,83;25,587;-1665,796;-1262,98;16307,12;8,982
21;2025;09;30;14;41;22;0,926;-0,014;-0,024;21,715;20,475;21,047;-1121,393;-659,047;15945,33;8,982
21;2025;09;30;14;41;23;0,715;-0,012;-0,216;18,556;18,509;21,341;-1155,158;-561,706;16146,46;8,982
21;2025;09;30;14;41;23;0,659;-0,057;-0,034;20,825;16,632;22,764;-824,078;-1034,156;15988,29;8,982
21;2025;09;30;14;41;24;0,774;0,133;-0,102;18,266;16,124;22,673;-870,906;-774,046;15867,02;8,982
21;2025;09;30;14;41;24;0,847;0,099;0,301;18,022;20,188;19,805;-1079,185;-606,723;15878,42;8,982
21;2025;09;30;14;41;24;0,523;0,001;0;18,066;20,342;28,116;-507,281;-379,901;15576,82;8,987
21;2025;09;30;14;41;25;0,53;-0,038;0,296;18,778;20,541;19,083;77,59;-318,985;15262,19;8,982
21;2025;09;30;14;41;25;0,443;-0,047;0,014;21,604;18,796;20,528;-1071,265;-998,27;16257,19;8,987
21;2025;09;30;14;41;26;0,852;0,007;0,305;16,464;20,43;18,089;-219,937;-110,995;15500,26;8,982
21;2025;09;30;14;41;26;1,015;-0,035;0,074;16,931;18,133;23,599;-892,864;-735,777;16003,48;8,982
21;2025;09;30;14;41;27;0,886;-0,009;-0,056;18,289;17,493;22,944;-953,024;-552,634;15969,58;8,982
21;2025;09;30;14;41;28;0,716;0,008;-0,305;20,714;20,077;17,163;-965,788;-482,299;15994,32;8,982
21;2025;09;30;14;41;28;0,784;0,016;-0,261;18,667;18,774;21,364;-657,06;-716,766;15836,74;8,982
21;2025;09;30;14;41;28;0,532;-0,088;-0,125;17,999;18,266;18,812;-400,899;-87,427;15605,99;8,982
21;2025;09;30;14;41;29;0,518;-0,04;-0,206;15,641;18,465;25,451;-765,024;-1121,34;16145,92;8,982
21;2025;09;30;14;41;29;0,651;-0,084;0,092;17,399;19,9;27,054;-1016,998;-1633,31;16328;8,982
21;2025;09;30;14;41;30;0,412;-0,039;0,128;23,072;24,472;20,934;-78,824;490,58;15061,58;8,982
21;2025;09;30;14;41;31;0,635;-0,131;0,025;23,606;18,244;24,186;-87,508;436,241;15109,98;8,982
21;2025;09;30;14;41;31;0,664;-0,054;-0,159;18,734;17,868;20,302;-898,155;-118,336;15747,85;8,991
21;2025;09;30;14;41;31;0,887;0,031;0,05;18,978;21,601;21,657;-702,858;-804,987;15854;8,993
21;2025;09;30;14;41;32;0,575;-0,046;-0,046;20,113;17,382;24,186;-533,83;-405,843;15633,27;8,982
21;2025;09;30;14;41;33;0,665;-0,053;0,003;19,69;19,414;20,528;-989,076;-796,565;15990,76;8,982
21;2025;09;30;14;41;33;0,736;0,064;0,28;18,912;13,738;21,07;-867,403;-539,021;15779,38;8,987
21;2025;09;30;14;41;34;0,656;0,012;0,403;19,846;16,477;21,499;-1042,329;5,322;15910,11;8,987
21;2025;09;30;14;41;34;0,814;-0,099;0,3;18,422;14,224;26,738;-1243,451;-947,312;16294,42;8,987
21;2025;09;30;14;41;35;0,568;-0,07;-0,291;17,02;22,109;29,471;-1332,1;-733,985;16197,38;8,982
21;2025;09;30;14;41;35;0,577;0,077;-0,031;18,978;18,597;25,067;-314,919;-312,808;15481,78;8,982
21;2025;09;30;14;41;36;0,512;-0,019;0,465;13,817;16,3;19,579;-1159,533;-437,313;16203,67;8,982
21;2025;09;30;14;41;36;0,629;-0,032;-0,32;14,64;21,91;26,219;-770,785;-40,694;15698,56;8,982
21;2025;09;30;14;41;37;0,86;0,052;-0,085;19,201;19,856;21,928;-1281,42;-2247,753;16640,5;8,982
21;2025;09;30;14;41;37;0,614;0,037;0,062;19,713;18,531;20,37;-1208,123;-754,522;16036,97;9,001
21;2025;09;30;14;41;38;0,969;0,019;-0,221;18,088;18,84;20,302;-1678,166;-779,969;16351,07;8,987
21;2025;09;30;14;41;38;0,699;-0,02;0,143;16,153;16,146;23,17;-1602,837;-1489,115;16921,88;8,987
22;2025;09;30;14;46;13;0,535;0,067;0,134;16,509;19,503;20,257;-508,039;-628,682;15769,29;8,982
22;2025;09;30;14;46;14;0,706;-0,03;-0,155;17,02;16,632;19,037;-490,836;-605,748;15786,9;8,982
22;2025;09;30;14;46;14;0,674;0,014;-0,114;15,841;15,218;18,247;-582,004;-728,881;15779,59;8,982
22;2025;09;30;14;46;15;0,779;-0,012;0,054;18,422;12,236;18,292;-589,321;-593,515;15768,59;8,982
22;2025;09;30;14;46;15;0,507;-0,158;-0,765;18,956;18,575;18,36;-597,298;-683,968;15762,77;8,982
22;2025;09;30;14;46;16;0,798;-0,042;-0,16;18,244;17,449;16,847;-642,71;-669,099;15787,9;8,982
22;2025;09;30;14;46;16;0,617;0,02;0,039;19,468;17,294;18,179;-648,413;-596,128;15786,31;8,982
22;2025;09;30;14;46;17;0,57;-0,046;0,065;17,732;18,266;18,202;-827,8;-583,975;15762,22;8,982
22;2025;09;30;14;46;17;0,752;-0,025;-0,057;17,888;18,089;20,325;-694,117;-597,362;15806,86;8,982
22;2025;09;30;14;46;18;0,795;-0,057;-0,066;16,353;18,2;17,547;-665,495;-532,621;15741,44;8,982
22;2025;09;30;14;46;18;0,822;-0,034;-0,03;20,447;14,092;19,512;-653,004;-465,372;15815,97;8,982
22;2025;09;30;14;46;19;0,716;-0,09;-0,002;17,71;19,172;15,876;-658,653;-442,34;15739,83;8,982
22;2025;09;30;14;46;19;0,835;-0,147;0,106;19,423;16,455;19,918;-639,581;-456,53;15772,39;8,982
22;2025;09;30;14;46;20;0,658;-0,01;0,171;14,573;15,041;19,85;-677,903;-464,346;15778,21;8,982
22;2025;09;30;14;46;20;0,533;0,001;0,017;16,954;16,587;21,228;-593,11;-477,442;15791,09;8,982
22;2025;09;30;14;46;21;0,65;-0,021;-0,151;16,598;17,67;21,454;-668,92;-492,187;15770,72;8,982
22;2025;09;30;14;46;21;0,824;-0,087;0,204;19,601;19,746;20,822;-651,851;-498;15779,98;8,982
22;2025;09;30;14;46;22;0,843;-0,038;0,097;19,868;18,178;23,825;-564,889;-434,265;15783,78;8,982
22;2025;09;30;14;46;22;0,855;-0,17;-0,283;18,8;22,728;18,902;-529,826;-455,541;15740,46;8,982
22;2025;09;30;14;46;23;1,112;-0,063;0,572;20,647;18,84;20,054;-649,712;-469,325;15780,33;8,982
22;2025;09;30;14;46;23;0,627;-0,118;-0,082;20,936;19,812;23,283;-677,531;-483,056;15770,55;8,982
22;2025;09;30;14;46;24;0,734;0,028;0,016;18,511;19,392;19,444;-698,865;-437,211;15769,71;8,982
22;2025;09;30;14;46;24;0,829;-0,052;0,181;18,022;15,682;19,128;-693,514;-549,32;15806,01;8,982
22;2025;09;30;14;46;25;0,719;-0,011;-0,026;19,913;20,077;23,238;-647,009;-489,311;15776,69;8,982
22;2025;09;30;14;46;25;0,736;-0,059;0,116;22,205;17,537;18,812;-685,778;-508,704;15759,57;8,982
22;2025;09;30;14;46;26;0,784;-0,099;-0,209;18,912;21,954;26,693;-686,23;-512,374;15795,07;8,982
22;2025;09;30;14;46;26;0,855;-0,082;-0,128;17,688;21,049;18,495;-686,856;-478,238;15802,46;8,982
22;2025;09;30;14;46;27;0,773;0,019;0,012;18,222;17,117;24,57;-712,623;-501,508;15782,85;8,982
22;2025;09;30;14;46;27;0,721;0,022;0,003;22,227;17,758;22,154;-673,143;-477,92;15793,32;8,982
22;2025;09;30;14;46;28;0,724;-0,068;-0,046;15,597;18,73;18,179;-615,164;-484,299;15770,62;8,982
22;2025;09;30;14;46;28;0,75;-0,017;-0,09;18,6;16,786;18,337;-626,361;-442,224;15779,01;8,982
22;2025;09;30;14;46;29;0,764;-0,038;-0,079;21,826;17,736;21,951;-602,457;-504,149;15754,99;8,982
22;2025;09;30;14;46;29;0,713;-0,026;0,16;18,8;20,408;20,663;-647,138;-502,081;15798,35;8,982
22;2025;09;30;14;46;30;0,485;-0,054;0,5;19,134;17,935;22,877;-613,315;-480,018;15782,55;8,982
22;2025;09;30;14;46;30;0,621;-0,04;0,075;17,999;14,136;16,102;-671,827;-450,27;15801,97;8,982
22;2025;09;30;14;46;31;0,803;-0,041;0,056;17,821;21,248;18,699;-640,109;-514,937;15785,15;8,982
22;2025;09;30;14;46;31;0,773;-0,045;-0,076;18,333;17,625;21,68;-471,197;-496,934;15741,25;8,982
22;2025;09;30;14;46;32;0,764;-0,025;-0,086;18,533;17,427;20,867;-684,472;-390,972;15752,9;8,982
22;2025;09;30;14;46;32;0,562;-0,063;-0,036;17,599;16,83;21,318;-711,264;-369,207;15807,35;8,982
22;2025;09;30;14;46;33;0,642;-0,034;-0,005;18,289;17,515;20,686;-799,682;-358,601;15774,22;8,982
22;2025;09;30;14;46;33;0,728;-0,014;0,041;18,556;21,557;24,39;-738,164;-384,524;15771,02;8,982
22;2025;09;30;14;46;34;0,676;-0,036;-0,021;17,043;18,752;18,089;-748,206;-342,755;15775,98;8,982
22;2025;09;30;14;46;34;0,784;-0,053;-0,044;19,045;20,232;23,215;-669,453;-387,137;15745,98;8,982
22;2025;09;30;14;46;35;0,888;-0,179;0,079;19,156;18,023;19,399;-748,507;-334,333;15799,84;8,982
22;2025;09;30;14;46;35;0,626;-0,02;0,242;15,663;13,628;20,347;-599,558;-423,643;15742,12;8,982
22;2025;09;30;14;46;36;0,915;-0,094;-0,049;19,846;17,007;18,518;-702,381;-451,162;15779,96;8,982
22;2025;09;30;14;46;36;0,76;-0,175;0,043;20,024;19,878;19,015;-727,427;-429,841;15774,13;8,982
22;2025;09;30;14;46;37;0,69;-0,084;-0,137;17,977;17,802;18,631;-795,998;-520,725;15767,12;8,982
22;2025;09;30;14;46;37;0,761;-0,044;-0,032;18,244;14,489;20,573;-746,689;-532,971;15801,1;8,982
22;2025;09;30;14;46;38;0,612;0,04;-0,002;16,086;19,834;21,657;-731,175;-486,116;15784,56;8,982
22;2025;09;30;14;46;38;0,75;-0,032;0,087;19,98;19,414;21,928;-711,239;-500,163;15775,4;8,982
22;2025;09;30;14;46;39;0,696;-0,049;0,006;17,354;17,162;19,873;-734,479;-506,098;15792,91;8,982
22;2025;09;30;14;46;39;0,592;-0,04;-0,008;17,421;16,168;26,693;-781,086;-530,176;15769,01;8,982
22;2025;09;30;14;46;40;0,633;-0,014;0,133;15,953;16,212;20,325;-762,193;-514,823;15807,05;8,982
22;2025;09;30;14;46;40;0,742;-0,056;-0,041;20,625;16,212;22,199;-782,432;-491,675;15750,04;8,982
22;2025;09;30;14;46;41;0,83;-0,136;-0,018;19,179;15,13;17,931;-724,99;-548,249;15767,67;8,982
22;2025;09;30;14;46;41;0,734;-0,076;-0,14;17,599;18,531;16,034;-694,238;-463,143;15765,61;8,982
22;2025;09;30;14;46;42;0,701;-0,035;0,043;19,312;16,897;21,68;-675,775;-468,059;15790,28;8,982
22;2025;09;30;14;46;42;0,651;-0,046;-0,039;15,33;17,449;19,715;-760,451;-401,231;15775,87;8,982
22;2025;09;30;14;46;43;0,829;-0,095;-0,15;15,864;17,714;21,747;-691,025;-432,613;15787,64;8,982
22;2025;09;30;14;45;15;0,555;0,042;0,082;16,976;17,537;19,128;-779,836;-525,91;15893,24;8,982
22;2025;09;30;14;45;15;0,49;-0,045;0,161;19,112;19,9;17,773;-594,099;-571,458;15780,2;8,982
22;2025;09;30;14;45;16;0,519;-0,038;0,127;20,202;17,007;21,138;-893,525;-389,399;15802,98;8,982
22;2025;09;30;14;45;16;0,479;-0,052;0,145;13,082;16,101;13,956;-870,157;-403,841;15844,98;8,982
22;2025;09;30;14;45;17;0,453;-0,055;-0,037;18,823;16,654;17,479;-725,635;-415,813;15787,59;8,982
22;2025;09;30;14;45;17;0,45;-0,047;0,254;20,736;17,581;19,376;-793,814;-526,686;15877,24;8,982
22;2025;09;30;14;45;18;0,48;-0,024;0,006;18,778;21,115;22,018;-710,871;-445,391;15767,56;8,982
22;2025;09;30;14;45;18;0,457;0,024;0,11;12,971;15,682;17,479;-770,513;-448,834;15819,86;8,982
22;2025;09;30;14;45;19;0,489;-0,031;0,061;21,381;17,051;19,963;-841,455;-309,17;15838,17;8,982
22;2025;09;30;14;45;19;0,446;0,038;0,141;17,154;21,954;22,673;-848,741;-443,681;15813,7;8,982
22;2025;09;30;14;45;20;0,593;-0,056;0,022;16,509;15,969;21,047;-649,724;-297,426;15735,25;8,982
22;2025;09;30;14;45;20;0,489;-0,036;0,057;17,821;21,005;17,231;-782,448;-451,004;15833,89;8,982
22;2025;09;30;14;45;21;0,513;0,016;0,101;20,714;20,983;18,766;-752,694;-361,675;15798,04;8,982
22;2025;09;30;14;45;21;0,553;0,04;0,004;16,398;14,931;18,992;-730,178;-286,133;15772,99;8,982
22;2025;09;30;14;45;22;0,568;0,045;0,006;18,845;17,382;20,596;-629,844;-473,625;15820,71;8,982
22;2025;09;30;14;45;22;0,593;0,015;0,061;18,444;15,991;17,005;-769,348;-539,62;15889,5;8,982
22;2025;09;30;14;45;23;0,663;-0,058;0,004;19,245;20,121;19,128;-760,473;-465,669;15754,16;8,982
22;2025;09;30;14;45;23;0,553;0;0,048;17,599;15,483;16,328;-711,964;-349,166;15794,13;8,982
22;2025;09;30;14;45;24;0,574;-0,034;-0,006;16,22;19,547;22,38;-798,642;-355,977;15823,04;8,982
22;2025;09;30;14;45;24;0,577;0,004;0,078;15,908;17,802;18,654;-657,46;-362,226;15740,4;8,982
22;2025;09;30;14;45;25;0,542;-0,092;-0,163;19,868;21,513;18,744;-991,185;-278,485;15800,92;8,982
22;2025;09;30;14;45;25;0,563;0,01;0,021;18,823;17,714;20,28;-766,335;-396,736;15814,94;8,982
22;2025;09;30;14;45;26;0,613;-0,035;0,028;17,755;21,38;17,208;-536,222;-207,489;15681,17;8,982
22;2025;09;30;14;45;26;0,576;-0,049;-0,044;17,354;19,591;19,015;-733,544;-361,642;15810,34;8,982
22;2025;09;30;14;45;27;0,565;0,073;0,068;16,487;17,184;22,741;-820,505;-450,133;15845,28;8,982
22;2025;09;30;14;45;27;0,494;0,054;0,091;11,792;13,031;18,699;-680,357;-509,059;15857,02;8,982
22;2025;09;30;14;45;28;0,512;-0,022;0,074;20,269;18,045;21,612;-958,946;-416,928;16054,88;8,982
22;2025;09;30;14;45;28;0,503;-0,031;-0,063;15,374;19,702;18,676;-450,633;-153,026;15616,83;8,982
22;2025;09;30;14;45;29;0,354;0,018;0,096;15,063;14,489;20,776;-653,576;-383,6;15784,8;8,982
22;2025;09;30;14;45;29;0,576;-0,031;0,329;19,179;15,174;21,16;-685,004;-376,126;15800,64;8,982
22;2025;09;30;14;45;30;0,59;-0,068;0,209;20,135;18,509;17,976;-651,714;-306,112;15765,13;8,982
22;2025;09;30;14;45;30;0,485;-0,027;-0,208;17,599;18,266;19,941;-657,2;-369,792;15764,54;8,982
22;2025;09;30;14;45;31;0,588;0,069;0,239;20,803;14,953;19,286;-899,325;-355,3;15930,39;8,982
22;2025;09;30;14;45;31;0,559;0,008;0,053;17,844;15,726;15,582;-758,426;-394,136;15832,9;8,982
22;2025;09;30;14;45;32;0,735;0,032;0,032;17,488;18,973;22,064;-796,027;-430,164;15762,64;8,982
22;2025;09;30;14;45;32;0,657;0,038;-0,001;16,954;18,884;22,312;-989,609;-250,779;15908,16;8,982
22;2025;09;30;14;45;33;0,745;0,074;0,223;18,155;18,089;16,599;-835,448;-88,533;15756,51;8,982
22;2025;09;30;14;45;33;0,523;0,009;0,033;16,064;17,802;18,857;-431,385;-188,332;15619,48;8,982
22;2025;09;30;14;45;34;0,51;-0,08;-0,102;21,27;16,411;22,109;-597,39;-355,006;15738,61;8,982
22;2025;09;30;14;45;34;0,808;0,022;0,096;16,086;18,045;17,208;-814,272;-399,667;15856,96;8,982
22;2025;09;30;14;45;35;0,565;0,135;0,904;20,069;17,272;20,257;-800,792;-229,015;15763,62;8,982
22;2025;09;30;14;45;35;0,717;-0,078;-0,096;18,155;18,332;18,473;-789,588;-418,775;15859,32;8,982
22;2025;09;30;14;45;36;0,648;0,02;-0,074;19,223;17,957;20,144;-728,109;-345,174;15777,19;8,982
22;2025;09;30;14;45;36;0,649;0,005;0,061;18,422;15,593;18,947;-646,682;-98,514;15691,7;8,982
22;2025;09;30;14;45;37;0,649;-0,109;-0,048;16,754;18,332;22,877;-787,859;-337,346;15820,43;8,982
22;2025;09;30;14;45;37;0,769;-0,036;-0,013;17,844;16,897;20,934;-726,209;-342,198;15763,99;8,982
22;2025;09;30;14;45;38;0,637;0,009;-0,256;16,798;17,868;18,044;-995,449;-418,534;15908,57;8,982
22;2025;09;30;14;45;38;0,544;0,082;0,084;15,997;16,168;19,602;-869,097;-205,179;15759,42;8,982
22;2025;09;30;14;45;39;0,567;-0,081;-0,076;19,579;18,045;17,953;-842,158;-223,442;15772,63;8,982
22;2025;09;30;14;45;39;0,721;0,05;-0,003;15,73;18,906;23,622;-916,185;-404,847;15990,98;8,982
22;2025;09;30;14;45;40;0,624;0,003;-0,028;22,583;20,828;20,776;-754,9;-298,459;15755,76;8,982
22;2025;09;30;14;45;40;0,64;-0,04;-0,103;16,642;16,3;20,844;-876,031;-407,692;15865,05;8,982
22;2025;09;30;14;45;41;0,531;-0,02;0,066;17,71;18,421;21,138;-733,131;-397,741;15789,55;8,982
22;2025;09;30;14;45;41;0,62;-0,036;-0,11;18,6;18,619;17,841;-734,14;-344,369;15770,02;8,982
22;2025;09;30;14;45;42;0,594;0,044;0,114;15,085;19,878;21,251;-788,124;-591,511;15934,7;8,982
22;2025;09;30;14;45;42;0,551;0,071;0,003;15,775;16,101;17,276;-842,213;-516,199;15887,01;8,982
22;2025;09;30;14;45;43;0,562;0,06;0,389;20,714;17,846;19,557;-909,64;-517,817;15944,71;8,982
22;2025;09;30;14;45;43;0,655;0,086;0,104;16,197;15,593;18,812;-683,193;-427,872;15813,56;8,982
22;2025;09;30;14;45;44;0,678;-0,037;-0,202;17,376;17,648;20,438;-765,32;-523,742;15842,07;8,982
22;2025;09;30;14;45;44;0,596;0,031;-0,132;21,315;19,238;19,331;-874,879;-383,498;15872,62;8,982
22;2025;09;30;14;44;25;0,555;0,027;0,042;17,265;18,531;20,46;-443,175;-383,165;15780,4;8,982
22;2025;09;30;14;44;26;0,471;0,002;0,092;20,825;19,812;18,495;-535,303;-765,807;15989,75;8,982
22;2025;09;30;14;44;26;0,498;0,014;0,108;17,866;19,282;18,699;-584,292;-403,099;15837,78;8,982
22;2025;09;30;14;44;27;0,494;0,004;0,009;21,626;17,493;23,035;-409,399;-473,727;15734,61;8,982
22;2025;09;30;14;44;27;0,515;-0,041;0,162;14,818;15,063;20,934;-510,775;-542,79;15812,91;8,982
22;2025;09;30;14;44;28;0,524;-0,019;0,024;22,627;15,704;21,657;-468,923;-602,907;15790,87;8,982
22;2025;09;30;14;44;28;0,517;0,003;-0,011;16,754;17,095;18,428;-483,352;-606,961;15752,35;8,982
22;2025;09;30;14;44;29;0,466;0,017;0,069;22,716;17,736;18,021;-543,322;-993,334;15929,79;8,982
22;2025;09;30;14;44;29;0,585;0,032;0,033;17,91;17,824;21,431;-874,554;-343,897;15879,91;8,982
22;2025;09;30;14;44;30;0,546;0,014;0,044;17,844;16,366;19,67;-380,01;-571,276;15930,4;8,982
22;2025;09;30;14;44;30;0,506;0,006;0,028;19,423;22,705;21,996;-737,727;-592,685;15770,17;8,982
22;2025;09;30;14;44;31;0,481;0,047;0,109;17,643;15,836;17,841;-715,878;-465,713;15776,21;8,982
22;2025;09;30;14;44;31;0,587;0,037;0,064;17,866;18,443;17,863;-440,174;-664,453;15778,56;8,982
22;2025;09;30;14;44;32;0,244;-0,028;-0,035;16,976;19,017;18,27;-765,102;-432,137;15847,58;8,982
22;2025;09;30;14;44;32;0,397;-0,047;0,081;16,531;16,433;18,721;-649,524;-564,968;15868,05;8,982
22;2025;09;30;14;44;33;0,371;-0,07;0,005;15,396;14,003;13,73;-451,568;-469,524;15716,49;8,982
22;2025;09;30;14;44;33;0,5;-0,029;0,119;14,462;16,322;20,144;-993,417;-541,785;15919,92;8,982
22;2025;09;30;14;44;34;0,57;-0,035;0,164;15,53;16,322;15,786;-717,259;-426,172;15751,5;8,982
22;2025;09;30;14;44;34;0,69;-0,157;0,128;16,286;16,83;20,889;-857,121;-515,568;15967,58;8,982
22;2025;09;30;14;44;35;0,489;-0,097;-0,091;21,493;15,13;21,183;-795,653;-473,798;15816,29;8,982
22;2025;09;30;14;44;35;0,424;0,058;0,037;14,262;13,407;19,308;-747,99;-496,021;15823,3;8,982
22;2025;09;30;14;44;36;0,324;-0,008;0,125;14,195;15,196;20,528;-776,238;-456,86;15830;8,982
22;2025;09;30;14;44;36;0,519;-0,153;-0,103;21,804;19,348;21,296;-702,046;-567,177;15847,47;8,982
22;2025;09;30;14;44;37;0,343;0,049;0,378;16,464;15,748;18,676;-708,948;-377,823;15752,64;8,982
22;2025;09;30;14;44;37;0,336;-0,021;-0,078;17,287;16,897;17,05;-777,135;-382,419;15837,25;8,982
22;2025;09;30;14;44;38;0,545;0,033;-0,019;16,754;14,622;20,731;-698,053;-460,586;15804,13;8,982
22;2025;09;30;14;44;38;0,505;-0,053;0,118;18,756;15,66;17,773;-713,535;-304,032;15746,75;8,982
22;2025;09;30;14;44;39;0,535;-0,077;0,048;19,201;19,194;22,899;-699,155;-429,003;15781,57;8,982
22;2025;09;30;14;44;40;0,529;-0,067;0,148;18,889;18,619;15,605;-682,476;-472,939;15834,37;8,982
22;2025;09;30;14;44;40;0,489;0,041;-0,031;17,977;17,316;17,841;-640,121;-457,34;15760,12;8,982
22;2025;09;30;14;44;41;0,489;0,047;0,074;18,823;18,111;20,776;-877,308;-592,024;15952,92;8,982
22;2025;09;30;14;44;41;0,528;-0,005;-0,099;16,909;18,089;18,721;-656,227;-511,751;15771,08;8,982
22;2025;09;30;14;44;42;0,477;0,005;0,018;18,6;18,045;21,996;-659,653;-536,617;15810,38;8,982
22;2025;09;30;14;44;42;0,523;-0,012;0,001;15,263;16,985;16,237;-595,949;-575,703;15770,27;8,982
22;2025;09;30;14;44;42;0,685;-0,019;-0,003;16,553;14,842;19,647;-639,75;-582,226;15779,21;8,982
22;2025;09;30;14;44;43;0,605;-0,062;0,046;17,243;15,814;15,153;-689,265;-654,795;15895,62;8,982
22;2025;09;30;14;44;43;0,514;-0,063;-0,187;19,868;16,366;19,331;-589,314;-455,013;15758,69;8,982
22;2025;09;30;14;44;44;0,567;0,004;0,087;17,065;12,81;16,779;-538,348;-334,575;15710,01;8,982
22;2025;09;30;14;44;45;0,515;-0,037;-0,188;18,645;17,824;20,009;-498,451;-371,342;15654,41;8,982
22;2025;09;30;14;44;45;0,614;-0,027;0,039;18,978;16,897;17,163;-618,525;-388,409;15766,91;8,982
22;2025;09;30;14;44;45;0,773;-0,173;-0,641;18,956;17,89;19,218;-755,449;-544,875;15920,18;8,982
22;2025;09;30;14;44;46;0,548;0,042;0,097;13,105;20,121;18,247;-593,042;-372,724;15698,64;8,982
22;2025;09;30;14;44;47;0,62;0,032;-0,025;20,358;15,196;22,515;-467,459;-342,243;15685,92;8,982
22;2025;09;30;14;44;47;0,441;0,048;0,012;20,135;16,168;17,434;-669,529;-646,135;15781,46;8,982
22;2025;09;30;14;44;48;0,431;-0,056;0,095;15,018;12,236;18,721;-687,748;-387,983;15862,57;8,982
22;2025;09;30;14;44;48;0,335;-0,056;0,024;15,708;17,979;20,528;-663,847;-580,442;15862,31;8,982
22;2025;09;30;14;44;49;0,443;-0,005;0,143;21,448;18,487;19,647;-539,338;-444,972;15710,55;8,982
22;2025;09;30;14;44;49;0,377;0,035;0,137;19,935;19,989;19,986;-712,464;-163,492;15768,82;8,982
22;2025;09;30;14;44;49;0,463;-0,044;0,049;17,888;20,165;18,879;-612,345;-450,675;15790,6;8,982
22;2025;09;30;14;44;50;0,499;-0,002;-0,024;13,972;14,909;17,818;-636,917;-492,101;15824,75;8,982
22;2025;09;30;14;44;51;0,598;0,038;-0,106;17,955;18,465;17,592;-749,945;-309,433;15771,96;8,982
22;2025;09;30;14;44;51;0,527;0,039;0,146;19,735;15,152;20,415;-922,558;-622,241;15934,84;8,982
22;2025;09;30;14;44;52;0,575;-0,022;0,022;23,161;17,294;16,237;-801,645;-401,082;15864,99;8,982
22;2025;09;30;14;44;52;0,439;-0,004;-0,001;18,222;19,017;16,486;-778,956;-493,365;15808,65;8,982
22;2025;09;30;14;44;53;0,751;0,02;0,396;17,666;16,146;15,334;-603,731;-304,062;15657,69;8,982
22;2025;09;30;14;44;53;0,591;-0,11;-0,067;17,488;17,206;22,538;-702,949;-606,503;15824,73;8,982
22;2025;09;30;14;44;54;0,341;0,034;0,127;17,065;16,3;15,289;-536,807;-516,793;15654,68;8,982
22;2025;09;30;14;44;54;0,484;-0,006;0,014;15,73;14,975;19,354;-646,047;-402,202;15721,12;8,982
22;2025;09;30;14;44;55;0,412;-0,056;0,047;15,597;15,814;19,06;-689,674;-593,328;15767,93;8,982
22;2025;09;30;14;44;55;0,518;-0,03;0,014;17,888;20,718;21,86;-800,357;-567,97;15819,96;8,982
