Desktop_Software_Build_Version,2.0
#;Jahr;Monat;Tag;Stunde;Minute;Sekunde;VelX;VelY;VelZ;SNR1;SNR2;SNR3;AccX;AccY;AccZ;Temp
();();();();();();();(m/s);(m/s);(m/s);(dB);(dB);(dB);(cnts);(cnts);(cnts);(° C)
01;2025;09;30;10;47;02;0,877;-0,081;-0,003;19,379;11,861;14,047;-498,035;55,765;15857,1;8,868
01;2025;09;30;10;47;02;0,833;-0,09;-0,076;17,243;19,746;12,963;-363,666;-66,867;15899,42;8,868
01;2025;09;30;10;47;03;0,838;-0,161;-0,008;15,797;18,862;13,369;-291,271;-84,44;15814,06;8,868
01;2025;09;30;10;47;03;0,866;-0,134;-0,82;18,111;21,093;1,31;-353,491;-14,558;15894,49;8,868
01;2025;09;30;10;47;04;0,87;-0,146;-0,045;16,598;17,14;16,711;-329,761;-96,039;15880,53;8,868
01;2025;09;30;10;47;04;0,82;-0,099;-0,067;18,667;15,947;17,908;-214,922;-142,332;15864,88;8,868
01;2025;09;30;10;47;05;0,906;-0,177;-0,126;16,331;16,742;7,136;-201,48;-232,585;15924,23;8,868
01;2025;09;30;10;47;05;0,927;-0,15;-0,099;14,195;17,029;5,781;-17,006;-78,832;15781,91;8,868
01;2025;09;30;10;47;06;0,897;-0,131;0,137;13,327;15,991;14,589;-41,502;-98,102;15839,67;8,868
01;2025;09;30;10;47;06;0,863;-0,165;-0,08;14,64;13,186;11,111;-64,41;-97,18;15856,21;8,868
01;2025;09;30;10;47;07;0,835;-0,19;-0,054;17,354;18,133;6,481;-177,898;-122,28;15906,28;8,868
01;2025;09;30;10;47;07;0,91;-0,205;-0,098;18,6;19,282;13,03;-108,188;-47,048;15835,27;8,868
01;2025;09;30;10;47;08;1,025;-0,179;0,304;19,868;18,752;17,276;-189,727;19,329;15917,46;8,868
01;2025;09;30;10;47;08;0,747;-0,148;0,048;19,957;15,682;17,208;-133,032;-23,551;15854,83;8,868
01;2025;09;30;10;47;09;0,806;-0,196;-0,19;18,667;19,216;9,756;-106,551;-4,135;15849,37;8,868
01;2025;09;30;10;47;09;0,743;-0,152;0,188;15,73;13,76;10,162;-171,417;43,67;15883,61;8,868
01;2025;09;30;10;47;10;0,731;-0,096;-0,045;17,31;13,826;11,517;-110,171;-31,458;15863,57;8,868
01;2025;09;30;10;47;10;0,761;-0,152;0,149;14,618;14,445;2,981;-162,735;24,251;15899,96;8,868
01;2025;09;30;10;47;11;0,866;-0,194;0,444;14,907;17,36;2,868;-79,743;-51,217;15850,23;8,868
01;2025;09;30;10;47;11;0,888;-0,122;0,132;12,504;19,591;11,653;-217,756;-4,404;15860,42;8,868
01;2025;09;30;10;47;12;0,829;-0,198;-0,004;16,108;18,995;10,411;-95,302;66,618;15818,4;8,868
01;2025;09;30;10;47;12;0,823;-0,23;-0,079;16,375;18,597;9,959;-159,494;-68,07;15879,61;8,868
01;2025;09;30;10;47;13;0,807;-0,12;0,038;12,548;16,146;7,904;-181,434;-20,889;15826,74;8,868
01;2025;09;30;10;47;13;0,702;-0,085;-0,22;16,086;15,395;9,282;-201,386;-129,137;15904,67;8,868
01;2025;09;30;10;47;14;0,749;-0,158;-0,043;16,776;16,985;4,471;-199,301;97,355;15822,33;8,868
01;2025;09;30;10;47;14;0,67;-0,084;-0,143;19,201;13,716;2,529;-295,601;-10,456;15898,47;8,868
01;2025;09;30;10;47;15;0,726;-0,084;-0,003;13,416;19,017;14,25;-266,507;56,9;15866,43;8,868
01;2025;09;30;10;47;15;0,796;-0,164;0,256;14,64;13,23;7,723;-204,425;15,25;15814,07;8,868
01;2025;09;30;10;47;16;0,83;-0,178;0,228;18,845;19,9;1,558;-160,192;-39,949;15870,54;8,868
01;2025;09;30;10;47;16;0,866;-0,181;-4,583;20,135;16,654;3,862;-92,359;-42,063;15859,2;8,868
01;2025;09;30;10;47;17;0,753;-0,077;-0,089;15,886;16,411;12,85;-167,627;41,787;15850,78;8,868
01;2025;09;30;10;47;17;0,857;-0,154;-0,08;18,645;17,316;5,059;-218,53;-39,697;15903,05;8,868
01;2025;09;30;10;47;18;0,762;-0,02;0,378;19,112;17,007;9,778;-171,249;14,505;15867,27;8,868
01;2025;09;30;10;47;18;0,765;-0,175;-0,006;14,061;15,306;10,14;-230,398;-43,794;15921,12;8,868
01;2025;09;30;10;47;19;0,856;-0,12;-0,039;16,998;15,417;3,184;-112,001;20,829;15848,92;8,868
01;2025;09;30;10;47;19;0,787;-0,101;0,231;15,73;15,925;13,188;-146,899;86,442;15876,86;8,868
01;2025;09;30;10;47;20;0,723;-0,112;0,31;16,108;14,798;4,359;-230,998;22,333;15910,51;8,868
01;2025;09;30;10;47;20;0,93;-0,171;-0,039;16,242;15,549;5,668;-164,051;61,901;15881,29;8,868
01;2025;09;30;10;47;21;0,772;-0,125;0,039;15,374;13,363;11,292;-169,684;-95,327;15862,37;8,868
01;2025;09;30;10;47;21;0,827;-0,074;-0,026;16,82;19,503;3,455;-232,038;3,313;15872,27;8,868
01;2025;09;30;10;47;22;0,616;-0,147;-0,047;11,147;16,587;12,872;-183,231;95,632;15822,37;8,868
01;2025;09;30;10;47;22;0,709;-0,144;0,04;15,218;15,925;12,872;-200,128;63,78;15833,21;8,868
01;2025;09;30;10;47;23;0,701;-0,106;0,323;18,8;15,13;3,794;-211,902;-0,314;15885,79;8,868
01;2025;09;30;10;47;23;0,925;-0,162;-0,024;15,619;14,909;10,004;-284,293;-105,067;15958,17;8,868
01;2025;09;30;10;47;24;0,744;-0,254;-0,08;19,735;15,858;8,74;-244,76;-41,281;15833,91;8,868
01;2025;09;30;10;47;24;0,906;-0,24;0,082;17,91;20,74;10,975;-231,486;44,851;15843,53;8,868
01;2025;09;30;10;47;25;0,737;-0,14;0,02;18,155;19,216;7,091;-127,354;67,618;15809,21;8,868
01;2025;09;30;10;47;25;0,812;-0,143;0,053;22,538;15,24;11,833;-230,303;125,179;15856,1;8,868
01;2025;09;30;10;47;26;0,786;-0,108;0,025;16,286;15,284;12,601;-240,461;97,423;15778,86;8,868
01;2025;09;30;10;47;26;0,911;-0,165;0,035;16,776;20,276;10,682;-352,626;75,084;15868,89;8,868
01;2025;09;30;10;47;27;0,817;-0,144;-0,038;13,661;11,728;10,84;-346,357;181,832;15845,84;8,868
01;2025;09;30;10;47;27;0,811;-0,144;0,032;16,865;16,609;11,54;-347,057;87,428;15876,67;8,868
01;2025;09;30;10;47;28;0,873;-0,146;0,026;15,53;15,77;16,124;-371,851;60,598;15895,99;8,868
01;2025;09;30;10;47;28;0,679;-0,141;0,093;16,754;16,897;11,337;-313,796;109,532;15816,3;8,868
01;2025;09;30;10;47;29;0,845;-0,169;-0,05;15,441;19,437;10,049;-251,172;11,131;15835,25;8,868
01;2025;09;30;10;47;30;0,853;-0,169;-0,166;14,484;15,063;3,32;-327,992;114,358;15890,21;8,868
01;2025;09;30;10;47;30;0,812;-0,129;0,044;16,998;15,549;14,792;-396,053;98,583;15893,01;8,868
01;2025;09;30;10;47;31;0,741;-0,123;0,241;17,02;16,521;8,965;-336,427;69,685;15871;8,868
01;2025;09;30;10;47;31;0,832;-0,145;-0,077;19,29;17,095;8,875;-299,554;151,54;15851;8,868
01;2025;09;30;10;47;32;0,806;-0,141;0,263;20,914;14,6;5,239;-262,563;132,052;15855,95;8,868
01;2025;09;30;10;48;03;0,537;0,039;0,11;17,643;17,405;18,179;-249,235;85,192;16007,68;8,868
01;2025;09;30;10;48;03;0,774;-0,033;0,08;15,953;18,266;17,05;-76,541;-150,986;15893,16;8,868
01;2025;09;30;10;48;04;0,819;-0,099;-0,167;17,154;18,995;21,544;-220,188;39,128;16061,1;8,868
01;2025;09;30;10;48;04;0,729;-0,018;-0,039;15,508;18,509;19,715;5,231;142,834;15821,98;8,868
01;2025;09;30;10;48;05;0,817;-0,014;0,162;11,458;17,957;18,857;63,606;35,397;15807,66;8,868
01;2025;09;30;10;48;05;0,771;0,022;0,004;15,819;15,439;22,786;-8,006;6,558;15838,4;8,868
01;2025;09;30;10;48;06;0,577;0,01;0,021;15,396;14,754;18,744;12,328;127,887;15835,68;8,868
01;2025;09;30;10;48;06;0,687;-0,049;0,009;14,573;15,461;18,066;17,973;7,576;15844,41;8,868
01;2025;09;30;10;48;07;0,783;-0,077;0,035;19,045;17,846;22,583;72,003;56,681;15830,15;8,868
01;2025;09;30;10;48;07;1,012;-0,098;-0,383;15,152;17,294;18,45;-39,886;59,608;15845,43;8,868
01;2025;09;30;10;48;08;0,904;-0,031;0,035;15,218;16,72;13,414;-15,168;63,752;15884,81;8,868
01;2025;09;30;10;48;08;0,922;0,01;-0,153;19,379;14,622;18,654;-25,81;114,591;15870,46;8,868
01;2025;09;30;10;48;09;0,865;0,006;-0,118;16,576;16,366;19,805;40,604;104,051;15854,42;8,868
01;2025;09;30;10;48;09;0,607;0,067;0,25;16,309;11,662;15,469;-127,623;221,5;15892,47;8,868
01;2025;09;30;10;48;10;0,704;-0,093;-0,077;13,928;13,495;19,354;52,686;85,772;15831,9;8,868
01;2025;09;30;10;48;10;0,75;0,03;-0,113;13,149;17,979;14,927;-15,995;62,947;15873,4;8,868
01;2025;09;30;10;48;11;0,472;-0,039;-0,139;10,257;11,552;9,778;-40,019;120,172;15890,64;8,868
01;2025;09;30;10;48;11;0,367;-0,015;-0,133;18,133;18,023;14,792;-26,983;90,86;15888,89;8,868
01;2025;09;30;10;48;12;0,509;-0,02;-0,217;17,554;16,146;15,334;-41,587;164,546;15944,71;8,868
01;2025;09;30;10;48;12;0,795;-0,025;-0,094;15,864;17,051;20,912;-22,491;191,063;15887,11;8,868
01;2025;09;30;10;48;13;0,78;-0,033;0,035;14,929;20,784;16,644;18,473;278,865;15823,85;8,868
01;2025;09;30;10;48;13;0,764;-0,016;-0,141;18,2;16,698;20,347;-6,86;201,795;15896,93;8,868
01;2025;09;30;10;48;14;0,931;-0,092;-0,002;14,64;16,676;15,898;21,398;195,134;15868,78;8,868
01;2025;09;30;10;48;14;0,629;-0,081;0,35;15,04;18,818;17,186;71,731;243,71;15848,24;8,868
01;2025;09;30;10;48;15;0,511;-0,001;0,008;13,661;14,82;14,114;108,303;260,985;15799,1;8,868
01;2025;09;30;10;48;15;0,585;0,04;0,005;16,108;14,975;13,437;29,112;146,387;15861,94;8,868
01;2025;09;30;10;48;16;0,729;-0,05;0,026;13,683;14,71;18,834;-44,933;195,218;15875,58;8,868
01;2025;09;30;10;48;16;0,827;-0,175;-0,157;14,974;18,796;16,937;-30,7;254,197;15851,97;8,868
01;2025;09;30;10;48;17;0,812;-0,037;-0,018;14,773;15,041;17,299;-44,98;131,268;15881,3;8,868
01;2025;09;30;10;48;17;0,404;-0,105;-0,003;16,331;19,304;20,799;103,243;201,581;15781,01;8,868
01;2025;09;30;10;48;18;0,652;0,018;0,012;17,132;12,7;17,728;75,158;96,769;15891,16;8,868
01;2025;09;30;10;48;18;0,746;0,023;0,114;14,239;12,744;17,073;0,674;215,458;15862,69;8,868
01;2025;09;30;10;48;19;0,777;-0,03;0,011;12,326;15,792;13,166;-27,768;162,049;15905,91;8,868
01;2025;09;30;10;48;19;0,452;0,066;0,23;16,442;12,369;13,392;66,893;267,552;15847,81;8,868
01;2025;09;30;10;48;20;0,815;-0,05;-0,032;13,861;21,248;21,522;56,687;232,51;15843;8,868
01;2025;09;30;10;48;20;0,807;-0,047;-0,063;19,49;17,184;18,27;27,63;188,569;15873,19;8,868
01;2025;09;30;10;48;21;0,601;0,013;-0,003;15,485;15,108;14,543;-24,266;257,97;15890,48;8,868
01;2025;09;30;10;48;21;0,79;-0,005;-0,15;15,53;16,344;14,927;95,505;250,582;15850,14;8,868
01;2025;09;30;10;48;22;0,642;0,029;0,224;20,135;17,162;18,518;93,867;215,724;15854,76;8,868
01;2025;09;30;10;48;22;0,678;-0,05;-0,152;14,595;19,79;17,344;15,975;292,565;15891,33;8,868
01;2025;09;30;10;48;23;0,923;-0,136;-0,207;15,864;19,702;16,508;28,259;325,638;15861,89;8,868
01;2025;09;30;10;48;23;0,487;0,058;0,39;21,96;19,68;17,953;92,956;266,286;15837,86;8,868
01;2025;09;30;10;48;24;0,731;-0,05;0,074;18,311;17,206;17,57;55,773;323,866;15836,8;8,868
01;2025;09;30;10;48;24;0,804;-0,051;0,203;17,977;20,276;19,15;12,086;232,294;15886,4;8,868
01;2025;09;30;10;48;25;0,831;-0,065;-0,181;12,882;18,2;21,499;21,11;334,044;15834,3;8,868
01;2025;09;30;10;48;25;0,832;-0,074;-0,039;13,705;17,25;14,611;108,794;328,441;15812,76;8,868
01;2025;09;30;10;48;26;0,871;0;-0,022;17,999;17,493;18,202;110,582;130,107;15895,17;8,868
01;2025;09;30;10;48;26;0,604;0,014;-0,052;13,194;16,168;22,628;94,859;383,584;15789,76;8,868
01;2025;09;30;10;48;27;0,652;-0,09;-0,043;16,242;15,395;12,375;57,465;340,586;15873,08;8,868
01;2025;09;30;10;48;27;0,731;-0,033;-0,053;13,928;13,628;16,418;131,184;374,353;15873,97;8,868
01;2025;09;30;10;48;28;0,668;0,029;0,054;14,462;16,919;15,74;144,101;413,901;15837,55;8,868
01;2025;09;30;10;48;28;0,739;-0,018;-0,01;14,351;24,715;23,148;168,696;275,016;15841,77;8,868
01;2025;09;30;10;48;29;0,659;-0,007;0,228;13,705;14,379;15,469;96,929;389,42;15840,24;8,868
01;2025;09;30;10;48;29;0,865;-0,002;-0,057;17,043;19,702;16,079;109,661;303,353;15863,21;8,868
01;2025;09;30;10;48;30;0,802;0,038;0,058;15,864;13,76;18,495;37,249;460,708;15850,34;8,868
01;2025;09;30;10;48;30;0,676;-0,028;-0,51;16,531;15,196;15,153;26,864;324,604;15870,76;8,868
01;2025;09;30;10;48;31;0,779;-0,039;0,104;18,355;17,625;20,009;-28,479;508,835;15856,28;8,868
01;2025;09;30;10;48;31;0,795;-0,048;0,108;18,422;17,162;17,728;101,127;318,632;15838,93;8,868
01;2025;09;30;10;48;32;0,924;-0,053;-0,159;17,109;18,376;22,402;57,725;333,327;15850,35;8,868
01;2025;09;30;10;48;32;0,784;-0,107;0,092;16,509;17,338;18,766;6,597;446,02;15872,58;8,868
01;2025;09;30;10;49;02;0,897;-0,145;-0,049;14,462;15,682;17,818;-47,054;190,488;15871,09;8,868
01;2025;09;30;10;49;03;0,67;-0,111;0,074;13,995;14,577;15,108;-23,175;96,568;15864,79;8,868
01;2025;09;30;10;49;03;0,638;-0,071;-0,07;18,022;15,108;19,602;18,282;153,618;15855,8;8,868
01;2025;09;30;10;49;04;0,631;-0,017;-0,133;18,355;18,641;19,534;9,326;197,217;15833,02;8,868
01;2025;09;30;10;49;04;0,616;-0,03;-0,143;18,467;17,007;19,286;-6,357;138,87;15846,9;8,868
01;2025;09;30;10;49;05;0,896;-0,071;-0,339;20,336;22,33;19,579;5,791;183,658;15865,26;8,868
01;2025;09;30;10;49;05;0,369;0,027;0,032;17,666;18,178;16,531;74,175;255,705;15826,6;8,868
01;2025;09;30;10;49;06;0,333;-0,008;-0,015;18,489;16,344;21,409;-36,846;144,039;15859,93;8,868
01;2025;09;30;10;49;06;0,555;0,121;0,27;16,887;17,758;20,483;11,369;155,254;15832,91;8,868
01;2025;09;30;10;49;07;0,391;-0,015;0,016;13,016;15,638;20,392;2,604;103,367;15858,69;8,868
01;2025;09;30;10;49;07;0,445;-0,07;0,15;14,262;16,344;17,999;49,041;124,519;15831,2;8,868
01;2025;09;30;10;49;08;0,487;-0,069;0,228;16,197;21,712;21,906;-52,526;77,53;15865,1;8,868
01;2025;09;30;10;49;08;0,634;-0,132;-0,189;16,398;19,459;17,299;64,458;10,885;15842,39;8,868
01;2025;09;30;10;49;09;0,713;-0,076;-0,068;17,176;14,798;17,637;-9,938;232,844;15848,36;8,868
01;2025;09;30;10;49;09;0,53;0,019;0,197;13,772;12,899;18,112;63,367;107,136;15854,39;8,868
01;2025;09;30;10;49;10;0,262;-0,023;0,082;18,8;12,987;17,547;47,241;143,021;15862,02;8,868
01;2025;09;30;10;49;10;0,184;-0,003;0,011;18,622;20,541;13,437;-31,771;80,892;15852,49;8,868
01;2025;09;30;10;49;11;0,73;-0,065;-0,198;13,95;16,19;18,676;-80,816;199,237;15898,91;8,868
01;2025;09;30;10;49;11;0,567;-0,091;-0,247;11,458;20,099;23,983;11,999;137,186;15844,66;8,868
01;2025;09;30;10;49;12;0,547;-0,029;-0,114;15,285;12,545;15,718;33,215;200,591;15862,98;8,868
01;2025;09;30;10;49;12;0,418;-0,006;0,013;14,44;18,73;21,386;-34,785;166,458;15910,4;8,868
01;2025;09;30;10;49;13;0,581;0,077;0,289;19,245;16,124;15,311;-64,659;366,737;15831,93;8,868
01;2025;09;30;10;49;13;0,649;-0,077;0,01;20,091;16,521;18,27;-26,021;178,28;15786,74;8,868
01;2025;09;30;10;49;14;0,452;0,027;-0,063;20,558;10,911;16,892;-15,746;170,29;15831,47;8,868
01;2025;09;30;10;49;14;0,401;-0,075;-0,06;12,66;18,2;16,982;-8,599;202,821;15845,76;8,868
01;2025;09;30;10;49;15;0,314;-0,029;-0,022;14,751;15,019;16,102;-32,095;179,9;15841,29;8,868
01;2025;09;30;10;49;15;0,203;-0,126;-0,248;10,524;17,029;16,599;-7,836;246,296;15844,98;8,868
01;2025;09;30;10;49;16;0,271;0,069;0,139;17,755;20,673;23,351;-5,19;154,617;15829,76;8,868
01;2025;09;30;10;49;16;0,686;-0,013;-0,018;12,17;10,624;16,892;32,408;142,271;15833,16;8,868
01;2025;09;30;10;49;17;0,607;-0,021;-0,038;13,906;17,913;23,961;9,998;291,962;15869,33;8,868
01;2025;09;30;10;49;17;0,681;-0,033;-0,03;11,414;15,549;17,886;45,758;218,161;15829,53;8,868
01;2025;09;30;10;49;18;0,805;-0,06;-0,172;13,95;17,957;13,437;47,917;180,883;15851,34;8,868
01;2025;09;30;10;49;18;0,75;-0,052;-0,34;14,595;14,445;18,721;149,8;186,527;15775,32;8,868
01;2025;09;30;10;49;19;0,686;-0,047;0,048;14,551;20,21;19,037;-4,168;182,594;15825,26;8,868
01;2025;09;30;10;49;19;0,603;-0,034;-0,192;17,399;19,702;15,311;76,194;198,239;15807,05;8,868
01;2025;09;30;10;49;20;0,602;-0,01;0,086;17,488;14,997;16,915;33,617;132,181;15842,2;8,868
01;2025;09;30;10;49;20;0,491;-0,029;0,052;14,996;14,003;19,602;-48,271;160,187;15841,91;8,868
01;2025;09;30;10;49;21;0,433;0,005;0,075;19,624;23,876;19,331;70,816;155,638;15849,81;8,868
01;2025;09;30;10;49;21;0,365;-0,114;-0,494;16,598;18,398;19,67;-25,238;220,695;15854,57;8,868
01;2025;09;30;10;49;22;0,516;0,028;-0,203;13,55;14,842;18,97;-76,4;244,77;15862,1;8,868
01;2025;09;30;10;49;22;0,707;0,059;-0,072;14,573;18,244;23,17;5,604;254,158;15874,57;8,868
01;2025;09;30;10;49;23;0,407;-0,111;-0,152;19,468;19,304;19,286;-49,099;265,343;15839,75;8,868
01;2025;09;30;10;49;23;0,476;0,017;-0,076;18,022;18,244;25,474;31,508;167,802;15855,56;8,868
01;2025;09;30;10;49;24;0,238;0,109;0,297;18,867;17,493;20,302;-27,814;171,975;15837,43;8,868
01;2025;09;30;10;49;24;0,407;-0,046;0,076;19,913;14,489;18,857;3,025;262,684;15844,7;8,868
01;2025;09;30;10;49;25;0,338;-0,018;-0,019;20,447;15,108;17,953;-14,715;254,865;15857,97;8,868
01;2025;09;30;10;49;25;0,435;-0,038;-0,314;22,16;27,454;23,531;7,723;128,461;15876,82;8,868
01;2025;09;30;10;49;26;0,404;0,028;-0,118;16,998;18,686;21,589;-14,85;258,755;15851,9;8,868
01;2025;09;30;10;49;26;0,146;-0,079;0,401;26,565;31,099;26,558;-1,752;203,183;15852,62;8,868
01;2025;09;30;10;49;27;0,296;-0,003;0,029;16,019;23,523;24,977;45,905;238,446;15828,31;8,868
01;2025;09;30;10;49;27;0,62;-0,097;-0,17;17,91;13,981;18,292;-49,775;137,675;15865,17;8,868
01;2025;09;30;10;49;28;0,292;0,045;0,403;18,533;18,332;16,915;-23,278;156,591;15863,72;8,868
01;2025;09;30;10;49;28;0,456;0,007;-0,138;21,448;15,262;19,083;-3,045;239,971;15865,68;8,868
01;2025;09;30;10;49;29;0,281;-0,061;0,157;17,332;19,348;14,476;28,073;176,114;15847,41;8,868
01;2025;09;30;10;49;29;0,414;0,044;0,019;19,401;17,537;16,689;98,547;212,947;15818,24;8,868
01;2025;09;30;10;49;30;0,471;-0,077;-0,157;15,841;21,38;25,045;46,745;42,994;15865,8;8,868
01;2025;09;30;10;49;30;0,504;-0,019;0,144;14,351;20,894;21,025;-29,36;142,637;15846,82;8,868
01;2025;09;30;10;49;31;0,46;0,008;-0,143;18,266;16,852;20,709;26,591;104,172;15856,69;8,868
01;2025;09;30;10;49;31;0,357;-0,026;0,124;14,684;14,114;21,747;63,348;108,156;15783,5;8,868
01;2025;09;30;10;49;32;0,61;-0,155;-0,111;17,977;16,852;17,411;-2,075;122,819;15836,33;8,868
02;2025;09;30;10;53;14;1,203;0,067;-0,136;21,381;14,577;1,965;-692,846;148,369;15933,01;8,868
02;2025;09;30;10;53;15;1,123;0,044;-0,483;23,05;20,276;3,523;-587,254;146,251;15831,41;8,868
02;2025;09;30;10;53;15;1,013;0,032;-0,151;22,116;21,932;0,926;-722,247;139,334;15869,14;8,868
02;2025;09;30;10;53;16;1,115;0,052;2,51;24,363;21,248;3,229;-660,447;64,506;15880,81;8,868
02;2025;09;30;10;53;16;1,152;0,131;0,2;20,313;24,804;0,452;-517,957;184,064;15795,36;8,868
02;2025;09;30;10;53;17;1,022;-0,018;0,138;22,36;17,493;4,223;-599,844;105,22;15912,14;8,868
02;2025;09;30;10;53;17;1;0,085;-1,896;20,18;19,702;0,723;-598,88;143,373;15853,17;8,868
02;2025;09;30;10;53;18;1,081;0,04;-0,149;21,381;16,124;4,652;-503,574;214,286;15778,26;8,868
02;2025;09;30;10;53;18;1,077;0,058;-1,28;22,227;18,774;2,394;-712,751;129,091;15917,33;8,868
02;2025;09;30;10;53;19;1,143;0,056;-0,578;24,051;20,408;3,094;-635,32;261,226;15863,32;8,868
02;2025;09;30;10;53;19;0,983;0,097;0,047;18,333;21,623;7,836;-582,159;384,681;15755,15;8,868
02;2025;09;30;10;53;20;1,086;0,06;0,04;21,248;18,619;10,93;-646,56;125,056;15881,74;8,868
02;2025;09;30;10;53;20;1,173;0,059;-0,037;21,27;14,666;6,978;-718,172;153,483;15884,89;8,868
02;2025;09;30;10;53;21;1,197;0,092;-0,055;20,135;22,043;8,898;-658,777;188,264;15858,6;8,868
02;2025;09;30;10;53;21;1,153;0,072;-0,036;21,47;18,862;3,817;-297,201;280,661;15775,54;8,868
02;2025;09;30;10;53;22;1,07;0,057;-0,696;19,98;18,553;1,197;-585,246;145,572;15901,43;8,868
02;2025;09;30;10;53;22;1,011;0,06;-0,183;20,625;23,942;11,45;-474,107;434,082;15747,5;8,868
02;2025;09;30;10;53;23;1,036;0,161;0,094;21,782;21,093;2,845;-560,359;235,306;15833,84;8,868
02;2025;09;30;10;53;23;1,222;0,058;-0,341;20,669;19,105;3,568;-722,08;265,07;15864,61;8,868
02;2025;09;30;10;53;24;1,184;0,079;-0,345;22,672;19,061;4,404;-591,567;212,166;15832,23;8,868
02;2025;09;30;10;53;24;1,15;-0,013;0,055;22,36;18,178;3,387;-670,264;417,976;15871,07;8,868
02;2025;09;30;10;53;25;1,137;0,082;0,107;17,777;17,117;2,213;-689,693;271,04;15847,1;8,868
02;2025;09;30;10;53;25;1,146;0,059;0,239;22,627;20,188;1,536;-681,846;422,144;15870,98;8,868
02;2025;09;30;10;53;26;1,149;0,044;0,002;20,803;23,986;6,255;-636,962;365,716;15777,44;8,868
02;2025;09;30;10;53;26;1,065;0,074;-0,293;22,116;20,364;5,194;-725,519;363,199;15858,28;8,868
02;2025;09;30;10;53;27;1,157;0,095;-0,111;18,088;19,702;4,178;-757,872;274,867;15858,97;8,868
02;2025;09;30;10;53;27;1,076;0,119;0,011;24,963;21,932;5,375;-777,351;406,626;15830,03;8,868
02;2025;09;30;10;53;28;1,104;0,051;0,53;22,805;19,591;0,813;-784,828;530,574;15772,37;8,868
02;2025;09;30;10;53;28;1,057;0,094;0,691;19,446;19,348;1,219;-610,417;538,577;15718,09;8,868
02;2025;09;30;10;53;29;1,163;0,068;-0,357;20,669;21,999;1,649;-663,187;599,725;15819,25;8,868
02;2025;09;30;10;53;29;1,015;0,069;-0,072;20,669;20,453;9,846;-645,643;564,171;15811,33;8,868
02;2025;09;30;10;53;30;1,122;-0,009;-0,708;21,448;19,724;2,936;-765,85;445,164;15883,93;8,868
02;2025;09;30;10;53;30;0,992;0,034;-0,25;22,294;20,983;0,745;-834,431;533,868;15894,01;8,868
02;2025;09;30;10;53;31;1,137;0,055;0,072;21,849;21,093;4,313;-714,324;459,977;15827,7;8,868
02;2025;09;30;10;53;31;1,133;0,052;-0,176;21,804;15,792;3,365;-670,878;566,144;15843,28;8,868
02;2025;09;30;10;53;32;1,2;0,065;-0,519;22,271;18,487;2,1;-666,042;566,61;15875,85;8,868
02;2025;09;30;10;53;32;1,215;0,092;0,243;22,738;20,85;0,858;-568,414;645,24;15716,22;8,868
02;2025;09;30;10;53;33;1,143;0,066;0,095;19,601;24,892;4,584;-796,416;632,071;15874,57;8,868
02;2025;09;30;10;53;33;1,108;0,1;0,119;23,161;18,111;1,649;-519,135;609,196;15778,63;8,868
02;2025;09;30;10;53;34;1,204;0,028;0,275;16,309;18,929;1,603;-752,452;519,668;15882,61;8,868
02;2025;09;30;10;53;34;1,192;0,044;-0,316;19,023;20,762;4,946;-709,627;496,878;15883,34;8,868
02;2025;09;30;10;53;35;1,042;0,116;-0,298;19,112;16,013;4,336;-686,8;587,892;15875,45;8,868
02;2025;09;30;10;53;35;1,146;0,047;-0,114;25,497;22,882;4,742;-568,979;726,237;15769,64;8,868
02;2025;09;30;10;53;36;1,17;0,032;-0,019;22,249;20,232;8,401;-611,59;669,315;15804,05;8,868
02;2025;09;30;10;53;36;1,159;0,094;0,076;17,955;16,168;9,666;-654,745;692,931;15866,18;8,868
02;2025;09;30;10;53;37;1,133;0,097;-0,012;21,27;21,446;10,298;-686,503;579,542;15855,6;8,868
02;2025;09;30;10;53;37;1,01;0,116;0,758;23,45;19,061;4,652;-688,783;620,888;15741,7;8,868
02;2025;09;30;10;53;38;1,1;0,052;0,002;19,446;19,105;3,839;-879,148;308,454;15960,28;8,868
02;2025;09;30;10;53;38;1,067;0,076;0,507;19,713;21,734;0,497;-757,435;491,199;15787,39;8,868
02;2025;09;30;10;53;39;1,113;0,1;-0,405;18,667;19,238;7,927;-716,978;535,739;15816,35;8,868
02;2025;09;30;10;53;39;1,143;0,092;0,021;18,934;16,786;9,869;-670,821;435,148;15681,02;8,868
02;2025;09;30;10;53;40;1,245;0,115;-0,035;22,56;22,816;4,991;-777,363;432,076;15734,13;8,868
02;2025;09;30;10;53;40;1,296;0,054;-0,189;25,141;18,398;5,691;-793,914;422,298;15843,45;8,868
02;2025;09;30;10;53;41;1,249;0,087;-0,477;23,384;21,402;3,704;-852,026;391,727;15862,81;8,868
02;2025;09;30;10;53;41;1,187;0,075;0,034;19,001;20,696;3,794;-796,705;437,105;15781,46;8,868
02;2025;09;30;10;53;42;1,247;0,067;0,229;22,138;22,507;9,304;-802,804;471,774;15877,42;8,868
02;2025;09;30;10;53;42;1,215;0,057;0,001;20,758;17,692;14,589;-783,865;527,31;15811,87;8,868
02;2025;09;30;10;53;43;1,118;0,077;-0,006;20,002;19,702;9,349;-713,028;536,879;15872,34;8,868
02;2025;09;30;10;53;43;1,177;0,118;-0,107;20,135;22,264;1,107;-774,699;591,946;15826,73;8,868
02;2025;09;30;10;53;44;1,068;0,13;0,02;19,023;17,868;9,417;-918,987;475,169;15847,26;8,868
02;2025;09;30;10;52;01;0,782;-0,024;0,032;22,427;20,651;20,573;-100,533;248,64;15790;8,868
02;2025;09;30;10;52;01;0,977;0,024;0,041;18,311;23,368;23,26;-99,551;-122,351;15860,63;8,868
02;2025;09;30;10;52;02;0,882;-0,019;0,106;19,023;18,708;17,231;-4,566;219,092;15724,31;8,868
02;2025;09;30;10;52;02;0,788;0,005;0,024;23,028;21,734;21,251;-275,939;113,325;15954,28;8,868
02;2025;09;30;10;52;03;0,813;0,021;-0,033;20,803;20,43;18,179;-243,63;252,362;15878,96;8,868
02;2025;09;30;10;52;03;1,034;0,008;0,181;17,198;15,262;18,654;-71,267;155,838;15803,68;8,868
02;2025;09;30;10;52;04;0,852;-0,044;-0,04;16,754;19,878;23,148;-206,484;301,809;15884,97;8,868
02;2025;09;30;10;52;04;0,778;0,061;-0,114;22,694;16,521;21,273;-109,468;274,946;15823,52;8,868
02;2025;09;30;10;52;05;0,892;-0,005;0,091;18,845;16,499;24,435;-358,66;-54,952;15932,35;8,868
02;2025;09;30;10;52;05;0,977;-0,013;-0,193;20,158;17,67;20,189;-536,385;178,478;15966,9;8,868
02;2025;09;30;10;52;06;0,852;0,014;0,194;16,487;18,421;21,951;-291,123;237,67;15790,03;8,868
02;2025;09;30;10;52;06;1,049;-0,025;-0,315;18,355;16,146;21,002;-297,161;148,597;15841,62;8,868
02;2025;09;30;10;52;07;0,97;-0,029;-0,053;18,645;19,017;19,557;-194,38;87,727;15785,93;8,868
02;2025;09;30;10;52;07;0,997;0,022;-0,075;19,779;18,774;19,986;-268,733;308,559;15776,78;8,868
02;2025;09;30;10;52;08;0,902;-0,097;-0,217;18,845;21,8;21,476;-329,684;97,725;15842,78;8,868
02;2025;09;30;10;52;08;1,033;0,043;-0,066;18,422;20,143;24,728;-234,366;70,155;15809,07;8,868
02;2025;09;30;10;52;09;0,932;-0,031;-0,051;20,87;17,736;18,27;-240,683;299,874;15715,81;8,868
02;2025;09;30;10;52;09;0,541;0,136;0,394;20,536;17,559;22,606;-454,135;116,153;15902,07;8,868
02;2025;09;30;10;52;10;0,824;-0,085;0,033;24,897;18,818;20,054;-468,94;-41,299;16016,6;8,868
02;2025;09;30;10;52;10;1,024;-0,014;-0,127;17,532;20,408;20,889;-352,953;141,389;15883,71;8,868
02;2025;09;30;10;52;11;0,987;0,122;0,36;21,315;18,708;17,682;-433,545;124,342;15871,94;8,868
02;2025;09;30;10;52;11;1,02;-0,01;-0,133;19,312;20,961;21,635;-304,997;201,275;15780,66;8,868
02;2025;09;30;10;52;12;1,03;-0,062;-0,015;17,198;21,8;24,232;-606,509;-96,064;15910,01;8,868
02;2025;09;30;10;52;12;1,043;-0,044;-0,083;17,621;17,515;21,499;-436,09;116,178;15756,06;8,868
02;2025;09;30;10;52;13;1,142;-0,07;-0,043;19,446;17,427;21,115;-458,575;-140,084;15844,63;8,868
02;2025;09;30;10;52;13;1,179;-0,028;-0,085;19,156;21,756;17,999;-407,925;-2,961;15866,23;8,868
02;2025;09;30;10;52;14;0,897;-0,007;-0,025;20,247;20,364;18,134;-494,614;105,214;15817,36;8,868
02;2025;09;30;10;52;14;1,031;0,082;-0,056;16,375;18,884;18,428;-363,773;-120,36;15818,36;8,868
02;2025;09;30;10;52;15;0,894;-0,083;-0,183;18,667;16,83;18,586;-611,372;107,736;15931,52;8,868
02;2025;09;30;10;52;15;1,005;-0,037;-0,081;18,667;19,989;19,828;-439,343;37,242;15825,48;8,868
02;2025;09;30;10;52;16;1,007;-0,014;-0,257;21,315;17,913;19,534;-430,858;178,502;15825,25;8,868
02;2025;09;30;10;52;16;1,027;0,005;-0,17;21,181;21,071;20,257;-538,755;189,399;15910,69;8,868
02;2025;09;30;10;52;17;1,045;-0,021;-0,047;19,579;17,228;22,56;-466,807;29,338;15869,03;8,868
02;2025;09;30;10;52;17;1,028;-0,029;-0,109;20,669;19,039;21,115;-415,133;-25,009;15766,6;8,868
02;2025;09;30;10;52;18;1,123;0,063;-0,05;17,154;18,045;21,16;-597,002;89,456;15904,43;8,868
02;2025;09;30;10;52;18;1,117;0,04;-0,076;19,29;15,881;21,138;-732,978;-35,867;15894,54;8,868
02;2025;09;30;10;52;19;1,063;0,026;-0,018;18,823;19,657;19,602;-381,815;-111,054;15782,45;8,868
02;2025;09;30;10;52;19;1,009;-0,039;-0,17;15,485;18,465;19,173;-485,438;-74,853;15803,44;8,868
02;2025;09;30;10;52;20;0,888;0,088;0,049;21,181;17,692;22,109;-621,259;-197,239;15909,52;8,868
02;2025;09;30;10;52;20;0,743;-0,073;-0,184;22,027;20,453;23,69;-658,158;-0,979;15907,99;8,868
02;2025;09;30;10;52;21;0,939;-0,002;-0,274;19,579;20,607;18,879;-558,093;-106,74;15857,67;8,868
02;2025;09;30;10;52;21;0,859;-0,036;-0,013;21,315;18,376;22,854;-549,532;-187,936;15873,41;8,868
02;2025;09;30;10;52;22;0,976;-0,071;-0,032;19,245;19,768;22,989;-656,206;-113,12;15821,12;8,868
02;2025;09;30;10;52;22;0,802;-0,017;0,075;18,645;16,786;19,421;-524,727;-209,541;15735,79;8,868
02;2025;09;30;10;52;23;0,658;-0,071;-0,143;20,202;18,73;24,954;-627,085;-422,24;15874,67;8,868
02;2025;09;30;10;52;23;1,001;-0,028;-0,105;20,113;23,788;19,896;-787,805;-70,161;15875,1;8,868
02;2025;09;30;10;52;24;0,598;0,014;0,172;18,556;20,718;22,944;-621,016;-203,52;15813,62;8,868
02;2025;09;30;10;52;24;0,962;0,024;-0,08;17,777;17,603;17,682;-630,863;-93,85;15809,65;8,868
02;2025;09;30;10;52;25;0,817;-0,092;0,061;17,755;20,453;22,493;-594,397;-114,342;15759,47;8,868
02;2025;09;30;10;52;25;0,773;-0,021;-0,085;23,851;17,603;20,776;-691,716;-242,443;15902,26;8,868
02;2025;09;30;10;52;26;0,945;-0,046;-0,159;20,603;17,736;20,37;-699,671;-178,264;15845,1;8,868
02;2025;09;30;10;52;26;0,872;0,018;0,173;18,467;20,033;21,16;-556,555;-272,256;15760,89;8,868
02;2025;09;30;10;52;27;0,854;0,022;0,048;21,826;22,109;20,167;-646,116;-335,398;15779,37;8,868
02;2025;09;30;10;52;27;1,099;0,014;-0,127;18,511;19,657;22,538;-680,169;-114,266;15771,97;8,868
02;2025;09;30;10;52;28;1,181;0,028;0,138;22,471;18,73;20,392;-874,904;-465,229;16003,24;8,868
02;2025;09;30;10;52;28;0,928;0,025;0,092;18,111;15,947;19,986;-723,054;-261,8;15888,58;8,868
02;2025;09;30;10;52;29;0,896;0,046;0,424;18,266;16,985;20,099;-634,073;-222,435;15804,8;8,868
02;2025;09;30;10;52;29;0,805;-0,027;0,056;20,981;19,37;17,073;-604,385;-221,159;15801,94;8,868
02;2025;09;30;10;52;30;0,74;0,069;0,187;18,645;21,623;17,818;-772,715;-313,008;15872,59;8,868
02;2025;09;30;10;52;30;1,106;-0,033;0,416;19,891;19,834;18,473;-579,542;-187,845;15825,37;8,868
02;2025;09;30;10;50;43;0,65;-0,216;-0,009;15,864;18,686;21,047;-434,563;415,092;15759,31;8,868
02;2025;09;30;10;50;43;0,42;-0,189;0,053;17,955;24,141;21,341;-119,864;115,259;15756,35;8,868
02;2025;09;30;10;50;44;0,166;-0,095;0,347;20,358;21,601;21,454;-428,551;438,375;15898,35;8,868
02;2025;09;30;10;50;44;0,42;-0,057;0,381;16,487;21,314;21,657;-367,191;33,519;15923,62;8,868
02;2025;09;30;10;50;45;0,559;-0,142;-0,111;18,467;20,673;23,554;-309,576;306,892;15859,64;8,868
02;2025;09;30;10;50;45;0,453;-0,155;0,738;19,134;20,74;20,438;-392,148;231,949;15876,06;8,868
02;2025;09;30;10;50;46;0,649;-0,14;-0,079;21,915;17,272;20,641;-220,618;509,938;15782,95;8,868
02;2025;09;30;10;50;46;0,701;-0,115;0,185;18,333;18,884;21,093;-306,475;13,995;15944,03;8,868
02;2025;09;30;10;50;47;0,75;-0,19;-0,073;18,667;25,069;19,06;-154,432;-8,304;15837,97;8,868
02;2025;09;30;10;50;47;0,761;-0,145;-0,592;18,378;20,961;21,567;-171,24;95,7;15882,68;8,868
02;2025;09;30;10;50;48;0,652;-0,191;-0,221;19,49;18,84;22,493;-40,511;4,306;15808,12;8,868
02;2025;09;30;10;50;48;0,42;-0,127;0,144;21,715;21,115;18,044;-23,258;385,017;15765,63;8,868
02;2025;09;30;10;50;49;0,66;-0,119;-0,075;17,888;18,443;19,286;-120,534;525,412;15812,47;8,868
02;2025;09;30;10;50;49;0,694;-0,17;-0,015;22,383;14,6;14,137;-193,501;159,592;15917,52;8,868
02;2025;09;30;10;50;50;0,629;-0,094;-0,08;18,689;20,077;22,831;-171,708;288,042;15942,4;8,868
02;2025;09;30;10;50;50;0,455;-0,085;0,011;18,266;20,099;20,957;-142,531;247,097;15898;8,868
02;2025;09;30;10;50;51;0,497;-0,084;-0,208;18,4;16,764;17,389;-343,077;414,053;15905,71;8,868
02;2025;09;30;10;50;51;0,809;-0,163;-0,214;17,688;15,549;22,538;-161,234;324,083;15874,61;8,868
02;2025;09;30;10;50;52;0,612;-0,192;-0,095;19,268;19,172;20,934;-199,599;301,397;15848,41;8,868
02;2025;09;30;10;50;52;0,658;-0,219;0,185;12,993;23,456;22,515;-14,668;82,966;15759,02;8,868
02;2025;09;30;10;50;53;0,587;-0,218;-0,354;16,842;18,973;17,773;-176,006;410,845;15910,49;8,868
02;2025;09;30;10;50;53;0,883;-0,216;-0,115;16,108;20,143;23,757;-41,912;174,804;15799,36;8,868
02;2025;09;30;10;50;54;0,752;-0,125;0,033;22,516;24,561;18,315;64,861;-65,503;15791,17;8,868
02;2025;09;30;10;50;54;0,691;-0,157;0,136;17,666;15,704;23,802;-318,126;460,326;15966,06;8,868
02;2025;09;30;10;50;55;0,946;-0,268;-0,439;18,578;23,368;22,922;-123,789;226,509;15861,24;8,868
02;2025;09;30;10;50;55;0,797;-0,109;-0,005;16,487;15,593;22,131;-267,795;395,06;15911,26;8,868
02;2025;09;30;10;50;56;0,548;-0,078;-0,021;16,175;14,423;21,273;-199,849;242,912;15904,32;8,868
02;2025;09;30;10;50;56;0,737;-0,139;0,433;18,444;17,405;21,386;23,608;132,152;15860,19;8,868
02;2025;09;30;10;50;57;0,799;-0,121;-0,141;17,732;17,14;20,234;70,184;174,303;15759,47;8,868
02;2025;09;30;10;50;57;0,714;-0,094;-0,008;15,886;20,475;21,093;-61,256;97,948;15904,74;8,868
02;2025;09;30;10;50;58;0,632;-0,114;0,086;18,2;18,641;25,858;1,545;305,223;15795,93;8,868
02;2025;09;30;10;50;58;0,777;-0,164;-0,003;16,998;15,814;16,373;-173,461;615,787;15869,4;8,868
02;2025;09;30;10;50;59;0,856;-0,164;-0,019;17,621;20,143;20,957;-204,166;170,116;15935,33;8,868
02;2025;09;30;10;50;59;0,65;-0,049;0,112;18,266;17,029;21,296;-34,459;190,679;15777,08;8,868
02;2025;09;30;10;51;00;0,334;-0,127;-0,142;19,535;21,689;24,615;-30,141;296,149;15734,34;8,868
02;2025;09;30;10;51;00;0,696;-0,166;-0,172;18,956;21,822;19,557;-173,649;393,036;15837,37;8,868
02;2025;09;30;10;51;01;0,691;-0,198;0,003;20,402;20,254;20,031;-394,545;576,609;16014,79;8,868
02;2025;09;30;10;51;01;0,882;-0,315;0,014;17,399;21,424;22,177;-151,471;445,552;15820,44;8,868
02;2025;09;30;10;51;02;0,733;-0,035;0,03;19,446;21,623;16,553;19,493;772,023;15769,33;8,868
02;2025;09;30;10;51;02;0,699;-0,198;-0,007;19,713;15,108;18,315;-214,645;191,044;16038,96;8,868
02;2025;09;30;10;51;03;0,737;-0,199;0,137;14,284;15,925;23,622;-62,804;771,669;15654,96;8,868
02;2025;09;30;10;51;03;0,846;-0,183;-0,074;21,07;16,521;21,093;-116,265;525,608;15863,05;8,868
02;2025;09;30;10;51;04;0,815;-0,282;-0,156;22,004;17,471;21,341;-371,875;648,415;15892,36;8,868
02;2025;09;30;10;51;04;0,932;-0,176;0,124;16,754;19,437;23,26;-143,454;387,485;15915,5;8,868
02;2025;09;30;10;51;05;0,595;-0,075;0,096;18,355;13,561;19,692;-100,606;152,227;15883,16;8,868
02;2025;09;30;10;51;05;0,836;-0,162;0,389;18,4;18,84;20,663;29,471;651,236;15662,91;8,868
02;2025;09;30;10;51;06;0,758;-0,158;-0,223;22,85;18,951;21,815;14,985;117,731;15774,14;8,868
02;2025;09;30;10;51;06;0,698;-0,146;0,093;15,285;23,015;21,544;-91,475;161,346;15815,57;8,868
02;2025;09;30;10;51;07;0,624;-0,092;0,254;16,998;17,382;19,331;-40,714;-120,697;15853,79;8,868
02;2025;09;30;10;51;07;0,589;-0,255;-0,53;23,206;20,386;17,682;-96,07;177,407;15939,29;8,868
02;2025;09;30;10;51;08;0,688;-0,108;-0,154;17,176;18,178;19,715;33,609;173,552;15789,17;8,868
02;2025;09;30;10;51;08;0,526;-0,12;-0,149;16,22;19,37;19,173;103,113;262,711;15729,91;8,868
02;2025;09;30;10;51;09;0,706;-0,18;-0,139;16,954;17,957;19,354;-57,915;174,1;15871,38;8,868
02;2025;09;30;10;51;09;0,543;-0,21;-0,361;17,866;19,37;19,67;-114,587;420,369;15906,94;8,868
02;2025;09;30;10;51;10;0,623;-0,148;-0,002;21,025;20,762;20,799;-156,09;429,878;15912,45;8,868
02;2025;09;30;10;51;10;0,804;-0,246;0,039;22,227;24,097;26,58;-155,231;609,78;15833,51;8,868
02;2025;09;30;10;51;11;0,953;-0,146;0,271;20,158;15,969;18,834;-208,177;218,937;15987,04;8,868
02;2025;09;30;10;51;11;0,951;-0,288;-0,287;21,737;20,408;20,28;65,889;582,195;15760,19;8,868
02;2025;09;30;10;51;12;0,809;-0,177;0,042;18,066;17,868;21,86;63,761;357,386;15776,77;8,868
02;2025;09;30;10;51;12;0,94;-0,17;0,114;17,198;17,515;15,515;103,751;472,865;15728,16;8,868
03;2025;09;30;10;57;34;1,301;-0,253;-0,104;27,033;26,306;13,166;-289,8;-191,703;15825,12;8,868
03;2025;09;30;10;57;35;1,226;-0,23;-1,557;27,411;26,504;1,129;-240,681;-92,212;15807,96;8,868
03;2025;09;30;10;57;35;1,312;-0,239;-0,096;23,74;24,583;6,91;-538,552;-208,509;16012,67;8,868
03;2025;09;30;10;57;36;1,377;-0,222;-4,549;24,429;21,27;1,287;-134,522;-151,019;15669,08;8,868
03;2025;09;30;10;57;36;1,27;-0,24;0,029;24,452;25,312;3,771;-431,796;74,993;15795,09;8,868
03;2025;09;30;10;57;37;1,289;-0,307;0,155;23,562;25,599;3,094;-788,401;-226,038;16113,92;8,868
03;2025;09;30;10;57;37;1,337;-0,38;-0,026;24,63;21,336;12,646;-847,536;321,842;15703,46;8,868
03;2025;09;30;10;57;38;1,304;-0,255;-0,161;22,205;23,368;20,054;-444,92;-146,43;15862,76;8,868
03;2025;09;30;10;57;38;1,336;-0,24;-0,069;24,185;26,968;10,953;-528,086;16,449;15780,05;8,868
03;2025;09;30;10;57;39;1,303;-0,295;0,27;21,938;23,412;4,042;-788,615;9,419;15961,7;8,868
03;2025;09;30;10;57;39;1,332;-0,282;-0,353;25,853;24,031;3,094;-871,689;-99,971;15955,58;8,868
03;2025;09;30;10;57;40;1,235;-0,234;0,303;24,363;22,816;1,852;-625,24;202,446;15802,37;8,868
03;2025;09;30;10;57;40;1,273;-0,252;0,073;21,114;23,368;6,504;-739,775;-143,287;15833,01;8,868
03;2025;09;30;10;57;41;1,341;-0,246;-0,331;24,563;23,213;7,656;-782,261;-56,746;15830,86;8,868
03;2025;09;30;10;57;41;1,242;-0,237;0,299;27,233;24,671;3,907;-703,265;54,777;15836,37;8,868
03;2025;09;30;10;57;42;1,287;-0,253;0,374;25,609;21,888;5,668;-721,89;-66,385;15845,09;8,868
03;2025;09;30;10;57;42;1,249;-0,285;0,011;21,76;22,33;22,312;-617,211;14,713;15729,71;8,868
03;2025;09;30;10;57;43;1,267;-0,253;0,065;24,852;24,472;5,488;-533,71;-239,583;15864,34;8,868
03;2025;09;30;10;57;43;1,193;-0,367;-0,185;27,366;23,478;4,2;-702,808;-219,332;15857,26;8,868
03;2025;09;30;10;57;44;1,318;-0,327;0,072;24,852;22,462;1,129;-732,872;-37,507;15690,54;8,868
03;2025;09;30;10;57;44;1,308;-0,254;-0,47;17,732;23,258;0,61;-793,969;98,271;15760,08;8,868
03;2025;09;30;10;57;45;1,311;-0,281;-0,028;23,005;21,623;7,994;-632,699;-213,076;15861,78;8,868
03;2025;09;30;10;57;45;1,29;-0,227;0,07;21,893;19,26;6,797;-693,002;-42,499;15876,98;8,868
03;2025;09;30;10;57;46;1,333;-0,205;0,134;27,233;25,29;18,563;-845,572;-248,874;15844,24;8,868
03;2025;09;30;10;57;46;1,417;-0,282;-0,284;23,74;24,472;9,236;-908,154;158,542;15772,62;8,868
03;2025;09;30;10;57;47;1,38;-0,297;0,843;25,542;23,015;2,665;-979,953;102,291;15821,85;8,868
03;2025;09;30;10;57;47;1,439;-0,29;0,249;24,963;24,053;4,336;-726,015;-210,1;15907,37;8,868
03;2025;09;30;10;57;48;1,327;-0,308;-0,041;20,224;28,581;11,992;-652,905;135,91;15717,52;8,868
03;2025;09;30;10;57;48;1,27;-0,284;0,621;21,537;22,705;2,258;-737,413;-79,91;15790,74;8,868
03;2025;09;30;10;57;49;1,214;-0,233;-0,167;19,757;22,418;6,594;-788,226;-286,452;15868,96;8,868
03;2025;09;30;10;57;49;1,357;-0,237;0,056;22,983;22,639;11,224;-844,96;-79,229;15911,79;8,868
03;2025;09;30;10;57;50;1,304;-0,301;0,013;24,385;21,159;17,524;-877,319;29,176;15785,24;8,868
03;2025;09;30;10;57;50;1,344;-0,25;-0,467;24,986;26,129;3,094;-592,582;-165,69;15698,66;8,868
03;2025;09;30;10;57;51;1,323;-0,324;0,968;23,539;23,434;1,942;-685,139;-143,954;15800,5;8,868
03;2025;09;30;10;57;51;1,251;-0,292;-0,099;21,893;23,059;13,798;-872,957;-325,22;16025,89;8,868
03;2025;09;30;10;57;52;1,414;-0,246;0,03;22,983;25,444;6,752;-668,334;-166,84;15830,92;8,868
03;2025;09;30;10;57;52;1,374;-0,28;0,013;28,212;24,804;5,081;-731,657;-179,263;15851,95;8,868
03;2025;09;30;10;57;53;1,38;-0,279;-0,454;25,408;26,681;6,414;-969,408;-84,639;15869,2;8,868
03;2025;09;30;10;57;53;1,333;-0,269;-0,045;25,141;21,204;12,059;-764,878;-14,23;15807,83;8,868
03;2025;09;30;10;57;54;1,274;-0,297;0,171;26,543;21,358;16,44;-826,976;-323,077;15911,59;8,868
03;2025;09;30;10;57;54;1,202;-0,257;-0,031;25,942;20,232;12,24;-809,114;-57,759;15890,87;8,868
03;2025;09;30;10;57;55;1,208;-0,246;0,112;21,737;25,643;9,688;-869,84;-184,873;15889,08;8,868
03;2025;09;30;10;57;55;1,229;-0,203;-0,056;22,738;19,414;8,356;-631,596;-162,688;15815,17;8,868
03;2025;09;30;10;57;56;1,353;-0,253;0,427;23,517;26,129;8,423;-800,728;-272,491;15890,7;8,868
03;2025;09;30;10;57;56;1,225;-0,253;-0,382;24,14;20,938;6,436;-682,324;45,71;15671,95;8,868
03;2025;09;30;10;57;57;1,176;-0,215;0,098;26,743;23,191;1,536;-847,325;-198,877;15845,34;8,868
03;2025;09;30;10;57;57;1,283;-0,341;1,22;22,027;25,312;1,49;-780,409;-28,046;15833,21;8,868
03;2025;09;30;10;57;58;1,307;-0,291;-0,052;25,987;21,844;13,279;-1031,638;-136,414;15894,08;8,868
03;2025;09;30;10;57;58;1,338;-0,226;0,124;23,962;25,201;9,733;-1028,183;-71,973;15909,22;8,868
03;2025;09;30;10;57;59;1,295;-0,274;0,04;23,562;20,43;12,782;-785,818;-470,166;16000,26;8,868
03;2025;09;30;10;57;59;1,36;-0,282;0,28;21,849;23,368;12,601;-699,425;-119,699;15793,76;8,868
03;2025;09;30;10;58;00;1,291;-0,285;-0,263;20,313;21,601;7,317;-847,106;-205,05;15835,45;8,868
03;2025;09;30;10;58;00;1,225;-0,307;-0,05;22,138;22,838;2,71;-1001,865;25,932;15832,05;8,868
03;2025;09;30;10;58;01;1,314;-0,246;-0,316;21,938;27,3;7,362;-727,497;-134,184;15758,28;8,868
03;2025;09;30;10;58;01;1,247;-0,227;-0,088;25,03;22,595;6,188;-695,647;165,257;15603,51;8,868
03;2025;09;30;10;58;02;1,223;-0,282;-0,05;24,207;24,318;4,02;-1025,944;-470,724;15992,06;8,868
03;2025;09;30;10;58;02;1,287;-0,317;0,581;24,118;23,368;5,465;-844,873;-212,103;15900,45;8,868
03;2025;09;30;10;58;03;1,396;-0,3;-0,183;27,077;23,589;3,568;-714,63;13,048;15683,65;8,868
03;2025;09;30;10;58;03;1,259;-0,298;-0,029;22,093;20,961;13,753;-833,142;-351,061;15909,79;8,868
03;2025;09;30;10;58;04;1,157;-0,337;-0,006;20,158;25,268;12,94;-840,914;-324,673;15849,59;8,868
03;2025;09;30;10;56;22;1,072;0,089;0,193;23,295;21,866;22,177;58,387;-459,399;15730,75;8,868
03;2025;09;30;10;56;22;1,238;-0,064;-0,254;22,627;18,995;22,538;8,665;45,446;15741,71;8,868
03;2025;09;30;10;56;23;1,088;-0,046;0,01;24,474;20,077;24,39;-283,429;342,152;16117,37;8,868
03;2025;09;30;10;56;23;1,107;-0,036;0,234;25,787;17,36;23,125;-284,478;584,705;16027,88;8,868
03;2025;09;30;10;56;24;1,292;-0,096;-0,094;22,894;22,308;23,419;149,605;389,061;15588,82;8,868
03;2025;09;30;10;56;24;1,029;-0,017;0,178;27,122;20,453;20,641;257,063;38,897;15672,03;8,868
03;2025;09;30;10;56;25;0,981;-0,091;-0,166;20,647;23,545;21,838;36,909;535,791;15828,43;8,868
03;2025;09;30;10;56;25;0,946;-0,113;0,087;21,782;23,567;21,499;119,489;137,3;15848,18;8,868
03;2025;09;30;10;56;26;1,264;-0,145;-0,275;21,27;20,165;24,435;261,047;341,965;15550,89;8,868
03;2025;09;30;10;56;26;1,136;-0,103;-0,096;20,781;21,27;22,267;-375,798;488,103;15953,51;8,868
03;2025;09;30;10;56;27;0,728;-0,204;-0,459;23,361;21,181;24,457;-341,036;371,661;15977,62;8,868
03;2025;09;30;10;56;27;1,238;-0,082;-0,235;24,763;24,009;25,474;21,737;55,164;15843,85;8,868
03;2025;09;30;10;56;28;1,28;-0,05;0,027;20,313;20,276;20,392;-330,856;481,746;15845,65;8,868
03;2025;09;30;10;56;28;1,152;-0,098;0,075;18,889;18,509;24,322;39,666;392,516;15741,83;8,868
03;2025;09;30;10;56;29;0,902;-0,105;0,159;21,715;21,071;25,451;305,07;-72,651;15384,01;8,868
03;2025;09;30;10;56;29;1,276;-0,034;-0,063;21,426;24,053;27,687;270,876;-135,172;15712,58;8,868
03;2025;09;30;10;56;30;0,902;-0,04;-0,178;22,271;20,011;22,357;106,87;-72,952;15755,91;8,868
03;2025;09;30;10;56;30;0,865;-0,014;0,313;21,849;25,113;25,767;235,921;-248,162;15858,59;8,868
03;2025;09;30;10;56;31;1,177;0,029;0,379;23,161;25,422;25,157;102,104;233,377;15882,46;8,868
03;2025;09;30;10;56;31;1,012;0,033;0,458;21,337;21,204;20,144;335,105;250,968;15689,74;8,868
03;2025;09;30;10;56;32;0,964;-0,29;-0,435;20,402;20,762;21,702;-54,777;256,354;15795,9;8,868
03;2025;09;30;10;56;32;1,087;0,008;-0,01;25,23;22,551;27,054;-269,187;68,158;15861,65;8,868
03;2025;09;30;10;56;33;0,989;-0,143;-0,144;19,245;22,507;26,49;61,203;430,855;15700,87;8,868
03;2025;09;30;10;56;33;0,803;-0,101;-0,181;18,044;24,252;24,457;202,552;313,168;15718,24;8,868
03;2025;09;30;10;56;34;1,223;-0,025;0,205;22,205;21,535;25,587;141,327;84,899;15897,14;8,868
03;2025;09;30;10;56;34;1,212;-0,139;0,078;21,048;20,872;24,186;306,931;-53,75;15590;8,868
03;2025;09;30;10;56;35;1,275;0,011;0,021;21,915;17,736;23,441;494,956;45,88;15708,11;8,868
03;2025;09;30;10;56;35;1,241;-0,148;-0,097;22,36;20,916;24,254;21,681;55,693;16001,58;8,868
03;2025;09;30;10;56;36;1,014;-0,029;0,151;23,139;21,071;24,051;211,573;136,527;15848,28;8,868
03;2025;09;30;10;56;36;1,272;-0,138;-0,036;21,537;22,175;22,696;-233,942;-937,758;15952,79;8,868
03;2025;09;30;10;56;37;1,261;-0,089;-0,172;22,093;23,368;21,657;121,057;92,227;15898,99;8,868
03;2025;09;30;10;56;37;1,128;-0,13;-0,035;20,914;19,216;23,599;95,27;176,652;15713,72;8,874
03;2025;09;30;10;56;38;1,171;-0,072;0,018;23,272;21,115;21,928;-71,897;343,652;16010,36;8,873
03;2025;09;30;10;56;38;1,257;-0,14;-0,056;18,266;21,358;23,78;212,664;153,451;15977,14;8,868
03;2025;09;30;10;56;39;0,985;-0,054;0,003;22,85;24,826;24,774;325,354;-26,239;15813,27;8,868
03;2025;09;30;10;56;39;0,98;-0,025;0,105;17,955;19,26;20,889;22,179;630,828;15671,27;8,868
03;2025;09;30;10;56;40;1,28;-0,132;0,042;21,137;23,434;21,499;-61,5;218,781;15946,59;8,868
03;2025;09;30;10;56;40;1,053;-0,008;-0,069;22,716;21,115;20,009;132,263;-162,082;15886,68;8,868
03;2025;09;30;10;56;41;1,054;-0,179;-0,125;21,938;23,28;26,219;-6,412;17,191;15982,24;8,868
03;2025;09;30;10;56;41;1,214;-0,129;0,512;19,779;18,288;27,19;-110,382;170,137;15880,54;8,868
03;2025;09;30;10;56;42;1,141;-0,159;0,483;23,873;17,206;21,77;-24,513;77,334;15911,14;8,868
03;2025;09;30;10;56;42;1,143;-0,098;-0,02;16,62;21,424;24,299;-17,483;-66,143;15916,85;8,868
03;2025;09;30;10;56;43;1,107;-0,127;0,063;24,541;20,254;24,119;196,347;229,356;15696,58;8,868
03;2025;09;30;10;56;43;1,047;-0,065;0,256;25,186;21,292;23,622;194,652;-114,773;15851,6;8,874
03;2025;09;30;10;56;44;1,037;-0,112;0,073;21,448;20,43;17,141;-59,454;103,728;15888,63;8,868
03;2025;09;30;10;56;44;1,258;-0,101;-0,126;23,206;23,412;22,425;23,388;-384,774;16055,16;8,868
03;2025;09;30;10;56;45;1,102;-0,134;-0,371;23,295;19,437;23,035;-45,657;338,711;15794,44;8,868
03;2025;09;30;10;56;45;1,142;-0,02;0,337;20,358;22,197;23,509;74,79;-22,931;15849,86;8,868
03;2025;09;30;10;56;46;1,052;-0,202;0,021;24,14;23,721;25,88;404,207;464,069;15878,6;8,868
03;2025;09;30;10;56;46;0,807;-0,008;-0,002;21,982;22,153;25,045;-164,423;-376,658;15981,7;8,868
03;2025;09;30;10;56;47;0,861;-0,071;-0,062;22,85;23,545;24,638;-263,813;167,239;15923,33;8,868
03;2025;09;30;10;56;47;1,031;-0,179;-0,197;19,757;19,348;22,786;73,814;-581,914;15804,97;8,868
03;2025;09;30;10;56;48;0,997;-0,121;0,048;19,935;18,973;20,618;-206,263;-389,569;15901,31;8,868
03;2025;09;30;10;56;48;0,457;-0,066;-0,117;22,583;21,667;18,495;-250,007;172,348;16022,12;8,868
03;2025;09;30;10;56;49;1,136;-0,147;0,117;21,782;17,603;25,474;77,478;-262,068;15759,25;8,868
03;2025;09;30;10;56;49;1,106;-0,048;-0,106;22,56;25,4;23,938;-83,875;-129,07;15853,9;8,868
03;2025;09;30;10;56;50;1,211;-0,096;-0,008;25,564;23,876;25,09;-373,615;101,683;16054,42;8,868
03;2025;09;30;10;56;50;1,091;-0,162;-0,15;22,85;17,648;24,006;-193,968;-55,017;15861,63;8,868
03;2025;09;30;10;56;51;1,2;-0,03;0,2;22,85;23,28;23,531;366,123;-217,683;15660,7;8,873
03;2025;09;30;10;56;51;0,937;-0,198;-0,045;27,344;22,44;24,006;-125,423;207,954;15850,14;8,868
03;2025;09;30;10;55;14;0,854;-0,008;0,061;21,092;23,501;22,696;102,039;-448,471;15696,59;8,868
03;2025;09;30;10;55;15;1,012;-0,189;-0,219;28,011;23,545;24,39;48,01;-2853,205;16761,61;8,868
03;2025;09;30;10;55;15;0,555;-0,096;-0,122;24,096;19,79;25,248;-1808,462;201,664;15599,62;8,868
03;2025;09;30;10;55;16;0,914;-0,079;-0,062;20,892;19,437;22,244;-1108,368;-858,61;15840,88;8,868
03;2025;09;30;10;55;16;0,822;-0,102;0,11;28,901;23,567;27,122;253,982;-630,031;15447,06;8,868
03;2025;09;30;10;55;17;0,745;-0,004;0,023;20,425;24,76;25,587;103,271;-2370,193;16128,94;8,868
03;2025;09;30;10;55;17;0,911;-0,132;-0,064;23,139;27,653;22,606;-201,927;-417,46;16204,14;8,868
03;2025;09;30;10;55;18;1,141;-0,043;0,064;23,895;24,207;27,822;1678,447;-608,048;16330,9;8,868
03;2025;09;30;10;55;18;0,904;-0,128;0,03;24,919;23,876;26,4;-1279,233;-1524,736;16261,83;8,868
03;2025;09;30;10;55;19;1,149;-0,188;-0,176;23,851;23,478;27,867;-612,963;308,389;15882,5;8,868
03;2025;09;30;10;55;19;1,021;-0,111;-0,138;26,076;23,368;21,047;-487,238;-1081,885;15552,79;8,868
03;2025;09;30;10;55;20;0,997;-0,053;0,269;23,295;23,876;26,558;772,017;929,493;16336,69;8,868
03;2025;09;30;10;55;20;0,763;-0,039;0,064;24,741;23,611;25,022;190,674;-654,586;15989,25;8,868
03;2025;09;30;10;55;21;0,602;-0,061;0,13;22,805;23,258;22,741;135,802;-1182,801;15643,71;8,868
03;2025;09;30;10;55;21;0,823;-0,007;-0,159;18,845;23,832;23,915;-407,105;-171,601;15644,06;8,868
03;2025;09;30;10;55;22;0,916;-0,103;-0,693;24,496;18,443;23,441;-41,58;-1718,974;15893,16;8,868
03;2025;09;30;10;55;22;0,781;-0,073;-0,117;23,317;23,302;20,37;1229,578;-672,349;16285,37;8,868
03;2025;09;30;10;55;23;1,027;-0,045;-0,213;21,537;21,535;23,17;-353,633;-68,98;16097,49;8,868
03;2025;09;30;10;55;23;0,929;-0,008;0,034;24,185;25,157;22,764;-4,665;-1803,626;16203,9;8,868
03;2025;09;30;10;55;24;1,136;-0,078;0,163;21,559;24,362;23,509;-931,912;-812,262;15960,23;8,873
03;2025;09;30;10;55;24;1,039;-0,156;0,048;25,275;19,657;27,709;456,941;-1071,404;15695,15;8,868
03;2025;09;30;10;55;25;0,452;-0,06;-0,291;23,495;25,665;31,39;-360,352;10,248;15840,03;8,868
03;2025;09;30;10;55;25;0,982;-0,099;0,194;28,479;23,191;28,297;497,916;-150,734;15420,44;8,868
03;2025;09;30;10;55;26;0,719;-0,028;0,333;23,183;22,75;23,148;570,071;-1530,452;16394,41;8,878
03;2025;09;30;10;55;26;0,732;-0,136;0,038;22,093;22,926;28,048;-426,962;-126,318;15528,93;8,868
03;2025;09;30;10;55;27;0,694;-0,193;0,044;25,342;19,216;25,157;-1885,875;-30,409;15885,45;8,868
03;2025;09;30;10;55;27;0,599;-0,062;0,019;23,361;24,605;23,306;550,319;1547,835;15899,97;8,868
03;2025;09;30;10;55;28;0,721;-0,075;-0,031;21,248;23,501;23,125;43,979;-273,178;15203,33;8,873
03;2025;09;30;10;55;28;0,797;-0,215;0,056;18,378;24,848;21,544;-2134,494;2062,8;15806,17;8,874
03;2025;09;30;10;55;29;0,682;-0,053;0,048;20,825;26,063;23,396;-404,629;2475,352;15321,94;8,878
03;2025;09;30;10;55;29;0,949;-0,089;-0,069;21,025;19,481;23,17;1152,679;28,741;15090,89;8,874
03;2025;09;30;10;55;30;0,85;-0,245;-0,161;20,58;22,109;25,383;-166,64;195,334;15512,85;8,878
03;2025;09;30;10;55;30;0,71;-0,092;0,01;18,667;21,093;24,141;-582,805;2825,479;14479,41;8,868
03;2025;09;30;10;55;31;0,751;-0,148;0,253;22,961;28,249;28,816;959,092;-406,418;15696,58;8,868
03;2025;09;30;10;55;31;0,459;0,009;0,189;20,803;26,703;29,109;-932,779;-2197,6;14667,02;8,874
03;2025;09;30;10;55;32;0,807;-0,197;-0,28;23,651;23,611;22,357;452,982;266,62;16606,29;8,883
03;2025;09;30;10;55;32;0,73;-0,123;0,369;16,509;20,983;25,248;610,743;-754,527;14692,9;8,89
03;2025;09;30;10;55;33;0,641;-0,252;-0,508;25,342;18,796;24,638;-2441,71;1208,213;16284,94;8,883
03;2025;09;30;10;55;33;0,615;-0,128;0,265;20,38;21,844;21,431;880,388;33,078;14971,7;8,874
03;2025;09;30;10;55;34;0,63;-0,121;-0,115;23,918;24,384;23,802;2005,99;-525,107;15289,54;8,887
03;2025;09;30;10;55;34;0,985;-0,027;-0,343;22,427;22,993;24,48;86,855;-111,444;16633,29;8,879
03;2025;09;30;10;55;35;0,97;-0,175;0,05;24,83;20,099;22,109;-162,303;1441,803;15476,61;8,883
03;2025;09;30;10;55;35;1,001;-0,236;0,064;22,027;24,45;23,125;-1280,003;-1766,586;16682,21;8,896
03;2025;09;30;10;55;36;0,694;-0,182;0,072;22,338;23,876;23,983;-169,656;1535,231;15790,99;8,887
03;2025;09;30;10;55;36;0,662;-0,056;-0,341;21,181;19,459;20,438;-1037,974;-573,647;15632,4;8,896
03;2025;09;30;10;55;37;0,788;-0,213;0,123;20,892;21,248;23,373;-555,863;-461,89;15564,24;8,897
03;2025;09;30;10;55;37;1,028;-0,012;-0,04;25,92;21,645;28,68;762,171;-3385,759;15896,73;8,896
03;2025;09;30;10;55;38;0,913;-0,115;-0,044;25,275;22,728;25,248;1825,532;909,58;15619,84;8,897
03;2025;09;30;10;55;38;1,017;-0,174;-0,253;21,893;23,236;22,606;-1383,677;-2392,261;15922,88;8,906
03;2025;09;30;10;55;39;0,709;-0,148;0,155;22,427;21,712;26,287;744,017;81,908;14995,57;8,892
03;2025;09;30;10;55;39;0,848;-0,184;-0,31;27,856;21,093;26,693;361,221;348,012;16588,75;8,89
03;2025;09;30;10;55;40;1,092;-0,076;-0,204;22,494;22,153;22,651;-549,735;-2120,823;15571,84;8,902
03;2025;09;30;10;55;40;1,032;-0,205;0,016;19,957;23,037;23,012;1027,23;-2345,87;17501,52;8,89
03;2025;09;30;10;55;41;0,836;-0,177;-0,27;19,802;24,252;25,045;-84,644;1393,253;15855,6;8,897
03;2025;09;30;10;55;41;0,715;-0,141;-0,083;27,033;24,715;28,026;1080,219;-1884,464;15184,4;8,885
03;2025;09;30;10;55;42;0,707;-0,13;-0,224;20,091;23,611;23,825;-2008,279;36,975;15752,12;8,892
03;2025;09;30;10;55;42;1,07;-0,092;-0,008;21,604;20,894;23,983;763,959;-1672,674;15495,83;8,906
03;2025;09;30;10;55;43;0,759;-0,237;-0,185;26,387;23,766;24,186;1747,56;-802,111;15192,24;8,906
03;2025;09;30;10;55;43;0,398;0,025;0,277;23,005;22,683;25,451;186,126;-1635,721;16265,08;8,89
03;2025;09;30;10;55;44;0,871;-0,206;-0,18;24,096;21,778;20,528;137,028;-993,634;16258,44;8,897
04;2025;09;30;11;09;12;1,371;-0,06;0,001;23,539;24,715;7,633;-953,035;982,854;15650,43;8,906
04;2025;09;30;11;09;13;1,312;-0,108;-0,12;20,825;25,974;6,662;-890,604;236,305;15865,55;8,906
04;2025;09;30;11;09;13;1,409;-0,077;0,336;25,586;24,715;3,704;-905,023;328,934;15957,04;8,906
04;2025;09;30;11;09;14;1,398;-0,146;-0,04;22,916;28,558;8,017;-871,067;363,762;15903,3;8,906
04;2025;09;30;11;09;14;1,4;-0,081;0,09;25,008;23,478;13,572;-904,435;246,835;15969,93;8,906
04;2025;09;30;11;09;15;1,351;-0,096;0,21;25,698;24,119;6,978;-803,252;485,443;15747,16;8,906
04;2025;09;30;11;09;15;1,534;-0,122;0,01;26,81;22,197;19,963;-869,84;173,157;16003,28;8,906
04;2025;09;30;11;09;16;1,373;-0,069;0,129;22,961;21,91;1,761;-957,898;386,729;15790,79;8,906
04;2025;09;30;11;09;16;1,411;-0,079;0,385;20,558;22,021;0,068;-555,5;669,009;15612,93;8,906
04;2025;09;30;11;09;17;1,472;-0,117;-2,428;27,033;22,175;-0,316;-1337,167;70,331;16302,19;8,906
04;2025;09;30;11;09;17;1,486;-0,081;0,546;22,983;26,151;3,794;-768,394;413,188;15667,61;8,906
04;2025;09;30;11;09;18;1,36;-0,175;-0,11;24,051;22,683;18,518;103,623;590,2;15798,08;8,906
04;2025;09;30;11;09;18;1,24;-0,154;-0,111;22,961;24,583;19,783;-2084,159;429,495;16089,11;8,906
04;2025;09;30;11;09;19;1,366;-0,094;0,039;23,717;23,39;18,654;-1107,38;257,431;15456,92;8,906
04;2025;09;30;11;09;19;1,425;-0,098;0,111;24,541;22,617;18,157;-201,944;823,716;16024,26;8,906
04;2025;09;30;11;09;20;1,479;-0,161;-0,059;21,804;27,145;19,896;-376,435;360,091;15063,65;8,906
04;2025;09;30;11;09;20;1,461;-0,127;-0,027;26,209;23,434;20,121;-1116,914;116,021;15082,8;8,906
04;2025;09;30;11;09;21;1,443;-0,122;0,032;21,137;21,601;6,007;-901,181;365,993;15975,24;8,906
04;2025;09;30;11;09;21;1,472;-0,145;0,008;21,337;20,033;17,637;-709,304;425,916;15367,96;8,906
04;2025;09;30;11;09;22;1,49;-0,161;-0,012;17,643;21,248;19,805;-803,415;261,086;15849,18;8,906
04;2025;09;30;11;09;22;1,44;-0,187;-0,066;24,897;23,832;9,937;-780,159;552,839;15697,11;8,906
04;2025;09;30;11;09;23;1,431;-0,132;-0,074;24,696;21,977;19,241;-813,49;319,759;15904,13;8,906
04;2025;09;30;11;09;23;1,256;-0,163;-0,101;20,959;27,057;24,006;-683,986;484,627;15659,55;8,906
04;2025;09;30;11;09;24;1,545;-0,041;0,113;24,563;25,047;6,978;-674,267;345,007;15811,79;8,906
04;2025;09;30;11;09;24;1,296;-0,17;-0,043;23,784;19,26;22,402;-720,855;363,279;15469,65;8,906
04;2025;09;30;11;09;25;1,304;-0,179;-0,185;27,277;23,898;21,522;-966,226;-120,042;16121,88;8,906
04;2025;09;30;11;09;25;1,45;-0,143;-0,121;26,298;28,073;22,154;-1142,885;591,329;15746,41;8,906
04;2025;09;30;11;09;26;1,409;-0,117;-0,054;22,294;23,854;11,879;-1418,999;298,279;15441,92;8,906
04;2025;09;30;11;09;26;1,482;-0,131;0,237;23,517;26,085;1,016;-734,538;164,465;15763,52;8,906
04;2025;09;30;11;09;27;1,449;-0,107;0,131;26,521;26,659;15,56;-986,27;282,402;15832,64;8,906
04;2025;09;30;11;09;27;1,402;-0,155;0,083;26,298;24,031;11,675;-905,44;80,438;15876,89;8,906
04;2025;09;30;11;09;28;1,427;-0,101;-0,737;23,984;27,211;-0,045;-751,406;205,275;15760,2;8,906
04;2025;09;30;11;09;28;1,44;-0,201;-0,353;28,189;26,372;4,404;-357,601;373,116;15691,54;8,906
04;2025;09;30;11;09;29;1,405;-0,17;-0,005;27,411;21,999;22,989;-750,129;456,255;15465,68;8,906
04;2025;09;30;11;09;29;1,327;-0,164;0,022;22,271;22,639;27,009;-1076,494;195,518;16123,87;8,906
04;2025;09;30;11;09;30;1,305;-0,082;-0,072;24,986;21,954;22,335;-1219,059;414,268;15940,1;8,906
04;2025;09;30;11;09;30;1,365;-0,193;0;24,541;23,302;29,177;-1014,213;768,736;15949,1;8,906
04;2025;09;30;11;09;31;1,431;-0,19;-0,152;24,051;24,296;23,712;-1183,103;17,312;15833,19;8,906
04;2025;09;30;11;09;31;1,395;-0,154;0,001;24,496;28,117;24,819;-956,591;300,093;15852,35;8,906
04;2025;09;30;11;09;32;1,471;-0,171;0,046;25,119;24,583;20,483;-974,3;456,435;15579,5;8,906
04;2025;09;30;11;09;32;1,412;-0,194;0,102;23,361;22,22;24,096;-904,578;-10,47;16036,25;8,906
04;2025;09;30;11;09;33;1,501;-0,228;0,006;23,25;25,444;25,722;-856,284;456,536;15801,64;8,906
04;2025;09;30;11;09;33;1,418;-0,16;0,092;24,607;23,744;10,004;-885,918;175,044;16012,38;8,906
04;2025;09;30;11;09;34;1,407;-0,172;-0,055;27,077;25,4;13,369;-850,784;530,404;15444,27;8,906
04;2025;09;30;11;09;34;1,41;-0,201;1,052;26,565;25,952;0,181;-753,575;316,316;15721,93;8,906
04;2025;09;30;11;09;35;1,421;-0,185;-0,076;23,183;22,352;3,41;-885,023;363,093;15781,28;8,906
04;2025;09;30;11;09;35;1,328;-0,201;-0,042;21,315;23,589;17,705;-792,766;128,246;15898,99;8,906
04;2025;09;30;11;09;36;1,377;-0,149;-0,104;19,957;23,103;15,582;-740,09;511,918;15536,71;8,906
04;2025;09;30;11;09;36;1,432;-0,208;0,115;28,568;23,501;5,984;-695,547;357,919;15632,08;8,906
04;2025;09;30;11;09;37;1,413;-0,154;-0,026;25,497;22,728;24,322;-774,05;338,292;15631,79;8,906
04;2025;09;30;11;09;37;1,35;-0,242;-0,289;23,25;24,605;23,464;-749,765;337,194;15858,72;8,906
04;2025;09;30;11;09;38;1,299;-0,401;-0,264;24,474;21,27;27,461;-979,681;551,576;15761,83;8,906
04;2025;09;30;11;09;38;1,233;-0,187;0,236;25,141;25,223;26,467;-704,451;415,797;15688,19;8,906
04;2025;09;30;11;09;39;1,224;-0,263;-0,061;25,564;27,542;22,177;-782,895;476,866;15563,3;8,906
04;2025;09;30;11;09;39;1,311;-0,234;-0,192;25,297;25,4;23,644;-908,156;222,857;15915,49;8,906
04;2025;09;30;11;09;40;1,281;-0,251;-0,168;25,564;25,334;28,929;-1152,837;66,538;15952,36;8,906
04;2025;09;30;11;09;40;1,278;-0,214;0,006;25,52;23,545;17,547;-1179,324;325,646;15799,12;8,906
04;2025;09;30;11;09;41;1,479;-0,216;0,086;26,12;28,912;25,541;-787,147;253,152;15933,34;8,906
04;2025;09;30;11;09;41;1,439;-0,215;-0,115;22,783;20,254;21,838;-987,934;478,013;15629,68;8,906
04;2025;09;30;11;09;42;1,462;-0,241;-0,086;23,183;25,665;23,893;-961,481;374,705;15797;8,906
04;2025;09;30;11;08;10;1,134;0,08;-0,376;23,406;24,296;25,835;-700,098;455,08;15637,77;8,906
04;2025;09;30;11;08;10;1,232;0,045;-0,242;25,631;25,334;23,712;-698,116;-173,672;15843,02;8,906
04;2025;09;30;11;08;11;1,18;0,047;-0,157;26,254;22,021;25,835;-743,177;411,581;15656,23;8,906
04;2025;09;30;11;08;11;1,235;0,028;0,036;24,363;21,137;27,009;-796,321;573,869;15641,57;8,906
04;2025;09;30;11;08;12;1,247;0,102;-0,209;21,404;19,635;23,125;-912,933;228,896;15878,8;8,906
04;2025;09;30;11;08;12;1,111;-0,045;0,001;25,542;22,33;26,919;-727,309;87,995;15870,33;8,906
04;2025;09;30;11;08;13;1,254;0,077;-0,11;23,74;24,053;28,138;-954,354;432,231;15817,99;8,906
04;2025;09;30;11;08;13;1,193;0,162;0,002;24,785;19,702;23,644;-1157,706;147,798;16028,92;8,906
04;2025;09;30;11;08;14;1,203;0,097;-0,081;25,141;20,453;24,073;-933,187;153,826;15941,85;8,906
04;2025;09;30;11;08;14;1,143;0,046;-0,005;24,963;21,358;27,416;170,398;344,069;15334,46;8,906
04;2025;09;30;11;08;15;1,129;-0,016;-0,141;22,316;21,314;25,88;-704,407;-42,614;15764,95;8,906
04;2025;09;30;11;08;15;1,336;-0,092;-0,561;23,317;20,585;26,061;-956,58;404,713;16010,51;8,906
04;2025;09;30;11;08;16;1,153;0,02;0,034;24,429;21,513;24,186;-737,379;49,212;15847,87;8,906
04;2025;09;30;11;08;16;1,389;0,07;-0,246;19,846;20,696;26,987;-929,642;951,654;15650,72;8,906
04;2025;09;30;11;08;17;1,302;0,021;0,093;25,742;22,485;21,251;-709,701;-22,749;15862,89;8,906
04;2025;09;30;11;08;17;1,163;-0,009;0,169;23,206;26,482;25,451;-622,884;307,075;15716,49;8,906
04;2025;09;30;11;08;18;1,159;-0,046;-0,06;22,583;22,683;30,148;-715,006;-66,955;15831,67;8,906
04;2025;09;30;11;08;18;1,393;0,079;-0,26;27,077;21,712;26,174;-1083,219;307,016;15944,13;8,906
04;2025;09;30;11;08;19;1,265;0,079;-0,165;24,207;19,768;27,213;-927,1;-19,795;15942,67;8,906
04;2025;09;30;11;08;19;1,147;0,013;-0,115;26,076;26,107;26,761;-1116,631;632,671;15864,28;8,906
04;2025;09;30;11;08;20;1,245;-0,027;-0,036;25,408;22,97;24,615;-647,035;212,288;15835,89;8,906
04;2025;09;30;11;08;20;1,091;0,057;-0,044;20,825;26,284;25,677;-881,864;-127,84;15968,07;8,906
04;2025;09;30;11;08;21;1,272;0,054;-0,21;26,165;21,226;20,889;-1050,488;-22,773;15890,03;8,906
04;2025;09;30;11;08;21;1,38;0,058;-0,197;23,562;23,236;28,906;-705,555;211,027;15656,12;8,906
04;2025;09;30;11;08;22;1,145;0,022;0,033;21,381;26,284;19,128;-1863,988;217,4;15949,06;8,906
04;2025;09;30;11;08;22;0,896;-0,015;-0,163;24,251;25,4;24,48;-1034,335;340,565;15821,55;8,906
04;2025;09;30;11;08;23;1,028;0,049;-0,166;20,091;27,94;23,983;-954,419;566,534;15525,26;8,906
04;2025;09;30;11;08;23;1,175;0,147;0,146;24,518;23,545;27,19;-661,988;52,232;15757,01;8,906
04;2025;09;30;11;08;24;1,045;0,032;-0,234;21,448;21,977;26,174;-809,003;200,852;15769,66;8,906
04;2025;09;30;11;08;24;1,15;-0,024;-0,132;20,914;25,731;25,135;-681,555;96,317;15798,21;8,906
04;2025;09;30;11;08;25;1,212;0,047;-0,134;22,471;24,605;24,819;-834,196;202,582;15659,88;8,906
04;2025;09;30;11;08;25;1,423;-0,052;-0,306;22,56;19,812;24,209;-842,431;631,923;15844,53;8,906
04;2025;09;30;11;08;26;1,406;0,097;-0,222;18,289;25,687;25,383;-1667,037;272,573;16346,02;8,906
04;2025;09;30;11;08;26;1,251;0,007;0,201;19,446;20,696;25,925;-723,175;85,317;15712,36;8,906
04;2025;09;30;11;08;27;1,271;0,058;-0,018;21,648;19,856;23,961;-971,449;463,932;15705,39;8,906
04;2025;09;30;11;08;27;1,211;-0,075;0,009;20,959;19,945;24,503;-403,685;-6,708;15424,23;8,906
04;2025;09;30;11;08;28;1,26;-0,067;-0,19;27,811;22,551;24,186;-635,599;82,589;15723,92;8,906
04;2025;09;30;11;08;28;1,239;0,003;-0,172;22,827;23,986;22,064;-1065,491;200,553;16000,05;8,906
04;2025;09;30;11;08;29;1,132;0,016;-0,164;22,939;21,292;27,484;-838,401;125,584;15839,56;8,906
04;2025;09;30;11;08;29;1,306;0,067;0,638;27,099;23,501;25,361;-674,344;62,625;15690,8;8,911
04;2025;09;30;11;08;30;1,15;-0,083;0,127;25,097;23,92;24,525;-622,728;106,602;15762,36;8,906
04;2025;09;30;11;08;30;1,058;-0,013;-0,059;25,764;24,826;24,051;-901,977;332,271;15881,83;8,916
04;2025;09;30;11;08;31;1,284;0,006;0,128;19,112;19,525;23,306;-999,685;420,147;15870,75;8,906
04;2025;09;30;11;08;31;1,288;-0,038;-0,176;21,893;24,207;25,022;-734,653;526,973;15696,47;8,906
04;2025;09;30;11;08;32;1,307;-0,027;0,093;23,895;22,86;24,661;-724,826;605,373;15712,22;8,912
04;2025;09;30;11;08;32;1,244;-0,018;-0,081;23,45;21,888;31,436;-811,48;206,564;15726,12;8,906
04;2025;09;30;11;08;33;1,238;0,006;-0,078;26,098;20,828;24,796;-966,533;61,799;15849,73;8,906
04;2025;09;30;11;08;33;1,238;0,042;-0,132;19,802;23,324;25,157;-702,73;358,908;15637,48;8,911
04;2025;09;30;11;08;34;1,162;0,007;-0,148;22,294;24,252;27,822;-552,205;118,874;15542,74;8,917
04;2025;09;30;11;08;34;1,354;0,03;-0,053;23,228;23,081;26,761;-820,221;169,848;15816,78;8,906
04;2025;09;30;11;08;35;1,415;-0,05;-0,363;26,877;21,226;24,028;-811,158;66,389;15801,78;8,906
04;2025;09;30;11;08;35;1,198;0,011;-0,003;24,874;22,485;25,835;-477,479;-473,041;15794,54;8,906
04;2025;09;30;11;08;36;1,242;-0,057;-0,283;23,784;22,683;25,97;-733,12;516,43;15615,5;8,906
04;2025;09;30;11;08;36;1,154;-0,012;-0,204;23,206;23,302;27,596;-867,836;215,414;15771,92;8,906
04;2025;09;30;11;08;37;1,033;-0,11;0,103;23,25;28,271;26,467;-913,418;439,301;15749,32;8,917
04;2025;09;30;11;08;37;1,09;0,008;0,005;25,342;23,545;26,783;-895,025;191,415;15826,34;8,906
04;2025;09;30;11;08;38;1,065;0,005;0,489;24,251;22,551;26,716;-496,78;36,535;15818,59;8,912
04;2025;09;30;11;08;38;1,027;-0,08;-0,745;26,855;21,844;26,467;-857,941;503,428;15852,81;8,916
04;2025;09;30;11;08;39;1,133;-0,001;-0,065;25,275;24,384;23,915;-546,197;273,319;15597,14;8,917
04;2025;09;30;11;08;39;1,346;-0,055;-0,68;26,365;21,712;24,457;-745,518;-135,815;16038,34;8,921
04;2025;09;30;11;07;15;0,814;0,362;-0,291;28,634;23,456;28,861;-753,628;970,897;15614,24;9,02
04;2025;09;30;11;07;16;0,802;0,292;-0,039;29,747;33,02;31,91;-1258,811;578,092;15889,13;9,02
04;2025;09;30;11;07;16;0,78;0,169;-0,399;28,612;27,52;29,81;-739,54;2842,042;17121,68;9,02
04;2025;09;30;11;07;17;0,788;0,365;-0,463;25,364;25,753;27,077;-1272,969;641,124;15635,96;9,006
04;2025;09;30;11;07;17;0,969;0,427;0,197;22,182;22,772;25,587;-1801,379;1564,001;15785,63;8,982
04;2025;09;30;11;07;18;0,842;0,344;-0,161;25,275;25,135;33,468;-1409,88;548,285;15973,55;8,982
04;2025;09;30;11;07;18;1,152;0,266;-0,116;32,862;28,514;31,955;-1064,855;714,487;15700,84;8,982
04;2025;09;30;11;07;19;1,094;0,428;-0,115;29,035;29;31,277;-1160,015;99,552;16021,78;8,982
04;2025;09;30;11;07;19;0,732;0,337;0,187;32,105;28,073;31,097;-1558,748;971,173;15800,99;8,982
04;2025;09;30;11;07;20;0,734;0,265;-0,17;31,527;28,536;28,184;-937,833;1069,028;15962,67;8,982
04;2025;09;30;11;07;20;0,945;0,362;-0,239;29,502;24,936;28,116;-281,722;-92,642;15336,43;8,982
04;2025;09;30;11;07;21;1,205;0,23;-0,638;28,746;27,852;28,048;-847,137;312,254;15438,16;8,982
04;2025;09;30;11;07;21;0,94;0,366;-0,085;30,058;30,502;30,668;-825,301;536,229;15624,21;8,982
04;2025;09;30;11;07;22;0,815;0,406;-0,286;28,657;28,824;30,758;-611,353;264,103;15641,25;8,982
04;2025;09;30;11;07;22;0,784;0,361;-0,003;29,636;27,277;32,226;-1226,46;495,132;15903,5;8,982
04;2025;09;30;11;07;23;0,69;0,351;-0,23;29,28;31,231;31,413;-1611,121;636,166;16133,83;8,982
04;2025;09;30;11;07;23;1,13;0,343;-0,397;30,77;29,287;28,206;-1313,95;447,024;15815,13;8,982
04;2025;09;30;11;07;24;0,922;0,24;-0,312;29,702;26,482;28,387;107,103;-875,632;15304,15;8,982
04;2025;09;30;11;07;24;0,992;0,422;-0,271;25,208;29,884;26,919;84,729;-302,589;15285,62;8,982
04;2025;09;30;11;07;25;0,968;0,388;0,136;26,832;30,105;27,642;-705,037;651,925;15798,28;8,963
04;2025;09;30;11;07;25;0,823;0,31;-0,005;33,618;32,976;33,762;-492,421;1024,728;15298,02;8,955
04;2025;09;30;11;07;26;0,652;0,302;-0,241;33,529;32,048;31,639;-189,1;-424,804;16248,01;8,949
04;2025;09;30;11;07;26;0,608;0,301;0,007;33,485;31,496;33,265;-912,115;400,432;16003,76;8,944
04;2025;09;30;11;07;27;0,552;0,163;-0,5;26,321;29,928;32,881;-1383,044;645,195;15071,7;8,944
04;2025;09;30;11;07;27;0,842;0,346;0,163;26,521;28,161;30,826;-467,482;180,647;15633,15;8,944
04;2025;09;30;11;07;28;0,741;0,266;0,803;24,029;23,015;25,993;-739,558;-129,892;15350,13;8,944
04;2025;09;30;11;07;28;0,955;0,195;-0,4;26,699;30,988;33,694;-573,358;-257,14;15663,73;8,944
04;2025;09;30;11;07;29;0,793;0,269;-0,496;28,1;33,02;28,951;-636,144;-911,694;15528,19;8,944
04;2025;09;30;11;07;29;0,48;0,107;-0,436;29,369;28,779;31,684;-2454,757;2717,098;15798,79;8,944
04;2025;09;30;11;07;30;0,71;0,26;-0,006;27,233;30,325;30,69;-1257,265;706,062;15766,83;8,944
04;2025;09;30;11;07;30;0,55;0,218;0,322;32,239;29,663;30,916;-216,224;-8,714;16064,25;8,944
04;2025;09;30;11;07;31;0,92;0,3;-0,034;29,524;30,082;32,181;59,075;-1222,971;16010,42;8,944
04;2025;09;30;11;07;31;1,009;0,398;-0,164;31,66;24,605;28,838;148,188;-1528,922;15787,63;8,944
04;2025;09;30;11;07;32;0,98;0,302;-0,343;28,456;24,296;28,726;-572,498;-160,764;15870,9;8,944
04;2025;09;30;11;07;32;0,936;0,482;-0,221;25,942;25,599;24,977;-672,293;-1150,851;15256,67;8,944
04;2025;09;30;11;07;33;1,214;0,176;-0,518;26,944;27,3;29,877;-775,411;948,129;15598,91;8,944
04;2025;09;30;11;07;33;0,632;0,239;0,221;30,904;29,597;31,052;-1944,724;1544,111;15593,84;8,944
04;2025;09;30;11;07;34;0,756;0,54;0,23;28,657;27,322;25,406;-1015,962;1930,681;15499,15;8,944
04;2025;09;30;11;07;34;0,904;0,258;-0,321;27,366;24,936;26,151;248,461;505,517;15511,39;8,944
04;2025;09;30;11;07;35;0,783;0,194;-0,426;30,058;27,874;33,152;-314,333;-2095,492;14959,49;8,944
04;2025;09;30;11;07;35;0,78;0,317;-0,074;29,636;27,609;34,846;-1211,41;-1175,017;16113,91;8,944
04;2025;09;30;11;07;36;1,057;0,262;-0,224;31,838;28,36;31,119;-1881,883;1452,584;16093,03;8,944
04;2025;09;30;11;07;36;0,945;0,23;-0,398;29,569;25,466;33,084;-411,313;-313,445;15779,18;8,944
04;2025;09;30;11;07;37;0,849;0,333;-0,22;37,401;26,549;33,92;-672,609;-789,307;16176,08;8,944
04;2025;09;30;11;07;37;0,88;0,299;-0,243;27,055;22,485;28,635;-986,662;638,906;15414,21;8,944
04;2025;09;30;11;07;38;0,839;0,417;0,046;23,829;26,46;27,935;157,672;-1292,656;15613,68;8,944
04;2025;09;30;11;07;38;0,584;0,158;-0,253;27,455;31,783;30,532;-1029,449;752,6;15076,09;8,944
04;2025;09;30;11;07;39;0,62;0,279;0,75;27,989;23,611;29,81;-1068,757;805,643;16265,3;8,944
04;2025;09;30;11;07;39;0,86;0,397;-0,261;21,315;22,352;18,902;-2305,205;2627,686;15622,2;8,944
04;2025;09;30;11;07;40;0,758;0,321;-0,225;22,783;25,555;25,451;-126,757;-315,822;15728,03;8,944
04;2025;09;30;11;07;40;0,768;0,346;0,214;26,12;26,041;25,157;-479,562;585,186;16405,48;8,944
04;2025;09;30;11;07;41;0,739;0,27;0,14;27,722;25,113;25,858;-31,834;-339,399;15566,51;8,944
04;2025;09;30;11;07;41;0,429;0,13;0,149;28,034;26,681;28,251;-100,514;-1152,242;15465,22;8,944
04;2025;09;30;11;07;42;0,769;0,265;-0,201;27,033;23,699;27,145;-967,211;651,88;15862,07;8,944
04;2025;09;30;11;07;42;0,942;0,185;-0,159;25,453;23,434;29,516;-559,96;-445,653;15968,87;8,944
04;2025;09;30;11;07;43;0,931;0,326;-0,03;29,146;26,615;30,668;-866,749;468,675;15941,43;8,944
04;2025;09;30;11;07;43;0,689;0,229;-0,126;26,899;25,82;30,713;-308,416;667,953;15453,14;8,944
04;2025;09;30;11;07;44;0,869;0,351;-0,109;25,119;28,249;29,516;-311,448;444,801;15420,26;8,944
04;2025;09;30;11;07;44;0,744;0,285;-0,137;23,384;24,892;25,27;-509,181;521,423;15711,62;8,944
04;2025;09;30;11;07;45;0,855;0,246;-0,301;25,075;22,838;23,125;-584,527;-271,809;15504,82;8,944
05;2025;09;30;11;12;51;1,513;-0,031;0,091;24,34;25,245;24,073;-710,691;527,67;15816,5;8,944
05;2025;09;30;11;12;51;1,536;-0,084;0,095;27,01;24,605;23,238;-634,229;687,53;15747,7;8,944
05;2025;09;30;11;12;52;1,469;-0,064;0,153;26,454;28,271;23,531;-550,162;840,459;15980,22;8,944
05;2025;09;30;11;12;52;1,483;-0,053;0,261;25,119;23,986;29,426;-530,274;690,245;15807,75;8,944
05;2025;09;30;11;12;53;1,5;-0,131;-0,115;21,27;25,577;24,751;-642,236;727,589;15861;8,944
05;2025;09;30;11;12;53;1,499;-0,117;-0,053;26,232;24,274;27,687;-695,999;621,835;15888,84;8,944
05;2025;09;30;11;12;54;1,48;-0,176;-0,057;24,563;26,703;27,371;-555,418;600,533;15749,03;8,944
05;2025;09;30;11;12;54;1,429;-0,126;-0,12;24,073;25,422;26,174;-800,949;818,89;15809,22;8,944
05;2025;09;30;11;12;55;1,49;-0,109;-0,124;22,894;25,223;30,035;-751,085;504,98;15906,02;8,944
05;2025;09;30;11;12;55;1,509;-0,075;0,031;26,321;24,649;25,835;-769,841;673,164;15881,86;8,944
05;2025;09;30;11;12;56;1,512;-0,113;-0,075;25,253;26,085;23,848;-486,424;850,452;15774,35;8,944
05;2025;09;30;11;12;56;1,542;-0,142;-0,128;25,631;23,037;29,539;-654,932;477,745;15921,45;8,944
05;2025;09;30;11;12;57;1,471;-0,174;-0,1;24,474;27,101;25,564;-403,196;891,427;15599,95;8,944
05;2025;09;30;11;12;57;1,485;-0,132;0,048;23,139;26,747;26,558;-697,67;784,279;15797,93;8,944
05;2025;09;30;11;12;58;1,51;-0,131;-0,07;25,497;24,892;26,287;-571,532;929,587;15761,44;8,944
05;2025;09;30;11;12;58;1,4;-0,057;-0,001;22,471;23,633;23,825;-732,845;474,191;15875,44;8,944
05;2025;09;30;11;12;59;1,344;-0,122;-0,104;25,075;22,131;28,251;-569,324;802,055;15660,84;8,944
05;2025;09;30;11;12;59;1,367;-0,115;-0,118;20,781;26,261;26,174;-796,264;686,279;15659,57;8,944
05;2025;09;30;11;13;00;1,532;-0,156;-0,046;27,722;23,898;27,551;-840,97;851,048;15863,19;8,944
05;2025;09;30;11;13;00;1,424;-0,156;0,094;24,496;24,98;26,671;-963,413;486,296;15885,03;8,944
05;2025;09;30;11;13;01;1,442;-0,132;-0,268;22,294;20,165;28,161;-804,514;594,617;15778,64;8,944
05;2025;09;30;11;13;01;1,317;-0,191;-0,015;28,412;24,539;25,203;-858,068;507,711;15756,71;8,944
05;2025;09;30;11;13;02;1,389;-0,154;-0,047;26,521;27,057;24,977;-897,809;645,616;15871,38;8,944
05;2025;09;30;11;13;02;1,408;-0,099;-0,081;23,317;23,898;31,865;-764,91;647,968;15694,28;8,944
05;2025;09;30;11;13;03;1,577;-0,116;-0,083;24,919;20,938;29,516;-705,398;441,654;15856,9;8,944
05;2025;09;30;11;13;03;1,414;-0,177;-0,098;24,007;23,589;27,664;-855,436;660,123;15880,02;8,944
05;2025;09;30;11;13;04;1,402;-0,197;-0,249;24,096;22,639;23,035;-752,823;359,383;15826,32;8,944
05;2025;09;30;11;13;04;1,423;-0,246;0,044;26,432;23,699;27,28;-1103,879;610,787;15958,7;8,944
05;2025;09;30;11;13;05;1,365;-0,113;-0,016;21,982;20,077;27,687;-872,382;443,068;15751,57;8,944
05;2025;09;30;11;13;05;1,253;-0,123;-0,265;23,206;26,328;26,512;-840,108;680,419;15753,65;8,944
05;2025;09;30;11;13;06;1,214;-0,108;-0,109;25,809;25,378;24,435;-923,94;673,652;15827,42;8,944
05;2025;09;30;11;13;06;1,502;-0,168;-0,031;26,12;23,28;23,735;-857,161;709,549;15849,13;8,944
05;2025;09;30;11;13;07;1,479;-0,099;-0,105;22,494;22,75;23,238;-982,644;586,779;15817,49;8,944
05;2025;09;30;11;13;07;1,431;-0,148;-0,077;22,471;20,961;26,061;-908,391;573,37;15721,49;8,944
05;2025;09;30;11;13;08;1,44;-0,111;-0,204;23,183;24,45;22,493;-833,736;252,948;15917,31;8,944
05;2025;09;30;11;13;08;1,427;-0,091;-0,134;25,742;28,426;27,213;-735,542;494,606;15791,06;8,944
05;2025;09;30;11;13;09;1,359;-0,163;0,086;27,144;24,141;27,642;-554,415;376,262;15741,61;8,944
05;2025;09;30;11;13;09;1,452;-0,154;-0,083;26,098;22,308;24,638;-550,803;361,056;16019,64;8,944
05;2025;09;30;11;13;10;1,486;-0,137;-0,072;24,63;26,085;24,39;-935,731;489,317;15647,82;8,944
05;2025;09;30;11;13;10;1,429;-0,185;-0,086;27,366;25,555;27,122;-828,299;456,91;15879,67;8,944
05;2025;09;30;11;13;11;1,274;-0,19;-0,777;24,007;23,633;27,009;-652,832;507,852;15874,05;8,944
05;2025;09;30;11;13;11;1,111;-0,177;0,175;19,98;23,456;26,038;-854,718;697,129;15821,35;8,944
05;2025;09;30;11;13;12;1,516;-0,182;-0,174;24,407;25,599;28,184;-771,814;574,57;15872,76;8,944
05;2025;09;30;11;13;12;1,32;-0,195;-0,125;26,543;21,844;26,896;-1045,007;645,365;15762,1;8,944
05;2025;09;30;11;13;13;1,398;-0,172;-0,169;25,342;23,677;27,235;-789,72;564,428;15724,33;8,944
05;2025;09;30;11;13;13;1,453;-0,131;-0,252;25,586;24,274;27,664;-742,626;583,04;15713,46;8,944
05;2025;09;30;11;13;14;1,352;-0,169;0,389;23,25;21,601;28,545;-687,24;511,505;15761,94;8,944
05;2025;09;30;11;13;14;1,46;-0,178;-0,088;26,365;23,169;24,141;-750,762;644,676;15594,34;8,944
05;2025;09;30;11;13;15;1,439;-0,113;0,009;22,16;23,412;23,644;-605,698;273,479;15722,82;8,944
05;2025;09;30;11;13;15;1,327;-0,151;0,116;25,253;17,913;27,167;-736,249;573,188;15597,63;8,944
05;2025;09;30;11;13;16;1,531;-0,133;-0,082;23,228;23,125;28,138;-935,843;426,101;15822,69;8,944
05;2025;09;30;11;13;16;1,303;-0,123;0,072;23,495;25,687;24,57;-995,438;601,904;15696,91;8,944
05;2025;09;30;11;13;17;1,444;-0,143;0,103;19,579;23,545;25,654;-914,284;464,139;15732,87;8,944
05;2025;09;30;11;13;17;1,355;-0,192;-0,189;23,25;26,482;27,371;-1019,197;422,133;15876,12;8,944
05;2025;09;30;11;13;18;1,262;-0,124;0,011;21,448;22,705;24,615;-1013,914;695,774;15833,81;8,944
05;2025;09;30;11;13;18;1,413;-0,184;-0,101;23,094;23,412;27,867;-901,345;371,597;15841,12;8,944
05;2025;09;30;11;13;19;1,321;-0,122;0,232;23,139;22,109;26,4;-907,208;457,242;15845,02;8,944
05;2025;09;30;11;13;19;1,422;-0,134;0,009;26,009;24,693;23,599;-1010,246;509,093;15908,58;8,944
05;2025;09;30;11;13;20;1,345;-0,116;-0,142;23,918;23,721;25,406;-799,602;389,185;15793,74;8,944
05;2025;09;30;11;13;20;1,475;-0,12;0,034;24,274;23,986;24,367;-735,529;437,545;15734,07;8,944
05;2025;09;30;11;11;52;1,195;-0,316;0,126;27,989;24,075;24,751;-986,223;-403,98;15840,88;8,944
05;2025;09;30;11;11;53;1,283;-0,341;-0,171;23,183;23,523;26,829;-888,478;-622,048;15654,83;8,944
05;2025;09;30;11;11;53;1,434;-0,391;-0,198;22,716;25,952;21,657;-861,795;598,08;15700,81;8,944
05;2025;09;30;11;11;54;1,244;-0,326;-0,098;27,055;22,926;27,551;-1024,92;-384,899;15864,51;8,944
05;2025;09;30;11;11;54;1,306;-0,342;-0,021;25,386;24,009;26,241;-1191,728;-1016,91;15834,49;8,944
05;2025;09;30;11;11;55;1,405;-0,513;-0,351;25,475;24,362;27,438;-577,075;-1341,605;15659,93;8,944
05;2025;09;30;11;11;55;1,298;-0,502;-0,271;25,141;24,494;27,687;-910,797;-287,223;15666,26;8,944
05;2025;09;30;11;11;56;1,084;-0,305;-0,124;25,186;20,718;26,535;-976,722;-617,316;15756,68;8,944
05;2025;09;30;11;11;56;0,788;-0,217;-0,437;22,205;21,446;26,016;-897,332;-1389,62;15777,39;8,944
05;2025;09;30;11;11;57;1,254;-0,283;0,196;24,051;27,189;23,69;-919,302;-656,965;15777,44;8,944
05;2025;09;30;11;11;57;0,933;-0,426;0,074;24,897;24,384;27,664;-891,974;-824,114;15666,72;8,944
05;2025;09;30;11;11;58;1,105;-0,403;0,049;21,114;23,081;25,428;-704,488;-1303,124;15599,12;8,944
05;2025;09;30;11;11;58;1,145;-0,434;-0,213;21,404;27,322;26,174;-982,451;-1506,86;15912;8,944
05;2025;09;30;11;11;59;1,296;-0,427;-0,2;26,187;23,081;25,79;-609,838;-750,912;15849,4;8,944
05;2025;09;30;11;11;59;1,277;-0,377;-0,3;27,878;25,599;28,274;-1146,939;-1968,508;15874,37;8,944
05;2025;09;30;11;12;00;1,022;-0,405;-0,148;23,495;21,734;23,08;-688,583;-671,637;15511,86;8,944
05;2025;09;30;11;12;00;0,951;-0,376;-0,151;23,228;24,141;24,435;-957,532;-1630,247;15870,79;8,944
05;2025;09;30;11;12;01;1,003;-0,292;-0,233;23,717;23,766;23,464;-1020,324;-1716,093;16070,29;8,944
05;2025;09;30;11;12;01;0,887;-0,454;0,184;24,429;26,747;26,377;-1101,925;-1295,767;15926,42;8,944
05;2025;09;30;11;12;02;1,363;-0,481;-0,026;25,164;24,914;26,874;-886,19;-631,257;15807,02;8,944
05;2025;09;30;11;12;02;1,087;-0,552;-0,235;23,295;25,665;27,213;-872,457;-2228,599;15630,07;8,944
05;2025;09;30;11;12;03;1,153;-0,517;-0,355;26,031;23,147;25,27;-641,755;-408,698;15461,2;8,944
05;2025;09;30;11;12;03;1,102;-0,509;-0,1;24,808;24,163;29,99;-1120,137;-1167,245;15857,81;8,944
05;2025;09;30;11;12;04;1,184;-0,519;0,04;22,093;25,952;25,428;-1034,895;-955,794;15746,67;8,944
05;2025;09;30;11;12;04;1,12;-0,424;-0,262;26,565;24,207;26,4;-435,812;188,823;15900,51;8,944
05;2025;09;30;11;12;05;1,141;-0,392;0,108;23,228;19,348;25,609;-794,454;-964,515;15795,04;8,944
05;2025;09;30;11;12;05;1,013;-0,455;0,178;23,428;24,627;25,699;-683,35;-1752,408;15793,19;8,944
05;2025;09;30;11;12;06;0,899;-0,377;0,093;23,784;24,804;27,551;-701,37;-593,906;15742,5;8,944
05;2025;09;30;11;12;06;1,091;-0,502;0,067;24,541;23,147;26,896;-1139,613;-1328,328;15714,36;8,944
05;2025;09;30;11;12;07;0,863;-0,417;0,222;22,249;19,724;26,738;-844,824;-1240,298;15805,92;8,944
05;2025;09;30;11;12;07;1,157;-0,438;-0,162;25,319;23,788;26,49;-761,678;-1017,391;15603,98;8,944
05;2025;09;30;11;12;08;1,089;-0,457;-0,123;26,521;25,002;23,17;-807,284;-1797,343;15809,88;8,944
05;2025;09;30;11;12;08;0,896;-0,44;-0,05;20,046;25,864;27,393;-765,008;-1119,39;15790,97;8,944
05;2025;09;30;11;12;09;1,086;-0,624;-0,125;26,254;23,545;26,445;-810,876;-894,952;15687,77;8,944
05;2025;09;30;11;12;09;1,19;-0,597;0,067;29,124;24,031;24,909;-880,526;-1085,791;15721,69;8,944
05;2025;09;30;11;12;10;1,252;-0,564;-0,002;26,454;23,236;28,5;-724,276;-1196,554;15777,23;8,944
05;2025;09;30;11;12;10;0,841;-0,58;-0,165;28,434;23,456;26,693;-945,132;-1136,444;15958;8,944
05;2025;09;30;11;12;11;1,084;-0,573;-0,289;23,473;25,157;23,509;-757,878;-1094,149;15749,38;8,944
05;2025;09;30;11;12;11;0,852;-0,6;0,196;23,651;21,932;24,028;-797,773;-968,184;15868,25;8,944
05;2025;09;30;11;12;12;0,984;-0,583;0,358;23,918;27,366;27,122;-835,68;-930,158;15782,39;8,944
05;2025;09;30;11;12;12;1,099;-0,623;0,053;24,474;22,021;27,935;-766,47;-947,404;15817,62;8,944
05;2025;09;30;11;12;13;0,988;-0,621;0,055;25,097;23,412;25,79;-1056,595;-1194,627;15976,94;8,944
05;2025;09;30;11;12;13;1,011;-0,644;-0,028;25,03;21,557;24,39;-630,838;-640,267;15713,96;8,944
05;2025;09;30;11;12;14;0,735;-0,585;0,002;24,607;20,475;26,129;-797,59;-989,065;15771,47;8,944
05;2025;09;30;11;12;14;0,808;-0,565;0,113;24,318;20,165;23,735;-840,915;-1042,505;15890,12;8,944
05;2025;09;30;11;12;15;1,041;-0,39;0,079;26,677;22,772;28,838;-688,614;-729,449;15748,93;8,944
05;2025;09;30;11;12;15;1,098;-0,567;-0,041;24,986;24,384;26,354;-745,003;-645,944;15748,25;8,944
05;2025;09;30;11;12;16;1,143;-0,477;0,272;19,98;23,766;24,186;-688,238;-682,629;15680,08;8,944
05;2025;09;30;11;12;16;1,419;-0,588;0,233;24,897;21,535;23,938;-858,104;-1008,847;15887,22;8,944
05;2025;09;30;11;12;17;1,147;-0,655;-0,224;25,742;20,475;23,802;-697,486;-590,304;15712,43;8,944
05;2025;09;30;11;12;17;0,95;-0,59;0,075;23,606;21,248;25,135;-1083,151;-656,982;15921,9;8,944
05;2025;09;30;11;12;18;1,001;-0,502;-0,299;23,628;22,661;24,819;-861,464;-880,611;15917,5;8,944
05;2025;09;30;11;12;18;1,076;-0,541;0,143;27,3;25,842;27,28;-327,972;-1058,742;15639,38;8,944
05;2025;09;30;11;12;19;1,032;-0,691;-0,114;23,406;25,113;24,254;-441,054;-540,581;15639,76;8,944
05;2025;09;30;11;12;19;0,247;-0,439;1,113;23,25;25,731;26,49;-852,819;-441,833;15861,1;8,944
05;2025;09;30;11;12;20;0,989;-0,64;-0,025;24,296;24,384;24,322;-618,147;-970,768;15883,32;8,944
05;2025;09;30;11;12;20;0,836;-0,547;-0,363;25,742;24,428;29,109;-671,057;-537,384;15789,81;8,944
05;2025;09;30;11;12;21;1,067;-0,456;-0,331;26,743;21,954;23,78;-660,015;-403,192;15693,12;8,944
05;2025;09;30;11;12;21;0,997;-0,603;0,327;27,077;21,954;28,748;-605,057;-1442,503;15956,9;8,944
05;2025;09;30;11;12;22;0,95;-0,418;-0,039;22,36;21,314;22,673;-538,794;-550,332;15733,86;8,944
05;2025;09;30;11;10;54;0,858;-0,146;-0,359;18,845;19,238;23,509;-177,689;-1561,5;15627,91;8,944
05;2025;09;30;11;10;55;0,82;-0,154;-0,109;26,387;22,772;24,096;-640,854;-322,555;15799,72;8,944
05;2025;09;30;11;10;55;0,69;-0,237;0,037;25,942;21,579;22,696;-306,605;-950,556;15635,19;8,944
05;2025;09;30;11;10;56;0,974;-0,282;-0,248;24,474;25,135;26,671;-225,652;-1204,37;15593,78;8,944
05;2025;09;30;11;10;56;0,614;-0,307;0,127;25,853;23,655;24,525;-909,727;-1431,051;16299,34;8,944
05;2025;09;30;11;10;57;0,973;-0,207;-0,296;25,164;23,258;28,771;-492,622;-667,553;15579,97;8,944
05;2025;09;30;11;10;57;0,82;-0,147;-0,156;25,631;23,589;28,861;-937,518;-635,828;15923,93;8,944
05;2025;09;30;11;10;58;0,86;-0,3;-0,159;25,787;25,29;28,59;-795,311;-540,424;15783,47;8,944
05;2025;09;30;11;10;58;0,637;-0,112;-0,686;23,517;24,031;26,129;-914,125;-1238,751;16060,44;8,944
05;2025;09;30;11;10;59;0,573;-0,206;0,351;22,093;26,46;26,987;-570,028;-1085,742;15627,37;8,944
05;2025;09;30;11;10;59;0,874;-0,38;-0,284;25,164;24,428;23,622;-457,06;-1356,094;15637,72;8,944
05;2025;09;30;11;11;00;0,655;-0,242;-0,057;25,03;29,089;26,512;-412,237;-562,332;15486,15;8,944
05;2025;09;30;11;11;00;1,3;-0,409;-0,271;24,963;24,207;26,174;-663,791;-809,09;15675,79;8,944
05;2025;09;30;11;11;01;0,783;-0,353;-0,132;22,939;24,384;29,539;-534,869;-1231,898;15555,99;8,944
05;2025;09;30;11;11;01;0,624;-0,167;0,063;24,763;27,145;27,054;-1016,263;-213,58;15513,98;8,944
05;2025;09;30;11;11;02;0,582;-0,219;-0,404;29,903;26,615;24,661;-568,272;-1020,008;15382,16;8,944
05;2025;09;30;11;11;02;0,371;-0,146;-0,174;25,408;23,567;23,193;-1128,457;-1781,855;16426,57;8,944
05;2025;09;30;11;11;03;0,544;-0,192;0,166;24,051;26,372;26,061;-488,398;-1016,171;15552,18;8,944
05;2025;09;30;11;11;03;0,68;-0,245;0,262;25,364;20,055;26,445;-622,148;-1083,184;15616,71;8,944
05;2025;09;30;11;11;04;0,773;-0,191;-0,104;26,165;22,131;27,416;-822,175;-744,279;15741,08;8,944
05;2025;09;30;11;11;04;0,578;-0,126;-0,012;22,382;22,772;33,558;-1594,246;-886,875;15836,4;8,944
05;2025;09;30;11;11;05;0,791;-0,088;0,228;24,852;28,338;27,032;-2585,443;-1426,88;16171,8;8,944
05;2025;09;30;11;11;05;0,526;-0,197;0,188;20,781;25,643;23,644;-1577,256;-1764,025;16000,66;8,944
05;2025;09;30;11;11;06;0,707;-0,162;0,323;25,186;23,567;27,755;-631,657;-811,92;15614,43;8,944
05;2025;09;30;11;11;06;0,694;-0,275;-0,425;26,298;25,665;25,609;-589,729;-1029,983;15714,08;8,944
05;2025;09;30;11;11;07;0,798;-0,259;0,066;22,093;19,37;22,199;-720,131;-1029,083;15732,24;8,944
05;2025;09;30;11;11;07;1,075;-0,405;-0,838;22,16;27,211;25,316;-680,918;-2150,503;16168,35;8,944
05;2025;09;30;11;11;08;0,945;-0,27;0,047;22,382;24,384;27,709;-335,926;-800,3;15796,5;8,944
05;2025;09;30;11;11;08;0,759;-0,249;-0,223;20,158;25,577;25,587;-697,24;-573,175;15758,42;8,944
05;2025;09;30;11;11;09;0,926;-0,278;0,173;27,389;20,497;29,177;-480,122;-681,479;15560,22;8,944
05;2025;09;30;11;11;09;0,88;-0,416;-0,413;27,344;23,346;27,506;-203,16;-3575,635;15741,55;8,944
05;2025;09;30;11;11;10;0,79;-0,228;-0,297;23,339;25,113;25,767;-1037,059;-205,852;15267,21;8,944
05;2025;09;30;11;11;10;0,404;-0,215;0,331;21,159;24,958;28,951;-395,152;-901,842;15334,76;8,944
05;2025;09;30;11;11;11;0,497;-0,17;0,054;24,986;21,645;23,035;-1002,084;-693,382;15806,02;8,944
05;2025;09;30;11;11;11;1,163;-0,331;-0,311;27,144;24,45;29,674;-740,979;-891,016;15722,91;8,944
05;2025;09;30;11;11;12;0,899;-0,225;0,117;22,783;27,874;27,732;-762,4;-679,834;15757,98;8,944
05;2025;09;30;11;11;12;0,509;-0,135;0,172;27,922;20,276;25,203;-750,435;-687,499;15865,58;8,944
05;2025;09;30;11;11;13;0,796;-0,344;-0,159;24,585;24,494;27,28;-334,926;-1170,005;15603,07;8,944
05;2025;09;30;11;11;13;0,717;-0,249;-0,137;27,656;24,097;26,151;-803,669;-995,138;15779,58;8,944
05;2025;09;30;11;11;14;0,93;-0,218;0,022;19,713;21,226;24,999;-717,247;-1797,759;15945,99;8,944
05;2025;09;30;11;11;14;0,802;-0,346;0,044;28,968;27,962;28,319;-434,717;-1539,067;15979,34;8,944
05;2025;09;30;11;11;15;0,81;-0,275;-0,129;25,319;25,113;25,88;-564,998;-1344,04;15724;8,944
05;2025;09;30;11;11;15;0,68;-0,246;-0,124;21,982;26,306;25,112;-748,837;-1191,263;16089,46;8,944
05;2025;09;30;11;11;16;0,445;-0,202;-0,312;21,381;23,39;24,141;-545,354;-1048,967;15844,77;8,944
05;2025;09;30;11;11;16;0,627;-0,288;0,113;25,319;24,98;26,129;25,57;-765,731;14957,78;8,944
05;2025;09;30;11;11;17;0,844;-0,287;-0,032;25,052;21,645;22,357;-839,991;-806,932;15742,18;8,944
05;2025;09;30;11;11;17;0,803;-0,394;-0,36;23,673;25,334;27,958;-840,386;-859,343;15514,22;8,944
05;2025;09;30;11;11;18;0,693;-0,264;-0,345;23,206;24,428;29,38;-774,147;-744,882;15837,14;8,944
05;2025;09;30;11;11;18;0,487;-0,207;-0,259;27,522;22,772;22,064;-781,784;203,89;16270,28;8,944
05;2025;09;30;11;11;19;0,316;-0,043;0,179;22,961;24,119;27,1;-1513,968;-419,375;15678,67;8,944
05;2025;09;30;11;11;19;0,928;-0,279;0,233;23,784;25,996;28,477;-501,35;-1201,903;15648,65;8,944
05;2025;09;30;11;11;20;0,535;-0,469;0,215;27,922;28,161;28,884;-598,26;-1423,455;15825,4;8,944
05;2025;09;30;11;11;20;0,794;-0,366;-0,748;22,983;24,782;22,899;-601,846;-619,649;15786,77;8,944
05;2025;09;30;11;11;21;0,924;-0,296;0,186;22,872;24,318;27,19;277,256;-1393,332;15681,59;8,944
05;2025;09;30;11;11;21;0,777;-0,333;-0,429;26,832;22,683;27,145;-684,421;-156,741;15867,59;8,944
05;2025;09;30;11;11;22;0,787;-0,276;-0,136;23,784;23,964;27,709;-821,144;-1400,792;15626,77;8,944
05;2025;09;30;11;11;22;0,498;-0,292;0,067;20,847;26,107;25,451;-1058,857;-1284,824;15942,26;8,944
05;2025;09;30;11;11;23;0,677;-0,127;0,077;22,694;24,252;26,693;-601,674;-1612,66;15996,8;8,944
05;2025;09;30;11;11;23;0,456;-0,205;0,046;30,793;21,049;27,122;-1410,939;143,285;16417,13;8,944
05;2025;09;30;11;11;24;0,382;-0,169;-0,068;23,606;26,107;21,047;-295,007;-1223,131;15464,03;8,944
06;2025;09;30;11;17;02;1,508;-0,125;-3,376;24,118;24,207;-0,248;-703,829;264,935;16077,23;8,944
06;2025;09;30;11;17;03;1,597;-0,121;1,633;22,182;25,864;-0,271;-1157,453;654,822;15951,86;8,944
06;2025;09;30;11;17;03;1,436;-0,153;0,867;21,493;21,756;-0,068;-685,572;528,102;15919,38;8,944
06;2025;09;30;11;17;04;1,475;-0,065;-6,322;26,009;24,163;0,068;-546,715;760,201;15722,47;8,944
06;2025;09;30;11;17;04;1,496;-0,08;-3,057;26,476;23,169;-0,113;-682,463;767,625;15620,21;8,944
06;2025;09;30;11;17;05;1,542;-0,071;0,122;25,453;24,583;2,733;-921,75;1354,399;15659,54;8,944
06;2025;09;30;11;17;05;1,452;-0,104;-0,041;26,031;23,545;17,615;-907,584;207,89;15716,87;8,944
06;2025;09;30;11;17;06;1,521;-0,087;-0,097;22,516;20,055;22,109;-1197,749;1235,709;15607,41;8,944
06;2025;09;30;11;17;06;1,601;-0,126;-0,15;26,588;23,633;18,405;-1204,629;1178,534;15701,58;8,944
06;2025;09;30;11;17;07;1,545;-0,048;-5,019;23,517;24,826;0,361;-1096,348;508,184;16250,58;8,944
06;2025;09;30;11;17;07;1,577;-0,069;-5,752;21,226;22,97;0,7;-555,052;1441,824;15208,23;8,944
06;2025;09;30;11;17;08;1,579;-0,22;0,164;25,876;20,961;-0,135;-1432,305;617,781;15874,27;8,944
06;2025;09;30;11;17;08;1,454;-0,122;-1,75;24,118;22,021;0,09;52,167;561,56;15192,45;8,944
06;2025;09;30;11;17;09;1,488;0,006;0,171;23,228;23,368;5,352;-1043,575;774,046;16015,84;8,944
06;2025;09;30;11;17;09;1,56;-0,16;-4,049;22,672;24,494;0,09;-1040,528;210,745;16521,41;8,944
06;2025;09;30;11;17;10;1,575;-0,147;0,703;24,363;24,737;0,226;-1060,436;227,921;15953,56;8,944
06;2025;09;30;11;17;10;1,525;-0,124;2,098;23,05;23,103;0,068;-389,955;709,931;15530,05;8,944
06;2025;09;30;11;17;11;1,505;-0,165;-2,141;23,984;23,832;-0,023;-574,447;467,31;15627,66;8,944
06;2025;09;30;11;17;11;1,544;-0,123;-0,158;26,209;23,456;3,229;-50,992;305,87;15423,25;8,944
06;2025;09;30;11;17;12;1,534;-0,131;3,669;25,72;20,74;-0,09;-721,469;780,157;15501,93;8,944
06;2025;09;30;11;17;12;1,564;-0,092;-0,926;22,761;24,296;-0,248;-788,131;975,895;15705,56;8,944
06;2025;09;30;11;17;13;1,431;-0,115;4,115;22,294;21,424;-0,045;-195,652;167,09;15445,31;8,944
06;2025;09;30;11;17;13;1,459;-0,053;-0,551;23,406;20,011;8,785;-895,339;707,403;15611,96;8,944
06;2025;09;30;11;17;14;1,463;-0,129;0,129;24,096;24,494;13,685;-1015,326;366,994;16143,15;8,944
06;2025;09;30;11;17;14;1,41;-0,156;-1,488;25,141;19,392;0,497;-669,204;1107,55;15543,29;8,944
06;2025;09;30;11;17;15;1,522;-0,176;0,124;25,965;25,135;2,055;-1247,651;714,261;16206,77;8,944
06;2025;09;30;11;17;15;1,49;-0,066;2,049;25,742;21,844;-0,203;-588,567;825,842;16133,62;8,944
06;2025;09;30;11;17;16;1,536;-0,046;1,759;22,983;26,814;-0,565;-728,71;354,604;16119,62;8,944
06;2025;09;30;11;17;16;1,555;-0,065;-1,24;21,025;24,075;-0,361;-973,646;588,729;16164,95;8,944
06;2025;09;30;11;17;17;1,491;-0,044;-1,13;22,093;21,159;-0,384;-207,878;456,008;15844,21;8,944
06;2025;09;30;11;17;17;1,517;-0,027;-3,567;25,809;20,276;-0,045;-1539,263;412,42;16240,76;8,944
06;2025;09;30;11;17;18;1,431;-0,094;-2,925;23,851;19,503;0,045;-775,068;652,649;15640,18;8,944
06;2025;09;30;11;17;18;1,611;-0,054;-2,302;25,119;24,428;0,023;-871,167;537,072;16017,37;8,944
06;2025;09;30;11;17;19;1,529;-0,028;-4,676;22,471;25,223;2,01;-886,434;861,484;15560,35;8,944
06;2025;09;30;11;17;19;1,537;-0,12;5,297;26,054;23,721;0,587;-443,485;1194,887;15251,59;8,944
06;2025;09;30;11;17;20;1,638;-0,121;0,256;24,429;24,517;3,162;-161,106;722,303;15533,45;8,944
06;2025;09;30;11;17;20;1,549;-0,102;1,533;22,227;16,897;0,203;-794,399;1087,074;16051,06;8,944
06;2025;09;30;11;17;21;1,638;-0,052;-0,222;24,207;23,986;4,81;-686,424;635,82;15644,56;8,944
06;2025;09;30;11;17;21;1,531;-0,026;0,253;26,054;23,611;6,775;-1224,162;689,669;16032,63;8,944
06;2025;09;30;11;17;22;1,541;-0,023;-1,143;26,944;26,946;-0,023;-816,677;983,306;15632,25;8,944
06;2025;09;30;11;17;22;1,391;-0,027;0,975;24,274;20,718;-0,113;-959,895;1111,326;15940,75;8,944
06;2025;09;30;11;17;23;1,532;-0,037;-0,025;26,521;26,063;4,855;-528,913;884,343;15130,18;8,944
06;2025;09;30;11;17;23;1,356;-0,032;0,188;22,093;24,494;14,747;-455,422;814,42;15745,3;8,944
06;2025;09;30;11;17;24;1,467;0,014;-0,179;21,404;26,107;11,066;-1061,897;896,639;16079,65;8,944
06;2025;09;30;11;17;24;1,499;-0,016;0,047;21,804;23,169;9,507;-424,975;272,505;15697,85;8,944
06;2025;09;30;11;17;25;1,555;-0,029;-0,054;21,648;20,651;1,468;-914,668;1210,867;15454,08;8,944
06;2025;09;30;11;17;25;1,467;-0,004;0,267;21,07;21,667;2,123;-1066,632;762,529;16088,62;8,944
06;2025;09;30;11;17;26;1,513;-0,003;-0,106;21,515;23,766;8,672;-787,233;370,167;15873,25;8,944
06;2025;09;30;11;17;26;1,563;0,003;-0,071;25,253;27,675;17,005;-557,447;789,894;15597,06;8,944
06;2025;09;30;11;17;27;1,563;-0,022;2,208;23,384;23,236;0;-756,731;528,093;15802,45;8,944
06;2025;09;30;11;17;27;1,501;-0,046;-0,117;22,827;24,605;-0,135;-832,656;611,272;16253,83;8,944
06;2025;09;30;11;17;28;1,558;-0,039;-1,94;27,122;21,712;-0,09;-868,997;131,872;16139,47;8,944
06;2025;09;30;11;17;28;1,499;-0,006;-3,802;21,537;21,38;-0,113;-815,273;705,311;15849,81;8,944
06;2025;09;30;11;17;29;1,558;-0,005;0,76;25,764;25,157;0,203;-921,164;1165,834;15746,92;8,944
06;2025;09;30;11;17;29;1,641;-0,057;-0,064;21,715;24,494;9,214;-894,885;496,998;15869,46;8,944
06;2025;09;30;11;17;30;1,469;-0,029;0,169;27,544;26,88;1,355;-538,611;472,604;15629,6;8,944
06;2025;09;30;11;17;30;1,548;0,004;0,051;24,741;24,207;5,714;-586,57;510,461;15762,04;8,944
06;2025;09;30;11;17;31;1,411;0,001;0,071;25,23;24,494;4,946;-480,779;535,802;15580,51;8,944
06;2025;09;30;11;17;31;1,492;-0,02;0,233;23,295;26,35;-0,113;-279,806;-151,742;15993,59;8,944
06;2025;09;30;11;17;32;1,549;-0,097;1,2;25,208;20,254;-0,226;-719,168;831,331;15112,96;8,944
06;2025;09;30;11;16;00;1,488;-0,156;-0,303;25,23;21,645;29,268;-188,866;62,684;15525,77;8,944
06;2025;09;30;11;16;00;1,47;-0,197;0,188;26,165;24,34;26,219;-830,209;-59,999;15966,9;8,944
06;2025;09;30;11;16;01;1,524;-0,187;-0,128;22,627;26,593;27,348;-509,864;-829,419;15772,3;8,944
06;2025;09;30;11;16;01;1,567;-0,211;-0,063;29,146;22,44;25,18;-552,565;-157,814;15772,85;8,944
06;2025;09;30;11;16;02;1,916;-0,113;0,399;26,832;27,034;25,293;-494,239;1075,504;15454,85;8,95
06;2025;09;30;11;16;02;1,369;-0,266;-0,088;22,427;26,924;28,929;-775,429;91,06;15800,23;8,949
06;2025;09;30;11;16;03;1,511;-0,2;-0,196;23,962;20,32;23,486;-343,623;-549,547;16002,92;8,95
06;2025;09;30;11;16;03;1,358;-0,26;-0,066;26,254;23,015;25,428;-637,375;205,522;15886,32;8,949
06;2025;09;30;11;16;04;1,187;-0,195;-0,07;25,653;25,577;24,525;-238,082;423,245;15446,14;8,95
06;2025;09;30;11;16;04;1,23;-0,157;-0,134;23,45;24,119;23,215;-110,77;85,135;15620,88;8,949
06;2025;09;30;11;16;05;1,172;-0,13;0,372;24,496;23,456;23,012;82,527;-438,605;15742,98;8,944
06;2025;09;30;11;16;05;1,346;-0,144;-0,027;22,471;23,92;27,213;-13,59;-291,094;15881,71;8,949
06;2025;09;30;11;16;06;1,21;-0,246;-0,104;25,698;26,041;23,735;-348,273;-676,585;15815,43;8,944
06;2025;09;30;11;16;06;1,273;-0,195;0,122;25,831;25,002;24,39;350,925;615,663;15617,81;8,949
06;2025;09;30;11;16;07;1,401;-0,377;0,031;23,384;25,4;30,555;-3,402;-140,215;15712,43;8,944
06;2025;09;30;11;16;07;1,455;-0,372;-0,024;22,294;24,009;26,264;-202,139;-790,715;15622,42;8,958
06;2025;09;30;11;16;08;1,384;-0,408;-0,015;22,227;25,113;24,932;-419,071;-90,8;15580,89;8,95
06;2025;09;30;11;16;08;1,358;-0,29;-0,251;22,56;25,488;29,29;-446,721;-438,411;15991,99;8,954
06;2025;09;30;11;16;09;1,224;-0,322;0,03;24,585;23,236;26,716;-726,835;8,502;15981,2;8,944
06;2025;09;30;11;16;09;1,177;-0,397;-0,172;24,162;23,788;27,8;-442,258;-165,559;15907,11;8,944
06;2025;09;30;11;16;10;1,493;-0,349;-0,075;26,921;25,179;25,564;-111,508;-775,802;15815,12;8,95
06;2025;09;30;11;16;10;1,532;-0,355;-0,025;25,831;27,079;25,587;-451,54;213,645;15864,33;8,944
06;2025;09;30;11;16;11;1,206;-0,212;-0,053;25,075;26,085;26,603;-716,671;-410,027;15709,77;8,95
06;2025;09;30;11;16;11;0,966;-0,28;0,356;25,987;24,958;24,48;-665,413;-1106,664;15875,7;8,944
06;2025;09;30;11;16;12;1,035;-0,379;0,295;22,827;26,637;27,642;-707,968;-202,24;15799,8;8,96
06;2025;09;30;11;16;12;1,068;-0,368;-0,022;25,653;23,633;27,913;-500,151;-1083,291;15963,44;8,958
06;2025;09;30;11;16;13;1,347;-0,329;-0,112;23,984;24,031;23,012;-58,615;-586,557;15548,89;8,96
06;2025;09;30;11;16;13;1,367;-0,339;0,033;27,767;27,476;24,638;-496,594;-441,589;15799,97;8,949
06;2025;09;30;11;16;14;1,432;-0,429;-0,208;24,585;23,721;27,913;-542,778;-673,89;15835,79;8,96
06;2025;09;30;11;16;14;1,258;-0,306;0,046;23,228;24,163;29,2;73,139;-936,706;15649,27;8,968
06;2025;09;30;11;16;15;1,321;-0,332;0,096;27,767;25,51;23,983;-1249,486;-545,453;16088,93;8,966
06;2025;09;30;11;16;15;1,285;-0,43;0,008;26,81;22,86;23,554;-371,166;-1336,779;15862,05;8,973
06;2025;09;30;11;16;16;1,431;-0,424;-0,505;25,564;22,529;26,016;-267,953;-226,423;15631,44;8,966
06;2025;09;30;11;16;16;1,204;-0,262;0,153;23,517;24,384;25,745;-35,711;-971,179;15613,78;8,968
06;2025;09;30;11;16;17;1,003;-0,227;0,001;24,318;24,207;24,751;-371,975;-588,436;15930,43;8,96
06;2025;09;30;11;16;17;1,187;-0,442;-0,277;25,475;21,954;23,622;-162,488;-381,175;15725,17;8,982
06;2025;09;30;11;16;18;1,22;-0,379;-0,083;27,544;22,374;27,551;-243,137;-1195,259;15641,89;8,96
06;2025;09;30;11;16;18;1,345;-0,337;0,021;23,117;21,469;24,661;-681,865;-67,661;16031,17;8,963
06;2025;09;30;11;16;19;1,221;-0,245;-0,096;25,809;20,254;23,848;-517,838;-863,224;15816,33;8,977
06;2025;09;30;11;16;19;1,276;-0,473;-0,072;21,804;22,97;23,848;-729,697;-72,197;15871,19;8,968
06;2025;09;30;11;16;20;1,28;-0,388;0,367;22,449;23,191;25,541;-227,565;-465,769;15727,19;8,977
06;2025;09;30;11;16;20;1,408;-0,304;0,07;24,096;23,589;24,864;-625,75;-297,621;15933,31;8,973
06;2025;09;30;11;16;21;1,323;-0,313;-0,144;22,338;25,731;24,525;-174,986;-531,548;15911,3;8,982
06;2025;09;30;11;16;21;1,333;-0,286;-0,058;27,789;26,858;26,806;-158,868;-312,589;15635,93;8,977
06;2025;09;30;11;16;22;1,313;-0,313;0,259;29,28;24,892;29,81;-343,18;-1016,847;15709,49;8,96
06;2025;09;30;11;16;22;1,237;-0,466;-0,254;26,387;23,037;25,745;-271,885;-343,17;15714,39;8,982
06;2025;09;30;11;16;23;1,108;-0,262;0,083;22,049;22,639;26,829;-450,538;-1218,578;16023,91;8,966
06;2025;09;30;11;16;23;1,461;-0,353;0,241;24,229;23,876;27,167;-406,896;-374,344;15802,85;8,968
06;2025;09;30;11;16;24;1,335;-0,417;-0,16;22,071;23,986;30,803;-385,804;-911,558;15924,75;8,971
06;2025;09;30;11;16;24;1,269;-0,365;-0,02;24,207;21,977;25,745;89,507;-891,004;15822,49;8,958
06;2025;09;30;11;16;25;1,152;-0,399;-0,329;19,957;24,472;25,045;-187,153;-837,297;15978,47;8,971
06;2025;09;30;11;16;25;0,982;-0,328;-0,2;21,893;24,737;28,455;-344,708;-207,017;15747,91;8,968
06;2025;09;30;11;16;26;1,252;-0,351;0,323;26,343;22,683;24,954;-165,373;-1261,339;15759,73;8,96
06;2025;09;30;11;16;26;1,227;-0,285;0,066;24,229;24,207;26,241;-437,156;-309,554;15679,64;8,977
06;2025;09;30;11;16;27;1,353;-0,403;-0,197;24,563;23,699;23,125;-407,048;-696,45;15843,17;8,966
06;2025;09;30;11;16;27;1,256;-0,451;0,118;22,761;27,145;24,886;39,192;-824,416;15615,23;8,968
06;2025;09;30;11;16;28;1,082;-0,222;-0,391;25,631;22,97;24,548;-623,345;450,819;15696,78;8,966
06;2025;09;30;11;16;28;1,161;-0,229;0,109;24,541;27,211;24,638;-367,078;32,272;15629,6;8,954
06;2025;09;30;11;16;29;1,152;-0,176;-0,055;21,359;22,639;28,297;-136,459;589,046;15692,45;8,966
06;2025;09;30;11;16;29;0,713;-0,366;-0,396;22,182;20,961;24,661;-328,818;-376,965;16063;8,963
06;2025;09;30;11;14;29;0,534;-0,274;-1,337;27,277;23,986;25,293;-380,161;-1786,208;15355,13;8,944
06;2025;09;30;11;14;29;0,9;-0,33;0,659;23,584;24,097;25,745;-1916,795;-807,201;16383,36;8,944
06;2025;09;30;11;14;30;0,898;-0,456;0,01;25,23;28,183;23,351;-909,152;-2751,795;16249,75;8,944
06;2025;09;30;11;14;30;1,029;-0,408;-0,003;23,028;25,599;27,438;-504,981;-1628,137;15613,1;8,944
06;2025;09;30;11;14;31;0,926;-0,389;-0,166;27,722;19,569;22,38;-623,921;-1817,253;15888,13;8,944
06;2025;09;30;11;14;31;0,728;-0,415;0,523;22,805;23,501;25,135;-373,754;-1831,417;15516,82;8,944
06;2025;09;30;11;14;32;1,183;-0,645;-0,28;28,011;24,274;26,964;-754,636;-307,065;15913,65;8,95
06;2025;09;30;11;14;32;1,33;-0,387;-0,423;21,381;21,27;23,825;-17,601;-633,39;15887,82;8,944
06;2025;09;30;11;14;33;0,662;-0,459;0,055;25,609;24,229;25,97;-884,153;-917,596;15796,41;8,944
06;2025;09;30;11;14;33;0,952;-0,326;0,429;26,209;22,595;23,577;-196,604;-1061,073;15379,21;8,944
06;2025;09;30;11;14;34;1,077;-0,261;-0,082;22,872;22,529;27,777;-502,312;-2415,917;15942,35;8,944
06;2025;09;30;11;14;34;0,905;-0,422;0,073;25,23;23,567;23,757;-170,865;-2140,268;15756,54;8,944
06;2025;09;30;11;14;35;0,848;-0,344;-0,014;23,74;22,573;27,235;-495,249;-1572,429;15767,28;8,944
06;2025;09;30;11;14;36;0,299;-0,178;0,007;23,45;20,629;22,538;-1072,699;-391,648;15804,58;8,944
06;2025;09;30;11;14;36;0,596;-0,192;0,172;21,203;22,948;26,106;155,244;-1529,085;14996,66;8,944
06;2025;09;30;11;14;37;1,103;-0,429;-0,167;26,899;21,977;25,203;-696,631;-1413,577;15675,11;8,944
06;2025;09;30;11;14;37;1,091;-0,341;-0,201;23,45;24,185;22,402;-49,527;-777,429;15090,52;8,95
06;2025;09;30;11;14;38;0,815;-0,367;0,052;23,05;26,217;24,932;-243,851;-1714,025;15782,88;8,944
06;2025;09;30;11;14;38;0,891;-0,367;0,196;23,717;26,637;24,615;-498,718;-1147,255;15757,41;8,944
06;2025;09;30;11;14;39;1,217;-0,605;-0,544;20,936;22,374;24,841;-627,541;-1560,293;16065,85;8,944
06;2025;09;30;11;14;39;1,151;-0,339;0,161;25,23;28,625;27,8;-235,407;-1415,415;15595,53;8,944
06;2025;09;30;11;14;40;0,598;-0,347;-0,49;23,183;24,561;25,361;-617,586;-870,418;15561,47;8,944
06;2025;09;30;11;14;40;0,935;-0,553;0,14;25,542;23,677;27,167;-3,327;-1510,51;15451,12;8,944
06;2025;09;30;11;14;41;1,093;-0,46;0,219;22,939;24,76;26,016;-764,704;-1583,969;15682,1;8,944
06;2025;09;30;11;14;41;0,408;-0,183;0,36;20,647;24,384;26,106;-394,722;-264,801;15780,61;8,944
06;2025;09;30;11;14;42;0,98;-0,343;0,632;21,915;24,494;27,867;-50,774;-1224,68;15346,25;8,944
06;2025;09;30;11;14;42;1,017;-0,389;0,492;23,851;24,031;29,109;-159,218;-1301,512;15035,76;8,944
06;2025;09;30;11;14;43;0,864;-0,501;-0,234;25,787;22,97;26,987;-296,235;-1707,82;16344,82;8,944
06;2025;09;30;11;14;43;0,762;-0,352;0,095;22,093;24,892;26,151;-44,186;-929,964;15120,68;8,944
06;2025;09;30;11;14;44;0,882;-0,266;-0,42;21,515;24,605;28,071;-546,122;-970,779;15965,39;8,944
06;2025;09;30;11;14;44;0,671;-0,358;0,399;24,541;27,719;24,412;-159,987;-628,987;15293,52;8,944
06;2025;09;30;11;14;45;0,98;-0,399;0,114;22,605;25,466;26,49;-351,86;-1885,531;15581,82;8,954
06;2025;09;30;11;14;45;0,569;-0,46;-0,488;24,34;29,464;27,709;-542,708;-935,599;15655,29;8,944
06;2025;09;30;11;14;46;0,788;-0,309;-0,56;22,783;24,826;25,18;-1127,882;-2705,274;16705,95;8,944
06;2025;09;30;11;14;46;0,963;-0,424;-0,181;25,564;21,557;25,27;-538,438;-1514,692;15754,78;8,955
06;2025;09;30;11;14;47;0,824;-0,438;-0,146;22,16;23,28;26,874;-75,042;-934,612;15721,11;8,949
06;2025;09;30;11;14;47;0,865;-0,384;-0,059;27,211;21,579;26,083;-401,121;-1123,254;15373;8,944
06;2025;09;30;11;14;48;1,033;-0,189;-0,164;20,892;20,938;24,006;-167,882;-910,498;15460,56;8,949
06;2025;09;30;11;14;48;0,801;-0,304;0,08;26,321;26,924;25,496;-808,951;-3067,691;16552,66;8,95
06;2025;09;30;11;14;49;0,819;-0,275;-0,06;28,59;24,627;23,825;-517,99;-799,753;15512,29;8,949
06;2025;09;30;11;14;49;0,387;-0,328;0,485;22,827;23,854;25,564;-118,565;-1617,535;15704,4;8,955
06;2025;09;30;11;14;50;0,804;-0,364;-0,359;26,743;28,36;27,28;-422,175;-1250,885;15728,46;8,954
06;2025;09;30;11;14;50;0,726;-0,293;0,172;25,075;23,39;25,699;-322,065;-1096,307;15573,76;8,96
06;2025;09;30;11;14;51;0,824;-0,153;0,256;24,185;25,82;23,848;145,115;-1274,267;15211,28;8,958
06;2025;09;30;11;14;51;0,701;-0,44;-0,069;23,495;22,462;28,387;-646,634;-1690,93;15833,27;8,966
06;2025;09;30;11;14;52;0,927;-0,449;-0,366;21,582;23,103;27,167;-206,61;-1577,301;15744,47;8,954
06;2025;09;30;11;14;52;1,092;-0,509;-0,013;26,432;22,948;24,503;-1052,996;-1714,038;16105,38;8,966
06;2025;09;30;11;14;53;1,003;-0,437;-0,048;26,009;25,842;24,886;-292,462;-1752,104;15427,46;8,963
06;2025;09;30;11;14;53;0,948;-0,453;-0,288;24,051;22,264;25,293;192,114;-1931,444;15449,66;8,96
06;2025;09;30;11;14;54;0,736;-0,297;-0,228;25,52;24,053;28,342;115,598;-1802,113;15188,67;8,963
06;2025;09;30;11;14;54;0,894;-0,405;-0,238;23,206;25,223;24,254;-776,196;-1781,266;16152,54;8,971
06;2025;09;30;11;14;55;0,766;-0,429;0,356;26,432;24,737;27,213;-106,55;-1289,021;15327,35;8,954
06;2025;09;30;11;14;55;1,519;-0,449;0,005;24,474;22,661;23,08;-449,533;-2027,687;15674,85;8,966
06;2025;09;30;11;14;56;0,883;-0,318;0,359;23,05;21,91;24,006;-889,192;-2088,917;16119,06;8,968
06;2025;09;30;11;14;56;1,017;-0,47;0,069;24,808;27,145;28,838;-999,723;-1602,569;16094,29;8,971
06;2025;09;30;11;14;57;0,922;-0,356;0,11;23,517;24,185;23,486;132,181;289,814;15733,45;8,973
06;2025;09;30;11;14;57;0,825;-0,468;-0,044;26,743;25,864;26,738;-95,923;-2654,886;15725,21;8,971
06;2025;09;30;11;14;58;0,484;-0,267;0,07;25,075;26,769;27,484;-566,802;-2153,183;16370,53;8,963
06;2025;09;30;11;14;58;0,718;-0,315;0,025;23,25;24,517;26,151;-544,474;-1538,75;15828,36;8,96
06;2025;09;30;11;14;59;1,022;-0,279;-0,002;25,097;22,661;23,577;-931,941;-1439,156;15937,41;8,963
07;2025;09;30;11;20;51;1,502;0,12;-0,128;24,029;27,255;4,178;-900,095;905,991;15949,61;8,973
07;2025;09;30;11;20;51;1,464;0,114;0,087;25,853;28,249;8,356;-869,731;954,291;15792,74;8,973
07;2025;09;30;11;20;52;1,416;0,191;0,257;24,407;27,123;8,694;-485,529;497,956;15888,09;8,955
07;2025;09;30;11;20;52;1,606;0,132;0,11;27,166;22,904;9,259;-603,018;1053,039;15755,21;8,958
07;2025;09;30;11;20;53;1,541;0,167;0,014;23,562;23,258;6,797;-923,603;925,696;15722,34;8,977
07;2025;09;30;11;20;53;1,493;0,156;0,238;23,94;23,744;11,45;-675,625;724,847;16013,04;8,958
07;2025;09;30;11;20;54;1,627;0,189;2,832;22,783;22,418;1,174;-463,567;392,188;16070,6;8,955
07;2025;09;30;11;20;54;1,637;0,174;0,189;25,609;27,874;10,659;-1159,128;1274,474;15796,78;8,958
07;2025;09;30;11;20;55;1,604;0,154;-0,032;26,387;24,097;11,359;-524,122;489,743;15888,2;8,955
07;2025;09;30;11;20;55;1,535;0,16;-2,025;24,696;24,848;2,416;-824,102;680,658;15735,66;8,954
07;2025;09;30;11;20;56;1,65;0,088;-0,328;25,253;23,523;9,44;-748,478;822,929;15772,33;8,95
07;2025;09;30;11;20;56;1,564;0,187;0,405;24,986;25,268;3,004;-741,818;902,714;15679,76;8,949
07;2025;09;30;11;20;57;1,503;0,262;0,172;24,785;22,507;1,355;-830,773;1212,631;15852,18;8,96
07;2025;09;30;11;20;57;1,549;0,196;-0,097;21,515;25,356;2,168;-553,535;668,92;15780,11;8,954
07;2025;09;30;11;20;58;1,482;0,109;-0,464;22,249;25,842;1,219;-875,133;649,882;16065,64;8,95
07;2025;09;30;11;20;58;1,584;0,203;0,207;22,85;20,894;2,71;-674,56;810,922;15675,45;8,949
07;2025;09;30;11;20;59;1,547;0,209;-0,012;25,52;22,33;3,32;-804,333;849,882;15854,1;8,95
07;2025;09;30;11;20;59;1,628;0,236;0,127;17,577;23,059;1,581;-289,124;1065,008;15249,19;8,944
07;2025;09;30;11;21;00;1,501;0,223;0,192;23,784;23,302;9,372;-993,172;691,438;15806,47;8,944
07;2025;09;30;11;21;00;1,6;0,225;-0,053;20,892;21,8;21,205;-488,947;765,729;16030,47;8,949
07;2025;09;30;11;21;01;1,488;0,282;0,192;24,274;19,459;6,549;-1160,022;1013,37;15972,04;8,944
07;2025;09;30;11;21;01;1,644;0,148;-0,128;26,921;26,615;20,618;-1516,375;216,474;16207,41;8,949
07;2025;09;30;11;21;02;1,65;0,125;0,296;22,939;21,888;15,379;589,46;1410,491;15817,87;8,944
07;2025;09;30;11;21;02;1,633;0,137;-0,156;23,584;21,204;17,524;-72,66;710,112;15685,77;8,944
07;2025;09;30;11;21;03;1,589;0,183;4,46;22,36;21,204;0,271;-1525,559;935,995;16071,41;8,95
07;2025;09;30;11;21;03;1,62;0,213;-0,111;23,829;22,683;6,233;-1088,345;1141,857;15405,15;8,944
07;2025;09;30;11;21;04;1,505;0,189;0;21,671;22,308;10,862;-930,84;1002,089;15659,25;8,944
07;2025;09;30;11;21;04;1,393;0,226;0,066;25,787;23,236;0,7;-535,387;260,98;16437,5;8,944
07;2025;09;30;11;21;05;1,545;0,239;-1,386;25,898;20,254;0,632;-1338,79;436,435;16039,33;8,944
07;2025;09;30;11;21;05;1,575;0,259;0,111;22,294;21,314;1,829;-868,036;506,825;15726,72;8,944
07;2025;09;30;11;21;06;1,56;0,197;0,065;24,83;26,637;5,872;-585,094;988,527;16014,13;8,944
07;2025;09;30;11;21;06;1,671;0,195;0,118;24,719;25,29;15,537;-498,477;1151,713;16031,58;8,944
07;2025;09;30;11;21;07;1,675;0,044;0,358;28,212;26,659;7,678;-583,631;880,162;16219,53;8,944
07;2025;09;30;11;21;07;1,589;0,153;-1,271;28,479;22,551;0,045;-408,816;483,049;15287,47;8,944
07;2025;09;30;11;21;08;1,652;0,12;3,557;21,826;24,737;0,158;-757,791;827,503;15790,53;8,944
07;2025;09;30;11;21;08;1,515;0,221;-1,907;24,185;21,645;0,519;-287,14;662,289;15782,46;8,944
07;2025;09;30;11;21;09;1,586;0,147;0,628;22,961;28,492;5,984;-742,66;136,861;15514,82;8,944
07;2025;09;30;11;21;09;1,516;0,112;-4,268;24,541;24,958;1,378;-273,383;904,735;14761,98;8,944
07;2025;09;30;11;21;10;1,468;0,176;0,161;23,495;26,792;13,821;-889,716;741,861;15737,08;8,944
07;2025;09;30;11;21;10;1,401;0,127;0,405;27,366;25,665;22,854;-1211,729;605,826;15780,66;8,944
07;2025;09;30;11;21;11;1,674;0,056;-0,416;26,009;24,097;6,301;-1177,815;216,955;15858,21;8,95
07;2025;09;30;11;21;11;1,694;0,022;-0,052;26,343;23,92;12,646;-1940,827;111,015;15730,85;8,944
07;2025;09;30;11;21;12;1,667;0,075;0,104;25,008;24,229;10,614;-1510,506;1157,562;16280,07;8,95
07;2025;09;30;11;21;12;1,605;0,178;-3,351;24,652;28,338;0,565;-1030,064;961,461;15724,47;8,949
07;2025;09;30;11;21;13;1,541;0,159;3,858;23,784;22,374;-0,181;-575,859;-44,768;14112,27;8,955
07;2025;09;30;11;21;13;1,614;0,125;2,515;20,046;23,081;-0,045;-673,218;770,523;15988,22;8,949
07;2025;09;30;11;21;14;1,596;0,161;3,88;23,161;24,494;-0,068;987,898;297,209;14436,71;8,966
07;2025;09;30;11;21;14;1,535;0,16;-2,534;25,275;21,866;0,316;-1250,328;-172,811;15182,42;8,944
07;2025;09;30;11;21;15;1,629;0,162;-5,191;23,05;25,069;-0,09;-39,324;816,024;16170,85;8,95
07;2025;09;30;11;21;15;1,596;0,13;-0,006;27,366;23,942;20,551;-2061,704;764,968;15265,01;8,944
07;2025;09;30;11;21;16;1,699;0,079;-0,135;28,879;21,888;7,836;-920,921;2025,432;15430,68;8,944
07;2025;09;30;11;21;16;1,744;0,12;0,157;23,428;27,785;3,929;-518,856;878,981;15706,38;8,949
07;2025;09;30;11;21;17;1,577;0,16;0,044;28,857;21,8;27,213;-1144,21;502,751;15144,46;8,95
07;2025;09;30;11;21;17;1,594;0,069;0,14;25,564;27,852;6,143;-461,959;455,318;15631,97;8,968
07;2025;09;30;11;21;18;1,71;0,047;-0,281;23,295;25,974;18,925;-1060,481;1111,269;15750,92;8,96
07;2025;09;30;11;21;18;1,548;0,095;3,802;24,007;24,693;0,248;-1354;322,07;16309,69;8,949
07;2025;09;30;11;21;19;1,614;0,184;-2,453;21,359;23,412;1,784;-1000,032;360,518;16502,77;8,96
07;2025;09;30;11;21;19;1,506;0,192;0,055;22,694;23,103;2,1;-1666,723;282,628;15948,06;8,968
07;2025;09;30;11;21;20;1,553;0,125;0,119;24,763;27,94;7,001;-853,897;698,362;15792,75;8,96
07;2025;09;30;11;21;20;1,69;0,131;-0,076;24,741;25,444;14,905;-855,604;890,223;16323,98;8,954
07;2025;09;30;11;19;56;1,387;0,23;-0,05;25,386;23,942;27,8;-525,784;408,749;15583,31;8,982
07;2025;09;30;11;19;56;1,368;0,168;0,093;24,274;24,539;28,071;-329,954;570,64;15778,05;8,982
07;2025;09;30;11;19;57;1,199;0,191;0,332;26,899;27,454;27,867;-369,266;770,358;15798,75;8,982
07;2025;09;30;11;19;57;1,237;0,173;0,387;26,899;28,934;27,122;-1263,336;1218,548;16231,76;8,982
07;2025;09;30;11;19;58;1,396;0,181;-0,153;25,52;22,926;27,529;-453,312;100,333;15975,22;8,982
07;2025;09;30;11;19;58;1,759;0,066;-1,292;23,206;22,22;24,796;-739,647;840,762;15680,86;8,982
07;2025;09;30;11;19;59;1,614;0,211;-0,194;23,829;24,031;27,619;-329,587;226,154;15733,05;8,982
07;2025;09;30;11;19;59;1,054;0,194;0,257;24,407;22,308;25,654;-789,67;495,496;16059,04;8,982
07;2025;09;30;11;20;00;1,095;0,207;0,237;27,878;24,671;26,512;-388,746;805,323;15617,5;8,982
07;2025;09;30;11;20;00;1,309;0,125;-0,206;23,361;24,163;26,874;-279,542;675,739;15512,18;8,982
07;2025;09;30;11;20;01;1,614;0,113;-0,459;23,228;29,707;27,551;-500,21;329,202;15945,95;8,982
07;2025;09;30;11;20;01;1,165;0,142;-0,261;27,033;19,702;29,019;-169,958;1430,637;15650,83;8,982
07;2025;09;30;11;20;02;1,221;0,19;0,216;21,381;25,798;30,058;-348,155;1275,777;16006,92;8,982
07;2025;09;30;11;20;02;1,139;0,146;-0,027;26,743;23,059;23,057;-8,7;1171,133;15373,55;8,982
07;2025;09;30;11;20;03;1,326;0,075;0,331;24,563;21,402;23,644;-555,828;-107,517;16065,72;8,982
07;2025;09;30;11;20;03;1,131;0,146;-0,153;23,918;25,709;27,213;-409,589;1129,817;15752;8,982
07;2025;09;30;11;20;04;0,747;0,168;0,396;23,094;22,772;30,081;-210,736;945,462;15814,05;8,982
07;2025;09;30;11;20;04;0,792;0,218;0,306;23,005;24,848;23,26;-316,383;411,65;15814,91;8,982
07;2025;09;30;11;20;05;1,569;0,113;-0,102;25,787;29,309;26,919;-180,894;356,158;15675,99;8,982
07;2025;09;30;11;20;05;1,585;0,226;0,529;23,806;24,892;29,855;-294,355;1096,947;15702,68;8,982
07;2025;09;30;11;20;06;1,483;0,155;-0,272;22,716;23,346;22,877;-1184,118;463,091;15691,5;8,982
07;2025;09;30;11;20;06;1,221;0,026;0,195;27,767;23,346;24,028;-438,659;1332,711;15514,32;8,982
07;2025;09;30;11;20;07;1,628;0,118;-0,214;27,255;24,318;27,28;-30,318;1150,53;15543,07;8,982
07;2025;09;30;11;20;07;1,157;-0,029;-0,312;22,138;22,904;25,474;-657,994;966,109;15702,7;8,982
07;2025;09;30;11;20;08;1,301;0,146;0,125;27,033;24,671;23,057;-157,948;1724,196;15637,89;8,982
07;2025;09;30;11;20;08;1,211;0,018;-0,259;29,28;25,798;28,297;-506,281;407,492;15506,77;8,982
07;2025;09;30;11;20;09;1,084;-0,039;0,004;26,788;27,962;27,574;889,981;1583,671;15318,96;8,982
07;2025;09;30;11;20;09;1,715;-0,018;-0,069;24,229;22,374;28,997;242,04;1201,689;16815,45;8,982
07;2025;09;30;11;20;10;1,363;0,082;0,008;27,099;25,776;26,49;-543,247;586,705;14695,41;8,982
07;2025;09;30;11;20;10;1,488;-0,017;-0,206;24,919;23,368;27,303;-318,543;708,242;14831,46;8,982
07;2025;09;30;11;20;11;1,342;-0,021;-0,454;26,232;24,384;25,09;-49,029;1484,722;16104,04;8,982
07;2025;09;30;11;20;11;1,066;0,095;-0,149;25,586;21,226;27,393;-545,455;725,907;15481,05;8,982
07;2025;09;30;11;20;12;1,093;0,179;0,038;24,941;24,737;27,393;-1230,299;-45,657;15602,24;8,982
07;2025;09;30;11;20;12;1,328;0,084;0,074;20,113;26,041;27,98;-470,803;194,103;15592,62;8,982
07;2025;09;30;11;20;13;1,316;-0,066;-0,199;27,033;23,876;25,316;248,871;37,645;15442,01;8,982
07;2025;09;30;11;20;13;1,377;0,079;-0,101;23,094;24,031;26,829;-11,149;-18,956;15984,88;8,982
07;2025;09;30;11;20;14;1,295;0,084;0,147;31,482;25,842;25,632;-308,94;941,57;15788,89;8,982
07;2025;09;30;11;20;14;1,357;-0,046;-0,281;25,965;23,832;23,238;-151,27;896,3;15842,41;8,982
07;2025;09;30;11;20;15;1,109;0,114;0,031;21,671;24,053;23,938;-392,459;387,33;15915,29;8,982
07;2025;09;30;11;20;15;1,36;0,212;0,252;25,742;22,308;24,548;135,514;1225,069;15308,7;8,982
07;2025;09;30;11;20;16;1,226;0,025;-0,072;26,61;24,715;27,484;47,615;1079,066;15743,3;8,982
07;2025;09;30;11;20;16;1,353;0,088;-0,034;25,653;24,605;26,151;-1154,291;1932,729;16221,11;8,982
07;2025;09;30;11;20;17;1,395;0,081;-0,197;25,319;26,151;27,325;-229,671;440,447;16008,21;8,982
07;2025;09;30;11;20;17;1,3;0,059;0,216;26,165;23,236;24,774;-749,245;541,648;15986,24;8,982
07;2025;09;30;11;20;18;1,104;0,066;-0,058;26,365;24,406;24,525;-765,187;1168,705;15825,59;8,982
07;2025;09;30;11;20;18;1,24;0,177;0,005;25,609;23,081;27,416;-445,541;613,001;15911,22;8,982
07;2025;09;30;11;20;19;1,401;-0,002;-0,268;25,497;28,779;27,777;-1018,751;701,159;16144,62;8,982
07;2025;09;30;11;20;19;1,277;0,097;-0,602;24,585;21,888;25,587;-860,197;1253,082;15805,42;8,982
07;2025;09;30;11;20;20;1,541;0,052;-0,088;26,721;21,181;24,683;-478,176;1201,227;15930,42;8,982
07;2025;09;30;11;20;20;1,31;0,116;0,137;23,384;22,86;26,083;-766,024;678,693;15847,76;8,982
07;2025;09;30;11;20;21;1,214;0,044;-0,083;23,161;25,4;24,977;-760,737;-395,319;16107,25;8,982
07;2025;09;30;11;20;21;1,419;0,148;-0,03;28,568;26,085;26,467;-504,107;1031,995;15279,59;8,982
07;2025;09;30;11;20;22;1,479;0,077;-0,232;24,83;23,545;27,664;-820,984;1000,346;15602,22;8,982
07;2025;09;30;11;20;22;1,441;0,16;-0,597;24,986;26,526;28,455;-1060,066;959,159;15990,53;8,982
07;2025;09;30;11;20;23;1,49;0,103;-0,722;22,805;27,123;25,677;-1641,787;403,883;15836,19;8,982
07;2025;09;30;11;20;23;1,395;0,087;1,031;25,586;23,236;25,767;-772,367;687,297;16005,63;8,982
07;2025;09;30;11;20;24;1,475;0,102;0,153;21,96;26,35;27,98;-586,415;962,876;15733,4;8,982
07;2025;09;30;11;20;24;1,485;0,157;0,037;24,874;23,456;25,948;-856,477;1204,905;15678,27;8,982
07;2025;09;30;11;20;25;1,4;0,102;-0,007;24,096;24,539;26,671;-502,341;847,117;15874,99;8,982
07;2025;09;30;11;20;25;1,353;0,203;0,401;24,874;24,693;26,738;-1177,858;1467,797;15563,28;8,982
07;2025;09;30;11;18;47;0,97;-0,016;-0,167;28,189;21,932;26,016;-164,301;-955,25;15413,36;8,982
07;2025;09;30;11;18;47;0,985;0,126;0,599;25,342;21,756;24,57;-270,968;-1394,331;15357,09;8,982
07;2025;09;30;11;18;48;0,576;-0,138;0,013;24,674;22,948;26,896;-1612,44;-304,39;16082,03;8,982
07;2025;09;30;11;18;48;1,016;0,141;0,127;25,253;21,778;23,667;-1287,272;-546,704;15277,08;8,982
07;2025;09;30;11;18;49;0,626;-0,009;-0,107;24,518;28,404;24,277;-222,037;4801,141;14243,29;8,982
07;2025;09;30;11;18;49;1,079;-0,05;-0,61;28,946;22,485;27,009;-1284,252;-292,589;15602,6;8,982
07;2025;09;30;11;18;50;0,448;-0,111;0,361;22,827;27,565;25,045;-610,816;-1666,359;15473,95;8,982
07;2025;09;30;11;18;50;0,838;-0,085;-0,455;21,826;23,633;29,109;-267,969;-624,197;15437,37;8,982
07;2025;09;30;11;18;51;0,815;0,008;0,289;30,392;24,031;26,219;-835,164;-2835,038;15542,62;8,982
07;2025;09;30;11;18;51;1,073;-0,006;-0,333;21,715;22,86;24,841;-889,208;87,819;15058,07;8,982
07;2025;09;30;11;18;52;1,041;0,024;-0,175;28,056;26,129;21,86;-2460,295;-1434,819;16442,09;8,982
07;2025;09;30;11;18;52;0,853;-0,156;-0,384;25,342;27,277;29,313;42,317;-283,526;15299,53;8,982
07;2025;09;30;11;18;53;1,111;-0,193;-0,367;28,034;27,476;22,741;-1101,396;-196,312;15111,25;8,982
07;2025;09;30;11;18;53;0,921;0,016;0,182;27,344;19,746;24,344;-565,091;-601,026;15972,78;8,982
07;2025;09;30;11;18;54;0,763;-0,011;-0,23;24,607;23,346;27,777;-643,122;-32,378;16217,47;8,982
07;2025;09;30;11;18;54;0,783;-0,128;0,131;23,45;20,408;24,841;-1583,261;-2098,03;15962,6;8,982
07;2025;09;30;11;18;55;0,97;-0,135;0,026;21,159;26,173;29,109;-981,084;-2199,942;16166,69;8,982
07;2025;09;30;11;18;55;1,207;0,065;-0,035;22,516;25,002;29,155;-1005,349;-2597,755;15761,98;8,982
07;2025;09;30;11;18;56;0,704;-0,055;-0,179;25,497;24,936;26,874;-469,665;-16,867;15465,22;8,982
07;2025;09;30;11;18;56;0,825;-0,088;-0,05;25,809;24,627;27,009;-1028,717;-1190,934;16016,91;8,982
07;2025;09;30;11;18;57;0,702;-0,058;-0,095;24,763;27,145;24,886;-944,671;-1469,889;15090,67;8,982
07;2025;09;30;11;18;57;0,741;-0,049;-0,249;25,319;25,378;25,022;-955,647;-1392,286;16142,58;8,982
07;2025;09;30;11;18;58;0,726;0,005;0,311;26,743;27,057;27,755;-1087,799;-2086;15327,86;8,982
07;2025;09;30;11;18;58;1,029;0,015;-0,586;25,075;22,97;22,402;-1384,452;281,126;15758,3;8,982
07;2025;09;30;11;18;59;0,964;0,019;0,115;24,607;24,848;26,467;128,08;-1998,983;15764;8,982
07;2025;09;30;11;18;59;1,036;-0,243;-0,401;27,322;23,478;23,735;-1415,755;-714,386;16450,14;8,982
07;2025;09;30;11;19;00;0,684;-0,054;0,145;23,206;26,438;23,148;-2017,974;-2179,044;16554,05;8,982
07;2025;09;30;11;19;00;1,26;-0,067;-0,23;23,117;25,842;27,393;-403,73;-633,28;15419,41;8,982
07;2025;09;30;11;19;01;0,795;-0,26;0,219;19,201;22,087;21,364;-763,11;-1886,45;15105,12;8,982
07;2025;09;30;11;19;01;0,898;-0,139;-0,395;26,12;23,059;25,564;-1188,543;-2109,025;15581,08;8,982
07;2025;09;30;11;19;02;0,954;-0,167;-0,175;28,434;24,649;26,196;-1817,612;-1496,734;15940,81;8,982
07;2025;09;30;11;19;02;1,142;-0,081;-0,446;22,271;21,226;30,148;-236,965;-1169,214;15903,19;8,982
07;2025;09;30;11;19;03;1,18;-0,17;-0,538;26,254;25,002;25,112;-1236,457;-717,526;15522,78;8,982
07;2025;09;30;11;19;03;1,421;-0,155;0,131;25,675;23,545;25,587;-335,069;-2136,414;15622,31;8,982
07;2025;09;30;11;19;04;1,451;-0,217;-0,197;22,205;22,816;27,213;-592,19;-1350,95;15678,66;8,982
07;2025;09;30;11;19;04;1,335;-0,171;0,178;25,141;22,772;27,28;-1058,652;-1821,555;16068,14;8,982
07;2025;09;30;11;19;05;1,391;-0,101;-0,171;25,075;26,681;26,851;-1215,308;-478,183;16330,08;8,982
07;2025;09;30;11;19;05;0,564;-0,034;0,061;21,226;23,655;25,496;46,246;-2164,458;15209,08;8,982
07;2025;09;30;11;19;06;1,198;-0,146;-0,437;28,323;25,356;30,374;-984,25;-1069,538;16706,61;8,982
07;2025;09;30;11;19;06;1,235;-0,154;0,062;25,987;27,057;27,032;810,428;-1180,662;14440,06;8,982
07;2025;09;30;11;19;07;1,278;-0,172;0,218;23,74;23,611;26,942;240,852;522,158;16201,48;8,982
07;2025;09;30;11;19;07;1,189;-0,158;-0,245;22,56;28,36;30,555;-791,581;-1959,581;15772,79;8,982
07;2025;09;30;11;19;08;1,236;-0,081;0,168;27,589;25,82;28,861;-61,612;-1350,805;15797,99;8,982
07;2025;09;30;11;19;08;1,11;-0,169;-0,195;25,631;27,587;24,841;-1135,782;-1102,933;15663,19;8,982
07;2025;09;30;11;19;09;1,084;-0,258;-0,159;26,12;28,006;26,987;-392,583;-1305,28;15922,63;8,982
07;2025;09;30;11;19;09;1,226;-0,087;-0,297;22,56;27,741;24,119;-520,296;-1191,583;15655,3;8,982
07;2025;09;30;11;19;10;1,16;-0,11;-0,246;26,054;22,485;26,738;53,944;51,596;15581,04;8,982
07;2025;09;30;11;19;10;0,694;-0,241;0,691;23,918;24,428;28,071;-818,355;-224,338;15595,78;8,982
07;2025;09;30;11;19;11;0,809;-0,149;-0,165;25,609;23,368;26,829;-392,989;-1421,675;15554,36;8,982
07;2025;09;30;11;19;11;0,973;-0,11;0,063;24,363;25,268;25,474;-661,269;-2076,712;15234,9;8,982
07;2025;09;30;11;19;12;0,944;-0,118;-0,186;24,274;23,611;24,999;-122,148;-2101,228;15525,57;8,982
07;2025;09;30;11;19;12;0,965;-0,107;0,055;28,99;23,942;24,706;-1194,254;-1947,508;15782,22;8,982
07;2025;09;30;11;19;13;1,129;-0,145;-0,146;27,544;26,284;26,354;-183,746;-2172,438;15757,68;8,982
07;2025;09;30;11;19;13;1,175;-0,092;-0,047;27,188;23,523;27,258;-1145,428;-492,347;16696,46;8,982
07;2025;09;30;11;19;14;0,577;-0,074;0,111;23,562;26,504;24,909;-129,335;-195,227;14801,16;8,982
07;2025;09;30;11;19;14;1,5;0,204;0,547;22,738;22,661;26,671;29,226;-3217,892;14871,8;8,982
07;2025;09;30;11;19;15;0,837;-0,152;-0,048;21,826;22,617;23,554;-1305,239;-1368,843;16076,14;8,982
07;2025;09;30;11;19;15;0,945;0,054;0,562;22,939;24,539;22,922;63,203;-1401,977;16625,71;8,982
07;2025;09;30;11;19;16;0,323;-0,043;0,41;25,03;24,605;25,18;94,284;988,538;15578,08;8,982
07;2025;09;30;11;19;16;1,049;-0,062;0,16;22,716;21,446;25,699;-229,503;-120,728;15086,36;8,982
08;2025;09;30;11;25;12;1,779;0,089;-2,947;28,456;26,836;2,258;-213,88;382,117;15913,25;9,02
08;2025;09;30;11;25;13;1,635;0,057;0,242;23,495;24,141;8,446;-497,094;710,133;16407,52;9,02
08;2025;09;30;11;25;13;1,657;0,135;-0,033;25,008;24,274;13,121;322,321;29,154;15590,82;9,02
08;2025;09;30;11;25;14;1,528;0,001;0,004;25,853;25,466;5,668;4,057;-109,714;15916,5;9,02
08;2025;09;30;11;25;14;1,759;-0,001;-4,43;28,523;26,681;3,026;401,945;563,656;15519,62;9,02
08;2025;09;30;11;25;15;1,442;0,12;-0,877;25,942;27,41;3,229;-410,553;1213,143;15936,55;9,02
08;2025;09;30;11;25;15;1,628;0,131;-1,967;27,366;28,227;3,817;-542,723;828,59;15301,48;9,02
08;2025;09;30;11;25;16;1,537;0,147;4,722;26,677;28,47;3,591;-291,225;1064,292;15773,28;9,02
08;2025;09;30;11;25;16;1,645;0,106;-0,763;28,189;24,583;3,975;-555,65;871,258;15282,42;9,02
08;2025;09;30;11;25;17;1,655;0,076;-0,521;26,788;28,514;2,168;-245,913;1141,273;15847,96;9,02
08;2025;09;30;11;25;17;1,64;0,052;4,381;26,565;27,41;4,652;-437,79;1358,957;15205,24;9,02
08;2025;09;30;11;25;18;1,624;0,126;-3,623;22,605;26,151;2,913;-536,271;862,077;15690,66;9,02
08;2025;09;30;11;25;18;1,677;0,149;0,432;27,366;23,523;6,865;-67,491;576,07;16111,09;9,02
08;2025;09;30;11;25;19;1,658;0,057;-3,37;26,209;31,165;2,868;-203,964;403,835;15493,09;9,02
08;2025;09;30;11;25;19;1,526;0,004;-1,826;30,481;26,858;3,41;-109,377;790,905;16310,68;9,02
08;2025;09;30;11;25;20;1,668;0,094;0,785;24,162;30,392;1,965;-114,742;-373,212;15741,07;9,02
08;2025;09;30;11;25;20;1,547;0,245;1,922;23,584;23,501;1,174;-325,551;960,139;15580,51;9,02
08;2025;09;30;11;25;21;1,495;0,011;-0,636;26,855;24,958;3,613;27,154;947,217;15429,59;9,02
08;2025;09;30;11;25;21;1,576;0,111;0;27,478;28,536;7,317;-774,326;1037,958;15823,34;9,02
08;2025;09;30;11;25;22;1,567;0,048;-4,591;24,452;23,28;1,626;-225,259;209,573;15864,6;9,02
08;2025;09;30;11;25;22;1,548;0,102;-1,562;25,609;25,444;3,365;131,251;256,482;16142,11;9,02
08;2025;09;30;11;25;23;1,517;0,117;0,011;28,056;22,728;8,378;256,708;46,782;16001,94;9,02
08;2025;09;30;11;25;23;1,525;0,121;-1,419;27,455;28,095;2,687;569,541;20,876;15922,66;9,02
08;2025;09;30;11;25;24;1,239;-0,018;-1,243;28,568;27,83;3,365;-3,842;628,559;16027,34;9,02
08;2025;09;30;11;25;24;1,517;0,036;0,439;27,522;32,225;11,043;-573,753;406,414;15674,76;9,02
08;2025;09;30;11;25;25;1,469;0,071;0,318;24,029;25,025;12,172;-806,939;987,293;16172,27;9,02
08;2025;09;30;11;25;25;1,63;0,147;-0,307;24,852;26,99;0,339;-62,532;895,244;15529,31;9,02
08;2025;09;30;11;25;26;1,831;0,048;-0,177;25,253;27,675;13,911;176,425;792,488;16446,64;9,02
08;2025;09;30;11;25;26;1,792;0,053;-0,077;27,166;27,476;4,042;-194,946;1151,169;15261,73;9,02
08;2025;09;30;11;25;27;1,554;0,118;-0,263;24,919;24,494;1,784;-205,777;452,867;15888,28;9,02
08;2025;09;30;11;25;27;1,639;0,178;0,657;26,677;25,577;8,085;-292,994;551,707;15830,14;9,02
08;2025;09;30;11;25;28;1,539;0,136;0,357;26,877;26,504;5,804;-124,743;594,307;16139,87;9,02
08;2025;09;30;11;25;28;1,64;0,123;-0,371;26,966;22,109;3,771;-196,168;399,398;15821,52;9,02
08;2025;09;30;11;25;29;1,379;0,205;2,878;23,295;22,816;1,513;145,078;607,91;15587,77;9,02
08;2025;09;30;11;25;29;1,427;0,035;0,608;28,167;24,87;1,671;185,495;606,253;15383,8;9,02
08;2025;09;30;11;25;30;1,587;0,125;-0,341;26,254;25,356;8,536;-118,023;574,605;16032,2;9,02
08;2025;09;30;11;25;30;1,554;0,195;0,284;25,675;24,384;4,675;-28,232;-217,813;16155,01;9,02
08;2025;09;30;11;25;31;1,273;0,008;0;26,031;23,28;3,613;55,444;595,013;15713,94;9,02
08;2025;09;30;11;25;31;1,628;0,152;0,186;23,25;26,416;4,833;98,6;277,386;15711,93;9,02
08;2025;09;30;11;25;32;1,573;0,24;-1,008;26,588;22,661;1,716;-168,196;293,647;15977,16;9,02
08;2025;09;30;11;25;32;1,549;0,082;-1,481;25,03;22,75;4,02;-2,177;542,179;15750,55;9,02
08;2025;09;30;11;25;33;1,544;0,132;4,472;28,479;26,571;2,168;-658,075;1315,727;14994,35;9,02
08;2025;09;30;11;25;33;1,592;0,078;-2,527;27,433;27,498;1,332;-258,054;600,708;15559,54;9,02
08;2025;09;30;11;25;34;1,368;0,174;0,42;24,941;26,328;1,897;-306,163;748,09;15804,91;9,02
08;2025;09;30;11;25;34;1,201;-0,092;-0,27;24,986;20,784;3,5;-240,91;238,411;16116,97;9,02
08;2025;09;30;11;25;35;1,36;0,122;-3,041;27,544;26,261;1,536;-168,871;942,239;15759,56;9,02
08;2025;09;30;11;25;35;1,287;-0,031;-1,767;26,743;23,942;2,507;32,109;934,906;15642,99;9,02
08;2025;09;30;11;25;36;1,527;0,074;-2,6;27,366;26,637;4,359;-340,224;746,932;16142,96;9,02
08;2025;09;30;11;25;36;1,581;0,138;1,709;27,411;26,659;3,229;100,993;599,78;15827,34;9,02
08;2025;09;30;11;25;37;1,501;0,264;-2,959;27,7;25,245;5,51;-223,098;434,036;15764,58;9,02
08;2025;09;30;11;25;37;1,327;0,014;-0,216;33,885;25,268;9,259;-78,117;423,751;15928,63;9,02
08;2025;09;30;11;25;38;1,482;0,196;6,546;23,517;20,585;3,726;-281,864;855,489;15606,99;9,02
08;2025;09;30;11;25;38;1,623;0,052;-0,3;29,969;26,173;8,469;-156,263;761,778;15796,8;9,02
08;2025;09;30;11;25;39;1,637;0,102;-0,116;24,785;26,482;3,071;-252,967;833,169;15197,34;9,02
08;2025;09;30;11;25;39;1,644;0,149;-0,563;28,723;27,763;3,026;-205,878;283,618;16017,89;9,02
08;2025;09;30;11;25;40;1,695;0,069;-0,142;27,344;25,533;4,133;-265,755;681,01;15668,12;9,02
08;2025;09;30;11;25;40;1,62;0,13;-0,233;30,615;26,99;2,281;235,877;404,99;15926,95;9,02
08;2025;09;30;11;25;41;1,513;0,09;-2,568;22,338;22,683;4,178;81,689;187,463;15929,27;9,02
08;2025;09;30;11;25;41;1,294;0,124;-3,001;24,34;23,523;1,761;-183,148;614,442;15925,14;9,02
08;2025;09;30;11;25;42;1,493;0,116;3,934;24,474;26,239;0,61;-27,874;574,084;15714,24;9,02
08;2025;09;30;11;23;45;1,636;-0,18;-0,053;23,584;24,892;27,145;1123,315;-980,281;15630,95;9,02
08;2025;09;30;11;23;46;1,641;-0,246;-0,227;27,344;24,229;29,629;894,815;-741,251;15566,48;9,02
08;2025;09;30;11;23;46;1,65;-0,2;-0,136;24,585;22,021;26,851;1177,237;-612,116;15918,48;9,02
08;2025;09;30;11;23;47;1,461;-0,047;0,166;29,124;23,832;26,625;872,409;-677,113;16175,41;9,02
08;2025;09;30;11;23;47;1,559;-0,133;-0,057;26,254;26,924;27,935;709,014;-435,056;15992,64;9,02
08;2025;09;30;11;23;48;1,394;-0,017;-0,176;23,45;25,51;28,409;283,131;-1333,813;15864,57;9,02
08;2025;09;30;11;23;48;1,449;-0,056;-0,327;22,738;23,633;28,658;180,409;-555,35;15674,28;9,02
08;2025;09;30;11;23;49;1,193;-0,158;-0,008;26,209;25,776;26,896;72,397;-1144,683;15773;9,02
08;2025;09;30;11;23;49;1,319;-0,217;0,107;24,83;25,555;30,148;301,662;-1470,578;15807,3;9,02
08;2025;09;30;11;23;50;1,433;-0,184;-0,294;26,476;26,571;28,274;17,162;-879,428;15380,16;9,02
08;2025;09;30;11;23;50;1,129;-0,099;-0,231;24,541;26,747;27,755;-473,404;-1801,197;15339,31;9,02
08;2025;09;30;11;23;51;0,955;-0,026;0,819;28,234;22,705;31,323;-620,423;-906,675;16002,19;9,02
08;2025;09;30;11;23;51;1,211;-0,287;0,341;24,229;26,637;25,609;-224,851;-930,173;15079,38;9,02
08;2025;09;30;11;23;52;1,389;-0,195;-0,269;27,611;22,948;28,567;-534,735;-725,161;16023,03;9,02
08;2025;09;30;11;23;52;1,128;-0,09;0,043;27,3;26,151;28,161;-435,701;-206,087;15946,42;9,02
08;2025;09;30;11;23;53;1,2;-0,192;-0,027;27,099;27,388;25,722;-475,576;-699,826;15980,62;9,02
08;2025;09;30;11;23;53;1,35;-0,184;0,097;28,123;22,065;27,98;186,441;-1444,36;15580,41;9,02
08;2025;09;30;11;23;54;0,767;-0,126;0,462;29,591;23,876;23,848;80,384;-858,059;15667,87;9,02
08;2025;09;30;11;23;54;1,017;-0,119;0,045;26,365;24,914;25,812;-267,208;-53,379;15840,96;9,02
08;2025;09;30;11;23;55;1,405;-0,098;-0,644;20,803;26,88;24,232;412,718;-460,519;15421,03;9,02
08;2025;09;30;11;23;55;1,525;-0,165;-0,02;28,523;25,356;28,951;-17,224;-530,264;15929,7;9,02
08;2025;09;30;11;23;56;1,18;-0,046;0,688;25,186;23,456;25,745;-437,138;147,19;15589,48;9,02
08;2025;09;30;11;23;56;1,469;-0,111;0,068;24,518;23,059;27,89;-186,378;-400,215;15602,61;9,02
08;2025;09;30;11;23;57;1,468;-0,122;0,061;24,229;27,94;28,816;-181,486;160,656;15729,49;9,02
08;2025;09;30;11;23;57;1,434;-0,254;-0,128;30,414;26,836;27,642;200,321;-471,961;15821,4;9,02
08;2025;09;30;11;23;58;1,486;-0,129;0,278;28,701;24,583;26,512;111,293;-485,77;15943,3;9,02
08;2025;09;30;11;23;58;1,577;-0,073;0,001;26,276;26,725;26,061;-190,164;-882,239;16029,56;9,02
08;2025;09;30;11;23;59;1,453;-0,163;0,045;25,364;22,728;30,284;-353,356;-304,078;15933,66;9,02
08;2025;09;30;11;23;59;1,401;-0,212;-0,001;26,343;25,665;26,558;632,722;-150,457;15939,49;9,02
08;2025;09;30;11;24;00;0,925;-0,117;-0,449;24,852;26,063;27,009;-212,405;-101,689;16118,2;9,02
08;2025;09;30;11;24;00;1,778;-0,26;-0,793;25,965;21,159;27,393;182,548;98,697;16044,39;9,02
08;2025;09;30;11;24;01;1,448;-0,183;-0,363;23,539;21,579;25,79;254,94;-645,094;16042,29;9,02
08;2025;09;30;11;24;01;1,561;-0,181;0,031;25,72;25,422;27,054;138,734;-803,657;15941,57;9,02
08;2025;09;30;11;24;02;1,445;-0,228;-0,024;26,365;25,268;28,658;190,648;-293,117;15703,9;9,02
08;2025;09;30;11;24;02;1,571;-0,253;-0,139;23,918;28,868;32,023;105,919;-324,997;16038,16;9,02
08;2025;09;30;11;24;03;1,557;-0,171;-0,031;25,542;26,836;29,064;346,549;-175,099;15953,97;9,02
08;2025;09;30;11;24;03;1,601;-0,253;-0,127;29,257;25,223;26,083;-207,621;138,756;15851,3;9,02
08;2025;09;30;11;24;04;1,562;-0,189;-0,13;23,962;24,274;24,57;47,958;-334,421;15912,54;9,02
08;2025;09;30;11;24;04;1,378;-0,27;0,438;26,855;20,894;24,096;354,154;-750,615;15927,09;9,02
08;2025;09;30;11;24;05;1,413;-0,301;-0,033;27,166;29,597;26,49;95,96;-619,011;15909,66;9,02
08;2025;09;30;11;24;05;1,47;-0,188;0,057;28,034;24,075;30,916;560,854;-512,407;15666,98;9,02
08;2025;09;30;11;24;06;1,148;-0,246;0,385;30,526;24,384;27,664;301,755;75,231;15937,46;9,02
08;2025;09;30;11;24;06;1,371;-0,212;-0,035;28,345;26,063;29,245;133,065;-118,77;15748,75;9,02
08;2025;09;30;11;24;07;1,493;-0,201;0,451;23,606;27,167;26,287;143,232;-197,627;15876,18;9,02
08;2025;09;30;11;24;07;1,508;-0,204;-0,043;26,788;27,255;29,922;496,161;157,754;15789,85;9,02
08;2025;09;30;11;24;08;1,607;-0,199;-0,043;27,522;25,002;27,303;287,264;-250,748;15533,2;9,02
08;2025;09;30;11;24;08;1,324;-0,186;-0,032;22,182;25,223;27,574;659,217;-252,8;15792,74;9,02
08;2025;09;30;11;24;09;1,235;-0,324;0,06;26,81;28,448;28,951;278,209;-908,47;15930,99;9,02
08;2025;09;30;11;24;09;1,52;-0,296;-0,039;26,232;25,93;28,838;-388,824;-695,402;15994,05;9,02
08;2025;09;30;11;24;10;1,371;-0,341;0,115;26,209;27,366;23,961;206,737;-353,044;15790,99;9,02
08;2025;09;30;11;24;10;1,412;-0,364;0,265;25,386;27,454;30,081;293,206;-382,787;16021,07;9,02
08;2025;09;30;11;24;11;1,643;-0,164;0,459;25,253;21,712;26,038;334,444;-56,291;15681,79;9,02
08;2025;09;30;11;24;11;1,206;-0,236;-0,282;25,297;27,653;28,951;48,469;335,453;15987,46;9,02
08;2025;09;30;11;24;12;1,003;-0,214;-0,105;25,208;24,229;25,496;268,182;-221,081;15662,67;9,02
08;2025;09;30;11;24;12;1,709;-0,385;-0,57;25,764;24,715;25,541;-43,612;-495,662;15997,64;9,02
08;2025;09;30;11;24;13;1,633;-0,197;-0,064;24,407;25,908;30,035;-90,819;-87,1;16024,03;9,02
08;2025;09;30;11;24;13;1,492;-0,383;0,154;24,407;26,593;25,677;401,925;-741,019;15602,34;9,02
08;2025;09;30;11;24;14;1,259;-0,317;0,244;25,764;25,82;30,035;62,55;-350,739;15866,84;9,02
08;2025;09;30;11;24;14;1,374;-0,299;0,227;27,411;27,808;25,496;-160,559;-224,577;15780,1;9,02
08;2025;09;30;11;24;15;1,377;-0,356;-0,011;25,631;24,384;31,255;62,548;-350,703;15868,84;9,02
08;2025;09;30;11;22;29;1,553;-0,006;-0,342;23,673;23,456;28,026;-304,408;-2726,715;15794,9;9,02
08;2025;09;30;11;22;30;1,249;-0,067;0,146;27,878;25,113;27,709;-410,408;-159,548;15733;9,02
08;2025;09;30;11;22;30;0,921;-0,14;-0,554;25,297;25,356;28,838;-1107,594;-873,651;16005,75;9,02
08;2025;09;30;11;22;31;0,996;-0,042;0,099;24,229;25,268;26,693;1036,899;-1136,275;14911,54;9,02
08;2025;09;30;11;22;31;0,906;0,109;-0,265;31,594;24,163;25,903;-876,353;-2183,409;15734,42;9,02
08;2025;09;30;11;22;32;1,045;-0,02;0,648;29,168;26,902;28,048;-1725,973;1060,905;15710,09;9,02
08;2025;09;30;11;22;32;1,106;0,035;-0,481;22,093;28,095;30,781;286,375;-1622,407;15917,44;9,02
08;2025;09;30;11;22;33;0,912;0,105;-0,234;28,39;26,328;29,155;-1311,516;-132,512;14085,48;9,02
08;2025;09;30;11;22;33;0,841;-0,091;-0,157;23,361;26,261;28,026;-216,405;-136,043;16363,71;9,02
08;2025;09;30;11;22;34;1,026;-0,094;0,149;25,208;27,366;25,564;-312,43;-1299,418;15821,43;9,02
08;2025;09;30;11;22;34;1,159;0,098;0,179;26,143;24,98;30,735;1029,974;648,156;16583,97;9,02
08;2025;09;30;11;22;35;0,779;-0,125;-0,498;27,055;25,51;28,974;-1338,653;-1658,506;16557,07;9,02
08;2025;09;30;11;22;35;0,489;0,015;-0,317;29,458;24,87;23,373;-23,689;48,18;15542,17;9,02
08;2025;09;30;11;22;36;1,05;-0,001;-0,323;26,12;22,794;30,374;-500,779;77,143;15826,72;9,02
08;2025;09;30;11;22;36;0,848;-0,115;-0,783;24,719;25,621;24,525;-1552,436;400,318;15717,45;9,02
08;2025;09;30;11;22;37;0,915;-0,15;-0,052;27,923;25,842;25,812;-1353,73;34,732;15462,68;9,02
08;2025;09;30;11;22;37;0,86;-0,076;-0,077;27,633;26,924;25,903;-1506,854;-1621,328;16295,36;9,02
08;2025;09;30;11;22;38;1,036;-0,014;0,014;25,186;24,848;27,755;-374,789;307,342;15916,73;9,02
08;2025;09;30;11;22;38;0,881;0,008;0,484;25,319;28,382;27,461;-1478,368;174,242;16489,67;9,02
08;2025;09;30;11;22;39;1,29;-0,107;0,418;28,657;21,093;26,174;-541,564;-698,247;15526,46;9,02
08;2025;09;30;11;22;39;0,886;0,087;0,084;28,657;27,896;28,5;-843,786;-306,394;15614,08;9,02
08;2025;09;30;11;22;40;1,375;-0,097;0,288;25,253;22,926;27,619;-955,248;708,041;16181,12;9,02
08;2025;09;30;11;22;40;1,26;-0,154;-0,533;25,92;22,794;26,851;-592,192;1255,502;16119,09;9,02
08;2025;09;30;11;22;41;1,084;-0,052;-0,005;23,317;21,844;25,903;-902,177;737,806;15838,58;9,02
08;2025;09;30;11;22;41;1,162;-0,081;-0,29;23,517;26,085;26,083;-450,749;550,913;15711,15;9,02
08;2025;09;30;11;22;42;1,186;-0,006;-0,208;28,545;24,252;24,909;-275,717;1076,45;16087,13;9,02
08;2025;09;30;11;22;42;1,029;-0,105;-0,473;27,478;24,693;24,999;-1363,23;548,649;15710,4;9,02
08;2025;09;30;11;22;43;0,658;0,102;0,262;23,918;24,958;26,354;-635,341;491,044;15731,2;9,02
08;2025;09;30;11;22;43;0,919;-0,055;-0,752;23,851;28,36;29,516;-990,245;-241,169;15967,14;9,02
08;2025;09;30;11;22;44;1,155;0,098;-0,308;23,918;24,406;21,973;-885,974;-1208,619;15867,33;9,02
08;2025;09;30;11;22;44;0,847;-0,084;-0,27;28,612;25,157;28,997;-392,672;1050,888;15158,19;9,02
08;2025;09;30;11;22;45;1,387;-0,107;0,092;25,742;24,428;27,822;-955,156;-489,86;15678,41;9,02
08;2025;09;30;11;22;45;1,575;-0,126;-0,279;27,789;25,996;24,322;-727,438;-755,419;15731,93;9,02
08;2025;09;30;11;22;46;1,136;-0,142;0,612;26,321;23,147;27,213;-1395,562;998,598;15607,47;9,02
08;2025;09;30;11;22;46;0,718;0,054;0,358;25,853;23,368;29,064;-1127,519;-171,582;15522,28;9,02
08;2025;09;30;11;22;47;1,366;-0,103;-0,038;26,476;29,066;29,042;30,578;-60,337;14931,48;9,02
08;2025;09;30;11;22;47;1,204;-0,068;0,083;23,228;26,968;25,135;-671,732;-517,767;15736,88;9,02
08;2025;09;30;11;22;48;1,203;-0,104;-0,66;26,721;25,334;27,596;-665,637;-72,559;15837,25;9,02
08;2025;09;30;11;22;48;1,293;-0,058;0,063;24,229;26,526;26,738;-1658,196;-1477,302;15947,46;9,02
08;2025;09;30;11;22;49;1,085;-0,122;0,106;22,471;25,4;26,309;-363,773;166,377;15623,21;9,02
08;2025;09;30;11;22;49;1,168;-0,181;-0,066;23,873;26,747;28,274;-814,774;-940,318;15924,9;9,02
08;2025;09;30;11;22;50;1,215;-0,065;-0,075;26,321;29,442;30,555;-589,905;-922,219;16192,52;9,02
08;2025;09;30;11;22;50;1,519;-0,097;-0,321;25,475;29,619;31,458;-594,921;-1470,365;15913,97;9,02
08;2025;09;30;11;22;51;0,728;-0,133;0,032;25,586;22,75;28,116;255,029;-242,196;15178,96;9,02
08;2025;09;30;11;22;51;0,602;-0,058;0,402;22,116;24,141;28,884;138,695;702,004;15329,47;9,02
08;2025;09;30;11;22;52;0,823;-0,195;-0,233;23,161;23,478;25,428;576,77;-1941,765;15205,56;9,02
08;2025;09;30;11;22;52;1,059;-0,014;0,148;27,122;26,239;23,486;-105,249;-1801,845;15732,85;9,02
08;2025;09;30;11;22;53;1,149;0,065;0,008;25,942;27,366;28,748;-849,273;-826,945;15648,51;9,02
08;2025;09;30;11;22;53;0,794;-0,062;0,138;24,741;24,958;26,603;-18,972;-544,577;15772,21;9,02
08;2025;09;30;11;22;54;0,738;-0,02;-0,02;23,962;24,561;28,138;-866,851;-671,739;16191,82;9,02
08;2025;09;30;11;22;54;0,575;-0,032;-0,119;27,322;27,763;30,826;-830,58;-357,342;15681,3;9,02
08;2025;09;30;11;22;55;1,152;-0,216;-0,392;26,565;25,555;29,335;-304,617;-1348,846;15504,27;9,02
08;2025;09;30;11;22;55;1,034;-0,179;0,037;27,767;30,966;27,867;-1117,128;572,918;15945,64;9,02
08;2025;09;30;11;22;56;1,371;-0,266;-0,118;25,742;26,968;29,448;860,958;-1541,196;14998,63;9,02
08;2025;09;30;11;22;56;1,337;-0,194;0,307;24,429;26,46;26,061;-1207,118;-2408,08;16355,38;9,02
08;2025;09;30;11;22;57;1,541;-0,356;-0,364;22,983;26,814;29,539;-968,43;-1310,769;15801,07;9,02
08;2025;09;30;11;22;57;1,213;-0,187;-0,305;29,302;22,705;27,484;-367,229;127,728;15419,29;9,02
08;2025;09;30;11;22;58;1,14;-0,269;-0,334;23,473;22,705;23,622;-926,405;-511,362;15762,83;9,02
08;2025;09;30;11;22;58;0,733;-0,357;0,478;25,208;23,147;28,68;-463,634;-3061,059;15734,43;9,02
08;2025;09;30;11;22;59;0,509;-0,103;-0,033;22,738;26,018;26,829;-832,75;-2095,694;15405,12;9,02
09;2025;09;30;11;28;56;1,568;0,078;1,669;29,947;27,962;-0,023;-290,434;1155,469;15833,66;9,058
09;2025;09;30;11;28;57;1,612;0,086;4,588;27,678;25,334;-0,316;293,973;-41,954;15443,46;9,058
09;2025;09;30;11;28;57;1,618;-0,038;-2,467;28,278;28,934;-0,429;-35,47;706,803;16067,64;9,058
09;2025;09;30;11;28;58;1,561;-0,079;4,932;28,835;24,053;-0,519;-430,107;686,254;15947,93;9,058
09;2025;09;30;11;28;58;1,557;-0,028;4,353;28,723;28,404;-0,452;-112,144;611,746;15890,95;9,058
09;2025;09;30;11;28;59;1,354;0,002;-2,649;27,656;26,107;-0,7;-512,79;136,105;15565,61;9,058
09;2025;09;30;11;28;59;1,253;0;-1,761;29,146;26,681;-0,181;-995,414;1536,193;16104,59;9,058
09;2025;09;30;11;29;00;1,352;-0,048;1,8;26,232;27,675;-0,7;-633,892;562,021;16003,98;9,058
09;2025;09;30;11;29;00;1,657;-0,114;2,308;28,456;28,139;-0,587;-424,746;522,997;16274,04;9,058
09;2025;09;30;11;29;01;1,739;-0,084;-3,206;26,521;26,902;-0,994;137,752;533,154;15339,05;9,058
09;2025;09;30;11;29;01;1,666;-0,104;3,285;28,723;28,934;-0,181;-553,534;675,042;16074,62;9,058
09;2025;09;30;11;29;02;1,744;0,032;0,888;25,831;32,004;-0,339;-1248,29;622,695;15564,3;9,058
09;2025;09;30;11;29;02;1,697;-0,09;-5,839;29,636;28,205;0,316;-1455,973;717,434;15352,97;9,058
09;2025;09;30;11;29;03;1,492;-0,043;-2,67;26,187;26,814;-0,339;-558,464;298,721;15346,64;9,058
09;2025;09;30;11;29;03;1,714;-0,021;-2,245;28,746;27,918;-0,226;-1044,125;1033,686;16113,51;9,058
09;2025;09;30;11;29;04;1,363;-0,011;-1,573;26,899;29,332;-0,429;-542,934;194,648;15876,59;9,058
09;2025;09;30;11;29;04;1,6;-0,087;-6,148;29,435;26,858;-0,294;-291,995;658,36;15140,13;9,058
09;2025;09;30;11;29;05;1,599;-0,022;0,609;27,989;25,776;0,316;-850,754;871,096;15580,21;9,058
09;2025;09;30;11;29;05;1,56;-0,034;-0,059;27,144;26,46;-0,181;-93,364;858,434;15962,01;9,058
09;2025;09;30;11;29;06;1,812;-0,042;-4,856;28,412;27,476;-0,203;-1028,854;755,053;15820,17;9,058
09;2025;09;30;11;29;06;1,556;-0,064;1,804;29,391;31,849;0,045;-362,638;578,627;16193,09;9,058
09;2025;09;30;11;29;07;1,584;-0,06;0,471;28,612;25,908;-0,316;-1270,121;1132,054;15437,17;9,058
09;2025;09;30;11;29;07;1,648;0,012;3,397;28,99;26,703;-0,429;-1013,379;418,157;16042,23;9,058
09;2025;09;30;11;29;08;1,5;-0,079;-2,881;30,726;29,243;-0,113;-124,502;648,874;15496,79;9,058
09;2025;09;30;11;29;08;1,451;-0,052;-2,999;29,102;27,52;-0,135;-998,413;840,669;15847,24;9,058
09;2025;09;30;11;29;09;1,322;-0,157;2,339;28,924;31,165;-0,632;-674,233;516,335;15654,7;9,058
09;2025;09;30;11;29;09;1,641;0,043;1,2;26,521;25,665;-0,068;-590,863;370,37;15995,43;9,058
09;2025;09;30;11;29;10;1,659;-0,076;-4,761;27,9;29,508;-0,406;-750,388;741,165;16624,78;9,058
09;2025;09;30;11;29;10;1,648;-0,095;5,713;30,348;28,603;-0,429;-657,764;454,063;15689,83;9,058
09;2025;09;30;11;29;11;1,614;-0,021;2,444;27,856;26,394;-0,09;-396,349;1208,139;15852,64;9,058
09;2025;09;30;11;29;11;1,498;-0,079;-0,666;31,972;27,034;-0,271;-520,97;988,651;15639,27;9,058
09;2025;09;30;11;29;12;1,889;0,011;-2,711;29,458;26,924;-0,406;-747,331;829,096;16051,12;9,058
09;2025;09;30;11;29;12;1,683;-0,178;-0,844;28,723;27,057;0,113;-316,039;493,321;15552,26;9,058
09;2025;09;30;11;29;13;1,656;0,071;1,661;29,903;25,223;-0,294;-457,283;378,018;15777,38;9,058
09;2025;09;30;11;29;13;1,736;-0,012;2,585;30,993;29,795;-0,158;-513,355;575,505;15674,08;9,058
09;2025;09;30;11;29;14;1,853;0,037;1,333;26,276;26,306;-0,023;-688,897;590,392;15907,41;9,058
09;2025;09;30;11;29;14;1,601;-0,022;-2,06;28,746;28,404;-0,294;-909,993;405,121;16005,97;9,058
09;2025;09;30;11;29;15;1,72;-0,095;-1,032;25,008;25,245;0,045;-552,517;642,372;15412,52;9,058
09;2025;09;30;11;29;15;1,684;0,006;3,374;27,9;25,709;-0,271;-714,742;381,952;15862,53;9,058
09;2025;09;30;11;29;16;1,716;-0,064;-0,399;27,344;27,211;-0,271;-521,389;838,659;15471,06;9,058
09;2025;09;30;11;29;16;1,767;-0,031;-2,919;28,056;28,404;0,023;-887,695;294,299;15521,03;9,058
09;2025;09;30;11;29;17;1,64;0,04;5,925;27,589;26,659;0,045;-871,836;783,819;16113,83;9,058
09;2025;09;30;11;29;17;1,513;0,057;2,754;27,144;29,751;-0,181;-181,942;384,094;15961,25;9,058
09;2025;09;30;11;29;18;1,432;-0,009;-0,845;31,171;25,952;-0,316;-1001,88;1070,213;15818,57;9,058
09;2025;09;30;11;29;18;1,509;-0,023;1,05;28,434;28,47;-0,361;-863,804;197,828;15835,96;9,058
09;2025;09;30;11;29;19;1,495;-0,079;0,622;25,965;30,06;-0,406;-740,049;623,006;15816,77;9,058
09;2025;09;30;11;29;19;1,653;-0,037;-3,537;28,367;25,82;-0,226;-540,953;708,844;15893,42;9,058
09;2025;09;30;11;29;20;1,656;-0,06;-2,212;29,903;24,274;-0,316;-623,457;666,29;15658,07;9,058
09;2025;09;30;11;29;20;1,626;-0,012;3,024;29,346;29,022;-0,068;-744,174;111,41;16013,64;9,058
09;2025;09;30;11;29;21;1,697;-0,1;0,825;29,502;27,432;0,068;-277,54;561,614;15506,21;9,058
09;2025;09;30;11;29;21;1,357;0,043;2,119;28,301;25,753;-0,316;-912,851;749,625;15704,92;9,058
09;2025;09;30;11;29;22;1,48;0,049;2,863;27,767;28,448;-0,452;-403,644;-10,314;15782,35;9,058
09;2025;09;30;11;29;22;1,406;-0,113;-0,271;27,989;27,034;-0,113;-396,804;576,652;15893,62;9,058
09;2025;09;30;11;29;23;1,307;-0,129;2,841;27,433;25,577;-0,181;-477,391;894,263;15808,16;9,058
09;2025;09;30;11;29;23;0,954;-0,275;1,018;28,568;29,442;-0,226;-355,125;1085,119;15719,99;9,058
09;2025;09;30;11;29;24;1,36;-0,145;-0,604;28,256;28,669;0,271;-605,5;610,251;15735,1;9,058
09;2025;09;30;11;29;24;1,485;-0,035;1,52;28,924;23,346;0,09;-322,106;401,844;16077,4;9,058
09;2025;09;30;11;29;25;1,66;0,008;-1,165;25,586;25,245;0,045;-344,045;743,153;15938,99;9,058
09;2025;09;30;11;29;25;1,505;-0,035;4,076;27,411;25,908;-0,565;-814,311;1395,658;15821,5;9,058
09;2025;09;30;11;29;26;1,307;0,063;-4,896;27,878;28,89;-0,113;-313,132;31,842;16059,72;9,058
09;2025;09;30;11;28;02;1,285;-0,538;-0,1;25,052;26,814;28,545;-56,79;-2269,014;15480,61;9,058
09;2025;09;30;11;28;03;1,478;-0,47;0,078;29,658;25,665;30,623;-490,826;-2031,896;15616,31;9,058
09;2025;09;30;11;28;03;1,36;-0,514;0,257;27,211;25,179;27,8;-230,916;-1806,251;15860,84;9,058
09;2025;09;30;11;28;04;1,352;-0,575;0,154;25,453;29,884;31,232;-468,935;-2769,679;15505,47;9,058
09;2025;09;30;11;28;04;1,234;-0,205;-0,194;28,39;26,924;29,313;-642,448;-1159,194;16011,25;9,058
09;2025;09;30;11;28;05;1,219;-0,322;0,08;27,567;24,605;28,206;-77,905;-1766,555;15765,96;9,058
09;2025;09;30;11;28;05;1,461;-0,443;-0,07;33,018;27,233;27,348;-620,594;-868,868;15958,08;9,058
09;2025;09;30;11;28;06;1,436;-0,278;0,486;29,569;28,735;28,703;-522,347;-1532,988;15707,4;9,058
09;2025;09;30;11;28;06;1,322;-0,321;-0,118;28,523;29,552;29,245;-381,958;-2194,619;15801,34;9,058
09;2025;09;30;11;28;07;1,417;-0,382;-0,125;25,342;27,896;26,919;22,916;-1271,227;15285,13;9,058
09;2025;09;30;11;28;07;1,363;-0,463;0,078;27,922;24,782;32,678;-803,888;-2553,446;15622,2;9,058
09;2025;09;30;11;28;08;1,487;-0,514;0,147;28,301;23,567;27,009;-778,835;-2780,329;15853,45;9,058
09;2025;09;30;11;28;08;1,289;-0,304;0,281;23,606;26,284;30,148;-671,708;-2153,569;16362,73;9,058
09;2025;09;30;11;28;09;1,36;-0,485;0,031;25,853;24,715;28,726;-1415,871;-2700,904;15275,39;9,058
09;2025;09;30;11;28;09;1,366;-0,462;0,183;27,255;26,372;27,642;-601,451;-2074,048;16962,61;9,058
09;2025;09;30;11;28;10;1,469;-0,412;-0,101;27,745;26,526;30,397;-687,94;-976,61;15693,33;9,058
09;2025;09;30;11;28;10;1,371;-0,465;0,236;31,683;24,561;26,942;-93,009;-1362,73;14936,33;9,058
09;2025;09;30;11;28;11;1,643;-0,432;-0,047;27,389;25,356;30,148;-371,898;-1371,285;15612,63;9,058
09;2025;09;30;11;28;11;1,458;-0,355;0,253;26,921;26,328;27,732;-371,859;-2483,253;15886,51;9,058
09;2025;09;30;11;28;12;1,649;-0,459;-0,002;26,432;28,801;28,026;-140,883;-2025,094;15758,51;9,058
09;2025;09;30;11;28;12;1,421;-0,503;-0,144;30,659;29,42;29,471;-818,601;-1807,786;15647,75;9,058
09;2025;09;30;11;28;13;1,27;-0,366;0,149;27,945;24,229;26,738;-560,378;-1877,833;16085,58;9,058
09;2025;09;30;11;28;13;1,546;-0,256;0,308;26,387;25,047;26,106;-8,437;-1301,613;15758,3;9,058
09;2025;09;30;11;28;14;1,086;-0,388;0,186;27,7;25,687;28,861;-216,249;-2848,25;16437,24;9,058
09;2025;09;30;11;28;14;1,397;-0,55;0,126;30,971;28,205;26,445;-822,148;-2747,849;15275,89;9,058
09;2025;09;30;11;28;15;1,436;-0,373;0,058;25,853;25,356;27,145;-637,092;-1803,023;16278,21;9,058
09;2025;09;30;11;28;15;1,406;-0,424;-0,146;25,742;26,88;28,342;-373,409;-2047,926;15929,04;9,058
09;2025;09;30;11;28;16;1,425;-0,356;-0,116;26,654;23,898;30,51;124,358;-1146,04;16267,14;9,058
09;2025;09;30;11;28;16;1,345;-0,413;-0,331;25,297;27,454;27,664;-397,153;-1433,337;15549,99;9,058
09;2025;09;30;11;28;17;1,412;-0,306;0,394;25,364;27,476;28,703;-1179,396;-3641,18;17860,78;9,058
09;2025;09;30;11;28;17;1,013;-0,288;0,164;26,677;25,886;30,487;-965,133;-1935,795;15940,24;9,058
09;2025;09;30;11;28;18;1,331;-0,41;0,042;26,677;27,896;29,493;77,791;-2782,953;15818,23;9,058
09;2025;09;30;11;28;18;1,078;-0,277;-0,041;24,652;27,808;30,961;-508,953;-526,843;15421,7;9,058
09;2025;09;30;11;28;19;1,067;-0,395;-0,165;28,723;26,306;27,325;-314,24;-1875,743;15831,71;9,058
09;2025;09;30;11;28;19;1,163;-0,392;-0,293;28,523;27,719;25,722;-282,057;-1322,111;15276,06;9,058
09;2025;09;30;11;28;20;1,626;-0,264;-0,169;26,41;28,183;29,764;179,324;-1967,061;15577,73;9,058
09;2025;09;30;11;28;20;1,441;-0,441;0,194;28,545;30,038;27,551;-335,972;-1679,957;15837,92;9,058
09;2025;09;30;11;28;21;1,663;-0,276;-0,291;28,612;26,018;32,158;-310,103;-1477,062;15396,54;9,058
09;2025;09;30;11;28;21;1,394;-0,402;0,02;24,318;24,163;26,693;-263,146;-2385,767;15624,25;9,058
09;2025;09;30;11;28;22;1,371;-0,272;-0,039;23,339;26,526;29,38;-68,398;-1580,244;15644,62;9,058
09;2025;09;30;11;28;22;1,459;-0,485;-0,124;27,3;30,9;26,422;-90,008;-798,938;15374,34;9,058
09;2025;09;30;11;28;23;1,203;-0,549;-0,486;26,521;30,215;28,635;162,739;-1097,352;16004,27;9,058
09;2025;09;30;11;28;23;1,354;-0,351;0,016;25,987;27,366;30,577;-1053,229;-1113,694;15139,09;9,058
09;2025;09;30;11;28;24;1,045;-0,347;-0,149;27,277;26,394;23,306;304,433;-1543,875;16164,38;9,058
09;2025;09;30;11;28;24;1,169;-0,204;0,434;30,503;26,151;28,342;-1945,857;-2142,339;15650,46;9,058
09;2025;09;30;11;28;25;1,353;-0,415;-0,017;25,698;24,936;28,748;-355,691;-65,623;15841,39;9,058
09;2025;09;30;11;28;25;1,009;-0,338;0,102;26,165;25,952;31,774;218,312;-1373,538;15384,86;9,058
09;2025;09;30;11;28;26;1,155;-0,444;0,154;28,167;28,779;29,674;-419,44;-1437,519;14911,66;9,058
09;2025;09;30;11;28;26;1,14;-0,21;0,243;27,144;27,167;28,161;-618,705;-3008,266;15664,77;9,058
09;2025;09;30;11;28;27;1,197;-0,292;-0,269;25,475;26,328;29,087;-683,283;-1622,562;15602,84;9,058
09;2025;09;30;11;28;27;0,847;-0,417;-0,521;27,7;28,846;28,274;-66,647;-1462,341;14942,7;9,058
09;2025;09;30;11;28;28;1,596;-0,365;-0,466;25,853;25,069;24,932;-1176,059;-2069,675;16190,49;9,058
09;2025;09;30;11;28;28;1,16;-0,427;0,269;25,698;24,229;28,522;-1029,161;-2658,813;16696,06;9,058
09;2025;09;30;11;28;29;1,525;-0,409;0,106;27,322;25,643;27,032;-74,689;-1514,257;15541,42;9,058
09;2025;09;30;11;28;29;1,411;-0,415;0,009;25,03;25,864;30,035;-574,516;-1073,877;15916,06;9,058
09;2025;09;30;11;28;30;1,302;-0,349;-0,344;27,811;28,249;27,145;-875,931;-2120,754;15543,55;9,058
09;2025;09;30;11;28;30;1,412;-0,426;-0,054;30,236;28,868;28,048;-17,176;-1373,791;15064,61;9,058
09;2025;09;30;11;28;31;1,375;-0,467;-0,056;28,679;27,233;30,419;-408,479;-1186,411;15949,35;9,058
09;2025;09;30;11;28;31;1,118;-0,445;-0,28;25,564;28,006;28,5;-833,753;-2222,669;15501,97;9,058
09;2025;09;30;11;28;32;1,518;-0,315;0,318;25,742;25,952;31,503;-1476,925;-905,512;15731,38;9,058
09;2025;09;30;11;26;44;1,192;0,027;-0,428;27,322;27,631;31,548;-61,853;482,306;15845,3;9,058
09;2025;09;30;11;26;45;1,009;0,027;0,251;26,677;23,103;26,874;290,387;-1312,192;15828,18;9,058
09;2025;09;30;11;26;45;1,213;-0,029;-0,039;24,919;27,697;32,745;589,808;-3229,117;15528,02;9,058
09;2025;09;30;11;26;46;0,939;-0,019;0,328;28,812;25,665;29,945;201,389;-996,347;15308,39;9,058
09;2025;09;30;11;26;46;1,079;-0,002;0,118;29,035;25,025;27,009;193,348;-204,412;15318,26;9,058
09;2025;09;30;11;26;47;0,809;0,083;0,204;27,522;24,715;28,771;-336,331;-1986,283;15625,63;9,058
09;2025;09;30;11;26;47;0,206;0,05;0,73;26,632;23,942;28,409;-1777,012;1330,42;15083,42;9,058
09;2025;09;30;11;26;48;1,27;-0,005;-0,022;23,851;28,779;29,606;-481,373;-3273,7;15886,51;9,058
09;2025;09;30;11;26;48;1,053;0,145;0,048;28,189;30,325;30,532;-912,598;480,982;15776,01;9,058
09;2025;09;30;11;26;49;1,057;0,075;0,334;29,458;23,236;27,687;-277,637;-1146,845;15330,66;9,058
09;2025;09;30;11;26;49;1,083;0,052;-0,426;28,167;26,968;27,596;-129,906;-2860,416;15811,15;9,058
09;2025;09;30;11;26;50;0,628;0,259;0,626;25,186;25,665;30,69;-929,938;162,641;15404,75;9,058
09;2025;09;30;11;26;50;1,146;0,146;0,007;25,23;26,593;29,99;-513,136;-1588;16339,06;9,058
09;2025;09;30;11;26;51;0,701;-0,096;-0,329;26,944;28,603;29,945;-546,922;1393,625;15775,18;9,058
09;2025;09;30;11;26;51;0,859;0,039;-0,172;28,212;22,462;29,922;-768,33;-3563,927;15073,32;9,058
09;2025;09;30;11;26;52;0,969;0,014;-0,316;28,39;28,581;32,113;905,95;-2933,148;14189,37;9,058
09;2025;09;30;11;26;52;0,877;0,202;-0,779;30,036;25,223;30,329;-154,752;65,106;15978,4;9,058
09;2025;09;30;11;26;53;0,99;0,026;-0,563;27,433;27,565;27,642;167,888;-1932,122;16435,23;9,058
09;2025;09;30;11;26;53;1,097;0,154;0,405;27,433;27,057;31,097;-768,687;-227,32;15155,52;9,058
09;2025;09;30;11;26;54;1,328;0,086;-0,3;26,454;27,034;28,726;-846,69;-897,388;15173,7;9,058
09;2025;09;30;11;26;54;0,637;-0,057;-0,225;28,034;27,167;31,526;-942,239;-175,947;16066,6;9,058
09;2025;09;30;11;26;55;1,163;0,112;-0,167;25,23;24,45;29,539;-151,087;1521,125;15525,21;9,058
09;2025;09;30;11;26;55;0,934;-0,034;0,143;26,654;25,466;29,945;-938,088;-2053,921;15805,21;9,058
09;2025;09;30;11;26;56;0,998;-0,043;-0,14;27,478;23,059;29,222;-462,682;-3866,563;16275,17;9,058
09;2025;09;30;11;26;56;0,284;0,057;0,281;25,008;25,665;25,316;122,298;256,124;15371,7;9,058
09;2025;09;30;11;26;57;1,058;-0,089;-0,228;28,59;28,161;28,861;-622,365;-2449,087;15937,69;9,058
09;2025;09;30;11;26;57;0,904;0,104;0,345;26,432;24,737;32,023;-1410,09;252,424;15994,54;9,058
09;2025;09;30;11;26;58;0,692;0,162;0,031;25,853;27,189;26,716;-684,893;-1576,633;15600,02;9,058
09;2025;09;30;11;26;58;0,938;0,025;0,326;24,541;26,593;28,545;-1722,711;-31,925;16440,56;9,058
09;2025;09;30;11;26;59;1,554;0,056;-0,248;27,633;30,215;27,958;-508,794;-437,728;16039,93;9,058
09;2025;09;30;11;26;59;0,729;-0,019;-0,435;27,722;28,139;26,49;-1432,925;-1509,259;15893,36;9,058
09;2025;09;30;11;27;00;1,469;0,188;0,593;24,274;24,737;28,093;-218,083;-735,427;15611,42;9,058
09;2025;09;30;11;27;00;0,917;0,011;-0,373;22,027;21,778;29,922;97,317;-205,288;15329,62;9,058
09;2025;09;30;11;27;01;0,61;-0,132;0,042;27,567;28,117;29,651;-26,836;-425,549;15664,07;9,058
09;2025;09;30;11;27;01;0,49;0,14;0,082;27,834;28,89;28,184;-1257,091;-1242,894;16245,39;9,058
09;2025;09;30;11;27;02;0,874;-0,087;-0,296;25,008;27,697;30,826;310,454;-1024,752;15296,99;9,058
09;2025;09;30;11;27;02;1,003;-0,057;-0,175;25,164;28,978;31,142;-989,796;-1102,443;16028,22;9,058
09;2025;09;30;11;27;03;1,094;0,029;0,318;27,945;24,649;27,732;-491,024;-27,849;15532,55;9,058
09;2025;09;30;11;27;03;0,84;-0,083;-0,214;25,386;26,549;33,355;-1914,898;-1069,623;15839,38;9,058
09;2025;09;30;11;27;04;0,583;-0,028;0,197;24,696;27,675;28,68;-673,23;-1056,593;16116,84;9,058
09;2025;09;30;11;27;04;1,247;-0,013;-0,652;25,297;24,583;30,329;-1214,856;750,145;16070,42;9,058
09;2025;09;30;11;27;05;1,184;0,026;-0,29;27,077;23,015;28,929;-969,804;-1271,907;15850,38;9,058
09;2025;09;30;11;27;05;1,237;0,013;-0,307;29,057;26,129;25,948;-1290,94;2533,431;15398,44;9,058
09;2025;09;30;11;27;06;1,24;0,056;0,175;24,385;26,615;29,403;114,17;63,543;15427,42;9,058
09;2025;09;30;11;27;06;0,682;0,051;0,275;29,458;26,968;30,374;812,288;-241,597;14839,38;9,058
09;2025;09;30;11;27;07;0,789;-0,078;0,069;26,565;28,956;27,371;-383,646;-294,35;15641,41;9,058
09;2025;09;30;11;27;07;0,938;0,053;-0,167;28,99;27,41;29,426;-439,59;-1791,312;15954,12;9,058
09;2025;09;30;11;27;08;1,268;0,063;-0,382;27,7;24,031;26,4;-384,054;-1994,174;15501,71;9,058
09;2025;09;30;11;27;08;1,519;0,147;-0,303;29,747;23,942;28,184;-602,088;-612,757;15788,93;9,058
09;2025;09;30;11;27;09;1,311;0,024;-0,07;31,238;24,892;28,997;-227,399;-983,581;15631,84;9,058
09;2025;09;30;11;27;09;1,041;0,029;-0,163;25,609;26,438;28,545;-774,928;861,978;15449,27;9,058
09;2025;09;30;11;27;10;0,702;-0,044;0,245;23,317;25,555;29,832;-1489,965;891,778;15975,35;9,058
09;2025;09;30;11;27;10;0,89;0,029;0,03;26,254;26,814;28,432;-214,198;-1240,958;16099,95;9,058
09;2025;09;30;11;27;11;0,71;0,163;0,48;25,164;23,059;27,009;-611,472;-755,76;15021,35;9,058
09;2025;09;30;11;27;11;0,438;-0,098;-0,733;26,054;27,41;27,054;-532,75;-2136,324;16159,08;9,058
09;2025;09;30;11;27;12;0,88;-0,058;-0,024;25,92;26,615;25,361;-1173,413;-1516,688;16104,61;9,058
09;2025;09;30;11;27;12;0,976;-0,004;-0,049;27,188;26,46;28,206;-1348,884;2878,905;15771,71;9,058
09;2025;09;30;11;27;13;1,233;-0,041;-0,295;26,41;28,581;28,906;-769,95;-2979,285;16239,07;9,058
09;2025;09;30;11;27;13;1,06;-0,057;0,141;26,677;24,229;28,274;-864,265;75,636;16551,4;9,058
09;2025;09;30;11;27;14;0,849;-0,074;0,524;29,836;25,069;30,894;-1164,081;-925,343;15912,04;9,058
10;2025;09;30;11;33;01;1,673;-0,187;-1,453;30,971;32,181;4,133;-963,67;723,751;15620,75;9,095
10;2025;09;30;11;33;02;1,818;-0,132;-1,135;27,322;32,048;1,445;-1064,341;624,536;15978,49;9,095
10;2025;09;30;11;33;02;1,943;-0,118;0,901;32,283;30,966;2,326;-1103,09;759,372;15983,48;9,095
10;2025;09;30;11;33;03;1,79;-0,036;-2,568;30,036;26,946;2,958;-1133,418;597,853;15852,88;9,095
10;2025;09;30;11;33;03;1,852;-0,063;-1,92;28,078;26,217;2,349;-1406,618;480,037;15924,19;9,095
10;2025;09;30;11;33;04;1,803;-0,01;-0,771;26,098;26,129;3,726;-1496,606;626,424;15700,04;9,095
10;2025;09;30;11;33;04;1,797;-0,082;-2,026;30,659;29,663;1,174;-1433,642;338,739;15750,66;9,095
10;2025;09;30;11;33;05;1,846;-0,081;0,961;33,218;29,574;1,739;-1383,689;487,568;15772,62;9,095
10;2025;09;30;11;33;05;1,658;-0,108;-4,302;32,194;26,107;3,591;-1529,181;649,084;15895,92;9,095
10;2025;09;30;11;33;06;1,743;0,057;-1,847;27,834;29,133;2,145;-1294,782;348,942;15793,18;9,095
10;2025;09;30;11;33;06;1,934;-0,157;5,187;28,857;30,281;5,352;-1343,818;712,955;15650,33;9,095
10;2025;09;30;11;33;07;1,518;-0,05;-0,573;26,899;28,581;6,323;-1692,143;550,18;16073,29;9,095
10;2025;09;30;11;33;07;1,665;-0,167;0,071;27,411;29;3,004;-1171,561;561,045;15772,07;9,095
10;2025;09;30;11;33;08;1,402;-0,174;2,641;29,636;28,625;1,739;-1239,567;1116,332;15505,49;9,095
10;2025;09;30;11;33;08;1,536;-0,132;-0,588;25,653;29,265;3,591;-1303,127;1247,522;15787,14;9,095
10;2025;09;30;11;33;09;1,124;-0,031;-0,868;29,324;30,193;2,845;-1035,785;267,41;15874,87;9,095
10;2025;09;30;11;33;09;1,071;-0,353;0,22;29,48;29,243;1,987;-1233,018;812,721;15895,54;9,095
10;2025;09;30;11;33;10;1,686;-0,224;-6,303;27,656;29,066;4,449;-740,906;990,286;15762,21;9,095
10;2025;09;30;11;33;10;1,467;-0,18;-5,537;30,503;28,205;3,929;-813,269;844,138;15806,19;9,095
10;2025;09;30;11;33;11;1,721;0,004;-2,508;27,433;25,223;3,839;-769,629;1067,457;15768,81;9,095
10;2025;09;30;11;33;11;1,566;-0,138;-3,156;29,88;24,848;2,891;-1086,788;947,58;15858,97;9,095
10;2025;09;30;11;33;12;1,523;-0,113;2,62;27,033;24,804;1,694;-778,616;923,899;15817,37;9,095
10;2025;09;30;11;33;12;1,714;-0,092;-0,064;29,725;30,149;1,558;-1035,81;536,771;15939,5;9,095
10;2025;09;30;11;33;13;1,694;-0,153;-0,955;28,723;25,091;2,258;-970,815;811,791;15857,21;9,095
10;2025;09;30;11;33;13;1,705;-0,079;1,069;30,726;29,597;3,162;-681,22;861,059;15854,01;9,095
10;2025;09;30;11;33;14;1,731;-0,196;-3,952;33,129;30,215;3,726;-874,384;516,643;15728,54;9,095
10;2025;09;30;11;33;14;1,702;-0,215;-0,942;30,615;31,364;1,874;-1141,505;552,747;15632,79;9,095
10;2025;09;30;11;33;15;1,75;-0,149;-0,123;25,787;26,504;3,184;-843,995;677,995;15625,67;9,095
10;2025;09;30;11;33;15;1,715;0,031;-4,582;28,056;27,609;1,739;-905,246;597,578;15757,93;9,095
10;2025;09;30;11;33;16;1,702;-0,15;-0,363;28,256;30,392;3,41;-874,104;622,237;15812,67;9,095
10;2025;09;30;11;33;16;1,718;-0,049;-3,096;24,963;25,82;3,32;-832,209;535,865;15873,4;9,095
10;2025;09;30;11;33;17;1,725;-0,172;-1,023;27,077;28,338;2,213;-838,389;745,83;15714,48;9,095
10;2025;09;30;11;33;17;1,696;-0,165;-3,4;28,99;29,508;4,223;-1049,513;733,482;15709,66;9,095
10;2025;09;30;11;33;18;1,785;-0,178;-1,043;29,658;26,814;1,649;-947,105;649,584;15806,12;9,095
10;2025;09;30;11;33;18;1,762;-0,123;-2,961;30,014;26,107;2,326;-554,057;562,971;15564,53;9,095
10;2025;09;30;11;33;19;1,783;-0,103;-3,305;27,211;27,3;3,907;-1042,622;576,811;15841,34;9,095
10;2025;09;30;11;33;19;1,675;-0,142;-0,246;28,634;30,193;2,755;-963,744;503,935;15880,71;9,095
10;2025;09;30;11;33;20;1,516;-0,357;-0,769;28,501;27,741;2,8;-716,102;568,392;15737,75;9,095
10;2025;09;30;11;33;20;1,747;-0,221;4,759;28,968;31,209;3,726;-1173,505;485,229;15885,44;9,095
10;2025;09;30;11;33;21;1,651;-0,314;1,044;29,302;26,085;1,92;-839,071;252,081;15639,27;9,095
10;2025;09;30;11;33;21;1,672;-0,188;0,041;27,411;29,42;4,449;-1366,911;-64,738;15826,5;9,095
10;2025;09;30;11;33;22;1,602;-0,221;0,234;27,366;24,98;6,368;-735,737;329,917;15647,97;9,095
10;2025;09;30;11;33;22;1,399;-0,294;-0,062;29,079;28,669;15,515;-1122,432;204,155;15673,32;9,095
10;2025;09;30;11;33;23;1,678;-0,25;0,184;25,631;26,261;5,059;-794,517;178,753;15816,65;9,095
10;2025;09;30;11;33;23;1,734;-0,229;-2,028;29,702;28,536;2,078;-976,864;1075,53;15635,04;9,095
10;2025;09;30;11;33;24;1,636;-0,188;-0,741;30,192;26,99;1,219;-1279,636;944,815;15730,55;9,095
10;2025;09;30;11;33;24;1,677;-0,346;-1,435;28,167;32,137;4,155;-848,846;554,963;15694,73;9,095
10;2025;09;30;11;33;25;1,631;-0,375;0,14;29,88;28,846;5,939;-1427,1;69,142;15964,08;9,095
10;2025;09;30;11;33;25;1,668;-0,414;0,322;29,191;30,789;4,923;-978,686;148,351;15724,73;9,095
10;2025;09;30;11;33;26;1,586;-0,371;-0,554;27,344;27,454;2,055;-1069,231;308,685;15786,09;9,095
10;2025;09;30;11;33;26;1,751;-0,386;0,36;24,607;25,996;3,116;-1141,253;804,667;15904,91;9,095
10;2025;09;30;11;33;27;1,732;-0,414;-3,352;30,837;29,751;3,184;-1106,798;695,901;15687,13;9,095
10;2025;09;30;11;33;27;1,652;-0,394;1,366;30,615;27,189;6,03;-843,556;533,915;15786,55;9,095
10;2025;09;30;11;33;28;1,692;-0,318;1,995;31,861;26,284;4,697;-976,309;682,647;15921,52;9,095
10;2025;09;30;11;33;28;1,668;-0,367;4,103;29,146;28,316;4,584;-833,379;569,472;15836,22;9,095
10;2025;09;30;11;33;29;1,677;-0,283;-1,941;27,01;26,968;2,733;-713,467;778,08;15818,03;9,095
10;2025;09;30;11;33;29;1,819;-0,173;0,501;24,607;25,842;3,726;-576,859;952,022;15619,3;9,095
10;2025;09;30;11;33;30;1,64;-0,169;-0,881;25,141;28,161;1,694;-824,773;869,864;15908,31;9,095
10;2025;09;30;11;33;30;1,765;-0,215;-1,09;27,656;27,255;3,929;-674,52;866,969;15659,59;9,095
10;2025;09;30;11;33;31;1,881;-0,229;-3,215;28,634;25,665;3,907;-1089,881;1239,206;15927,49;9,095
10;2025;09;30;11;31;27;0,977;0,081;-0,26;27,233;27,432;29,335;-551,037;140,911;15797,53;9,095
10;2025;09;30;11;31;28;1,797;0,188;-0,019;26,387;30,171;30,871;-872,746;201,034;16096,89;9,095
10;2025;09;30;11;31;28;1,137;0,085;0,024;26,921;24,715;29,922;-677,721;1014,618;15767,83;9,095
10;2025;09;30;11;31;29;0,998;0,148;-0,195;30,348;26,836;27,551;-486,682;465,697;15877,23;9,095
10;2025;09;30;11;31;29;0,871;-0,061;-0,605;26,61;32,137;31,594;-1169,721;35,36;15808,88;9,095
10;2025;09;30;11;31;30;1,609;0,101;-0,004;25,631;25,93;30,487;-564,582;540,263;15082,57;9,095
10;2025;09;30;11;31;30;1,643;0,084;-0,621;25,853;24,627;27,845;17,039;663,734;15602,66;9,095
10;2025;09;30;11;31;31;1,228;0,101;0,592;27,277;26,659;28,364;141,451;1275,259;15401,54;9,095
10;2025;09;30;11;31;31;0,764;0,18;0,445;28,167;24,605;29,629;-1165,715;660,072;16261,81;9,095
10;2025;09;30;11;31;32;1,322;0,047;-0,33;23,517;28,271;26,49;-797,553;788,622;15612,88;9,095
10;2025;09;30;11;31;32;1,268;0,167;0,564;26,61;27,344;30,532;-902,041;1134,776;15651,48;9,095
10;2025;09;30;11;31;33;1,327;0,233;0,114;24,029;26,173;30,464;-329,946;950,717;16213,91;9,095
10;2025;09;30;11;31;33;1,554;0,098;-0,64;26,855;28,757;28,455;-1065,351;2022,815;16047,56;9,095
10;2025;09;30;11;31;34;1,328;-0,142;0,079;26,12;24,539;29,945;-356,258;1184,144;15503,33;9,095
10;2025;09;30;11;31;34;1,078;0,07;0,79;26,276;27,719;26,106;-670,011;280,805;15794,93;9,095
10;2025;09;30;11;31;35;1,09;0,101;0,067;25,631;26,526;29,064;-687,561;390,214;15759,53;9,095
10;2025;09;30;11;31;35;1,42;0,131;-0,199;27,344;26,549;29,042;-72,268;1042,776;15483,8;9,095
10;2025;09;30;11;31;36;1,324;0,171;-0,361;27,144;25,51;31,3;-589,211;1105,701;16050,9;9,095
10;2025;09;30;11;31;36;1,402;0,16;-0,022;28,59;28,536;28,658;-107,843;1027,131;15910,12;9,095
10;2025;09;30;11;31;37;1,077;0,131;0,889;27,856;26,659;30,284;-640,297;1973,735;16339,42;9,095
10;2025;09;30;11;31;37;0,896;0,148;0,198;26,677;28,139;26,264;-231,679;677,99;15880,24;9,095
10;2025;09;30;11;31;38;1,429;0,144;-0,236;27,767;26,107;24,751;-85,053;-875,452;15435,15;9,095
10;2025;09;30;11;31;38;0,918;-0,033;-0,007;28,234;27,984;28,997;-22,321;473,733;15576,01;9,095
10;2025;09;30;11;31;39;1,322;0,034;-0,094;26,988;26,438;28,884;-600,645;784,173;15361,66;9,095
10;2025;09;30;11;31;39;1,348;0,108;0,178;28,367;30,105;28,409;-1193,451;996,966;15903,72;9,095
10;2025;09;30;11;31;40;1,184;0,122;0,268;25,208;29,133;29,945;-555,013;-782,898;16032,04;9,095
10;2025;09;30;11;31;40;1,206;-0,008;0,011;23,962;25,665;27,461;-686,589;298,446;15582,57;9,095
10;2025;09;30;11;31;41;0,753;0,222;-0,447;23,94;25,555;27,28;-97,168;837,434;15818,36;9,095
10;2025;09;30;11;31;41;1,328;0,027;-0,617;26,654;25,776;28,387;-1045,172;476,177;16151,18;9,095
10;2025;09;30;11;31;42;1,181;0,102;-0,217;29,68;28,934;29,155;-676,844;1192,261;15946,41;9,095
10;2025;09;30;11;31;42;1,485;-0,06;-0,146;32,395;29,508;31,029;-431,5;-815,656;16020,73;9,095
10;2025;09;30;11;31;43;1,387;0,072;-0,176;31,082;27,808;28,59;-1228,418;681,149;15948,19;9,095
10;2025;09;30;11;31;43;1,288;0,221;0,366;27,077;29,928;30,555;-390,033;1709,589;16347,77;9,095
10;2025;09;30;11;31;44;0,833;-0,138;0,42;32,461;27,896;29,877;-252,931;-69,743;15921,28;9,095
10;2025;09;30;11;31;44;1,007;0,074;0,204;27,366;28,095;26,874;-437,345;782,828;15318,1;9,095
10;2025;09;30;11;31;45;0,857;0,14;0,062;25,564;25,776;26,964;-446,015;219,336;15835,94;9,095
10;2025;09;30;11;31;45;0,83;0,016;-0,501;27,033;24,627;30,848;-594,945;-606,931;16148,89;9,095
10;2025;09;30;11;31;46;1,001;0,169;0,104;26,209;27,609;28,206;-452,934;807,157;15974,04;9,095
10;2025;09;30;11;31;46;1,043;0,007;-0,408;29,146;30,657;27,303;-449,356;1465,433;15681,97;9,095
10;2025;09;30;11;31;47;1,433;0,102;-0,064;28,612;29,044;27,935;-170,228;179,963;16035,77;9,095
10;2025;09;30;11;31;47;1,449;-0,045;-0,238;30,481;25,356;27,167;-300,808;1454,669;15348,24;9,095
10;2025;09;30;11;31;48;1,05;0,024;-0,3;26,832;23,699;24,435;-556,095;489,111;15787,6;9,095
10;2025;09;30;11;31;48;1,004;-0,04;0,171;28,056;27,322;28,071;-58,606;879,682;15738,77;9,095
10;2025;09;30;11;31;49;1,384;0,035;0,057;26,054;24,141;29,155;-485,778;-405,608;15504,15;9,095
10;2025;09;30;11;31;49;1,452;0,08;0,242;26,543;27,719;29,042;-214,124;633,549;15935,05;9,095
10;2025;09;30;11;31;50;1,244;0,005;-0,239;26,677;26,085;29,313;-990,297;540,696;16325,82;9,095
10;2025;09;30;11;31;50;1,132;0,03;-0,169;29,346;26,659;28,522;-60,648;254,111;15569,9;9,095
10;2025;09;30;11;31;51;1,373;0,097;-0,566;28,412;27,565;27,596;-877,856;925,422;15745,25;9,095
10;2025;09;30;11;31;51;0,357;0,109;0,402;26,921;25,002;30,058;-754,181;1882,619;15768,28;9,095
10;2025;09;30;11;31;52;1,082;0,1;0,22;25,119;25,113;27,506;-468,852;1001,708;15755,67;9,095
10;2025;09;30;11;31;52;1,365;0,219;-0,342;26,12;24,185;30,239;102,67;961,12;15611,43;9,095
10;2025;09;30;11;31;53;1,415;-0,03;-0,052;29,235;29,817;32,768;-961,108;-93,102;15875,36;9,095
10;2025;09;30;11;31;54;1,023;-0,112;-0,041;28,323;28,581;28,522;-422,01;456,719;15744;9,095
10;2025;09;30;11;31;54;0,824;-0,083;-1,055;29,057;29,663;31,39;-511,353;123,902;16127,92;9,095
10;2025;09;30;11;31;54;1,44;0,153;-0,061;29,324;28,426;28,545;-375,349;380,677;15877,42;9,095
10;2025;09;30;11;31;55;1,053;-0,052;0,094;28,123;28,956;29,561;-818,169;-127,209;16118,42;9,095
10;2025;09;30;11;31;55;1,235;-0,078;-0,559;26,031;26,063;25,745;-178,059;692,553;15469,96;9,095
10;2025;09;30;11;31;56;1,102;-0,097;-0,091;28,123;25,599;30,013;-1606,862;-594,162;16112,35;9,095
10;2025;09;30;11;31;56;1,076;0,251;-0,019;29,391;25,952;28,387;-1396,834;519,229;15890,07;9,095
10;2025;09;30;11;31;57;1,157;0,101;0,174;28,901;30,259;29,268;-1402,383;-293,065;15919,7;9,095
10;2025;09;30;11;30;29;0,718;-0,12;-0,248;29,658;26,284;28,138;-506,286;-2690,509;15432,88;9,095
10;2025;09;30;11;30;30;0,626;-0,105;0,202;25,097;27,432;28,59;724,9;-3316,912;15806,31;9,095
10;2025;09;30;11;30;30;0,957;-0,128;0,218;27,856;24,87;34,687;326,308;-1780,509;15568,24;9,095
10;2025;09;30;11;30;31;1,191;-0,355;-0,066;29,524;29,552;29,448;-146,256;-2324,348;15151,75;9,095
10;2025;09;30;11;30;31;1,427;-0,204;-0,101;26,543;24,804;29,245;107,431;-2649,431;15759,58;9,095
10;2025;09;30;11;30;32;1,095;-0,228;-0,201;31,149;27,277;25,654;460,012;-2152,023;15429,25;9,095
10;2025;09;30;11;30;32;1,001;-0,167;-1,073;27,3;27,719;28,703;-1502,583;408,48;16460,33;9,095
10;2025;09;30;11;30;33;1,246;-0,197;-0,295;24,83;27,057;29,606;112,595;-2691,263;15840,63;9,095
10;2025;09;30;11;30;33;1,247;-0,164;-0,033;29,168;25,091;31,932;158,461;-2602,561;15466,17;9,095
10;2025;09;30;11;30;34;0,694;-0,369;-0,374;24,696;26,107;26,264;790,204;-3237,088;15552,91;9,095
10;2025;09;30;11;30;34;1,103;-0,018;0,732;30,503;30,193;29,042;-1822,931;5836,86;15050,99;9,095
10;2025;09;30;11;30;35;1,694;-0,387;-0,549;26,387;25,555;29,651;1425,446;-4224,564;14490,9;9,095
10;2025;09;30;11;30;35;1,276;-0,126;-0,434;25,431;24,362;28,635;900,19;-1837,936;15197,13;9,095
10;2025;09;30;11;30;36;0,946;-0,262;-0,439;30,259;29,663;27,935;-376,393;-2386,225;15836,77;9,095
10;2025;09;30;11;30;36;1,151;0,063;-0,878;28,034;28,183;27,913;-64,296;-1532,942;15467,47;9,095
10;2025;09;30;11;30;37;0,699;-0,063;0,118;27,411;25,776;29,471;300,227;-1423,361;16084,21;9,095
10;2025;09;30;11;30;37;1,066;-0,053;-0,386;27,411;27,41;27,935;-1288,644;-798,492;16086,55;9,095
10;2025;09;30;11;30;38;1,043;-0,038;0,195;27,478;25,091;31,639;-962,312;-800,823;15875,99;9,095
10;2025;09;30;11;30;38;0,929;-0,109;-0,293;28,723;28,779;27,732;-1142,528;-990,845;16684,49;9,095
10;2025;09;30;11;30;39;0,507;-0,116;0,127;27,722;27,057;29,561;864,958;-2342,848;15380,99;9,095
10;2025;09;30;11;30;39;0,685;-0,073;-0,834;27,967;30,149;29,832;-425,492;-690,441;15575,58;9,095
10;2025;09;30;11;30;40;1,001;-0,004;0,742;27,767;26,593;31,865;-231,688;2052,827;15195,6;9,095
10;2025;09;30;11;30;40;0,443;-0,197;0,293;23,584;29,022;27,845;529,149;-2412,912;15623,13;9,095
10;2025;09;30;11;30;41;0,917;-0,072;0,123;25,52;28,006;26,783;-1105,016;-4154,668;16421,78;9,095
10;2025;09;30;11;30;41;0,906;-0,238;-0,388;27,633;26,239;27,416;-228,117;-1167,088;15652,83;9,095
10;2025;09;30;11;30;42;0,527;-0,046;-0,801;29,168;28,338;30,532;57,629;-846,276;17043,87;9,095
10;2025;09;30;11;30;42;0,771;0,002;-0,368;30,459;26,372;28,138;-931,449;-231,835;17398,11;9,095
10;2025;09;30;11;30;43;0,873;-0,222;-0,206;27,322;29,685;32,136;-213,183;-2245,478;15664,37;9,095
10;2025;09;30;11;30;43;1,294;-0,053;0,439;28,901;29;30,623;-901,947;-411,418;15995,4;9,095
10;2025;09;30;11;30;44;1,018;-0,259;-0,4;27,923;29,994;27,416;-268,868;-2029,366;15994,52;9,095
10;2025;09;30;11;30;44;0,952;-0,053;0,118;27,211;23,986;28,974;-585,089;-1555,61;15988,65;9,095
10;2025;09;30;11;30;45;0,362;0,024;-0,476;24,474;25,82;29,064;-1869,332;-738,79;17094,29;9,095
10;2025;09;30;11;30;45;0,877;-0,126;0,056;27,544;29,994;31,39;-312,972;342,992;15198,32;9,095
10;2025;09;30;11;30;46;1,015;-0,299;0,294;26,877;28,536;31,865;-567,936;-2009,013;16712,01;9,095
10;2025;09;30;11;30;46;1,153;-0,085;0,024;31,282;27,145;29,81;350,26;-957,543;14723,73;9,095
10;2025;09;30;11;30;47;1,041;-0,283;0,127;25,675;25,29;29,426;-1262,571;-744,282;16268,78;9,095
10;2025;09;30;11;30;47;1,5;-0,295;-0,957;26,476;31,386;29,539;-2065,534;-4938,656;17492,53;9,095
10;2025;09;30;11;30;48;1,06;-0,12;0,234;27,789;27,719;29,403;426,394;-2849,375;15561,68;9,095
10;2025;09;30;11;30;48;1,017;-0,164;-0,186;28,1;26,063;31,594;-278,982;2634,899;15251,19;9,095
10;2025;09;30;11;30;49;0,286;0,064;0,897;27,5;26,681;31,142;610,948;-4235,215;16052,64;9,095
10;2025;09;30;11;30;49;0,794;-0,286;-0,342;26,521;29,42;31,503;-529,81;-2870,72;15891;9,095
10;2025;09;30;11;30;50;1,278;-0,471;-0,219;28,879;25,356;33,174;896,054;366,295;15378,69;9,095
10;2025;09;30;11;30;50;0,983;-0,093;0,176;29,013;29,022;30,171;-46,216;1805,983;14619,22;9,095
10;2025;09;30;11;30;51;1,118;-0,174;0,144;28,812;27,83;30,803;-132,399;-2388,351;16807,17;9,095
10;2025;09;30;11;30;51;1,411;-0,162;-0,859;28,99;28,404;27,145;852,331;-2564,104;15744,99;9,095
10;2025;09;30;11;30;52;0,315;-0,078;0,641;25,275;26,46;29,493;-341,385;-1558,229;15844,03;9,095
10;2025;09;30;11;30;52;0,942;-0,184;-0,684;27,3;28,227;30,058;340,466;-2836,085;15481,93;9,095
10;2025;09;30;11;30;53;1,065;-0,379;-0,244;28,968;26,681;30,6;-1279,048;-3867,853;15900,43;9,095
10;2025;09;30;11;30;53;0,991;-0,101;-0,09;25,319;25,488;27,529;619,133;-1650,026;15255,26;9,095
10;2025;09;30;11;30;54;0,655;-0,157;-0,031;29,413;26,703;28,116;-394,798;-2029,209;15354,3;9,095
10;2025;09;30;11;30;54;0,782;-0,057;-0,265;30,659;26,372;30,035;-1550,818;-3436,224;16714,05;9,095
10;2025;09;30;11;30;55;1,262;-0,15;-0,505;27,122;27,918;27,664;-1792,806;-573,716;15989,24;9,095
10;2025;09;30;11;30;55;1,321;-0,106;1,089;28,879;24,693;28,861;210,58;-2656,309;15812,37;9,095
10;2025;09;30;11;30;56;0,776;-0,374;-0,205;28,746;29,332;31,503;86,362;-2973,774;16323,72;9,095
10;2025;09;30;11;30;56;1,265;-0,188;0,539;29,747;25,091;30,126;33,167;-1311,467;15381,31;9,095
10;2025;09;30;11;30;57;0,972;-0,501;-0,393;25,831;25,069;26,264;1038,375;188,595;15347,98;9,095
10;2025;09;30;11;30;57;0,937;-0,126;0,087;28,59;27,587;31,91;-775,216;-1088,142;15639,52;9,095
10;2025;09;30;11;30;58;0,746;-0,232;0,01;26,209;29,177;29,493;590,073;-1180,453;15332,01;9,095
10;2025;09;30;11;30;58;0,821;-0,294;-0,041;25,987;26,482;28,703;-68,761;-1798,035;15618,51;9,095
10;2025;09;30;11;30;59;0,719;-0,192;0,108;26,232;23,876;28,455;299,609;-317,167;15488,39;9,095
11;2025;09;30;11;36;56;1,598;0,343;2,821;30,081;28,934;0,113;-786,954;1008,93;15503,8;9,133
11;2025;09;30;11;36;56;1,704;0,373;4,375;26,454;27,962;-0,294;-713,124;880,175;16154,26;9,133
11;2025;09;30;11;36;57;1,719;0,297;0,575;27,211;29,486;-0,068;-222,329;1147,106;15600,12;9,133
11;2025;09;30;11;36;57;1,516;0,314;6,143;26,81;31,076;0,158;-375,13;1003,646;15680,27;9,133
11;2025;09;30;11;36;58;1,275;0,147;0,619;28,011;27,83;0,384;-476,077;358,183;15984,32;9,133
11;2025;09;30;11;36;58;1,253;0,131;2,664;27,055;26,195;0,045;-534,294;1261,257;15847,57;9,133
11;2025;09;30;11;36;59;1,444;0,127;-0,312;28,701;25,444;2,8;-304,477;160,597;15983,42;9,133
11;2025;09;30;11;36;59;1,532;-0,041;-0,703;29,057;26,792;6,617;-560,691;814,522;15989,54;9,133
11;2025;09;30;11;37;00;1,644;0,334;0,892;26,855;30,789;0,248;-130,097;993,902;15806,39;9,133
11;2025;09;30;11;37;00;1,604;0,245;0,615;25,698;27,962;-0,045;-582,889;590,393;16147,54;9,133
11;2025;09;30;11;37;01;1,477;0,112;-1,834;26,966;27,123;0;-174,446;956,493;15464,11;9,133
11;2025;09;30;11;37;01;1,406;0,113;-1,418;26,921;27,101;-0,113;-183,489;844,969;15833,29;9,133
11;2025;09;30;11;37;02;1,276;-0,106;-3,836;28,189;30,723;-0,158;-235,433;1128,517;15737,61;9,133
11;2025;09;30;11;37;02;1,378;-0,043;0,159;26,632;25,974;-0,068;-722,715;813,058;15889,41;9,133
11;2025;09;30;11;37;03;1,528;0,213;1,201;29,079;26,769;-0,023;-765,399;1174,333;15884,92;9,133
11;2025;09;30;11;37;03;1,713;0,224;-1,986;32,172;28,117;-0,519;-364,389;753,659;15782,76;9,133
11;2025;09;30;11;37;04;1,776;0,17;-5,585;28,434;27,852;0,271;-295,467;687,233;15866,59;9,133
11;2025;09;30;11;37;04;1,159;-0,125;-4,023;29,413;27,189;0,068;-750,59;923,988;15767,38;9,133
11;2025;09;30;11;37;05;1,867;0,153;2,495;25,942;31,297;0,135;-449,095;1155,735;15759,79;9,133
11;2025;09;30;11;37;05;1,994;0,093;-0,48;29,68;29,221;0,113;-588,398;349,625;15901,79;9,133
11;2025;09;30;11;37;06;2,069;0,153;0,144;34,063;29,619;0,768;-890,529;959,687;15895,5;9,133
11;2025;09;30;11;37;06;1,773;0,16;4,948;27,033;28,713;0,542;-679,754;559,804;15633,92;9,133
11;2025;09;30;11;37;07;1,521;0,291;0,88;30,837;27,697;0;-702,767;693,574;15740,39;9,133
11;2025;09;30;11;37;07;1,473;0,043;-2,363;31,393;25,709;0,339;-468,139;917,668;15531,7;9,133
11;2025;09;30;11;37;08;1,582;0,316;2,027;30,281;27,211;0,045;-701,437;524,32;15866,86;9,133
11;2025;09;30;11;37;08;1,646;0,314;-2,28;27,856;29,486;-0,113;-840,209;511,589;15826,67;9,133
11;2025;09;30;11;37;09;1,754;0,252;4,283;30,859;28,316;0,565;-846,288;481,959;15700,61;9,133
11;2025;09;30;11;37;09;1,609;0,155;0,33;26,098;27,984;-0,09;-904,58;522,23;15652,4;9,133
11;2025;09;30;11;37;10;1,545;0,098;0,476;28,812;25,488;-0,068;-1168,206;595,097;15878,91;9,133
11;2025;09;30;11;37;10;1,511;0,027;3,362;26,454;30,105;-0,542;-609,225;144,052;15975,45;9,133
11;2025;09;30;11;37;11;1,644;0,3;3,002;26,321;30,082;-0,384;-585,568;221,303;15707,77;9,133
11;2025;09;30;11;37;11;1,689;0,198;-1,432;30,17;26,438;-0,135;-911,7;552,388;15897,89;9,133
11;2025;09;30;11;37;12;1,701;0,094;-1,087;28,501;26,35;0,181;-813,883;730,8;15865,36;9,133
11;2025;09;30;11;37;12;1,662;0,102;4,686;24,407;28,205;-0,158;-920,204;739,067;15720,53;9,133
11;2025;09;30;11;37;13;1,652;0,266;-0,768;31,727;27,388;-0,158;-718,444;551,696;16024,09;9,133
11;2025;09;30;11;37;13;1,513;0,072;-3,102;27,433;27,83;-0,384;-828,725;356,527;15639,42;9,133
11;2025;09;30;11;37;14;1,65;0,229;-2,759;30,704;29,066;-0,519;-726,319;386,038;15857,87;9,133
11;2025;09;30;11;37;14;1,687;0,149;4,944;28,835;25,599;-0,226;-1136,678;519,06;15930,3;9,133
11;2025;09;30;11;37;15;1,864;0,127;0,531;30,014;27,277;-0,135;-1401,785;473,468;15803,15;9,133
11;2025;09;30;11;37;15;1,859;0,005;-2,441;28,99;30,679;-0,271;-904,069;164,836;15700,78;9,133
11;2025;09;30;11;37;16;1,681;0,256;-1,699;25,831;26,836;-0,452;-1008,24;403,391;15845,89;9,133
11;2025;09;30;11;37;16;1,758;0,061;1,412;29,168;29,133;-0,045;-546,437;236,688;15995,86;9,133
11;2025;09;30;11;37;17;1,452;0,117;-2,32;27,567;30,811;0,023;-523,949;355,728;15684,85;9,133
11;2025;09;30;11;37;17;1,448;0,179;-2,957;27,411;26,482;0,068;-1016,031;388,729;15904,72;9,133
11;2025;09;30;11;37;18;1,77;0,19;2,902;29,168;28,536;-0,135;-867,999;317,246;15870,41;9,133
11;2025;09;30;11;37;18;1,537;0,018;-1,077;30,236;28,536;0,158;-1075,475;200,56;15908,03;9,133
11;2025;09;30;11;37;19;1,531;0,151;-1,154;27,722;30,127;0,023;-512,91;820,287;16186,36;9,133
11;2025;09;30;11;37;19;1,581;0,11;-3,585;30,481;27,366;-0,339;-471,009;26,878;15867,64;9,133
11;2025;09;30;11;37;20;1,763;0,281;-0,302;28,323;27,587;0,926;-887,993;432,148;15683,17;9,133
11;2025;09;30;11;37;20;1,508;0,224;-0,359;29,658;27,277;0,226;-494,369;10,372;15549,87;9,133
11;2025;09;30;11;37;21;1,588;0,103;2,635;26,454;26,173;-0,361;-1041,098;103,408;15508,3;9,133
11;2025;09;30;11;37;21;1,722;0,066;5,23;30,058;30,281;0,158;-850,914;-38,18;15660,44;9,133
11;2025;09;30;11;37;22;1,536;0,214;1,597;26,143;29,066;-0,158;-805,174;352,402;15794,4;9,133
11;2025;09;30;11;37;22;1,63;0,089;-2,781;30,214;26,284;-0,271;-1124,172;218,291;16099,7;9,133
11;2025;09;30;11;37;23;1,683;0,051;3,189;29,057;29,332;0,135;-873,525;84,783;15673,38;9,133
11;2025;09;30;11;37;23;1,883;0,1;-2,993;28,901;28,581;-0,068;-609,28;144,623;16119,46;9,133
11;2025;09;30;11;37;24;1,715;0,187;-2,568;25,586;30,392;-0,384;-846,874;172,042;15767,86;9,133
11;2025;09;30;11;37;24;1,616;0,121;2,401;29,302;29,597;-0,135;-824,462;463,118;15659,52;9,133
11;2025;09;30;11;37;25;1,591;0,127;1,635;30,058;32,512;0,226;-866,243;136,042;15967,37;9,133
11;2025;09;30;11;37;25;1,554;0,114;-1,694;29,213;27,896;-0,203;-646,929;-36,065;15938,63;9,133
11;2025;09;30;11;35;53;1,345;-0,015;-0,222;27,522;26,526;27,89;-601,622;-236,079;16001,67;9,133
11;2025;09;30;11;35;54;0,916;-0,121;-0,072;27,3;29,199;30,69;-954,367;1,141;15711,66;9,133
11;2025;09;30;11;35;54;0,621;0,018;0,144;30,481;28,912;31,684;-446,694;173,496;15832,19;9,133
11;2025;09;30;11;35;55;1,116;0,205;-0,297;27,9;27,697;28,816;-731,831;330,84;15916;9,133
11;2025;09;30;11;35;55;0,836;0,059;-0,05;28,968;25,996;29,855;-701,471;787,173;15727,29;9,133
11;2025;09;30;11;35;56;1,186;0,135;0,171;27,033;26,88;30,306;94,355;-461,245;16228,9;9,133
11;2025;09;30;11;35;56;1,225;0,073;0,704;27,856;28,448;31,819;-655,916;-248,928;15389,19;9,133
11;2025;09;30;11;35;57;1,652;0,23;-0,033;27,811;29,641;28,026;453,328;-535,093;15536,41;9,133
11;2025;09;30;11;35;57;1,076;-0,04;-0,019;29,235;27,277;30,758;-341,853;-533,805;15856,33;9,133
11;2025;09;30;11;35;58;1,275;-0,052;-0,586;29,413;29,42;30,306;-850,202;1594,731;15975,37;9,133
11;2025;09;30;11;35;58;1,005;0,309;0,289;27,656;29,685;27,19;-931,393;558,522;16055,79;9,133
11;2025;09;30;11;35;59;0,706;-0,048;0,348;29,48;25,886;27,867;-144,824;-87,1;15905,97;9,133
11;2025;09;30;11;35;59;0,442;0,21;0,198;27,322;27,918;26,987;-22,739;-1088,753;15665,33;9,133
11;2025;09;30;11;36;00;1,368;0,062;-0,314;27,589;27,653;28,274;622,945;393,594;15313,96;9,133
11;2025;09;30;11;36;00;1,26;0,039;-0,192;31,393;27,034;29,674;-531,906;1104,891;15637,18;9,133
11;2025;09;30;11;36;01;1,471;-0,113;-0,549;32,016;26,526;28,726;-579,843;164,662;15615,05;9,133
11;2025;09;30;11;36;01;1,562;0,174;-0,108;30,147;28,117;30,374;-396,805;1034,166;15766,58;9,133
11;2025;09;30;11;36;02;1,19;0,207;0,07;28,234;28,117;29,155;-394,3;1377,002;16001,65;9,133
11;2025;09;30;11;36;02;1,511;0,188;-0,375;27,455;32,667;33,762;212,75;1326,966;15723,02;9,133
11;2025;09;30;11;36;03;1,602;0,054;-0,782;30,348;27,366;30,848;1,701;1100,753;15670,87;9,133
11;2025;09;30;11;36;03;1,246;0,09;-0,249;31,416;27,697;29,606;-674,757;1525,995;15672,98;9,133
11;2025;09;30;11;36;04;0,617;0,195;0,537;30,17;28,912;31,594;-494,895;822,974;15773,41;9,133
11;2025;09;30;11;36;04;1,259;0,169;-0,06;27,9;29,354;29,674;-1401,081;1428,786;16266,18;9,133
11;2025;09;30;11;36;05;1,216;0,205;-0,067;29,969;26,858;29,719;-85,761;970,235;15595,1;9,133
11;2025;09;30;11;36;05;1,109;0,09;-0,105;27,544;24,583;30,058;187,149;-421,706;15715,33;9,133
11;2025;09;30;11;36;06;1,489;0,125;0,643;26,944;28,581;28,229;-800,934;-952,522;16030,86;9,133
11;2025;09;30;11;36;06;1,371;0,041;-0,49;26,343;29,044;30,487;-322,974;103,431;15636,94;9,133
11;2025;09;30;11;36;07;1,36;0,134;0,527;28,323;29,751;30,939;-787,264;1398,633;15854,9;9,133
11;2025;09;30;11;36;07;0,921;0,093;-0,451;24,919;23,589;25,203;-1416,907;2859,739;16112,62;9,133
11;2025;09;30;11;36;08;1,157;0,148;-0,017;26,877;22,639;29,177;-784,476;633,598;15936,56;9,133
11;2025;09;30;11;36;08;1,42;0,063;-0,371;28,234;26,769;29,38;-1071,831;1043,208;15804,7;9,133
11;2025;09;30;11;36;09;1,457;0,281;0,191;31,06;26,725;26,964;-343,047;486,536;15913,56;9,133
11;2025;09;30;11;36;09;1,3;0,067;-0,279;28,323;28,581;31,052;-1417,636;1248,94;16219,08;9,133
11;2025;09;30;11;36;10;1,407;0,092;-0,535;26,988;30,215;27,258;-853,317;1168,322;16201,01;9,133
11;2025;09;30;11;36;10;1,48;0,187;0,173;24,518;29,486;31,165;67,998;1476,655;15679,08;9,133
11;2025;09;30;11;36;11;1,243;0,103;-0,198;30,926;26,195;30,826;-1149,937;1183,326;15830,42;9,133
11;2025;09;30;11;36;11;1,572;0,156;-0,405;29,725;28,139;30,306;-701,87;1189,913;15736,11;9,133
11;2025;09;30;11;36;12;1,555;0,113;0,06;28,901;28,404;30,645;-12,132;580,889;15840,15;9,133
11;2025;09;30;11;36;12;1,325;0,056;-0,06;25,72;28,669;29,968;-429,388;265,981;15981,43;9,133
11;2025;09;30;11;36;13;1,615;0,17;-0,127;30,214;27,852;30,442;-811,412;547,578;15656,03;9,133
11;2025;09;30;11;36;13;1,441;0,076;-0,308;28,701;28,669;29,584;-691,28;1206,214;16883,44;9,133
11;2025;09;30;11;36;14;1,282;0,076;0,099;29,057;24,737;27,867;-1012,456;457,707;15949,5;9,133
11;2025;09;30;11;36;14;1,189;0,039;-0,383;28,879;29,354;33,174;-879,276;771,995;15482,8;9,133
11;2025;09;30;11;36;15;1,403;0,108;-0,463;32,884;28,006;29,584;-1045,859;496,983;15972,78;9,133
11;2025;09;30;11;36;15;1,183;0,022;-0,189;28,034;30,038;29,742;-462,412;1926,762;15794,04;9,133
11;2025;09;30;11;36;16;1,584;0,033;-0,665;30,659;29,221;32,745;-464,198;286,522;16271,08;9,133
11;2025;09;30;11;36;16;1,265;0,043;-0,294;26,677;28,006;31,503;-595,54;-536,902;15540,68;9,133
11;2025;09;30;11;36;17;0,75;0,235;-0,083;29,458;26,284;27,416;-7,843;745,935;15547,17;9,133
11;2025;09;30;11;36;17;1,464;0,05;-0,12;29,747;26,482;31,21;-376,567;-325,335;15685,69;9,133
11;2025;09;30;11;36;18;1,484;-0,039;-0,237;31,26;25,974;31,819;340,874;-752,097;15486,18;9,133
11;2025;09;30;11;36;18;1,129;0,092;0,577;27,722;27,277;27,461;102,766;945,671;15082,77;9,133
11;2025;09;30;11;36;19;0,84;-0,206;-0,125;30,392;29,508;32,361;-674,309;1145,405;15799,5;9,133
11;2025;09;30;11;36;19;0,934;-0,006;-0,046;30,192;31,209;30,645;-586,611;444,512;16039,84;9,133
11;2025;09;30;11;36;20;0,837;-0,052;-0,268;27,255;25,82;34,462;-624,934;190,06;16340,68;9,133
11;2025;09;30;11;36;20;1,034;0,107;0,405;25,876;25,93;30,69;-615,666;1341,451;15598,6;9,133
11;2025;09;30;11;36;21;0,924;0,056;0,178;29,747;25,422;31,413;-241,175;1407,345;15607,18;9,133
11;2025;09;30;11;36;21;1,619;0,253;0,474;27,144;27,631;30,148;-1228,865;1607,921;15840,21;9,133
11;2025;09;30;11;36;22;1,065;-0,08;-0,105;28,412;27,101;30,758;-75,641;282,027;15593,39;9,133
11;2025;09;30;11;36;22;1,265;0,116;-0,116;30,459;26,99;28,613;-807,455;-303,771;16329,61;9,133
11;2025;09;30;11;36;23;1,43;0,16;-0,065;30,948;26,394;31,616;-105,161;1295,953;15491,26;9,133
11;2025;09;30;11;34;37;1,055;-0,286;0,317;27,5;30,436;29,019;-173,786;-4003,25;16571,9;9,133
11;2025;09;30;11;34;38;0,978;-0,168;0,235;31,104;33,837;30,081;341,521;-4250,88;15256,56;9,133
11;2025;09;30;11;34;38;1,131;-0,07;0,343;30,526;26,549;30,216;-751,975;-2409,477;16536,4;9,133
11;2025;09;30;11;34;39;0,867;-0,035;0,493;30,147;29,486;30,781;-460,739;-1806,382;15744,33;9,133
11;2025;09;30;11;34;39;0,945;-0,219;-0,172;30,348;28,625;28,003;376,792;-2244,133;15894,32;9,133
11;2025;09;30;11;34;40;0,402;0,204;0,545;27,656;26,615;23,961;360,605;-900,48;13304,5;9,133
11;2025;09;30;11;34;40;0,823;-0,301;-0,141;26,588;26,571;29,742;-359,654;-4211,239;17346,15;9,133
11;2025;09;30;11;34;41;1,157;0,062;0,52;27,211;30,833;28,522;426,061;-1473,367;16063,21;9,133
11;2025;09;30;11;34;41;1,335;-0,14;-0,347;25,208;27,653;30,803;-14,747;-2429,733;16260,78;9,133
11;2025;09;30;11;34;42;0,953;-0,086;-0,067;29,302;28,382;29,29;-691,315;-2936,083;15814,3;9,133
11;2025;09;30;11;34;42;0,685;0,026;-0,204;31,638;28,47;31,052;-1569,512;-1400,934;16462,83;9,133
11;2025;09;30;11;34;43;0,933;-0,093;0,038;27,9;25,444;29,064;-384,314;-1471,053;15206,33;9,133
11;2025;09;30;11;34;44;0,629;0,076;-0,296;30,17;25,687;34,326;-1277,091;571,718;15552,32;9,133
11;2025;09;30;11;34;44;0,781;0,032;1,445;30,793;31,584;30,487;224,164;-914,257;16833,19;9,133
11;2025;09;30;11;34;45;1,086;-0,112;-0,545;29,213;27,565;31,932;-1174,172;-344,152;15941,38;9,133
11;2025;09;30;11;34;45;0,938;-0,091;-0,101;28,078;28,536;29,742;-264,468;-725,191;15603,2;9,133
11;2025;09;30;11;34;46;1,601;0,048;0,126;27,478;28,514;27,574;984,817;3249,589;15296,18;9,133
11;2025;09;30;11;34;46;1,248;-0,148;0,663;27,945;26,902;31,526;-488,106;-518,217;16647,48;9,133
11;2025;09;30;11;34;47;1,251;-0,116;-0,139;28,323;22,683;32,994;-898,994;-1218,536;16777,92;9,133
11;2025;09;30;11;34;47;1,131;-0,241;-0,355;25,542;27,277;29,448;-395,711;-1662,967;15689,82;9,133
11;2025;09;30;11;34;48;1,077;-0,052;-1,037;31,438;28,316;28,748;-227,064;-1524,723;15862,68;9,133
11;2025;09;30;11;34;48;1,414;-0,281;-0,294;30,837;27,52;30,984;-378,919;-2882,148;15419,54;9,133
11;2025;09;30;11;34;49;0,734;-0,157;-0,109;27,589;28,382;32,542;-2702,944;-8586,5;13789,6;9,133
11;2025;09;30;11;34;49;0,808;-0,181;-0,262;26,543;27,962;30,645;-1557,255;-43,041;15989,97;9,133
11;2025;09;30;11;34;50;0,619;-0,035;0,024;30,57;28,028;25,338;-2827,357;-949,46;16929,2;9,133
11;2025;09;30;11;34;50;0,711;-0,141;0,338;30,726;25,444;30,623;445,851;2369,747;14240,38;9,133
11;2025;09;30;11;34;51;1,452;-0,112;-0,499;25,208;25,555;29,584;-153,724;-2046,433;15197,65;9,133
11;2025;09;30;11;34;51;1,001;-0,062;0,251;25,92;25,179;29,358;-341,511;-2586,199;16450,46;9,133
11;2025;09;30;11;34;52;0,855;-0,127;0,07;28,145;28,36;27,98;-717,453;-845,721;15907,29;9,133
11;2025;09;30;11;34;52;1,39;-0,212;-0,303;26,944;28,117;28,68;-1277,676;-997,463;16131,26;9,133
11;2025;09;30;11;34;53;1,147;-0,234;0,05;28,657;28,779;31,526;-861,588;-1301,755;16015,89;9,133
11;2025;09;30;11;34;53;1,221;-0,319;-0,294;30,348;22,816;29,629;-430,476;-1240,994;15514,24;9,133
11;2025;09;30;11;34;54;0,604;-0,381;-0,11;27,967;24,583;35,094;-390,931;-1349,489;15493,64;9,133
11;2025;09;30;11;34;54;0,851;-0,177;-1,12;29,636;29,089;29,629;-335,16;-593,358;15726,8;9,133
11;2025;09;30;11;34;55;1,201;-0,234;-0,103;27,478;28,293;28,567;1733,855;-2464,39;16139,46;9,133
11;2025;09;30;11;34;55;0,818;-0,34;0,25;25,631;28,227;30,487;-865,387;-596,655;15798,42;9,133
11;2025;09;30;11;34;56;1,565;-0,031;0,476;27,144;27,211;27,325;-719,807;-840,579;15431,69;9,133
11;2025;09;30;11;34;56;0,986;-0,172;-0,177;26,721;28,956;30,103;-659,309;-1218,968;15179,6;9,133
11;2025;09;30;11;34;57;0,816;-0,112;-0,169;28,056;30,215;30,713;-867,635;-1192,612;15735,04;9,133
11;2025;09;30;11;34;57;0,22;-0,15;0,665;27,077;28,338;28,793;1476,429;-1627,882;14764,67;9,133
11;2025;09;30;11;34;58;1,094;-0,213;0,351;28,657;28,868;27,529;-731,004;2883,778;13552,37;9,133
11;2025;09;30;11;34;58;1,038;-0,384;-0,181;29,636;28,404;29,132;601,833;-1799,966;15139,04;9,133
11;2025;09;30;11;34;59;1,006;-0,311;-0,153;26,187;29,95;28,658;1790,497;3623,422;15306,21;9,133
11;2025;09;30;11;34;59;1,078;-0,172;0,127;30,837;27,211;32,181;-1065,382;-3284,921;16068,24;9,133
11;2025;09;30;11;35;00;1,08;-0,191;0,5;29,702;28,647;29,968;1173,066;-1074,842;15122,03;9,133
11;2025;09;30;11;35;00;1,333;-0,267;-0,151;27,567;26,394;29,38;566,236;1088,534;16679,73;9,133
11;2025;09;30;11;35;01;0,978;-0,278;-0,215;27,7;30,679;29,313;-373,275;-221,296;15356,93;9,133
11;2025;09;30;11;35;01;1,361;-0,27;-0,23;33,841;26,703;30,713;-2392,675;-2027,893;17890,96;9,133
11;2025;09;30;11;35;02;1,249;-0,216;0,008;29,992;27,785;29,313;-875,469;-1742,896;14398,35;9,133
11;2025;09;30;11;35;02;1,307;-0,246;-0,184;29,346;24,826;25,699;-2363,644;-1938,836;17329,31;9,133
11;2025;09;30;11;35;03;0,977;-0,125;-0,491;28,479;29,243;31,571;-1037,49;-198,601;16009,77;9,133
11;2025;09;30;11;35;03;1,444;-0,233;-0,062;27,122;29,221;29,877;-648,756;-1636,537;15537,11;9,133
11;2025;09;30;11;35;04;1,326;-0,222;0,036;29,102;29,287;30,555;-1755,341;-1053,739;15775,23;9,133
11;2025;09;30;11;35;04;1,577;-0,227;0,151;27,7;26,88;30,103;97,945;-1242,298;15300,68;9,133
11;2025;09;30;11;35;05;1,086;-0,039;0,337;27,478;25,444;28,116;-826,563;-1712,021;15774,06;9,133
11;2025;09;30;11;35;05;1,185;-0,171;-0,149;27,656;28,735;30,916;2603,142;-1409,544;16147,97;9,133
11;2025;09;30;11;35;06;1,277;-0,061;0,071;24,963;29,619;28,409;1446,008;-1941,469;14605,07;9,133
11;2025;09;30;11;35;06;0,955;-0,25;0,122;28,301;27,896;27,777;-816,727;-388,104;16060,78;9,133
11;2025;09;30;11;35;07;0,807;-0,17;0,302;24,563;26,129;30,148;-819,369;-1917,332;15791,44;9,133
11;2025;09;30;11;35;07;1,158;-0,033;0,407;29,502;29,95;28,409;-72,353;-374,232;14368,91;9,133
12;2025;09;30;11;40;25;1,948;-0,114;-0,077;28,256;29,95;7,407;222,347;398,351;16093,94;9,171
12;2025;09;30;11;40;26;1,605;0,061;0,495;27,166;27,852;11,992;149,33;371,738;15692;9,171
12;2025;09;30;11;40;26;1,845;-0,149;0,261;30,837;29,574;19,647;-6,02;259,835;15831,03;9,171
12;2025;09;30;11;40;27;1,633;0,076;0,271;28,234;28,89;10,591;44,166;287,586;15893,44;9,171
12;2025;09;30;11;40;27;1,594;0,045;0,206;27,767;28,183;20,573;319,248;570,314;16054,38;9,171
12;2025;09;30;11;40;28;1,615;-0,137;0,269;28,412;27,874;17,389;311,513;710,147;15942,14;9,171
12;2025;09;30;11;40;28;1,922;0,025;0,03;26,543;27,189;21,951;259,9;764,567;15776,53;9,171
12;2025;09;30;11;40;29;1,646;-0,056;0,151;31,149;27,719;13,392;-45,417;386,707;16127,63;9,171
12;2025;09;30;11;40;29;1,889;0,236;0,106;28,345;25,842;12,443;-80,846;1417,208;15588,56;9,171
12;2025;09;30;11;40;30;1,989;0,186;-0,262;30,681;28,89;4,404;587,563;1226,449;16067,19;9,171
12;2025;09;30;11;40;30;1,574;0,341;0,391;27,856;26,902;18,315;561,715;1028,855;15637,2;9,171
12;2025;09;30;11;40;31;1,784;0,147;0,478;28,412;28,603;10,366;275,182;605,898;15779,95;9,171
12;2025;09;30;11;40;31;1,616;0,222;-1,054;30,325;25,599;0,023;256,506;1057,111;15769,02;9,171
12;2025;09;30;11;40;32;1,802;0,149;-0,195;27,344;25,753;3,997;-28,078;980,833;15514,95;9,171
12;2025;09;30;11;40;32;1,436;0,264;-3,541;28,946;28,293;-0,406;-364,86;1101,561;15763,12;9,171
12;2025;09;30;11;40;33;1,54;0,152;-0,314;28,545;26,703;8,469;-693,342;603,349;15857,17;9,171
12;2025;09;30;11;40;33;1,87;0,179;-1,014;25,542;29,133;-0,226;-625,012;954,744;15738,08;9,171
12;2025;09;30;11;40;34;1,732;0,254;1,462;29,547;28,558;-0,339;-777,374;1003,014;15761,95;9,171
12;2025;09;30;11;40;34;1,483;0,183;4,187;28,456;29,619;-0,565;-852,675;729,847;15632,17;9,171
12;2025;09;30;11;40;35;1,685;0,288;3,485;28,011;28,05;-0,7;-900,618;749,723;15942,39;9,171
12;2025;09;30;11;40;35;1,572;0,166;0,745;26,076;28,028;-0,858;-1105,462;763,617;15713,64;9,171
12;2025;09;30;11;40;36;1,771;0,263;2,298;29,324;30,48;-0,519;-633,237;603,633;15531,16;9,171
12;2025;09;30;11;40;36;1,825;0,191;0,5;27,3;28,316;6,278;-190,137;1077,06;15585,4;9,171
12;2025;09;30;11;40;37;1,783;0,238;-0,095;30,904;26,681;4,336;-884,433;1258,522;15933,33;9,171
12;2025;09;30;11;40;37;1,134;0,209;0,917;30,748;26,836;1,265;-709,791;1284,822;15814,42;9,171
12;2025;09;30;11;40;38;1,396;0,226;0,19;29,435;26,571;1,107;-929,349;1226,826;15927,85;9,171
12;2025;09;30;11;40;38;1,329;0,138;0,298;26,276;30,414;-0,316;-534,037;774,585;15590,49;9,171
12;2025;09;30;11;40;39;1,807;0,095;0,502;30,859;24,826;10,433;-882,778;812,984;15751,25;9,171
12;2025;09;30;11;40;39;1,46;0,1;-3,275;27,656;25,952;-0,023;-907,774;276,732;15985,4;9,171
12;2025;09;30;11;40;40;1,695;0,029;4,433;28,879;29,552;-0,203;-705,949;734,181;15922,83;9,171
12;2025;09;30;11;40;40;1,796;0,001;0,174;28,479;28,293;10,433;-685,882;667,461;15910,04;9,171
12;2025;09;30;11;40;41;1,86;0,244;0,695;27,589;25,687;0,294;-1021,959;845,87;15512,5;9,171
12;2025;09;30;11;40;41;1,626;0,331;-4,381;28,59;28,912;-0,294;-502,393;1306,956;15622,17;9,171
12;2025;09;30;11;40;42;1,557;0,269;-0,122;26,721;28,095;9,417;-1578,44;848,335;15734,01;9,171
12;2025;09;30;11;40;42;1,384;0,232;-5,035;28,479;26,769;-0,745;-461,468;594,598;15872,67;9,171
12;2025;09;30;11;40;43;1,466;0,056;-2,179;28,679;28,801;-0,723;-611,69;959,764;15480,82;9,171
12;2025;09;30;11;40;43;1,213;0,067;-0,518;26,454;28,183;-0,361;-1183,431;573,043;15826,71;9,171
12;2025;09;30;11;40;44;1,248;0,143;-1,877;27,277;26,792;-0,339;-1081,449;713,798;15854,86;9,171
12;2025;09;30;11;40;44;1,433;-0,013;1,561;27,945;30,193;-0,361;-1208,18;690,393;16041,77;9,171
12;2025;09;30;11;40;45;1,259;0,182;4,86;28,39;27,454;-0,971;-992,804;410,196;16052,39;9,171
12;2025;09;30;11;40;45;1,778;0,115;3,863;27,277;28,581;-0,248;-310,176;585,202;15818,1;9,171
12;2025;09;30;11;40;46;1,594;0,107;-0,351;29,324;27,211;-0,813;-812,765;755,84;15888,35;9,171
12;2025;09;30;11;40;46;1,653;0,051;2,699;31,638;31,076;-1,016;-917,123;1067,253;15694,67;9,171
12;2025;09;30;11;40;47;1,851;0,102;0,114;27,856;30,988;1,558;-403,128;717,356;15731,36;9,171
12;2025;09;30;11;40;47;1,791;0,301;0,957;29,458;28,912;2,597;-886,198;512,288;15556,01;9,171
12;2025;09;30;11;40;48;1,834;0,241;-0,635;30,748;31,032;5,872;-715,776;843,422;15894,87;9,171
12;2025;09;30;11;40;48;1,676;0,009;2,644;26,076;29,84;-0,542;-1046,653;586,168;15780,87;9,171
12;2025;09;30;11;40;49;1,627;0,294;-2,152;29,814;27,918;-0,294;-948,965;1161,107;15536,95;9,171
12;2025;09;30;11;40;49;1,603;0,303;5,698;28,701;27,631;-0,542;-748,763;572,968;15353,87;9,171
12;2025;09;30;11;40;50;1,419;0,295;-4,018;25,92;30,546;-0,452;-1084,673;1036,795;15455,03;9,171
12;2025;09;30;11;40;50;1,715;0,115;-0,004;25,497;29,354;13,076;-1303,082;528,176;15854,84;9,171
12;2025;09;30;11;40;51;1,355;0,319;2,779;27,188;29,243;-0,339;-687,175;830,524;15341,04;9,171
12;2025;09;30;11;40;51;1,745;0,372;1,121;22,427;28,647;-0,09;-1633,239;1793,303;15486,78;9,176
12;2025;09;30;11;40;52;1,82;0,254;0,184;17,376;30,767;3,387;-1012,915;929,261;15681,05;9,171
12;2025;09;30;11;40;52;1,552;0,369;1,055;30,103;29,906;-0,745;-1301,591;942,295;15856,6;9,176
12;2025;09;30;11;40;53;1,724;0,355;3,743;26,832;30,303;-0,519;-1051,243;1110,536;15483,75;9,176
12;2025;09;30;11;40;53;1,889;0,182;-1,829;25,319;26,504;-0,339;-1172,187;511,573;16077;9,171
12;2025;09;30;11;40;54;1,878;0,324;-3,383;24,808;29,884;-0,677;-988,917;1042,869;15831,07;9,171
12;2025;09;30;11;40;54;2,109;0,159;-0,083;26,855;29,663;-0,587;-1231,121;825,2;15694,15;9,176
12;2025;09;30;11;40;55;1,527;0,388;-1,266;14,417;29,95;-0,903;-707,953;622,273;15600,78;9,176
12;2025;09;30;11;39;30;1,372;-0,012;-0,043;25,631;27,719;29,651;-982,09;3075,496;15652,79;9,171
12;2025;09;30;11;39;30;0,99;0,162;0,229;28,946;26,725;30,464;-973,968;1188,994;15578,43;9,171
12;2025;09;30;11;39;31;0,724;0,017;0,936;26,877;27,962;29,674;-187,559;2110,233;15921,31;9,171
12;2025;09;30;11;39;31;1,475;-0,078;0,331;28,123;31,209;28,68;-776,951;876,828;15756,2;9,171
12;2025;09;30;11;39;32;1,361;-0,09;-0,485;26,988;28,779;27,664;-1310,237;1644,556;16001,8;9,171
12;2025;09;30;11;39;32;1,104;-0,191;-0,594;28,123;27,277;28,861;-619,687;443,964;15754,06;9,171
12;2025;09;30;11;39;33;0,901;0,102;-0,149;28,278;27,277;30,103;-442,649;1560,145;15592,56;9,171
12;2025;09;30;11;39;33;0,642;-0,035;0,596;26,098;29,066;26,716;35,791;697,693;15898,12;9,171
12;2025;09;30;11;39;34;1,077;-0,238;-0,618;26,988;30,325;27,619;-342,387;-1170,603;15808,25;9,171
12;2025;09;30;11;39;34;0,931;-0,203;-0,896;26,165;29,994;28,748;-679,639;-470,946;15636,31;9,171
12;2025;09;30;11;39;35;1,312;0,086;-0,368;28,946;26,085;27,258;-641,989;264,979;15702,37;9,171
12;2025;09;30;11;39;35;0,842;-0,16;0,651;26,766;25,268;28,793;-710,762;416,724;15640,45;9,171
12;2025;09;30;11;39;36;1,116;-0,123;0,174;26,031;27,476;29,155;-769,314;-83,927;15884,51;9,171
12;2025;09;30;11;39;36;1,218;-0,226;0,09;29,769;28,647;29,651;-1152,107;-1609,377;15916,25;9,171
12;2025;09;30;11;39;37;0,881;-0,271;0,161;29,391;25,82;30,577;-1156,694;-973,009;15918,33;9,171
12;2025;09;30;11;39;37;0,779;-0,044;0,445;28,212;28,028;30,374;-609,906;-293,492;16021,26;9,171
12;2025;09;30;11;39;38;0,96;-0,077;0,278;27,633;27,631;28,974;-901,932;-736,26;15738,29;9,171
12;2025;09;30;11;39;38;0,586;-0,098;0,532;26,343;26,659;30,464;-425,121;-82,814;15799,63;9,171
12;2025;09;30;11;39;39;1,188;-0,169;-0,51;29,302;26,151;29,764;-974,697;-31,713;15881,11;9,171
12;2025;09;30;11;39;39;1,357;-0,283;0,246;25,92;27,83;28,206;-159,208;-644,68;15533,84;9,171
12;2025;09;30;11;39;40;1,026;-0,376;0,14;26,543;30,281;29,674;-311,513;-746,471;15800,71;9,171
12;2025;09;30;11;39;40;1,166;-0,134;-0,046;27,077;27,322;28,884;-739,761;-413,526;15943,28;9,171
12;2025;09;30;11;39;41;1,43;-0,198;-0,466;29,569;27,255;29,403;-583,714;300,22;15512,04;9,171
12;2025;09;30;11;39;41;1,648;-0,431;-0,339;31,549;24,009;27,393;-95,882;-398,848;15949,58;9,171
12;2025;09;30;11;39;42;0,948;-0,347;-0,114;31,594;29,199;29,29;-294,784;14,584;15986,04;9,171
12;2025;09;30;11;39;42;1,309;-0,154;0,633;29,391;26,46;28,026;-421,135;832,348;15593,28;9,171
12;2025;09;30;11;39;43;1,444;-0,351;0,052;33,062;28,316;29,561;-614,406;-1043,956;15748,6;9,171
12;2025;09;30;11;39;43;1,558;-0,349;-0,099;28,278;28,868;32,09;-826,687;-958,749;15844,92;9,171
12;2025;09;30;11;39;44;1,588;-0,292;0,414;27,7;28,735;32,068;-368,191;545,231;15615,3;9,171
12;2025;09;30;11;39;44;0,844;-0,042;0,091;26,209;28,89;28,906;-946,432;-285,174;16138,84;9,171
12;2025;09;30;11;39;45;1,356;-0,007;-0,892;27,544;29,155;29,403;-261,952;57,346;15882,43;9,171
12;2025;09;30;11;39;45;1,026;-0,135;-0,089;27,544;27,41;30,374;-474,091;-454,807;15688,21;9,171
12;2025;09;30;11;39;46;0,96;-0,215;-0,454;30,281;25,952;30,013;-867,693;-147,853;15828,41;9,171
12;2025;09;30;11;39;46;1,032;-0,144;0,529;27,188;25,533;29,245;-683,183;-542,209;15799,6;9,171
12;2025;09;30;11;39;47;1,225;-0,283;0,067;27,522;26,438;29,087;-702,809;-153,139;15721,2;9,171
12;2025;09;30;11;39;47;1,219;-0,174;0,127;27,522;27,609;26,783;-353,822;395,902;15679,13;9,171
12;2025;09;30;11;39;48;1,696;-0,2;-0,151;23,851;26,814;30,284;-179,535;-269,956;15710,02;9,171
12;2025;09;30;11;39;48;1,066;-0,051;0,317;24,518;27,344;28,364;-384,578;-326,932;15948,04;9,171
12;2025;09;30;11;39;49;0,879;-0,088;0,303;24,919;29,795;28,771;-160,507;-550,806;15573,31;9,171
12;2025;09;30;11;39;49;1,545;-0,144;-0,201;26,321;28,912;29,132;-35,695;-0,488;15498,45;9,171
12;2025;09;30;11;39;50;1,345;-0,07;-0,374;28,167;27,962;29,313;-684,664;893,117;15990,6;9,171
12;2025;09;30;11;39;50;1,266;-0,161;-0,037;32,239;28,183;30,284;-381,373;-1273,18;15744,89;9,171
12;2025;09;30;11;39;51;1,334;-0,309;-0,327;29,057;32,667;30,464;-584,143;-341,882;15806,97;9,171
12;2025;09;30;11;39;51;1,39;-0,081;-0,352;27,745;28,293;28,093;-613,961;-576,406;15878,28;9,171
12;2025;09;30;11;39;52;1,456;-0,314;0,009;26,855;27,498;31,594;-499,655;704,657;15962,12;9,171
12;2025;09;30;11;39;52;1,545;-0,206;-0,345;31,349;26,681;27,506;-864,612;750,949;15828,38;9,171
12;2025;09;30;11;39;53;1,946;-0,103;0,771;28,456;28,514;28,026;-673,924;-197,737;16240,96;9,171
12;2025;09;30;11;39;53;1,338;-0,265;0,09;31,883;30,568;32,249;-503,297;-21,383;15694,45;9,171
12;2025;09;30;11;39;54;1,486;-0,102;-0,016;30,681;28,934;31,052;-762,301;694,428;15904,92;9,171
12;2025;09;30;11;39;54;1,025;0,018;0,208;28,145;29,619;33,875;-469,082;1227,741;15860,22;9,171
12;2025;09;30;11;39;55;1,2;0,025;0,056;29,168;27,123;29,561;-843,864;21,018;15759,12;9,171
12;2025;09;30;11;39;55;1,291;-0,091;-0,168;29,858;25,113;32,226;-293,056;260,113;15801,63;9,171
12;2025;09;30;11;39;56;1,526;-0,073;0,441;27,389;24,693;29,922;-296,706;854,612;15634,99;9,171
12;2025;09;30;11;39;56;1,535;-0,099;-0,261;27,678;28,47;27,054;-636,732;529,156;15962,56;9,171
12;2025;09;30;11;39;57;0,698;-0,009;0,577;27,411;26,902;31,548;-220,404;-79,916;15288,25;9,171
12;2025;09;30;11;39;57;1,639;-0,188;0,021;29,569;28,824;31,91;-1387,159;413,127;16094;9,171
12;2025;09;30;11;39;58;1,467;0,142;-0,046;28,79;28,36;30,148;-813,543;1438,399;15907,61;9,171
12;2025;09;30;11;39;58;1,421;-0,039;-1,037;32,751;27,41;30,284;-639,331;716,829;16053,22;9,171
12;2025;09;30;11;39;59;1,367;-0,389;-0,596;29,725;31,739;27,438;-376,57;195,881;15795,27;9,171
12;2025;09;30;11;39;59;1,081;0,007;-0,585;30,103;26,107;30,781;-670,195;686,018;15733,69;9,171
12;2025;09;30;11;38;33;1,173;-0,147;-0,458;30,548;25,93;27,935;-237,651;-119,512;15506,4;9,171
12;2025;09;30;11;38;34;1,188;-0,207;-0,375;28,501;31,341;32,271;-1448,076;-1614,43;15766,06;9,171
12;2025;09;30;11;38;34;0,703;-0,041;-0,071;26,988;27,874;32,474;-556,739;178,5;16200,06;9,171
12;2025;09;30;11;38;35;1,228;-0,123;-0,393;32,194;27,984;29,697;-1036,093;-1089,863;15302,99;9,171
12;2025;09;30;11;38;35;1,086;-0,031;0,119;29,146;31,452;28,545;-471,288;808,148;16065,45;9,171
12;2025;09;30;11;38;36;0,701;0,051;0,142;30,414;27,476;30,803;10,884;-2643,271;15701,67;9,171
12;2025;09;30;11;38;36;1,005;-0,045;-0,312;29,925;25,422;29,493;-829,017;-2955,077;17005,57;9,171
12;2025;09;30;11;38;37;0,901;0,113;0,035;26,588;27,609;30,735;197,138;-1161,642;15475,36;9,171
12;2025;09;30;11;38;37;0,943;-0,015;0,139;27,344;26,151;26,535;-745,029;8,72;15517,1;9,171
12;2025;09;30;11;38;38;1,173;0,084;-0,038;28,946;25,51;27,935;-190,053;-3080,545;16267,38;9,171
12;2025;09;30;11;38;38;0,869;0,088;0,621;28,434;28,647;27,913;9,87;-1114,474;16978,03;9,171
12;2025;09;30;11;38;39;0,984;0,228;0,147;30,325;29,42;28,771;579,162;215,55;15293,09;9,171
12;2025;09;30;11;38;39;0,987;-0,162;0,244;29,702;24,649;30,239;-1697,277;-2132,721;17237,04;9,171
12;2025;09;30;11;38;40;0,9;-0,115;-0,244;27,945;28,669;32,249;662,757;-279,856;14511,88;9,171
12;2025;09;30;11;38;40;0,82;0,03;0,071;27,3;27,233;30,103;-560,031;-2008,285;15825,29;9,171
12;2025;09;30;11;38;41;0,579;0,083;0,799;25,675;25,776;28,364;796,152;-552,195;15475,01;9,171
12;2025;09;30;11;38;41;0,401;0,171;0,334;31,215;28,183;29,945;-534,145;188,846;15838,7;9,171
12;2025;09;30;11;38;42;1,58;-0,131;-0,714;28,835;29,133;29,787;-306,592;-3411,671;16559,23;9,171
12;2025;09;30;11;38;42;1,335;-0,174;-0,514;30,437;27,057;28,364;836,687;882,18;15850,37;9,171
12;2025;09;30;11;38;43;1,032;0,163;-0,327;28,434;30,215;28,432;-113,429;-410,255;15681,72;9,171
12;2025;09;30;11;38;43;0,507;0,016;-0,317;30,392;24,472;29,81;-165,234;630,095;15229,9;9,171
12;2025;09;30;11;38;44;0,748;-0,134;-0,144;27,967;26,681;32,271;-1704,416;-357,59;16373,52;9,171
12;2025;09;30;11;38;44;0,858;0,134;-0,08;25,431;29,795;29,313;423,481;-1164,209;16199,72;9,171
12;2025;09;30;11;38;45;1,088;-0,233;-0,683;27,544;29,884;31,458;-316,009;-565,462;15234,24;9,171
12;2025;09;30;11;38;45;1,16;-0,072;-0,003;27,678;29,53;30,848;168,317;-672,355;16446,76;9,171
12;2025;09;30;11;38;46;0,131;0,325;0,236;27,7;25,687;28,635;88,454;571,014;15090,3;9,171
12;2025;09;30;11;38;46;1,181;0,141;-0,261;29,168;25,29;28,906;-1280,632;-122,063;17313,55;9,171
12;2025;09;30;11;38;47;0,968;-0,097;-0,338;30,503;28,47;27,755;-910,752;-2786,097;16013,47;9,171
12;2025;09;30;11;38;47;0,861;0,092;0,35;27,188;28,757;30,419;-533,564;-3805,236;15573,9;9,171
12;2025;09;30;11;38;48;0,726;-0,182;0,647;26,565;29,044;29,922;-1845,688;-2144,142;15465,12;9,171
12;2025;09;30;11;38;48;1,487;0,041;0,079;26,565;29,287;31,029;-913,924;-982,628;15927,85;9,171
12;2025;09;30;11;38;49;0,943;-0,032;-0,063;28,545;29,044;29,584;932,069;-665,981;16121,25;9,171
12;2025;09;30;11;38;49;0,936;0,074;0,765;30,793;26,902;30,803;563,015;-3504,387;14897,37;9,171
12;2025;09;30;11;38;50;0,539;-0,118;-0,337;24,941;28,47;26,693;-2654,318;-1911,552;15394,26;9,171
12;2025;09;30;11;38;50;1,076;0,059;0,335;30,793;23,964;34,8;4,911;-318,859;16707,79;9,171
12;2025;09;30;11;38;51;1,233;0,201;0,358;26,699;28,824;28,184;-519,775;621,152;15504,94;9,171
12;2025;09;30;11;38;51;1,222;-0,032;0,279;27,099;32,667;30,894;-125,279;-1362,265;15921,59;9,171
12;2025;09;30;11;38;52;0,909;-0,004;0,209;28,145;26,549;27,98;-482,743;-2883,682;14641,36;9,171
12;2025;09;30;11;38;52;1,282;-0,249;-0,419;33,551;31,96;28,229;-81,454;-265,414;16155,81;9,171
12;2025;09;30;11;38;53;1,161;-0,06;0,052;29,524;26,902;29,9;-152,489;-1005,681;15256,24;9,171
12;2025;09;30;11;38;53;1,527;-0,075;-0,452;32,728;25,886;28,748;1987,187;-8651,752;16938,18;9,171
12;2025;09;30;11;38;54;1,505;-0,013;-0,46;30,859;26,836;28,838;-532,23;1096,215;14672,33;9,171
12;2025;09;30;11;38;54;1,302;0,175;-0,465;26,343;28,492;30,645;-1776,441;-843,526;15803,46;9,171
12;2025;09;30;11;38;55;1,29;0,01;-0,616;26,054;24,87;29,832;-267,487;-2130,683;16706,44;9,171
12;2025;09;30;11;38;55;0,441;-0,104;-0,072;31,149;28,934;24,999;984,032;-1166,854;15720,17;9,171
12;2025;09;30;11;38;56;0,897;-0,118;-0,751;28,568;26,637;32,294;-518,013;507,558;16425,12;9,171
12;2025;09;30;11;38;56;1,507;0,316;0,224;27,099;26,637;32,791;53,093;1057,287;15153,89;9,171
12;2025;09;30;11;38;57;1,023;0,057;-0,285;30,036;28,205;31,3;151,6;306,109;15823,19;9,171
12;2025;09;30;11;38;57;0,696;0,003;0,084;30,125;26,217;27,235;340,102;1027,494;14843,76;9,171
12;2025;09;30;11;38;58;0,877;0,071;-0,416;26,298;26,018;30,081;81,965;576,579;16310,39;9,171
12;2025;09;30;11;38;58;0,781;0,226;-0,074;30,526;26,615;27,213;-3195,437;1087,62;14135,52;9,171
12;2025;09;30;11;38;59;0,541;-0,046;-0,111;28,278;25,886;28,455;-221,632;-807,691;15942,76;9,171
12;2025;09;30;11;38;59;0,695;0,173;0,145;27,188;27,631;27,687;-167,277;753,59;15232,27;9,171
12;2025;09;30;11;39;00;0,611;0;0,187;24,585;25,091;27,529;-1538,04;1133,769;14154,71;9,171
12;2025;09;30;11;39;00;0,592;0,056;0,009;27,522;26,107;31,187;-1784,677;360,085;17249,64;9,171
12;2025;09;30;11;39;01;1,515;-0,171;-0,664;26,81;24,958;30,623;-423,41;-1844,055;15803,05;9,171
12;2025;09;30;11;39;01;1,221;-0,079;0,025;24,14;25,996;30,126;-915,518;826,138;15639,54;9,171
12;2025;09;30;11;39;02;0,575;0,083;0,093;28,078;24,031;27,687;-103,132;95,55;15628,7;9,171
12;2025;09;30;11;39;02;0,595;0,091;-0,08;26,588;24,782;27,935;1299,192;2178,118;15011,52;9,171
12;2025;09;30;11;39;03;1,45;-0,065;-0,384;31,149;25,533;30,645;772,342;-105,61;16095,12;9,171
13;2025;09;30;11;44;49;1,727;-0,243;0,054;30,17;30,745;23,102;-296,569;359,142;15973,88;9,209
13;2025;09;30;11;44;50;1,879;-0,331;0,296;31,883;32,6;11,743;-549,063;255,639;15829,49;9,209
13;2025;09;30;11;44;50;1,701;-0,25;-0,539;30,837;30,833;9,62;-364,803;251,544;15814,86;9,209
13;2025;09;30;11;44;51;1,666;-0,208;0,333;34,33;31,076;15,334;-466,722;703,122;15955,6;9,209
13;2025;09;30;11;44;51;1,828;-0,392;1,018;30,414;32,843;6,097;-368,615;229,441;15865,55;9,209
13;2025;09;30;11;44;52;1,86;-0,366;-4,831;33,107;30,988;2,845;-603,65;328,867;15778,13;9,209
13;2025;09;30;11;44;52;1,87;-0,429;-0,306;31,616;30,745;13,595;-734,11;413,981;15644,76;9,209
13;2025;09;30;11;44;53;1,834;-0,273;0,014;30,815;30,789;25,496;-573,356;206,016;15900,37;9,209
13;2025;09;30;11;44;53;1,797;-0,145;-0,278;27,033;28,581;24,141;-367,628;527,938;15798,5;9,209
13;2025;09;30;11;44;54;1,662;0,365;-0,388;26,098;29,795;0,248;-646,664;699,564;15773,48;9,209
13;2025;09;30;11;44;54;1,557;0,312;0,12;21,292;31,452;3,862;-481,35;509,944;15782,72;9,209
13;2025;09;30;11;44;55;1,838;0,235;0,232;23,25;29,287;6,233;-663,478;1064,498;15842,96;9,209
13;2025;09;30;11;44;55;1,68;0,18;0,499;20,336;31,143;7,249;-429,513;594,984;16087,58;9,209
13;2025;09;30;11;44;56;2,157;0,233;-1,014;31,594;30,171;5,781;-444,421;638,945;15792,74;9,209
13;2025;09;30;11;44;56;1,995;0,284;-0,134;27,678;28,536;2,755;-553,725;551,06;15921,37;9,209
13;2025;09;30;11;44;57;1,561;0,315;0,402;29,524;27,653;5,804;-374,7;419,646;15816,71;9,209
13;2025;09;30;11;44;57;1,69;0,404;7,163;14,173;27,852;0,271;-613,464;623,571;16000,04;9,209
13;2025;09;30;11;44;58;1,856;0,17;-0,602;29,68;31,099;3,139;-658,072;452,159;16063,93;9,209
13;2025;09;30;11;44;58;1,704;0,231;-0,331;24,919;26,637;-0,429;-334,322;622,658;15657,39;9,209
13;2025;09;30;11;44;59;2,039;0,265;0,572;31,371;30,458;2,981;-559,478;894,244;15968,11;9,209
13;2025;09;30;11;44;59;2,179;0,21;1,223;31,06;27,896;0,135;-376,5;716,855;15635,1;9,209
13;2025;09;30;11;45;00;1,686;0,413;-1,447;22,538;30,303;-0,023;-111,684;567,18;15716,29;9,209
13;2025;09;30;11;45;00;1,647;0,244;0,652;29,791;29,928;1,92;-549,716;698,899;15738,14;9,209
13;2025;09;30;11;45;01;1,835;0,269;2,7;28,1;32,026;5,194;-629,37;1235,627;15495,89;9,209
13;2025;09;30;11;45;01;1,86;0,224;-0,813;31,193;28,934;5,984;-130,295;739,004;15751,5;9,209
13;2025;09;30;11;45;02;1,943;0,293;4,597;27,611;28,779;-0,068;-265,498;444,662;15770,35;9,209
13;2025;09;30;11;45;02;1,721;0,285;0,738;26,677;27,631;1,649;-777,299;1057,781;15786,41;9,209
13;2025;09;30;11;45;03;2,009;0,296;0,442;28,412;31,209;2,191;-353,535;672,288;15800,22;9,209
13;2025;09;30;11;45;03;2,022;0,406;-3,382;31,683;27,123;3,071;-728,647;647,749;15914,93;9,209
13;2025;09;30;11;45;04;1,779;0,485;-2,537;9,923;31,452;0,565;-112,349;872,616;15560,82;9,209
13;2025;09;30;11;45;04;1,978;0,21;0,185;28,456;27,52;2,733;-638,434;749,896;15821,74;9,209
13;2025;09;30;11;45;05;1,699;0,278;0,447;29,524;28,934;4,246;-235,929;627,925;15887,13;9,209
13;2025;09;30;11;45;05;1,78;0,246;0,26;28,145;28,89;3,546;41,092;350,466;15946,04;9,209
13;2025;09;30;11;45;06;2,09;0,269;-0,409;21,159;29,884;2,8;-469,696;846,153;15789,02;9,209
13;2025;09;30;11;45;06;1,777;0,218;2,436;28,323;31,054;0,768;-426,948;1045,523;15821,22;9,209
13;2025;09;30;11;45;07;1,883;0,194;-0,296;25,898;28,603;4,991;-324,45;356,056;15855,9;9,209
13;2025;09;30;11;45;08;1,766;0,217;3,316;30,704;28,47;1,49;-304,646;1081,62;15553,21;9,209
13;2025;09;30;11;45;08;2,476;0,21;1,926;18,667;27,763;0,361;-443,153;1230,33;15842,2;9,209
13;2025;09;30;11;45;08;1,835;0,133;-0,159;27,099;30,679;2,507;4,481;874,768;15660,04;9,209
13;2025;09;30;11;45;09;1,817;0,217;-0,383;29,391;27,012;5,126;-277,303;952,622;15769,28;9,209
13;2025;09;30;11;45;10;1,9;0,25;0,55;12,771;29,972;0,406;-666,432;1222,966;15724,12;9,209
13;2025;09;30;11;45;10;2,051;0,25;2,818;32,439;29,066;-0,226;-464,996;1511,12;15805,16;9,209
13;2025;09;30;11;45;10;1,985;0,253;0,881;27,322;28,757;1,513;-570,44;1092,924;15939,13;9,209
13;2025;09;30;11;45;11;1,407;0,292;-4,104;22,961;26,858;-0,542;-847,782;842,795;15670,73;9,209
13;2025;09;30;11;45;12;1,816;0,237;3,857;28,812;29,133;1,129;-634,144;627,256;15862,79;9,209
13;2025;09;30;11;45;12;1,604;0,262;5,115;19,713;31,386;0,158;-647,597;440,913;15750,09;9,209
13;2025;09;30;11;45;12;1,682;0,236;0,084;29,435;27,631;6,03;-846,553;879,396;15924,41;9,209
13;2025;09;30;11;45;13;1,597;0,315;0,074;29,369;31,319;-0,113;-747,087;540,078;15558,2;9,209
13;2025;09;30;11;45;14;1,716;0,251;-0,285;29,925;30,436;3,5;-943,911;655,76;15889,45;9,209
13;2025;09;30;11;45;14;1,234;0,239;0,184;29,458;31,319;7,678;-877,895;959,15;15744,64;9,209
13;2025;09;30;11;45;15;1,801;0,311;3,007;21,96;31,209;2,145;-806,036;834,019;15737,79;9,209
13;2025;09;30;11;45;15;1,671;0,292;0,005;24,763;27,344;7,994;-842,566;693,696;15717,41;9,209
13;2025;09;30;11;45;16;1,971;0,326;-2,864;22,627;29,398;-0,226;-994,381;529,893;15857,36;9,209
13;2025;09;30;11;45;16;1,74;0,353;-0,87;24,207;25,356;4,042;-815,845;730,113;15798,79;9,209
13;2025;09;30;11;45;16;1,182;0,209;1,164;20,714;29,044;0,474;-319,232;778,564;15775,78;9,209
13;2025;09;30;11;45;17;1,861;0,122;-3,742;17,977;30,193;-0,497;-794,76;1270,598;15761,16;9,209
13;2025;09;30;11;45;18;1,782;0,129;0,502;32,128;29,089;4,178;-679,96;628,957;15919,88;9,209
13;2025;09;30;11;45;18;1,554;0,238;-2,838;28,345;28,382;1,581;-1259,224;988,586;16011,83;9,209
13;2025;09;30;11;45;19;1,91;0,168;-0,123;27,678;28,36;3,839;-1342,099;727,226;15933,55;9,209
13;2025;09;30;11;45;19;1,717;0,378;4,668;14,084;26,946;0,135;-767,39;832,072;15809,02;9,209
13;2025;09;30;11;43;46;0,726;0,03;0,274;29,28;28,448;32,587;-23,036;1750,109;15543,24;9,209
13;2025;09;30;11;43;47;1,838;-0,028;-0,403;30,192;32,733;33,084;476,542;-228,283;15746,99;9,209
13;2025;09;30;11;43;47;1,475;-0,042;0,322;26,699;26,46;31,548;-180,315;731,124;15664,73;9,209
13;2025;09;30;11;43;48;1,557;0,206;0,12;27,923;29,309;30,916;-441,937;-173,302;15697,21;9,209
13;2025;09;30;11;43;48;1,629;-0,117;0,28;30,57;31,297;29,493;576,778;-575,387;15695,55;9,209
13;2025;09;30;11;43;49;1,726;0,021;-0,535;29,369;25,356;30,306;460,357;-624,029;15922,07;9,209
13;2025;09;30;11;43;49;2,173;-0,31;-1,68;31,972;30,016;29,764;-624,423;739,648;16116,84;9,209
13;2025;09;30;11;43;50;1,037;-0,059;0,112;25,698;25,091;30,193;975,133;-865,135;15868,8;9,209
13;2025;09;30;11;43;50;0,977;0,052;-0,179;28,345;31,187;32,429;23,82;-330,694;15880,45;9,209
13;2025;09;30;11;43;51;0,818;-0,202;-0,454;29,992;27,255;31,345;894,742;-912,331;15849,57;9,209
13;2025;09;30;11;43;51;1,35;-0,098;0,103;26,899;27,565;30,352;92,467;-1309,387;15765,38;9,209
13;2025;09;30;11;43;52;1,486;0,145;-0,493;27,989;26,637;29,019;-657,432;375,54;16255,33;9,209
13;2025;09;30;11;43;52;1,517;0,065;-0,571;26,143;30,281;28,522;65,199;-533,785;16083;9,209
13;2025;09;30;11;43;53;1,315;0,107;0,262;30,37;27,741;29,358;125,209;-939,739;15937,41;9,209
13;2025;09;30;11;43;53;1,636;-0,029;-0,254;26,677;31,496;29,426;-70,338;137,035;15869,74;9,209
13;2025;09;30;11;43;54;1,393;0,112;0,224;27,211;27,631;30,352;43,224;543,062;15854,88;9,209
13;2025;09;30;11;43;54;0,795;0,096;0,852;26,009;25,422;31,481;61,596;-492,751;15570,18;9,209
13;2025;09;30;11;43;55;0,968;0,016;-0,301;30,926;25,356;28,703;61,561;-147,254;15271,12;9,209
13;2025;09;30;11;43;55;1,153;0,053;-0,27;27,767;25,555;30,103;24,627;-1399,11;16125,84;9,209
13;2025;09;30;11;43;56;0,997;0,187;0,268;29,102;26,151;29,9;-204,438;415,825;15716,91;9,209
13;2025;09;30;11;43;57;1,531;-0,026;0,575;23,806;28,36;29,674;76,043;203,256;15704,09;9,209
13;2025;09;30;11;43;57;2,085;-0,142;0,565;27,945;26,526;32,294;-240,322;697,159;15737,87;9,209
13;2025;09;30;11;43;57;1,726;0,126;-0,218;32,016;31,076;28,274;-1100,667;688,528;16238,5;9,209
13;2025;09;30;11;43;58;1,682;0,056;0,422;26,632;27,675;32,023;-664,656;811,485;16023,51;9,209
13;2025;09;30;11;43;59;1,454;0,269;-0,023;28,456;29,199;30,058;273,483;-729,719;15462,58;9,209
13;2025;09;30;11;43;59;1,699;0,019;-0,715;30,437;29,663;33,852;446,835;1418,104;15755,6;9,209
13;2025;09;30;11;44;00;1,939;0,059;-0,239;29,925;24,98;30,668;323,52;-267,836;15865,87;9,209
13;2025;09;30;11;44;00;1,667;-0,019;-0,068;28,812;26,593;26,987;169,529;-547,258;15748,42;9,209
13;2025;09;30;11;44;01;1,465;-0,098;0,055;30,459;28,713;25,383;741,649;-516,766;15836,38;9,209
13;2025;09;30;11;44;01;1,532;0,094;-0,289;27,322;28,47;31,165;781,602;-879,71;15544,85;9,209
13;2025;09;30;11;44;02;1,161;-0,003;0,611;30,281;30,082;28,387;109,109;-283,113;15687,65;9,209
13;2025;09;30;11;44;02;0,933;0,247;0,094;26,209;24,406;30,239;-193,446;1646,696;15242,89;9,209
13;2025;09;30;11;44;03;1,25;-0,006;0,12;28,679;28,426;31,684;-788,701;-577,075;16231,63;9,209
13;2025;09;30;11;44;03;1,548;-0,017;-0,17;26,721;25,312;31,458;397,802;-1292,74;15697,91;9,209
13;2025;09;30;11;44;04;1,491;0,083;-0,424;26,788;28,271;32,226;-178,377;1786,978;15350,99;9,209
13;2025;09;30;11;44;04;0,77;-0,062;0,028;27,411;29,508;30,51;-84,054;-225,175;16348,55;9,209
13;2025;09;30;11;44;05;1,333;0,036;-0,044;28,256;29,817;32,271;-87,946;1225,444;16008,05;9,209
13;2025;09;30;11;44;05;1,568;0,078;0,255;28,545;26,549;30,216;418,125;124,76;15792,65;9,209
13;2025;09;30;11;44;06;1,815;0,165;-0,214;29,725;29,53;33,852;557,37;-217,374;15670,86;9,209
13;2025;09;30;11;44;06;1,644;0,066;-0,273;31,171;29,552;31,142;342,459;743,674;15517,5;9,209
13;2025;09;30;11;44;07;1,533;0,205;0,156;27,633;26,438;31,684;-76,951;1891,928;15776,7;9,209
13;2025;09;30;11;44;07;1,505;-0,11;-0,67;26,832;27,719;27,777;197,268;488,792;15651,95;9,209
13;2025;09;30;11;44;08;0,709;-0,045;-0,42;29,68;27,3;31,255;69,144;-512,536;15600,26;9,209
13;2025;09;30;11;44;08;1,421;-0,25;-0,39;29,057;28,139;32,023;240,785;-413,377;16156,16;9,209
13;2025;09;30;11;44;09;0,987;-0,102;-0,154;30,748;26,769;31,684;567,414;994,959;15905,28;9,209
13;2025;09;30;11;44;09;1,514;-0,153;-0,157;26,009;29,508;30,126;359,188;-477,508;15807,35;9,209
13;2025;09;30;11;44;10;1,477;-0,085;0,111;27,522;25,444;27,574;593,872;-343,663;15444,54;9,209
13;2025;09;30;11;44;10;1,428;-0,085;0,191;26,81;27,785;28,522;92,057;60,984;16223,58;9,209
13;2025;09;30;11;44;11;1,812;-0,129;0,099;27,767;29,685;29,2;675,787;-2030,619;15863,34;9,209
13;2025;09;30;11;44;11;1,584;-0,054;0,213;26,565;29,398;33,062;457,058;-129,099;15735,21;9,209
13;2025;09;30;11;44;12;1,253;-0,028;0,243;26,165;28,558;30,577;-120,938;-311,309;15841,12;9,209
13;2025;09;30;11;44;12;1,544;-0,221;-0,38;28,501;28,801;30,216;386,512;-347,133;16329,13;9,209
13;2025;09;30;11;44;13;1,344;-0,033;-0,087;29,391;29,552;29,561;-156,351;892,161;16180,82;9,209
13;2025;09;30;11;44;13;1,673;0,157;1,957;27,789;28,978;29,313;345,14;-249,111;15959,29;9,209
13;2025;09;30;11;44;14;1,03;-0,134;0,383;24,429;26,328;31,458;-942,274;541,277;16264,12;9,209
13;2025;09;30;11;44;14;1,246;0,009;0,073;27,878;30,193;32,361;670,193;-1471,74;15899,37;9,209
13;2025;09;30;11;44;15;0,391;-0,275;-0,632;27,811;30,038;29,268;381,961;611,549;15550,76;9,209
13;2025;09;30;11;44;15;0,101;-0,147;0,837;28,723;27,034;28,59;-271,646;904,692;15876,16;9,209
13;2025;09;30;11;44;16;0,919;-0,283;0,129;28,301;26,394;28,997;1161,084;-603,007;15179,9;9,209
13;2025;09;30;11;44;16;1,498;0,148;0,016;29,547;29,089;28,861;442,855;-237,718;15733,13;9,209
13;2025;09;30;11;42;43;0,724;0,068;0,499;26,966;31,584;32,316;153,836;-1102,367;15709,16;9,192
13;2025;09;30;11;42;43;0,662;-0,086;0,028;28,011;25,555;30,261;-1310,677;-1481,483;15879,83;9,19
13;2025;09;30;11;42;44;1,448;0,014;-0,357;24,852;28,735;30,6;185,569;470,482;15850,3;9,198
13;2025;09;30;11;42;44;1,103;-0,082;-0,065;28,123;29,089;30,735;-389,725;-1891,932;15857,94;9,194
13;2025;09;30;11;42;45;0,658;-0,223;-0,749;30,548;27,41;30,713;176,004;289,328;15460,31;9,192
13;2025;09;30;11;42;45;0,609;-0,286;-0,691;28,301;27,52;30,894;-37,229;-527,924;15555,87;9,19
13;2025;09;30;11;42;46;0,507;-0,099;-0,354;29,48;26,504;29,877;-489,128;1973,193;15500,57;9,198
13;2025;09;30;11;42;46;0,644;-0,116;-0,223;24,541;24,693;26,535;291,551;-2370,133;15426,99;9,204
13;2025;09;30;11;42;47;0,823;0,195;0,097;27,7;31,076;31,142;1737,663;4024,037;14914,96;9,209
13;2025;09;30;11;42;47;0,057;-0,115;-0,098;25,609;31,783;30,668;-252,89;-147,163;16341,01;9,194
13;2025;09;30;11;42;48;0,982;-0,022;-0,556;27,411;29,773;30,058;-334,912;-1318,694;15826,9;9,203
13;2025;09;30;11;42;48;0,86;-0,115;-0,567;27,722;29,862;31,571;-1988,396;604,468;16780,18;9,199
13;2025;09;30;11;42;49;0,936;0,079;0,743;28,145;28,492;29,945;617,499;-230,5;14818,44;9,209
13;2025;09;30;11;42;49;0,868;-0,016;0,645;30,748;27,697;30,216;-637,944;-632,987;15671,24;9,209
13;2025;09;30;11;42;50;0,897;0,041;0,249;27,656;25,996;27,258;-668,052;2178,366;16324,31;9,209
13;2025;09;30;11;42;50;0,766;0,034;0,268;27,3;30,922;26,219;1118,693;-727,653;14656,28;9,199
13;2025;09;30;11;42;51;0,558;0,012;0,317;29,903;28,581;29,629;-269,556;730,528;15934,42;9,209
13;2025;09;30;11;42;51;1,297;0,163;0,641;29,947;25,753;29,177;2990,98;1760,908;13259,29;9,209
13;2025;09;30;11;42;52;1,822;0,178;0,345;28,167;26,792;28,545;-1282,851;-1616,375;16133,16;9,209
13;2025;09;30;11;42;52;1,182;0,274;-0,426;29,814;25,179;34,462;670,077;-1352,441;15631,2;9,209
13;2025;09;30;11;42;53;1,215;0,052;-0,418;30,058;30,038;26,58;556,732;-659,8;16259,42;9,209
13;2025;09;30;11;42;53;0,266;-0,159;-0,26;30,125;27,211;34,8;-908,725;1551,839;15930,07;9,209
13;2025;09;30;11;42;54;0,992;0,064;-0,472;28,679;27,498;33,084;-767,066;-1841,914;15556,96;9,209
13;2025;09;30;11;42;54;0,556;0,077;0,76;26,321;32,335;30,464;-632,686;185,856;15896,67;9,209
13;2025;09;30;11;42;55;0,228;-0,196;0,137;29,547;26,836;30,284;-932,772;343,761;15049,18;9,209
13;2025;09;30;11;42;55;1,298;0,214;0,591;28,657;26,526;27,845;392,822;3247,291;15288,85;9,209
13;2025;09;30;11;42;56;0,698;0,298;0,153;27,5;28,139;28,432;-930,243;460,396;16066,69;9,209
13;2025;09;30;11;42;56;0,374;-0,023;-0,114;27,3;28,757;30,171;794,7;1769,99;15835,64;9,209
13;2025;09;30;11;42;57;0,624;-0,035;0,116;26,788;30,392;27,867;-714,214;-1138,229;16557,19;9,209
13;2025;09;30;11;42;57;0,743;-0,063;0,015;31,327;26,151;31,481;451,001;-2064,05;15105,62;9,209
13;2025;09;30;11;42;58;1,138;0,285;-0,304;30,147;25,179;29,968;-1610,194;1000,324;16253,07;9,209
13;2025;09;30;11;42;58;0,853;0,095;-0,363;26,743;28,779;29,222;-805,412;1856,742;16212,77;9,209
13;2025;09;30;11;42;59;1,104;0,303;0,566;26,699;28,183;29,584;474,425;-714,143;14532,04;9,209
13;2025;09;30;11;43;00;1,157;-0,138;-0,51;26,076;26,659;30,216;223,642;-1635,749;15997,92;9,209
13;2025;09;30;11;43;00;1,145;0,046;0,241;28,167;31,562;30,397;-1416,447;2066,291;15745;9,209
13;2025;09;30;11;43;00;1,089;0,008;0,267;30,303;25,444;30,193;810,846;-169,757;15118,14;9,209
13;2025;09;30;11;43;01;0,63;0,158;0,084;27,433;25,179;30,284;-956,37;-1927,728;16374,46;9,209
13;2025;09;30;11;43;02;1,085;0,111;-0,235;29,235;26,394;28,026;-1040,978;417,117;15638,15;9,209
13;2025;09;30;11;43;02;0,888;-0,058;-0,377;29,88;28,249;31,887;-855,511;-823,569;16137,67;9,209
13;2025;09;30;11;43;03;1,076;0,097;-0,313;29,524;29,265;30,397;-1129,213;2812,01;16765,54;9,209
13;2025;09;30;11;43;03;0,89;0,25;0,203;28,367;32,026;28,974;132,772;148,812;16002,3;9,209
13;2025;09;30;11;43;04;0,785;-0,066;-0,215;25,342;24,406;29,606;41,433;997,454;15300,68;9,209
13;2025;09;30;11;43;04;1,08;0,333;-0,193;29,035;25,135;32,181;-306,632;-2453,606;16137,51;9,209
13;2025;09;30;11;43;05;0,483;-0,044;-1,576;32,484;28,912;26,896;-1233,208;4184,237;16138,87;9,209
13;2025;09;30;11;43;05;1,277;0,125;-0,153;30,281;30,149;30,171;551,776;-509,542;14949,09;9,209
13;2025;09;30;11;43;06;1,401;0,214;-0,615;29,057;27,344;27,867;-555,471;-1331,842;15939,82;9,209
13;2025;09;30;11;43;06;0,777;0,246;0,45;28,167;28,669;27,551;-1505,381;-1666,235;16723,66;9,209
13;2025;09;30;11;43;07;0,85;0,116;-0,244;25,92;29,199;29,584;-547,661;-298,813;15937,4;9,209
13;2025;09;30;11;43;07;0,217;0,245;0,772;27,9;24,848;27,325;1312,601;618,737;15407,41;9,209
13;2025;09;30;11;43;08;0,78;0,014;-0,085;27,834;30,37;29,245;-1755,402;1674,294;15371,07;9,209
13;2025;09;30;11;43;08;1,091;0,319;-0,073;28,145;26,637;33,852;513,557;-2030,348;15172,8;9,209
13;2025;09;30;11;43;09;1,017;0,113;-0,432;31,104;28,338;27,935;-83,805;-400,712;15933,62;9,209
13;2025;09;30;11;43;09;0,445;0,171;0,244;26,988;28,514;28,432;-1035,145;-265,325;15983,53;9,209
13;2025;09;30;11;43;10;1,005;0,088;-0,167;28,056;27,896;30,487;88;-4961,228;16325,18;9,209
13;2025;09;30;11;43;10;1,229;0,138;-0,166;28,946;26,946;28,387;-863,285;-1129,325;16963,82;9,209
13;2025;09;30;11;43;11;0,617;-0,055;-0,276;31,416;29,795;31,119;-1547,784;2370,566;15844,9;9,209
13;2025;09;30;11;43;11;0,449;0,024;0,314;27,478;25,025;25,135;-81,748;1311,047;15793,92;9,209
13;2025;09;30;11;43;12;0,752;0,053;-0,089;28,1;28,625;28,884;-201,274;-361,381;16012,83;9,209
13;2025;09;30;11;43;12;1,129;0,023;-0,283;26,499;25,135;29,132;-1329,905;1224,004;16443,64;9,209
13;2025;09;30;11;43;13;0,748;0,175;-0,166;25,631;27,189;28,206;-793,863;507,673;15068,66;9,209
14;2025;09;30;11;49;09;2,085;0,192;2,797;27,211;25,245;-0,271;-1300,919;980,8;15769,9;9,209
14;2025;09;30;11;49;10;1,917;0,188;0,949;24,185;28,028;0;-1104,856;925,431;15759,05;9,209
14;2025;09;30;11;49;10;1,581;0,254;0,352;23,206;27,94;0,655;-1166,034;860,273;15737,01;9,209
14;2025;09;30;11;49;11;1,642;0,228;0,375;29,346;26,968;-0,068;-780,778;472,832;15669,39;9,209
14;2025;09;30;11;49;11;1,939;0,174;1,459;28,056;26,858;-0,316;-1046,711;1438,104;15452,48;9,209
14;2025;09;30;11;49;12;1,624;0,422;1,101;25,831;27,41;1,242;-1086,906;585,548;15633,11;9,209
14;2025;09;30;11;49;12;1,953;0,256;3,315;20,892;26,549;-0,745;-891,974;479,092;15885,79;9,214
14;2025;09;30;11;49;13;1,669;0,113;1,248;28,768;26,416;-0,023;-1105,12;247,149;15885,17;9,209
14;2025;09;30;11;49;13;1,948;0,355;0,578;22,939;28,934;-0,068;-1094,567;323,063;15616,35;9,225
14;2025;09;30;11;49;14;1,925;0,263;-0,128;22,294;28,05;3,658;-792,013;508,061;15646,75;9,218
14;2025;09;30;11;49;14;1,831;0,143;0,442;22,093;28,691;0,881;-1171,797;696,977;15954,81;9,209
14;2025;09;30;11;49;15;2,123;0,113;-0,242;18,022;28,978;4,991;-1006,032;618,362;15742,61;9,218
14;2025;09;30;11;49;15;1,831;0,16;0,277;26,855;29,243;5,33;-926,268;545,307;15690,26;9,209
14;2025;09;30;11;49;16;1,816;0,218;-0,098;26,944;27,697;-0,271;-1065,923;613,654;15820,66;9,209
14;2025;09;30;11;49;16;1,722;0,289;4,756;27,834;26,747;-0,903;-1062,432;711,06;15632,32;9,214
14;2025;09;30;11;49;17;1,9;0,312;-4,602;20,202;25,444;-0,203;-1224,076;842,68;15954,46;9,209
14;2025;09;30;11;49;17;1,869;0,256;0,813;27,277;28,205;1,174;-1187,302;684,508;15671,55;9,209
14;2025;09;30;11;49;18;1,848;-0,003;-0,051;26,588;26,99;7,294;-609,739;445,814;15726,03;9,213
14;2025;09;30;11;49;18;1,569;0,305;0,679;24,674;27,542;6,481;-1350,521;772,013;15896,17;9,209
14;2025;09;30;11;49;19;1,706;0,27;3,12;28,011;27,565;4,878;-930,673;751,849;15784,3;9,237
14;2025;09;30;11;49;19;1,86;0,338;-3,398;19,935;29,089;4,178;-1521,313;1927,164;15589,65;9,219
14;2025;09;30;11;49;20;1,458;0,128;-1,044;27,989;25,577;0,023;-845,702;495,461;16054,99;9,223
14;2025;09;30;11;49;20;1,654;0,131;-2,489;25,475;26,946;-0,226;-1302,564;709,052;15863,04;9,225
14;2025;09;30;11;49;21;1,72;0,249;0,699;22,916;26,526;-0,248;-952,84;1155,113;15881,1;9,218
14;2025;09;30;11;49;21;1,48;0,439;-0,863;29,102;30,613;-0,181;-997,019;605,794;15757,7;9,219
14;2025;09;30;11;49;22;1,279;0,513;1,037;26,031;29,84;5,194;-1257,342;1450,933;15671,53;9,218
14;2025;09;30;11;49;22;1,616;0,328;0,932;30,904;30,833;1,129;-1188,406;1107,478;15661,72;9,219
14;2025;09;30;11;49;23;1,481;0,173;2,21;31,327;30,127;-0,226;-1534,922;918,286;15978,84;9,218
14;2025;09;30;11;49;23;1,775;0,263;2,33;17,755;26,968;-0,248;-1090,551;598,677;15798,9;9,225
14;2025;09;30;11;49;24;1,823;0,063;-0,12;28,746;31,099;5,104;-1382,159;385,397;15988,48;9,223
14;2025;09;30;11;49;24;1,808;0,221;0,045;29,124;27,432;-0,655;-1117,369;777,654;15626,51;9,236
14;2025;09;30;11;49;25;1,928;0,28;2,546;20,469;27,322;0,497;-1474,482;564,814;15905,19;9,232
14;2025;09;30;11;49;25;1,813;0,221;0,682;24,83;24,207;0,723;-1746,453;910,323;15836,21;9,225
14;2025;09;30;11;49;26;2,108;0,104;-1,366;18,956;27,057;0,632;-852,722;527,978;15536,32;9,237
14;2025;09;30;11;49;26;1,781;-0,049;0,345;29,079;30,348;8,491;-1984,414;651,091;16005,23;9,241
14;2025;09;30;11;49;27;1,614;-0,268;-1,918;29,035;26,902;-0,474;-1622,79;742,662;15843,88;9,237
14;2025;09;30;11;49;27;1,754;-0,193;0,336;29,235;30,127;6,323;-1871,406;495,388;15774,92;9,225
14;2025;09;30;11;49;28;1,908;-0,121;1,127;31,327;30,038;2,529;-1730,927;630,571;15831,78;9,237
14;2025;09;30;11;49;28;1,662;-0,114;0,119;30,058;29,619;-0,271;-778,456;-475,487;15880,06;9,236
14;2025;09;30;11;49;29;1,871;-0,269;-0,186;29,346;27,079;5,962;-1281,379;1166,64;15602,57;9,246
14;2025;09;30;11;49;29;1,889;-0,242;-0,359;31,304;30,105;9,282;-1489,677;1024,148;15685,8;9,241
14;2025;09;30;11;49;30;1,889;-0,254;-2,924;29,013;28,227;0,903;-1771,047;1090,374;15767,54;9,246
14;2025;09;30;11;49;30;1,58;-0,202;-0,011;27,633;28,801;27,506;-1949,78;1230,731;15732,01;9,241
14;2025;09;30;11;49;31;1,647;-0,28;-0,549;27,455;26,284;1,423;-1862,475;1243,597;15784,73;9,228
14;2025;09;30;11;49;31;1,526;-0,306;-0,24;28,367;25,223;9,282;-1836,105;1381,395;15619,69;9,236
14;2025;09;30;11;49;32;1,555;-0,302;-0,065;28,301;28,735;13,459;-1783,448;1959,691;15491,97;9,232
14;2025;09;30;11;49;32;2,083;-0,205;-0,953;29,124;26,306;2,213;-2200,802;1606,798;15635,93;9,241
14;2025;09;30;11;49;33;1,729;-0,297;0,035;26,944;30,613;17,344;-2326,965;2506,607;15577,76;9,246
14;2025;09;30;11;49;33;1,718;-0,304;0,669;29,346;26,725;1,242;-1896,64;2130,144;15523,98;9,241
14;2025;09;30;11;49;34;1,671;-0,379;-0,239;25,72;26,261;22,719;-2244,941;1422,239;15667,19;9,237
14;2025;09;30;11;49;34;1,686;-0,143;-0,759;27,478;27,41;-0,339;-1534,739;1919,629;15450,33;9,241
14;2025;09;30;11;49;35;1,738;-0,216;-0,309;27,722;28,492;10,591;-1955,763;1450,1;15762,96;9,242
14;2025;09;30;11;49;35;1,405;-0,385;0,107;27,856;28,846;7,565;-1668,775;1631,209;15702,25;9,246
14;2025;09;30;11;49;36;1,891;-0,33;0,291;29,257;30,679;5,217;-1423,552;997,759;15615,46;9,242
14;2025;09;30;11;49;36;1,772;-0,239;-4,016;29,903;29,42;-0,429;-1632,851;1063,108;15714,7;9,246
14;2025;09;30;11;49;37;1,795;-0,158;0,238;31,638;27,83;8,807;-1395,667;1229,592;15653,36;9,232
14;2025;09;30;11;49;37;1,382;-0,36;-0,286;27,188;25,025;27,393;-1410,977;997,343;15695,5;9,246
14;2025;09;30;11;49;38;1,855;-0,227;-0,208;29,102;28,558;0;-1689,4;1216,4;15715,35;9,246
14;2025;09;30;11;49;38;1,686;-0,195;-0,082;28,901;26,968;12,624;-1731,561;943,635;15623,02;9,246
14;2025;09;30;11;49;39;1,821;-0,281;0,073;28,946;28,382;11,201;-923,123;764,619;15812,08;9,242
14;2025;09;30;11;47;19;1,016;0,193;0,117;23,94;26,769;30,758;-1284,026;573,191;15648,31;9,209
14;2025;09;30;11;47;20;1,637;0,169;-0,615;25,853;27,498;24,954;-1198,583;1085,863;15960,14;9,209
14;2025;09;30;11;47;20;1,79;-0,025;-0,517;25,831;25,974;26,241;-771,161;297,038;15573,66;9,209
14;2025;09;30;11;47;21;0,939;-0,083;-0,136;26,699;25,047;26,761;-701,353;720,298;15473,01;9,209
14;2025;09;30;11;47;21;1,49;0,029;-0,187;24,363;28,47;29,539;-1372,974;956,616;15773,98;9,209
14;2025;09;30;11;47;22;1,405;-0,002;0,162;28,545;29,155;26,874;-747,914;619,479;15746,82;9,209
14;2025;09;30;11;47;23;1,363;-0,038;0,002;27,922;26,306;27,077;-216,408;976,911;15792,91;9,209
14;2025;09;30;11;47;23;1,387;-0,087;-0,006;26,966;28,161;28,861;-183,222;611,728;15437,39;9,209
14;2025;09;30;11;47;24;1,48;0,087;0,144;26,476;24,76;29,245;-776,559;1101,746;15813,05;9,209
14;2025;09;30;11;47;24;1,262;0,131;0,357;27,789;26,703;31,097;-715,572;608,715;15977,07;9,209
14;2025;09;30;11;47;25;1,823;0,034;0,346;24,696;27,454;27,529;-683,107;916,405;15626,7;9,209
14;2025;09;30;11;47;25;1,64;-0,08;-0,743;30,103;27,057;29,516;-781,266;428,331;15868,21;9,209
14;2025;09;30;11;47;26;1,615;-0,065;0,202;27,989;28,956;28,229;-718,957;371,351;15917,58;9,209
14;2025;09;30;11;47;26;1,851;0,11;0,176;30,459;27,984;31,503;-1014,175;565,445;15709,54;9,209
14;2025;09;30;11;47;27;1,77;0,007;-0,451;26,298;29,53;26,693;-837,121;1329,89;15642,05;9,209
14;2025;09;30;11;47;27;2,034;0,323;-0,671;27,745;25,51;26,942;-977,029;1219,151;15591,89;9,209
14;2025;09;30;11;47;28;1,653;0,186;-0,05;24,963;29,663;29,629;-1009,378;1023,673;15741,09;9,209
14;2025;09;30;11;47;28;1,322;-0,008;0,185;30,748;27,277;30,781;-107,209;439,457;15728,58;9,209
14;2025;09;30;11;47;29;1,655;-0,122;-0,453;30,993;27,741;32,271;-367,799;404,16;15528,66;9,209
14;2025;09;30;11;47;29;1,704;0,013;-0,18;27,834;29,133;31,097;-882,449;518,361;15728,5;9,209
14;2025;09;30;11;47;30;1,596;-0,021;-0,003;27,945;26,239;29,38;-376,971;926,362;15583,35;9,209
14;2025;09;30;11;47;30;1,406;-0,004;0,007;28,568;29,243;31,39;111,218;31,89;15678,03;9,209
14;2025;09;30;11;47;31;1,312;-0,073;0,168;28,167;27,101;29,922;-733,334;978,347;15735,28;9,209
14;2025;09;30;11;47;31;1,231;0,046;-0,225;28,946;26,814;26,942;-749,428;833,809;15758,99;9,209
14;2025;09;30;11;47;32;1,219;0,039;-0,135;25,097;25,842;29,042;-655,36;384,891;15782,51;9,209
14;2025;09;30;11;47;32;1,766;0,003;-0,281;27,856;27,918;26,896;-602,317;234,049;15733,81;9,209
14;2025;09;30;11;47;33;1,808;0,027;-0,306;26,788;26,239;33,016;-327,026;739,783;15797,04;9,209
14;2025;09;30;11;47;33;1,501;-0,012;-0,062;27,522;26,769;27,19;-347,556;216,29;15808,36;9,209
14;2025;09;30;11;47;34;1,421;-0,081;0,151;30,103;25,555;30,916;-711,954;1412,069;15771;9,209
14;2025;09;30;11;47;34;1,917;0,048;0,188;28,034;29,221;27,551;-119,968;629,669;16093,23;9,209
14;2025;09;30;11;47;35;1,823;-0,128;-0,252;27,989;30,127;27,89;-114,344;283,478;15830,51;9,209
14;2025;09;30;11;47;35;1,438;0,006;-0,221;28,056;25,444;27,642;-216,604;304,848;15914,91;9,209
14;2025;09;30;11;47;36;1,695;-0,048;0,041;32,506;26,902;30,532;60,344;914,457;15339,33;9,209
14;2025;09;30;11;47;36;1,332;-0,063;-0,048;26,565;28,249;29,697;-392,929;768,058;15860,49;9,209
14;2025;09;30;11;47;37;1,041;0,222;0,785;26,565;26,814;30,961;-481,386;511,331;15732,4;9,209
14;2025;09;30;11;47;37;1,002;-0,006;0,088;26,632;24,605;29,629;-775,052;307,708;15938,38;9,209
14;2025;09;30;11;47;38;1,484;-0,101;-0,214;30,036;28,669;27,935;-672,467;88,525;16000,39;9,209
14;2025;09;30;11;47;38;1,922;-0,276;-0,494;29,858;28,713;31,436;-312,025;630,973;15646,97;9,209
14;2025;09;30;11;47;39;1,222;0,024;0,087;26,966;28,426;31,3;-406,999;607,002;15819,92;9,209
14;2025;09;30;11;47;39;1,401;-0,135;0,122;30,125;30,149;30,487;-166,043;518,253;15885,14;9,209
14;2025;09;30;11;47;40;1,148;0,037;0,146;25,386;28,801;29,493;-8,691;272,154;15629,63;9,209
14;2025;09;30;11;47;40;1,413;-0,082;0,615;26,944;28,625;29,855;-69,102;-18,452;15566,75;9,209
14;2025;09;30;11;47;41;1,727;-0,109;-0,806;29,057;29,133;27,755;-1128,11;1146,345;16054,28;9,209
14;2025;09;30;11;47;41;0,953;0,063;0,164;26,721;30,193;26,761;-640,305;862,11;15560,55;9,209
14;2025;09;30;11;47;42;1,559;-0,152;0,107;27,099;28,139;27,009;-742,868;794,664;15587,67;9,209
14;2025;09;30;11;47;42;1,411;0,046;0,036;31,571;25,157;31,752;-501,289;606,544;15659,25;9,209
14;2025;09;30;11;47;43;0,782;-0,219;-0,066;26,321;27,123;27,032;-460,2;754,307;15846,96;9,209
14;2025;09;30;11;47;43;1,295;-0,026;-0,218;26,766;25,82;30,487;-1117,708;720,531;15854,71;9,209
14;2025;09;30;11;47;44;1,446;-0,01;0,194;27,322;23,611;30,532;-519,036;801,246;15900,94;9,209
14;2025;09;30;11;47;44;0,877;-0,068;-0,109;27,166;24,517;31,029;-480,16;175,088;15666,96;9,209
14;2025;09;30;11;47;45;1,583;0,163;0,134;27,322;28,713;27,664;-1009,124;690,102;15763,05;9,209
14;2025;09;30;11;47;45;1,133;0,054;0,346;27,745;29,862;29,313;-1059,706;777,482;16015,77;9,209
14;2025;09;30;11;47;46;1,027;-0,174;0,229;26,899;25,334;29,742;-515,884;189,772;15854,7;9,209
14;2025;09;30;11;47;46;1,517;-0,191;-0,344;27,9;27,542;29,606;-463,483;440,472;15812,26;9,209
14;2025;09;30;11;47;47;1,73;-0,167;1,56;27,656;25,069;31,481;-592,306;804,761;15729,36;9,209
14;2025;09;30;11;47;47;1,169;0,008;0,008;26,254;25,312;30,735;-533,696;216,125;15940,23;9,209
14;2025;09;30;11;47;48;1,281;-0,005;0,151;29,569;28,161;31,187;-986,456;760,684;15828,1;9,209
14;2025;09;30;11;47;48;1,289;-0,192;0;29,814;27,498;28,093;-606,361;692,544;15637,62;9,209
14;2025;09;30;11;47;49;1,43;-0,228;0,109;28,901;26,261;31,142;-1213,271;771,598;15859,72;9,209
14;2025;09;30;11;47;49;1,327;0,008;0,638;28,434;28,514;28,997;-951,44;717,069;15670,89;9,209
14;2025;09;30;11;46;19;2,052;-0,156;-1,148;27,722;27,587;30,329;-390,139;1827,568;16229,65;9,209
14;2025;09;30;11;46;19;1,962;-0,046;-0,827;22,004;26,173;30,894;-384,135;804,775;15545,79;9,209
14;2025;09;30;11;46;20;1,424;0,211;0,128;28,568;24,296;29,38;-901,376;1072,828;15975,78;9,209
14;2025;09;30;11;46;20;1,364;0,107;0,186;28,924;29,729;26,625;-181,99;631,495;15757,09;9,209
14;2025;09;30;11;46;21;1,165;0,002;0,387;32,862;27,542;32,926;-501,1;31,238;15530,63;9,209
14;2025;09;30;11;46;21;1,466;0,099;-0,251;26,031;25,974;28,974;136,921;1583,639;15434,33;9,209
14;2025;09;30;11;46;22;0,649;0,082;0,388;24,963;27,741;27,755;-597,431;-31,511;16304,36;9,209
14;2025;09;30;11;46;22;0,981;0,232;0,195;25,497;27,785;26,309;-366,292;291,74;16147,05;9,209
14;2025;09;30;11;46;23;0,745;0,224;1,407;25,742;22,97;27,551;-663,801;2648,89;15636,96;9,209
14;2025;09;30;11;46;23;0,97;0,106;0,112;28,612;26,35;28,161;-542,576;701,175;15435,49;9,209
14;2025;09;30;11;46;24;1,164;-0,06;0,758;28,568;27,896;28,116;-573,445;786,354;16070,33;9,209
14;2025;09;30;11;46;24;1,45;0,118;0,492;26,966;26,35;30,894;-243,724;1596,733;15233,74;9,209
14;2025;09;30;11;46;25;1,567;0,179;-0,096;26,988;24,472;28,613;-445,695;600,909;15938,87;9,209
14;2025;09;30;11;46;25;1,196;0,041;0,103;26,677;29,199;29,629;-826,032;278,301;15848,85;9,209
14;2025;09;30;11;46;26;1,173;0,182;-0,027;25,052;28,713;31,368;-874,879;2731,776;15825,04;9,209
14;2025;09;30;11;46;26;0,809;0,149;-0,646;25,609;24,097;28,59;-789,214;941,535;15705,03;9,209
14;2025;09;30;11;46;27;1,44;0,123;0,434;30,192;28,89;28,567;-117,806;-335,047;15786,68;9,209
14;2025;09;30;11;46;27;1,529;0,07;0,36;27,3;26,504;30,735;-298,904;1455,594;15620,27;9,209
14;2025;09;30;11;46;28;1,167;0,138;-0,104;27,656;26,195;31,684;-894,41;23,372;16373,99;9,209
14;2025;09;30;11;46;28;1,29;0,136;0,448;30,57;28,36;28,613;-482,977;1222,503;16154,35;9,209
14;2025;09;30;11;46;29;1,427;0,21;0,039;27,633;24,914;28,116;-376,302;-1181,552;15774,12;9,209
14;2025;09;30;11;46;29;1,117;0,249;0,066;23,428;25,179;28,703;-587,314;-997,233;16357,89;9,209
14;2025;09;30;11;46;30;1,224;0,093;-0,826;28,212;27,719;29,651;-705,421;-793,645;15341,71;9,209
14;2025;09;30;11;46;30;1,31;0,064;-0,046;27,611;26,593;29,448;-671,327;375,802;15737,23;9,209
14;2025;09;30;11;46;31;0,884;0,113;-0,473;26,632;26,018;29,539;-826,071;-551,313;15698,48;9,209
14;2025;09;30;11;46;31;1,277;0,157;-0,002;26,944;27,432;27,619;-288,136;63,088;15743,14;9,209
14;2025;09;30;11;46;32;1,912;0,015;-0,446;27,767;25,157;29,155;-1406,287;-313,251;16077,79;9,209
14;2025;09;30;11;46;32;1,16;0,127;0,598;27,989;26,151;26,083;-252,271;240,925;15431,94;9,209
14;2025;09;30;11;46;33;0,987;0,007;0,231;27,455;27,012;28,522;-262,783;-1747,952;16241,54;9,209
14;2025;09;30;11;46;33;0,832;0,087;0,102;26,766;26,814;30,216;-391,194;-936,335;15796,88;9,209
14;2025;09;30;11;46;34;1,006;-0,073;0,273;25,564;26,018;30,148;-871,806;1929,109;15448,44;9,209
14;2025;09;30;11;46;34;0,968;0,23;-0,468;26,699;25,422;29,787;-476,307;-796,109;16418,41;9,209
14;2025;09;30;11;46;35;1,316;0,1;0,09;27,722;24,318;31,006;-382,639;-415,425;16032,49;9,209
14;2025;09;30;11;46;35;1,566;-0,018;-0,144;30,481;25,29;28,59;-373,201;433,348;15908,49;9,209
14;2025;09;30;11;46;36;1,523;0;0,36;27,055;25,4;30,464;-69,367;-85,93;15807,42;9,209
14;2025;09;30;11;46;36;1,341;-0,045;-0,31;29,324;28,249;28,161;-684,542;-45,46;15598,71;9,209
14;2025;09;30;11;46;37;1,133;0,079;-0,392;27,455;26,571;29,516;-384,638;1922,222;16411,43;9,209
14;2025;09;30;11;46;37;1,423;-0,049;-0,555;31,66;29,221;28,274;-161,712;-460,612;15758,59;9,209
14;2025;09;30;11;46;38;1,104;0,011;-0,412;27,945;29,685;28,974;-432,028;665,214;16310,36;9,209
14;2025;09;30;11;46;38;1,138;0,026;-0,01;27,722;27,808;31,458;-321,236;-20,217;15738,59;9,209
14;2025;09;30;11;46;39;1,592;0,076;0,261;24,363;27,542;27,213;-1229,653;2145,978;16765,62;9,209
14;2025;09;30;11;46;39;1,446;-0,189;-0,097;27,5;26,018;26,806;-629,503;-306,113;16137,49;9,209
14;2025;09;30;11;46;40;1,342;0,042;-0,166;28,212;31,099;29,877;-828,085;1003,978;16075,37;9,209
14;2025;09;30;11;46;40;1,14;-0,159;-0,231;26,387;24,936;32,745;240,841;-182,951;15609,96;9,209
14;2025;09;30;11;46;41;0,693;0,132;-0,188;26,921;30,083;27,371;184,785;1407,369;15668,98;9,209
14;2025;09;30;11;46;41;0,528;0,192;0,479;26,632;28,625;31,21;-685,126;-887,505;15969,79;9,209
14;2025;09;30;11;46;42;1,488;0,287;0,167;29,547;28,669;27,122;-103,514;175,112;15121,48;9,209
14;2025;09;30;11;46;42;1,108;-0,028;-0,044;27,722;30,767;28,771;463,035;-188,058;16120,33;9,209
14;2025;09;30;11;46;43;1,727;-0,013;0,026;26,565;26,968;29,651;-737,287;1156,412;15722,96;9,209
14;2025;09;30;11;46;43;1,118;0,074;-0,218;31,149;28,625;27,484;-1167,671;719,207;15766,68;9,209
14;2025;09;30;11;46;44;1,188;0,035;0,007;27,789;28,36;30,69;-291,296;2070,007;15665,89;9,209
14;2025;09;30;11;46;44;0,779;0,219;0,278;28,746;23,92;29,426;-902,802;-213,685;15685,53;9,209
14;2025;09;30;11;46;45;1,285;0,134;-0,218;25,186;25,047;28,793;126,236;-1885,892;16463,8;9,209
14;2025;09;30;11;46;45;1,243;0,09;-0,011;27,9;26,239;27,845;-1066,789;-160,265;15748,45;9,209
14;2025;09;30;11;46;46;1,15;0,017;-0,098;30,303;26,792;29,426;-199,032;416,979;15658,89;9,209
14;2025;09;30;11;46;46;1,124;0,096;0,845;28,835;28,536;28,455;-358,942;427,773;15680,56;9,209
14;2025;09;30;11;46;47;1,332;0,052;0,225;25,72;28,117;27,529;-58,197;770,401;15703;9,209
14;2025;09;30;11;46;47;1,411;0,032;-0,064;27,9;24,936;28,974;-669,458;1633,547;16000,83;9,209
14;2025;09;30;11;46;48;1,644;0,075;-0,139;26,721;27,609;33,92;-313,516;-1731,031;15495,94;9,209
14;2025;09;30;11;46;48;1,489;-0,029;0,111;28,857;27,057;28,364;204,641;678,922;15524,54;9,209
15;2025;09;30;11;53;07;1,347;0,205;0,179;26,232;27,741;12,488;-1169,93;251,33;16102,22;9,246
15;2025;09;30;11;53;08;1,601;0,356;-1,415;19,824;26,217;0,135;-1111,262;880,186;15703,84;9,246
15;2025;09;30;11;53;08;1,426;0,122;0,484;26,321;29,95;6,978;-1474,39;392,682;15649,08;9,246
15;2025;09;30;11;53;09;1,668;0,194;1,672;25,408;22,175;0,903;-1161,998;672,063;15693,51;9,246
15;2025;09;30;11;53;09;1,425;0,186;-0,582;26,254;28,757;-0,316;-1386,591;235,892;15791,4;9,246
15;2025;09;30;11;53;10;1,387;0,069;-1,248;25,408;24,627;-0,135;-1248,311;451,081;15705,38;9,246
15;2025;09;30;11;53;10;1,896;0,154;-0,567;26,187;26,814;-0,181;-884,527;-59,137;15833,67;9,246
15;2025;09;30;11;53;11;1,669;0,138;0,093;27,277;25,974;5,646;-767,797;-240,823;15806,15;9,246
15;2025;09;30;11;53;11;1,733;0,132;-0,42;31,015;29,95;0,745;-1161,814;151,119;15982,85;9,246
15;2025;09;30;11;53;12;1,813;0,158;-1,208;28,212;28,912;1,626;-1090,817;-218,132;15917,49;9,246
15;2025;09;30;11;53;12;1,745;0,157;-1,514;26,921;24,384;4,313;-517,296;361,351;15730,47;9,246
15;2025;09;30;11;53;13;1,968;0,202;-1,366;29,369;21,071;7,565;-726,771;73,579;15734,57;9,246
15;2025;09;30;11;53;13;1,612;0,161;0,571;23,45;20,453;14,092;-1373,178;309,212;15899,83;9,246
15;2025;09;30;11;53;14;1,711;0,295;-3,417;17,732;26,416;6,617;-1266,124;445,704;15663,45;9,246
15;2025;09;30;11;53;14;1,795;0,113;0,397;15,04;27,918;3,817;-1171,092;288,569;15500,31;9,246
15;2025;09;30;11;53;15;1,317;0,141;-1,176;19,045;30,723;0,203;-1880,093;318,309;15899,23;9,246
15;2025;09;30;11;53;15;1,707;0,073;0,087;25,253;26,902;5,668;-1786,04;343,494;15812;9,246
15;2025;09;30;11;53;16;1,929;0,344;0,51;30,681;24,362;3,862;-1355,265;361,435;15826,91;9,246
15;2025;09;30;11;53;16;1,676;0,183;0,306;26,966;27,763;3,455;-1574,698;383,734;15601,14;9,246
15;2025;09;30;11;53;17;1,883;0,085;5,4;29,302;27,366;3,546;-1269,805;378,938;15742,65;9,246
15;2025;09;30;11;53;17;1,826;0,259;-0,91;19,446;33,815;4,517;-1170,084;258,918;15631,15;9,246
15;2025;09;30;11;53;18;1,957;0,431;-3,237;13,438;32,888;3,749;-2582,459;1002,185;15784,41;9,246
15;2025;09;30;11;53;18;1,883;0,271;-3,977;18,978;27,697;1,784;-1135,752;387,282;15834,64;9,246
15;2025;09;30;11;53;19;1,617;0,159;-0,129;28,145;26,328;8,378;-1723,828;427,157;15971,44;9,246
15;2025;09;30;11;53;19;1,682;0,09;0,513;23,005;29,089;4,901;-1421,082;372,337;15686,06;9,246
15;2025;09;30;11;53;20;1,493;0,115;0,313;29,947;28,647;0,248;-1551,548;822,231;15900,53;9,246
15;2025;09;30;11;53;20;1,48;0,249;1,67;24,34;26,703;5,714;-1375,307;631,733;15775,2;9,246
15;2025;09;30;11;53;21;1,599;0,208;-0,007;28,501;29,089;3,094;-1729,351;756,827;15837,53;9,246
15;2025;09;30;11;53;21;1,417;0,247;0,386;26,454;26,328;15,56;-1062,585;650,578;15576,25;9,246
15;2025;09;30;11;53;22;1,662;0,175;3,261;28,835;26,063;-0,158;-1273,305;537,243;15535,79;9,246
15;2025;09;30;11;53;22;1,525;0,332;-0,079;17,999;24,826;1,965;-1636,555;777,256;15726,66;9,246
15;2025;09;30;11;53;23;1,445;0,131;-0,069;24,051;27,034;5,036;-1845,76;480,372;15940,38;9,246
15;2025;09;30;11;53;23;1,569;0,058;3,559;27,277;26,46;0,181;-1539,937;302,835;15998,1;9,246
15;2025;09;30;11;53;24;1,931;0,258;-0,148;27,678;26,306;2,145;-1457,013;581,683;15694,87;9,246
15;2025;09;30;11;53;24;1,591;0,21;-0,35;26,944;28,647;4,855;-1454,122;728,361;15576,81;9,246
15;2025;09;30;11;53;25;1,914;0,098;0,256;27,878;28,757;11,382;-1118,525;515,194;15902,38;9,246
15;2025;09;30;11;53;25;1,686;0,043;-0,065;27,789;25,577;9,914;-1068,449;556,819;15589,34;9,246
15;2025;09;30;11;53;26;1,887;0,139;3,497;29,791;27,123;-0,113;-1118,634;348,721;15659,31;9,246
15;2025;09;30;11;53;26;1,589;0,044;1,13;28,301;27,653;0,565;-720,802;35,132;15539,52;9,246
15;2025;09;30;11;53;27;1,499;0,303;3,663;25,497;26,902;-0,181;-1113,356;483,432;15682,92;9,246
15;2025;09;30;11;53;27;1,871;0,124;-1,362;28,434;27,852;3,794;-1425,459;431,231;15790,17;9,246
15;2025;09;30;11;53;28;1,875;0,148;-0,057;18,4;26,526;1,581;-1522,546;52,254;15878,29;9,246
15;2025;09;30;11;53;28;1,766;0,095;0,217;27,455;29,729;5,759;-1956,984;522,483;15794,94;9,246
15;2025;09;30;11;53;29;1,843;0,197;-0,06;27,589;29,552;4,81;-1318,735;289,54;15876,23;9,246
15;2025;09;30;11;53;29;1,985;0,124;0,658;28,123;29,552;7,362;-1353,91;282,406;15770,02;9,246
15;2025;09;30;11;53;30;1,625;0,214;-0,456;20,58;29,265;2,936;-1423,982;439,24;15611,42;9,246
15;2025;09;30;11;53;30;1,723;0,031;-0,648;22,872;26,482;2,213;-1606,026;362,832;15772,94;9,246
15;2025;09;30;11;53;31;1,276;0,299;0,833;28,501;25,709;14,047;-1591,339;245,752;15752,75;9,246
15;2025;09;30;11;53;31;1,567;0,111;0,233;25,564;26,394;4,923;-1394,731;337,857;15753;9,246
15;2025;09;30;11;53;32;1,479;0,323;2,937;29,48;24,494;1,287;-1687,278;414,395;15633,64;9,246
15;2025;09;30;11;53;32;1,559;0,101;1,977;29,302;26,968;0,068;-1776,213;62,364;15933,61;9,246
15;2025;09;30;11;53;33;1,363;0,13;6,956;25,164;30,016;0,271;-1724,258;385,3;15534,12;9,246
15;2025;09;30;11;53;33;1,363;0,001;0,45;24,874;24,605;11,495;-1680,614;663,906;15742,36;9,246
15;2025;09;30;11;53;34;1,754;0,083;1,487;28,234;26,858;0,068;-1629,766;371,177;15790,49;9,246
15;2025;09;30;11;53;34;1,671;0,198;0,484;28,189;26,504;1,468;-1979,06;500,801;15649;9,246
15;2025;09;30;11;53;35;1,567;0,185;-0,016;26,387;27,808;3,478;-1825,24;67,546;15759,73;9,246
15;2025;09;30;11;53;35;1,796;0,188;0,344;25,008;26,35;1,332;-2150,371;493,285;15820,44;9,246
15;2025;09;30;11;53;36;1,67;0,039;0,268;26,988;25,025;12,895;-1609,896;89,781;15797,53;9,246
15;2025;09;30;11;53;36;1,688;0,145;0,113;29,102;29,862;14,227;-1149,672;-258,479;15695,26;9,246
15;2025;09;30;11;53;37;1,575;0,037;-0,422;28,167;27,653;12,534;-1751,006;5,369;15718,9;9,246
15;2025;09;30;11;51;48;1,626;0,409;-0,084;27,5;25,842;30,577;-51,063;-673,229;15804,2;9,246
15;2025;09;30;11;51;49;0,747;0,532;0,522;26,321;28,735;32,068;-892,06;1191,081;15870,51;9,246
15;2025;09;30;11;51;49;0,966;0,263;-0,36;27,589;29,221;26,919;-414,422;690,371;15507,51;9,246
15;2025;09;30;11;51;50;1,058;0,49;0,198;25,297;29,354;29,019;-616,163;1428,214;15718,5;9,246
15;2025;09;30;11;51;50;1,314;0,282;-0,465;29,013;27,542;28,884;256,666;988,269;15628,51;9,246
15;2025;09;30;11;51;51;0,792;0,346;-0,058;27,567;26,482;29,629;-58,547;591,732;15865,92;9,246
15;2025;09;30;11;51;51;0,99;0,331;0,713;28,657;24,075;28,071;-61,522;603,393;15836,28;9,246
15;2025;09;30;11;51;52;1,492;0,328;0,105;28,345;26,261;25,496;-118,033;-110,029;16026,42;9,246
15;2025;09;30;11;51;52;1,163;0,285;0,575;30,993;26,107;30,984;1170,176;768,262;15221,73;9,246
15;2025;09;30;11;51;53;1,369;0,198;0,134;27,277;27,277;28,048;-161,09;547,726;15956,63;9,246
15;2025;09;30;11;51;53;1,454;0,254;0,168;30,481;26,747;29,606;407,439;147,7;15273,3;9,246
15;2025;09;30;11;51;54;1,437;0,21;0,165;28,256;28,293;30,103;27,66;1500,845;15831,78;9,246
15;2025;09;30;11;51;54;1,734;0,031;-0,112;28,59;25,798;32,249;-429,907;542,007;15939,93;9,246
15;2025;09;30;11;51;55;1,333;-0,102;-0,339;29,569;23,986;27,664;-482,767;-210,534;16157,92;9,246
15;2025;09;30;11;51;55;1,184;-0,144;0,061;29,48;24,958;29,855;-8,255;-656,292;16027,97;9,246
15;2025;09;30;11;51;56;1,152;-0,002;0,108;25,987;25,864;26,467;-233,758;737,48;15853,17;9,246
15;2025;09;30;11;51;56;1,223;0,072;0,34;25,542;25,047;28,567;-132,847;156,487;16184,82;9,246
15;2025;09;30;11;51;57;1,27;-0,067;0,587;27,055;25,356;28,974;-30,486;248,13;15848,08;9,246
15;2025;09;30;11;51;57;1,422;0,038;0,185;28,256;24,936;28,206;-148,776;26,114;15832,79;9,246
15;2025;09;30;11;51;58;1,425;-0,115;-0,069;26,899;28,426;28,274;-550,043;338,179;16194,08;9,246
15;2025;09;30;11;51;58;1,596;-0,167;-0,646;26,298;26,637;29,109;-12,271;241,486;15968,51;9,246
15;2025;09;30;11;51;59;1,459;0,098;-0,399;27,567;25,577;28,455;411,862;-93,81;15446,49;9,246
15;2025;09;30;11;51;59;1,188;-0,222;-1,518;27,678;28,227;25,88;-325,211;294,584;16097,6;9,246
15;2025;09;30;11;52;00;1,456;0,082;0,572;27,366;25,179;28,567;234,611;166,311;15565,72;9,246
15;2025;09;30;11;52;00;0,245;-0,203;0,681;24,652;27,41;29,426;-47,783;-180,114;15870,85;9,246
15;2025;09;30;11;52;01;0,753;-0,237;-1,581;27,166;29,707;29,042;-155,998;575,987;15624,08;9,246
15;2025;09;30;11;52;01;0,926;-0,001;0,752;25,876;27,057;27,958;-12,282;-84,092;15926,31;9,246
15;2025;09;30;11;52;02;1,499;-0,082;-0,818;29,524;26,858;28,997;-518,724;872,948;16040,54;9,246
15;2025;09;30;11;52;02;1,147;0,1;0,026;29,458;29,442;28,658;-233,153;216,181;15625,86;9,246
15;2025;09;30;11;52;03;1,495;-0,049;-0,218;27,878;28,028;32,181;-358,254;235,996;15812;9,246
15;2025;09;30;11;52;03;1,291;-0,044;0,128;30,592;28,581;29,539;-230,182;-455,816;15649,29;9,246
15;2025;09;30;11;52;04;1,223;-0,039;-0,125;25,631;28,05;28,748;-190,507;359,681;15907,96;9,246
15;2025;09;30;11;52;04;1,179;-0,229;-0,506;29,102;27,962;26,603;-848,266;-180,452;15886,16;9,246
15;2025;09;30;11;52;05;1,065;0,066;0,36;26,699;26,195;27,687;-57,495;219,314;15856,57;9,246
15;2025;09;30;11;52;05;1,625;-0,273;0,031;25,119;28,47;28,997;56,649;-679,825;15863,85;9,246
15;2025;09;30;11;52;06;1,447;-0,005;0,398;27,5;28,779;27,235;-187,651;906,672;15822,19;9,246
15;2025;09;30;11;52;06;1,659;-0,027;0,101;26,165;26,703;28,364;-513,138;306,983;15880,04;9,246
15;2025;09;30;11;52;07;1,66;-0,071;0,193;30,147;23,633;27,958;-478,871;136,331;15959,7;9,246
15;2025;09;30;11;52;07;1,555;-0,137;0,146;27,077;25,753;31,526;-318,26;97,431;15931,96;9,246
15;2025;09;30;11;52;08;1,587;-0,244;0,081;29,947;27,719;28,297;-84,079;-107,766;15974,4;9,246
15;2025;09;30;11;52;08;1,699;-0,103;-0,052;28,167;24,141;27,89;-55,623;892,425;15741,97;9,246
15;2025;09;30;11;52;09;1,438;-0,187;0,344;28,634;29,597;31,3;-14,498;248,727;15850,08;9,246
15;2025;09;30;11;52;09;1,234;-0,377;0,044;26,298;29,265;31,097;-237,67;538,252;15992,75;9,246
15;2025;09;30;11;52;10;1,713;-0,092;0,431;28,968;25,577;31,052;-127,97;4,246;15720,32;9,246
15;2025;09;30;11;52;10;1,448;-0,13;-0,089;27,678;27,476;29,268;-9,532;-98,042;16036,3;9,246
15;2025;09;30;11;52;11;1,706;-0,166;0,257;27,544;27,167;28,951;-49,54;48,372;16019,65;9,246
15;2025;09;30;11;52;11;1,392;-0,186;0,047;26,209;23,832;30,352;411,047;-481,397;15904,05;9,246
15;2025;09;30;11;52;12;1,329;-0,117;0,918;25,742;27,211;27,122;-560,469;-332,028;15783,96;9,246
15;2025;09;30;11;52;12;1,269;-0,044;-0,22;27,411;27,962;29,042;-240,308;-298,344;15776,77;9,246
15;2025;09;30;11;52;13;1,361;-0,149;0,022;28,011;25,577;28,274;-89,473;-296,327;15961,75;9,246
15;2025;09;30;11;52;13;1,46;-0,263;-1,508;26,832;28,492;28,048;21,086;74,904;15669,75;9,246
15;2025;09;30;11;52;14;1,295;-0,169;0,142;29,524;27,167;29,448;-190,615;-549,023;15684,13;9,246
15;2025;09;30;11;52;14;0,848;-0,195;0,249;26,209;25,952;28,906;-54,915;-236,35;15682,1;9,246
15;2025;09;30;11;52;15;1,21;-0,271;-0,086;29,013;24,494;30,148;-453,182;30,291;16135,64;9,246
15;2025;09;30;11;52;15;1,418;-0,327;-0,229;27,455;26,063;28,409;-398,631;-284,253;15851,83;9,246
15;2025;09;30;11;52;16;1,303;-0,32;-0,586;25,119;28,757;28,861;-66,171;239,161;15752,19;9,246
15;2025;09;30;11;52;16;1,111;-0,255;-0,16;28,768;25,047;27,867;-546,698;-303,041;16114,93;9,246
15;2025;09;30;11;52;17;0,915;0,05;0,374;29,391;27,057;28,274;-282,098;-397,98;16251,45;9,246
15;2025;09;30;11;52;17;0,705;-0,163;0,607;29,502;27,322;29,629;-178,287;-501,161;15698,15;9,246
15;2025;09;30;11;52;18;1,698;0,059;0,722;30,37;24,782;29,539;-72,468;-322,78;15680,2;9,246
15;2025;09;30;11;50;42;1,438;0,086;0,734;25,942;24,384;30,645;-418,548;-98,377;15699,9;9,209
15;2025;09;30;11;50;42;1,461;0,116;-0,348;24,785;28,448;29,38;-865,897;-694,754;15574,13;9,213
15;2025;09;30;11;50;43;1,666;0,103;-0,016;30,526;27,874;28,771;-894,817;-1069,141;15657,37;9,219
15;2025;09;30;11;50;43;1,946;0,037;-0,507;28,412;27,852;30,713;-1804,857;627,479;15803,77;9,218
15;2025;09;30;11;50;44;1,43;0,126;-0,39;24,073;26,571;28,748;117,071;472,488;15072,93;9,225
15;2025;09;30;11;50;44;0,924;-0,023;-0,688;27,923;26,703;29,606;-810,1;-403,13;15654,99;9,237
15;2025;09;30;11;50;45;1,141;0,047;-0,067;27,122;25,555;30,464;-1099,556;594,359;15830,97;9,214
15;2025;09;30;11;50;45;1,967;0,163;-0,078;27,789;27,542;28,838;-926,664;637,616;15768,34;9,228
15;2025;09;30;11;50;46;1,766;0,227;-0,195;27,633;25,908;29,877;-882,08;-585,454;15817,92;9,241
15;2025;09;30;11;50;46;1,946;0,277;0,514;29,435;28,846;29,132;-455,743;221,608;15534,13;9,228
15;2025;09;30;11;50;47;1,046;0,252;0,167;27,567;23,191;26,829;-1429,417;149,374;16282,13;9,241
15;2025;09;30;11;50;47;1,209;0,107;-0,262;23,784;25,643;27,258;-1946,585;-812,213;16161,38;9,228
15;2025;09;30;11;50;48;1,135;0,198;0,148;26,766;30,767;29,042;-1430,159;-609,162;15822,44;9,236
15;2025;09;30;11;50;48;1,385;0,315;0,914;23,25;25,93;31,797;-1025,542;544,931;16039,95;9,232
15;2025;09;30;11;50;49;1,316;-0,058;-0,796;23,206;27,167;30,352;-330,88;197,402;15790,71;9,241
15;2025;09;30;11;50;49;1,56;0,139;-0,301;25,965;27,322;29,516;-1562,456;1303,389;16077,96;9,242
15;2025;09;30;11;50;50;1,658;0,041;0,001;28,634;26,769;31,232;-986,195;-92,92;15550,72;9,236
15;2025;09;30;11;50;50;1,575;0,244;-0,08;23,918;26,328;30,329;-961,955;1188,451;15636,46;9,237
15;2025;09;30;11;50;51;1,26;0,229;-0,067;25,764;23,832;29,81;-1930,529;354,15;15923,7;9,246
15;2025;09;30;11;50;51;0,794;0,231;0,442;30,348;27,609;28,003;-955,042;1107,977;15263,85;9,246
15;2025;09;30;11;50;52;0,898;0,076;0,023;27,366;23,523;25,338;-732,359;-551,049;15913,45;9,246
15;2025;09;30;11;50;52;0,937;-0,125;0,057;29,747;24,494;27,642;-563,017;-89,149;15939,65;9,242
15;2025;09;30;11;50;53;1,065;0,377;0,211;27,967;25,135;27,709;-800,69;-556,304;15497,42;9,246
15;2025;09;30;11;50;53;0,915;0,12;0,041;25,987;22,153;28,861;-806,796;1446,968;15125,91;9,246
15;2025;09;30;11;50;54;1,083;0,002;-0,9;25,297;26,99;27,506;-162,628;-229,101;15530,99;9,246
15;2025;09;30;11;50;54;1,632;0,128;-0,236;23,717;24,119;31,752;-1163,947;497,273;15996,68;9,246
15;2025;09;30;11;50;55;1,512;0,207;-0,05;27,411;25,533;28,68;-1079,108;142,38;15715,61;9,246
15;2025;09;30;11;50;55;1,011;0,032;-0,102;27,611;29,773;29,764;-475,048;942,366;15695,28;9,246
15;2025;09;30;11;50;56;1,44;0,324;-0,185;25,431;24,34;28,342;-1469,996;2680,203;15770,58;9,241
15;2025;09;30;11;50;56;1,821;0,311;0,043;28,434;25,798;29,109;-150,852;487,341;15469,64;9,246
15;2025;09;30;11;50;57;1,307;0,146;-0,332;27,834;24,826;28,793;-1676,381;1325,13;15870,02;9,246
15;2025;09;30;11;50;57;1,04;0,08;-0,154;25,898;26,416;32,294;-687,485;-704,791;15782,5;9,246
15;2025;09;30;11;50;58;1,671;0,177;-0,168;27,878;25,665;27,732;-423,772;-608,139;15441,52;9,246
15;2025;09;30;11;50;58;1,579;0,305;0,73;29,057;25,223;27,077;-409,252;948,068;15885,27;9,242
15;2025;09;30;11;50;59;1,383;0,37;0,196;27,722;26,063;30,013;-1099,995;868,101;15789,51;9,246
15;2025;09;30;11;50;59;1,222;0,188;-0,001;24,185;27,189;26,625;-900,683;810,069;15735,28;9,246
15;2025;09;30;11;51;00;1,325;0,185;0,075;23,784;28,05;27,19;-569,939;1865,904;15287,52;9,246
15;2025;09;30;11;51;00;1,885;0,347;0,267;27,144;26,593;27,506;-81,893;-112,121;15838,46;9,246
15;2025;09;30;11;51;01;1,856;0,24;0,292;28,99;28,514;27,529;-157,823;-39,092;15401,88;9,246
15;2025;09;30;11;51;01;1,251;0,086;-0,078;28,657;25,378;30,058;-1024,903;870,851;15796,1;9,246
15;2025;09;30;11;51;02;1,292;0,162;0,468;29,435;27,631;26,129;-234,999;-121,262;15435,28;9,246
15;2025;09;30;11;51;02;1,42;0,132;-0,511;27,478;25,798;31,413;-861,6;1465,129;15689,62;9,246
15;2025;09;30;11;51;03;1,086;0,456;0,062;28,545;26,968;30,848;-1008,742;610,367;16292,55;9,246
15;2025;09;30;11;51;03;1,024;0,232;-0,858;27,767;26,46;27,461;-854,294;797,547;16063,6;9,246
15;2025;09;30;11;51;04;1,371;0,167;0,682;27,01;26,946;28,658;-1065,387;1576,207;15920,93;9,246
15;2025;09;30;11;51;04;0,993;0,347;0,195;24,719;25,157;28,861;-470,42;2010,799;15440,19;9,246
15;2025;09;30;11;51;05;1,398;0,307;0,15;27,211;27,962;28,793;582,678;-482,363;15641,32;9,246
15;2025;09;30;11;51;05;1,037;0,354;0,494;28,545;25,334;30,419;-928,036;908,011;15333,45;9,246
15;2025;09;30;11;51;06;1,043;0,297;0,405;28,924;30,281;29,177;-1220,012;1941,812;15946,28;9,246
15;2025;09;30;11;51;06;1,322;0,187;0,098;25,987;26,085;31,3;-707,665;440,987;15872,05;9,246
15;2025;09;30;11;51;07;1,088;0,27;0,252;27,077;23,766;28,522;-425,943;1343;15825,06;9,246
15;2025;09;30;11;51;07;1,219;0,353;0,116;26,877;25,025;27,529;-783,018;1677,051;15857,94;9,246
15;2025;09;30;11;51;08;1,327;0,401;0,297;31,482;24,649;30,261;-1042,582;1187,727;15770,14;9,246
15;2025;09;30;11;51;08;1,286;0,221;-0,14;27,411;26,482;27,077;-372,603;588,082;15829,71;9,246
15;2025;09;30;11;51;09;1,198;0,341;-0,081;28,034;28,448;29,109;-541,427;1705,483;15214,97;9,246
15;2025;09;30;11;51;09;0,535;0,592;0,739;27,122;27,454;27,89;-877,508;260,24;16171,18;9,246
15;2025;09;30;11;51;10;1,615;0,155;-0,154;27,389;27,83;28,455;-391,518;-422,352;15918,31;9,246
15;2025;09;30;11;51;10;1,213;0,387;-0,172;25,831;27,211;27,551;-993,607;1117,132;16187,79;9,246
15;2025;09;30;11;51;11;1,049;0,399;0,137;27,188;27,057;29,539;-683,73;1589,708;15159,76;9,246
15;2025;09;30;11;51;11;1,221;0,316;0,225;28,59;27,675;29,222;-611,495;1006,473;16190,1;9,246
16;2025;09;30;11;56;52;1,767;-0,093;-0,182;24,808;31,165;13,347;-1435,32;533,386;15749,76;9,246
16;2025;09;30;11;56;53;1,976;-0,167;-0,036;31,772;31,01;6,752;-1223,799;322,488;15741,7;9,246
16;2025;09;30;11;56;53;1,868;0,009;0,148;32,973;28,05;18,857;-859,364;790,497;15583,07;9,246
16;2025;09;30;11;56;54;1,763;-0,082;0,058;27,567;27,388;9,982;-1341,032;468,876;15875,01;9,246
16;2025;09;30;11;56;54;1,898;-0,174;-0,048;28,367;25,422;14,092;-1193,112;459,182;15618,41;9,246
16;2025;09;30;11;56;55;1,597;-0,079;-0,121;29,057;26,085;21,77;-1381,734;601,582;15988,62;9,246
16;2025;09;30;11;56;55;1,602;0,04;0,113;25,631;28,338;24,999;-1592,362;560,788;15687,12;9,246
16;2025;09;30;11;56;56;1,14;-0,206;-0,124;26,298;24,296;12,85;-1051,421;943,276;15644,76;9,246
16;2025;09;30;11;56;56;1,466;-0,15;0,099;26,521;26,107;18,902;-1244,946;566,925;15733,04;9,246
16;2025;09;30;11;56;57;1,48;0,013;-3,585;27,099;26,769;0,113;-1116,776;752,577;15630,1;9,246
16;2025;09;30;11;56;57;1,627;-0,109;-1,106;25,03;25,974;2,778;-1684,894;1045,358;15975,59;9,246
16;2025;09;30;11;56;58;1,723;-0,087;-0,261;27,077;25,135;10,253;-1299,948;1066,052;15946,4;9,246
16;2025;09;30;11;56;58;1,684;-0,031;0,021;26,12;26,328;3,252;-842,005;947,422;15626,01;9,246
16;2025;09;30;11;56;59;1,434;-0,191;-0,318;28,59;27,918;13,911;-1275,596;544,31;15711,69;9,246
16;2025;09;30;11;56;59;1,579;-0,154;0,373;27,3;24,649;0,316;-1448,145;948,345;15714,62;9,246
16;2025;09;30;11;57;00;1,46;0,013;-1,285;25,942;27,498;-0,158;-1866,938;801,453;15580,58;9,246
16;2025;09;30;11;57;00;1,313;0,002;0,296;28,011;29,199;2,439;-1079,518;675,792;15740,38;9,246
16;2025;09;30;11;57;01;1,446;-0,068;0,419;24,941;26,836;9,824;-813,469;776,432;15809,97;9,246
16;2025;09;30;11;57;01;1,639;0,03;0,124;27,945;27,498;6,481;-1218,806;800,233;15680,89;9,246
16;2025;09;30;11;57;02;1,78;-0,086;-0,274;26,232;28,625;-0,384;-1122,807;466,343;15865,24;9,246
16;2025;09;30;11;57;02;1,569;-0,034;-3,284;27,077;26,217;-0,135;-1213,084;962,466;15787,73;9,246
16;2025;09;30;11;57;03;1,524;-0,065;-1,625;28,612;27,697;-0,068;-897,275;769,456;15808,02;9,246
16;2025;09;30;11;57;03;1,427;-0,004;-0,749;27,544;25,82;-0,248;-721,274;438,116;15818,08;9,246
16;2025;09;30;11;57;04;1,473;-0,079;1,452;25,319;27,322;-0,316;-745,583;324,855;15720,07;9,246
16;2025;09;30;11;57;04;1,671;-0,056;-0,098;25,586;25,643;2,529;-1185,786;508,891;15953,59;9,246
16;2025;09;30;11;57;05;1,47;-0,121;-0,275;23,539;26,063;6,143;-1070,972;1327,802;15919,93;9,246
16;2025;09;30;11;57;05;1,44;-0,25;-0,617;27,522;26,416;7,452;-968,409;898,359;15816,52;9,246
16;2025;09;30;11;57;06;1,718;-0,169;-0,08;28,901;24,406;14,205;-1019,327;369,675;15741,04;9,246
16;2025;09;30;11;57;06;1,767;-0,082;-3,334;25,453;25,974;0,203;-1160,895;778,701;15770,48;9,246
16;2025;09;30;11;57;07;1,63;-0,122;0,053;28,189;25,753;1,468;-919,324;144,684;15499,1;9,246
16;2025;09;30;11;57;07;1,557;0,113;2,163;26,499;29,089;-0,384;-764,789;504,458;15903,73;9,246
16;2025;09;30;11;57;08;1,993;-0,14;-0,001;25,475;28,161;5,013;-871,959;275,762;15796,85;9,246
16;2025;09;30;11;57;08;1,779;-0,137;3,822;31,238;29,729;0,474;-1015,622;485,291;15579,24;9,246
16;2025;09;30;11;57;09;1,874;-0,055;0,204;28,234;26,041;7,972;-1338,447;736,946;15974,25;9,251
16;2025;09;30;11;57;09;1,653;-0,044;-0,03;28,145;28,647;10,953;-1185,901;578,061;15856,34;9,246
16;2025;09;30;11;57;10;1,973;-0,029;0,084;26,143;27,984;17,57;-854,294;742,95;15696,51;9,246
16;2025;09;30;11;57;10;1,637;-0,082;0,265;26,298;25,091;20,031;-603,584;538,613;15834,68;9,246
16;2025;09;30;11;57;11;1,681;-0,132;0,072;28,946;24,362;19,263;-1200,777;864,863;15694,04;9,246
16;2025;09;30;11;57;11;1,619;-0,011;-0,102;26,61;23,037;9,824;-1349,56;616,669;15521,74;9,246
16;2025;09;30;11;57;12;1,704;-0,112;0,273;24,986;29,641;9,327;-1570,008;434,872;15989,44;9,251
16;2025;09;30;11;57;12;1,57;-0,149;0,288;29,947;26,151;6,843;-1219,034;675,107;15847,72;9,246
16;2025;09;30;11;57;13;1,87;0,001;4,841;28,278;27,211;1,4;-1169,741;379,301;15678,72;9,256
16;2025;09;30;11;57;13;1,522;-0,169;-1,697;26,499;24,914;-0,158;-1286,765;1041,267;15861,7;9,252
16;2025;09;30;11;57;14;1,366;-0,061;-3,927;29,369;24,362;-0,316;-940,627;808,025;15699,28;9,26
16;2025;09;30;11;57;14;1,729;-0,212;-0,419;24,385;24,472;5,601;-1176,439;700,243;15762,72;9,257
16;2025;09;30;11;57;15;1,724;0,063;5,291;26,788;28,581;-0,79;-1289,798;490,824;15994,68;9,251
16;2025;09;30;11;57;15;1,467;-0,131;-0,024;23,206;24,34;4,81;-1256,498;569,215;15883,87;9,252
16;2025;09;30;11;57;16;1,598;-0,024;-1,21;24,741;24,649;-0,339;-1346,229;790,16;15607,23;9,251
16;2025;09;30;11;57;16;1,6;-0,026;1,076;27,834;24,737;-0,474;-1015,551;549,975;15358,62;9,246
16;2025;09;30;11;57;17;1,488;-0,045;1,757;26,855;25,091;-0,384;-1259,357;765,265;15835,79;9,246
16;2025;09;30;11;57;17;1,813;0,049;0,919;26,432;27,41;5,533;-763,492;729,748;15707,69;9,257
16;2025;09;30;11;57;18;1,954;-0,099;0,099;28,812;29,862;23,012;-403,788;451,426;15636,09;9,256
16;2025;09;30;11;57;18;1,879;-0,134;-0,253;28,412;26,284;17,795;-1459,777;1018,459;15820,81;9,252
16;2025;09;30;11;57;19;1,751;-0,066;3,204;25,764;26,725;-0,632;-971,95;559,529;15743,69;9,251
16;2025;09;30;11;57;19;1,765;-0,107;-0,46;27,834;24,826;5,984;-966,575;845,991;15826,6;9,252
16;2025;09;30;11;57;20;1,573;-0,108;2,893;25,987;27,962;-0,429;-1268,058;670,382;15919,49;9,26
16;2025;09;30;11;57;20;1,564;-0,023;3,457;28,701;27,653;-0,316;-1445,837;815,591;15961,61;9,257
16;2025;09;30;11;57;21;1,655;-0,004;4,593;27,3;26,571;0;-625,488;666,898;15696,07;9,26
16;2025;09;30;11;57;21;1,681;-0,061;1,552;27,411;28,338;-0,158;-766,851;824,327;15886,6;9,252
16;2025;09;30;11;57;22;1,461;-0,041;3,8;26,276;23,368;-0,226;-959,082;422,203;15538,12;9,265
16;2025;09;30;11;55;40;0,788;0,454;-0,174;26,276;25,113;31,029;-375,794;1137,576;15559,87;9,246
16;2025;09;30;11;55;40;1,908;0,193;-0,259;27,255;27,079;27,506;-1070,924;1269,455;15902,97;9,246
16;2025;09;30;11;55;41;1,47;0,402;0,035;26,343;25,908;28,816;-898,006;585,419;15959,33;9,246
16;2025;09;30;11;55;41;1,499;0,362;-0,014;25,386;26,35;28,838;-58,114;1154,037;15297,8;9,246
16;2025;09;30;11;55;42;0,97;0,401;0,28;30,926;29,928;29,335;-577,503;186,428;15788,41;9,246
16;2025;09;30;11;55;42;1,059;0,391;0,411;28,034;25,709;27,167;-917,443;601,531;15971,02;9,246
16;2025;09;30;11;55;43;1,557;0,294;-0,311;25,141;25,908;27,303;-798,348;350,683;16196,78;9,246
16;2025;09;30;11;55;43;1,112;0,531;0,593;24,919;27,83;27,89;-1212,242;846,919;16056,41;9,246
16;2025;09;30;11;55;44;1,352;0,359;-0,443;26,654;25,621;25,27;-999,575;545,801;16117,69;9,246
16;2025;09;30;11;55;44;1,096;0,387;0,142;28,59;23,169;27,167;-417,295;780,602;15490,19;9,246
16;2025;09;30;11;55;45;1,157;0,517;0,068;26,677;25,93;27,28;-907,359;67,754;16194,88;9,246
16;2025;09;30;11;55;45;1,213;0,306;0,09;26,165;25,466;28,342;-170,262;1327,185;15350,63;9,246
16;2025;09;30;11;55;46;1,394;0,634;0,487;24,229;25,378;28,635;-841,682;-238,941;16056,38;9,246
16;2025;09;30;11;55;46;1,331;0,408;-0,102;24,207;25,908;26,874;-876,468;-224,409;15929,79;9,246
16;2025;09;30;11;55;47;1,254;0,155;-0,456;26,61;26,063;28,297;-1258,808;-608,134;16439,81;9,246
16;2025;09;30;11;55;47;1,263;0,391;-0,078;26,944;24,561;30,442;-181,596;336,624;15496,31;9,246
16;2025;09;30;11;55;48;1,523;0,494;0,042;28,79;25,157;26,851;-954,487;826,325;15982,41;9,246
16;2025;09;30;11;55;48;1,398;0,547;0,217;25,586;26,416;30,419;-605,028;654,538;15636,3;9,246
16;2025;09;30;11;55;49;1,418;0,455;-0,396;29,458;22,639;27,484;-517,782;177,293;16056,09;9,246
16;2025;09;30;11;55;49;1,968;0,394;0,588;27,322;24,296;27,935;-937,213;79,672;16152,34;9,246
16;2025;09;30;11;55;50;1,222;0,461;-0,082;24,652;22,926;27,777;-632,331;1359,243;15730,86;9,246
16;2025;09;30;11;55;50;1,554;0,305;-0,322;24,897;26,902;26,354;-595,504;209,134;16006,31;9,246
16;2025;09;30;11;55;51;1,439;0,261;-0,555;25,675;24,804;27,822;-602,214;1086,297;15886,64;9,246
16;2025;09;30;11;55;51;1,499;0,233;-0,271;25,853;25,643;28,229;-606,231;231,089;15799,87;9,246
16;2025;09;30;11;55;52;1,078;0,225;0,141;24,185;25,643;29,268;-830,353;2377,337;15488,49;9,246
16;2025;09;30;11;55;52;1,261;0,363;-0,621;27,233;24,627;28,997;-132,734;1056,02;15335,49;9,246
16;2025;09;30;11;55;53;0,998;0,438;-0,158;25,609;21,314;26,512;-941,591;1243,047;15723,52;9,246
16;2025;09;30;11;55;53;1,237;0,656;0,127;24,185;25,201;30,916;-638,84;1560,801;15790,12;9,246
16;2025;09;30;11;55;54;1,228;0,35;-0,269;24,051;25,002;28,5;-199,211;750,878;15271,16;9,246
16;2025;09;30;11;55;54;1,459;0,345;0,04;28,434;25,82;28,703;96,345;516,088;15249,31;9,246
16;2025;09;30;11;55;55;1,023;0,292;-0,407;23,94;28,448;26,919;-795,408;-188,358;15980,08;9,246
16;2025;09;30;11;55;55;1,382;0,305;-0,754;24,051;24,274;27,732;-875,795;898,125;15909,76;9,246
16;2025;09;30;11;55;56;1,169;0,325;-0,538;29,235;26,416;30,894;-1515,152;705,275;15940,65;9,246
16;2025;09;30;11;55;56;1,546;0,394;-0,594;25,653;26,593;28,68;-621,676;1930,819;15293,46;9,246
16;2025;09;30;11;55;57;1,148;0,36;0,167;24,941;24,252;28,455;-339,289;-149,418;15728,31;9,246
16;2025;09;30;11;55;57;0,982;0,309;0,047;28,323;27,012;29,832;22,15;174,941;15681,4;9,246
16;2025;09;30;11;55;58;1,494;0,407;-0,013;26,165;24,87;27,122;-1033,222;-777,041;16017,81;9,246
16;2025;09;30;11;55;58;1,092;0,39;-0,185;25,542;25,444;30,577;-903,806;154,984;16045,01;9,246
16;2025;09;30;11;55;59;1,587;0,285;-0,793;26,944;26,173;29,719;-996,501;589,438;15993,46;9,246
16;2025;09;30;11;55;59;1,632;0,407;0,358;25,787;25,223;27,484;-828,072;678,84;15865,71;9,246
16;2025;09;30;11;56;00;1,446;0,431;-0,215;27,745;25,4;28,003;-581,536;432,316;15731,44;9,246
16;2025;09;30;11;56;00;1,506;0,459;-0,106;25,72;26,217;28,59;-280,696;422,226;15664,72;9,246
16;2025;09;30;11;56;01;1,296;0,52;0,186;26,832;27,52;28,093;-1202,469;2029,405;15821,28;9,246
16;2025;09;30;11;56;01;1,286;0,496;0,02;28,701;23,788;26,58;-1564,377;501,065;16210,3;9,246
16;2025;09;30;11;56;02;1,166;0,53;0,547;28,99;23,611;27,348;-679,429;874,475;15961,22;9,246
16;2025;09;30;11;56;02;1,201;0,623;-0,197;28,345;25,952;27,551;-677,257;545,707;15624,17;9,246
16;2025;09;30;11;56;03;1,165;0,251;0,002;24,719;27,388;28,003;-1585,259;874,733;16472,51;9,246
16;2025;09;30;11;56;03;1,392;0,12;-0,699;23,428;23,501;26,422;-1068,928;184,425;16000,34;9,246
16;2025;09;30;11;56;04;1,012;0,298;0,664;27,277;26,217;30,826;-355,208;-152,712;15831,23;9,246
16;2025;09;30;11;56;04;1,251;0,145;-0,089;26,743;21,999;31,458;-896,135;393,004;16020,77;9,246
16;2025;09;30;11;56;05;1,53;0,334;0,017;24,941;27,034;29,922;-38,173;-320,006;15320,12;9,246
16;2025;09;30;11;56;05;1,056;0,042;0,145;24,696;25,709;28,545;-1005,072;-37,796;15872,34;9,246
16;2025;09;30;11;56;06;1,036;0,092;-0,163;25,52;24,826;29,132;-1084,361;877,919;15924,23;9,246
16;2025;09;30;11;56;06;1,421;0,251;0,184;27,767;27,565;27,1;-494,056;-56,754;15713,09;9,246
16;2025;09;30;11;56;07;0,209;0,129;0,601;24,474;27,189;30,758;-1304,281;757,137;15997,06;9,246
16;2025;09;30;11;56;07;1,096;0,224;-0,032;28,479;23,412;27,89;-997,068;308,033;15384,1;9,246
16;2025;09;30;11;56;08;1,059;0;-0,11;26,632;29,332;26,016;-525,937;215,922;15801,64;9,246
16;2025;09;30;11;56;08;1,645;-0,017;-0,397;27,856;26,703;27,28;-821,18;367,762;15917,27;9,246
16;2025;09;30;11;56;09;0,939;0,132;-0,32;27,5;26,571;25,383;-655,558;649,863;16017,83;9,246
16;2025;09;30;11;56;09;1,407;0,298;-0,218;26,654;26,615;30,577;53,325;-600,212;15701,26;9,246
16;2025;09;30;11;54;38;0,705;-0,183;-0,499;26,632;26,703;29,222;-87,046;-362,988;15586,89;9,246
16;2025;09;30;11;54;38;1,153;-0,048;0,118;28,79;24,693;26,535;-168,483;645,296;15830,87;9,246
16;2025;09;30;11;54;39;1,106;0,031;0,378;26,054;24,318;24,277;-813,352;1300,221;16239,27;9,246
16;2025;09;30;11;54;39;1,351;-0,124;0,212;28,59;25,51;28,206;-280,57;475,862;15641,76;9,246
16;2025;09;30;11;54;40;0,759;-0,259;-0,307;24,941;24,848;28,026;-1029,282;-169,648;15693,78;9,246
16;2025;09;30;11;54;40;0,72;-0,054;0,14;26,565;25,312;26,874;-1049,614;-476,986;15464,07;9,246
16;2025;09;30;11;54;41;1,035;-0,233;-0,299;29,079;25,069;28,906;-136,23;-982,314;15571,89;9,246
16;2025;09;30;11;54;41;0,725;-0,452;-0,115;28,189;26,792;29,629;73,365;-428,003;15442,16;9,246
16;2025;09;30;11;54;42;1,575;-0,024;-0,15;28,367;26,659;28,297;-8,71;-181,809;15315,39;9,246
16;2025;09;30;11;54;42;0,586;0,006;0,256;25,453;25,798;27,009;-898,151;399,362;15148,52;9,246
16;2025;09;30;11;54;43;0,844;-0,022;0,423;24,986;26,261;28,522;87,089;16,049;16086,93;9,246
16;2025;09;30;11;54;43;1,042;-0,061;0,523;26,232;24,45;28,703;-353,69;164,337;15601,25;9,246
16;2025;09;30;11;54;44;1,307;-0,077;0,022;25,319;25,952;31,978;-495,314;-1573,614;16213,09;9,246
16;2025;09;30;11;54;44;1,015;-0,149;-0,063;26,766;24,45;25,225;-404,81;-3117,66;15955,81;9,246
16;2025;09;30;11;54;45;1,551;-0,209;0,312;27,344;28,249;29,99;-298,307;-81,542;16118,05;9,246
16;2025;09;30;11;54;45;0,989;-0,224;-0,298;26,855;24,097;25,564;-364,538;-1412,474;15981,43;9,246
16;2025;09;30;11;54;46;1,055;-0,264;-0,371;24,162;24,053;27,438;-747,598;-1485,314;15760,93;9,246
16;2025;09;30;11;54;46;1,194;-0,19;0,412;25,075;24,472;29,064;720,334;-726,933;15029,99;9,246
16;2025;09;30;11;54;47;0,673;-0,072;1,049;25,119;27,874;28,5;-191,984;-1219,6;15715,53;9,246
16;2025;09;30;11;54;47;0,821;0,007;-0,357;25,253;25,687;30,239;-187,804;-2227,652;15716,08;9,246
16;2025;09;30;11;54;48;0,917;-0,161;-0,153;28,078;25,908;27,732;-908,324;424,208;15790,74;9,246
16;2025;09;30;11;54;48;0,729;0,085;0,245;23,829;30,701;29,268;-596,12;-973,603;16241,44;9,246
16;2025;09;30;11;54;49;1,279;-0,043;0,017;26,321;26,35;28,387;-595,008;423,229;16017,35;9,246
16;2025;09;30;11;54;49;0,983;-0,242;-0,087;25,653;25,29;29,471;120,205;-2107,911;15652,2;9,246
16;2025;09;30;11;54;50;0,746;-0,447;-0,272;26,076;24,163;25,203;-731,282;-1298,004;15714,17;9,246
16;2025;09;30;11;54;50;1,094;-0,17;0,047;26,521;23,832;25,812;-523,011;-1115,107;15795,96;9,246
16;2025;09;30;11;54;51;1,342;-0,267;-0,356;25,475;26,372;28,297;-830,054;-571,134;16133,19;9,246
16;2025;09;30;11;54;51;1,33;-0,095;0,174;25,898;26,018;27,913;-544,603;-497,619;15558,89;9,246
16;2025;09;30;11;54;52;0,807;-0,067;-0,034;24,474;28,05;28,838;-754,286;-252,538;16020,12;9,246
16;2025;09;30;11;54;52;1,688;-0,011;-0,055;26,009;25,555;28,342;-145,706;-1659,132;15749,98;9,246
16;2025;09;30;11;54;53;1,198;-0,15;-0,275;26,499;24,583;26,783;-521,709;-97,013;15306,58;9,246
16;2025;09;30;11;54;53;0,977;-0,115;0,388;27,811;25,135;28,409;-247,636;-1152,258;16200,92;9,246
16;2025;09;30;11;54;54;2,118;-0,179;0,72;27,922;28,603;30,6;236,65;-334,421;15894,42;9,246
16;2025;09;30;11;54;54;1,469;-0,374;-0,461;21,426;28,625;26,106;111,48;-1001,893;15510,44;9,246
16;2025;09;30;11;54;55;1,441;0,13;0,352;26,61;22,772;29,651;-214,84;538,686;16100,2;9,246
16;2025;09;30;11;54;55;1,21;-0,129;-0,367;25,475;28,558;28,838;-510,425;-48,394;15988,97;9,246
16;2025;09;30;11;54;56;1,374;-0,227;-0,082;26,654;25,665;29,516;-927,962;-1038,002;15800,81;9,246
16;2025;09;30;11;54;56;1,422;-0,068;0,671;24,452;25,93;25,993;-584,067;-1427,139;15591,44;9,246
16;2025;09;30;11;54;57;1,469;-0,13;-0,093;28,39;24,296;28,071;-176,685;758,243;15639,1;9,246
16;2025;09;30;11;54;57;1,393;0,013;-0,392;27,611;25,334;28,658;-339,621;-122,408;15544,37;9,246
16;2025;09;30;11;54;58;1,446;0,003;-0,442;24,118;25,533;28,116;-1140,307;319,419;16142,18;9,246
16;2025;09;30;11;54;58;1,48;-0,124;-0,156;25,297;26,195;28,522;-633,117;424,7;16158,45;9,246
16;2025;09;30;11;54;59;1,069;-0,109;-0,14;26,454;24,958;31,91;420,47;-1203,478;15416,29;9,246
16;2025;09;30;11;54;59;1,377;-0,1;-0,139;26,788;25,268;28,59;-1134,068;-11,269;15817,74;9,246
16;2025;09;30;11;55;00;0,95;-0,311;0,57;28,612;27,167;26,038;-115,805;-523,838;15970,65;9,246
16;2025;09;30;11;55;00;0,295;-0,2;-0,894;28,123;25,51;28,274;-485,192;-992,513;15413,74;9,246
16;2025;09;30;11;55;01;1,25;-0,151;-0,09;25,987;22,705;29,087;-885,252;679,908;15717,61;9,246
16;2025;09;30;11;55;01;1,037;0,018;0,222;26,143;22,043;25,632;52,203;-1936,252;15423,04;9,246
16;2025;09;30;11;55;02;0,81;-0,002;-0,109;25,631;27,012;30,419;-964,789;337,088;16018,57;9,246
16;2025;09;30;11;55;02;0,863;-0,104;0,202;25,564;26,239;28,793;-931,917;558,075;15919,78;9,246
16;2025;09;30;11;55;03;1,152;-0,082;0,007;25,898;26,416;25,767;-637,172;-72,718;16380,5;9,246
16;2025;09;30;11;55;03;0,869;-0,048;-0,284;26,988;25,93;27,913;-713,288;-595,861;15656,51;9,246
16;2025;09;30;11;55;04;0,421;-0,044;0,494;25,075;27,984;27,732;-266,557;-272,27;16519,26;9,246
16;2025;09;30;11;55;04;0,914;0,103;0,246;27,9;27,145;29,742;-1230,507;-340,156;15411,46;9,246
16;2025;09;30;11;55;05;0,669;-0,08;0,274;29,324;21,756;25,564;-804,858;213,533;15703,14;9,246
16;2025;09;30;11;55;05;1,319;-0,074;0,536;24,296;24,318;29,155;-1165,55;-1451,92;15569,38;9,246
16;2025;09;30;11;55;06;1,137;-0,157;-0,52;26,499;27,079;26,174;-801,464;-1906,536;15848,42;9,246
16;2025;09;30;11;55;06;0,794;-0,07;-0,325;26,499;25,643;30,284;279,057;-586,332;15363,15;9,246
16;2025;09;30;11;55;07;1,136;-0,087;0,257;21,982;29,398;27,958;-537,283;-112,462;15752,63;9,246
16;2025;09;30;11;55;07;1,184;0,03;0,143;28,034;25,312;26,083;-104,366;-1126,798;15888,54;9,246
17;2025;09;30;12;00;06;1,255;0,15;0,672;27,767;27,587;32,858;-225,247;380,575;15849,26;9,268
17;2025;09;30;12;00;07;1,268;0,319;0,11;26,143;26,615;27,709;-190,658;650,629;15724,74;9,275
17;2025;09;30;12;00;07;1,375;0,291;-0,252;25,186;26,041;30,081;-324,974;877,632;15698,57;9,263
17;2025;09;30;12;00;08;1,502;0,056;0,168;28,078;25,621;20,189;-536,182;743,349;15990,83;9,279
17;2025;09;30;12;00;08;2,634;0,279;-0,694;25,475;23,324;5,759;-212,476;539,012;15729,85;9,268
17;2025;09;30;12;00;09;1,588;0,117;5,927;27,811;22,904;0,09;-208,457;814,794;15873,82;9,279
17;2025;09;30;12;00;09;1,402;0,054;-0,039;27,856;25,047;4,946;-344,76;854,03;15824,71;9,284
17;2025;09;30;12;00;10;1,059;0,109;-0,282;24,229;26,438;9,101;-395,492;669,352;15942,26;9,284
17;2025;09;30;12;00;10;1,039;0,18;-0,196;24,808;24,914;23,193;-436,588;734,186;15698,75;9,279
17;2025;09;30;12;00;11;0,431;0,262;-0,51;26,165;23,589;1,987;-857,158;707,835;16089,2;9,279
17;2025;09;30;12;00;11;1,424;0,137;-1,825;26,788;26,394;-0,045;-410,84;782,131;15771,07;9,273
17;2025;09;30;12;00;12;1,283;0,084;3,187;25,52;25,047;-0,497;-451,643;730,769;15793,09;9,284
17;2025;09;30;12;00;12;1,418;0,057;-0,618;27,989;27,034;0,09;-186,976;724,399;15813,44;9,273
17;2025;09;30;12;00;13;1,461;0,131;-4,697;25,186;24,318;-0,181;-341,307;665,642;15852,36;9,279
17;2025;09;30;12;00;13;1,502;0,096;-0,03;24,696;26,792;4,065;-649,109;792,684;15932,98;9,273
17;2025;09;30;12;00;14;1,66;0,234;0;28,078;25,908;23,306;-333,868;683,482;15604,01;9,279
17;2025;09;30;12;00;14;1,481;0,214;-0,381;25,965;26,99;25,451;-606,258;1398,583;15705,03;9,284
17;2025;09;30;12;00;15;1,283;0,262;-0,096;26,944;24,45;21,318;-226,742;1166,563;15657,49;9,279
17;2025;09;30;12;00;15;1,365;0,175;-1,881;26,387;24,715;0,023;-23,041;1005,904;15884;9,284
17;2025;09;30;12;00;16;1,491;0,169;1,969;24,785;24,517;-0,158;-189,168;1007,486;15754,38;9,284
17;2025;09;30;12;00;16;1,599;0,156;1,559;25,052;25,908;0,023;-237,231;853,716;15724,22;9,284
17;2025;09;30;12;00;17;1,661;0,391;2,202;25,475;23,368;0,226;-432,709;1502,606;15937,36;9,284
17;2025;09;30;12;00;17;1,546;0,271;-1,371;26,855;26,637;0,113;-508,686;898,142;15798,63;9,284
17;2025;09;30;12;00;18;1,603;0,161;-0,116;23,005;25,599;23,125;-312,042;572,876;15868,04;9,279
17;2025;09;30;12;00;18;1,295;0,168;2,689;22,494;22,926;-0,09;-507,003;850,139;15797,2;9,279
17;2025;09;30;12;00;19;1,392;0,148;5,316;26,298;25,157;-0,271;-592,294;918,104;15799,63;9,279
17;2025;09;30;12;00;19;1,677;0,153;0,281;28,857;26,328;1,513;-245,921;645,031;15711,93;9,284
17;2025;09;30;12;00;20;1,44;0,353;0,198;25,742;26,703;-0,113;-312,49;985,19;15868,69;9,284
17;2025;09;30;12;00;20;1,364;0,229;-0,98;23,94;29,265;-0,226;-502,797;1056,298;15804,96;9,284
17;2025;09;30;12;00;21;1,099;0,278;0,102;25,831;24,782;10,862;-152,646;878,957;15770,7;9,284
17;2025;09;30;12;00;21;0,894;0,114;1,343;24,852;24,914;4,901;-357,428;562,393;15914,48;9,284
17;2025;09;30;12;00;22;2,069;0,011;-4,658;24,051;26,328;-0,406;-99,676;624,091;15741,29;9,284
17;2025;09;30;12;00;22;1,353;0,163;-0,863;25,809;25,665;0,023;-317,394;596,3;15685,31;9,284
17;2025;09;30;12;00;23;1,133;0,259;1,167;25,564;23,766;5,849;-616,604;698,438;15763,52;9,284
17;2025;09;30;12;00;23;1,398;0,25;-1,196;27,478;26,681;-0,045;-221,6;1255,549;15778,79;9,284
17;2025;09;30;12;00;24;1,403;0,118;-0,516;24,874;26,769;20,325;-276,66;1049,617;15595,52;9,284
17;2025;09;30;12;00;24;1,552;0,138;-0,205;26,009;24,561;26,558;-611,76;966,48;15984,78;9,284
17;2025;09;30;12;00;25;1,181;0,258;0,088;26,165;25,378;28,545;-542,127;628,481;15846,85;9,284
17;2025;09;30;12;00;25;1,118;0,272;-0,025;27,478;25,51;28,477;-761,833;811,436;15923,41;9,284
17;2025;09;30;12;00;26;1,396;0,338;0,187;24,919;25,356;30,193;-299,76;737,702;15659,08;9,284
17;2025;09;30;12;00;26;1,265;0,271;0,253;28,857;27,476;30,058;-363,988;1077,253;15681,26;9,284
17;2025;09;30;12;00;27;1,193;0,006;-0,723;25,052;21,712;5,713;-680,052;566,512;15897,84;9,284
17;2025;09;30;12;00;27;1,265;0,189;1,071;26,454;21,712;-0,068;-136,34;977,92;15564,35;9,284
17;2025;09;30;12;00;28;1,099;0,093;0,424;25,876;27,984;2,891;-209,49;959,109;15775,23;9,284
17;2025;09;30;12;00;28;1,17;0,151;0,12;23,651;25,776;16,373;-670,714;627,035;15794,18;9,284
17;2025;09;30;12;00;29;0,61;0,096;-0,048;27,144;23,876;21,951;-670,751;357,85;15963,58;9,284
17;2025;09;30;12;00;29;1,179;0,181;-0,011;26,254;24,715;26,377;-410,715;257,121;15704,99;9,284
17;2025;09;30;12;00;30;1,404;0,174;0,225;26,543;26,085;18,608;-239,271;667,183;15738,4;9,284
17;2025;09;30;12;00;30;1,675;0,107;2,734;24,607;22,617;-0,519;-515,589;900,187;15670,57;9,284
17;2025;09;30;12;00;31;1,474;0,175;-0,511;27,967;25,179;-0,09;-964,226;337,128;16051,71;9,284
17;2025;09;30;12;00;31;1,486;0,09;0,364;24,229;28,006;9,033;-628,321;656,33;15942,29;9,284
17;2025;09;30;12;00;32;1,378;0,099;-0,247;26,699;28,117;28,884;-456,966;712,252;15663,4;9,284
17;2025;09;30;12;00;32;1,209;0,228;-0,052;26,232;22,617;30,035;-427,047;787,933;15743,52;9,284
17;2025;09;30;12;00;33;1,412;0,311;0,027;28,545;27,763;14,363;-735,426;832,443;15991,07;9,284
17;2025;09;30;12;00;33;1,199;0,129;-0,477;25,119;27,852;12,511;-784,84;684,817;15923,36;9,284
17;2025;09;30;12;00;34;1,49;0,134;-0,131;23,806;27,454;26,4;-271,905;457,336;15596,09;9,284
17;2025;09;30;12;00;34;1,357;0,142;0,035;24,852;25,82;21,567;-467,321;631,063;15876,58;9,284
17;2025;09;30;12;00;35;1,306;0,203;-4,068;26,899;23,92;-0,045;-499,59;728,052;15847,11;9,284
17;2025;09;30;12;00;35;1,244;0,188;-0,49;24,452;24,627;10,637;-767,536;713,069;15934,3;9,284
17;2025;09;30;12;00;36;1,588;0,349;-0,019;22,004;24,539;7,633;-415,531;672,472;15596,13;9,284
17;2025;09;30;11;59;12;0,474;0,012;-0,317;28,345;25,245;28,387;-245,36;1183,347;15737,19;9,251
17;2025;09;30;11;59;13;1,04;0,07;0,546;25,475;24,561;31,119;-7,978;748,718;15703,14;9,246
17;2025;09;30;11;59;13;1,083;-0,001;-0,327;22,538;25,842;27,777;-397,256;1440,497;15464,43;9,252
17;2025;09;30;11;59;14;1,286;0,015;-0,042;26,165;23,28;28,793;-188,983;944,107;15903,53;9,246
17;2025;09;30;11;59;14;1,152;-0,047;0,298;25,809;28,448;26,625;-262,015;1559,741;15855,62;9,252
17;2025;09;30;11;59;15;1,016;0,06;0,612;24,808;23,898;29,629;122,493;1366,642;15528,2;9,246
17;2025;09;30;11;59;15;1,51;0,026;-0,224;24,051;25,444;27,258;-100,244;728,298;15989,47;9,257
17;2025;09;30;11;59;16;1,49;0,06;-0,481;24,318;26,637;27,935;-290,828;2082,804;15421,06;9,256
17;2025;09;30;11;59;16;1,638;0,073;0,576;27,745;25,466;27,1;-708,012;2210,367;16145,39;9,257
17;2025;09;30;11;59;17;0,771;-0,009;-0,095;27,322;26,549;26,716;-480,357;1950,281;15657,29;9,26
17;2025;09;30;11;59;17;1,132;0,056;-0,491;26,81;25,555;26,761;-1566,746;3221,631;15792,84;9,246
17;2025;09;30;11;59;18;1,151;0,005;0,156;23,25;26,085;25,067;-97,064;2151,018;15273,98;9,251
17;2025;09;30;11;59;18;1,173;0,099;-0,026;28,501;24,561;27,077;-390,388;849,328;16035,07;9,246
17;2025;09;30;11;59;19;1,32;0,07;0,708;25,698;25,51;26,58;225,98;525,994;15661,31;9,26
17;2025;09;30;11;59;19;0,785;0,004;0,094;27,478;25,179;26,535;161,896;2062,905;15275,49;9,252
17;2025;09;30;11;59;20;0,881;-0,058;0,119;27,144;25,444;26,829;-32,009;1205,941;15686,96;9,251
17;2025;09;30;11;59;20;0,8;-0,037;0,593;27,01;24,936;28,658;-168,141;1230,84;15827,28;9,257
17;2025;09;30;11;59;21;1,379;-0,123;-0,255;27,277;27,277;27,438;-221,382;1983,872;15684,92;9,251
17;2025;09;30;11;59;21;1,014;0,296;0,671;26,721;23,213;30,781;-500,912;1982,785;15548,39;9,257
17;2025;09;30;11;59;22;0,722;0,127;-0,159;26,988;25,886;24,232;-893,296;1510,505;16050,84;9,26
17;2025;09;30;11;59;23;0,741;0,02;0,201;22,627;24,097;25,203;-311,385;2318,599;15407,69;9,273
17;2025;09;30;11;59;23;0,957;-0,044;0,891;22,338;24,649;24,096;-153,388;786,211;15734,35;9,275
17;2025;09;30;11;59;24;1,052;0,195;-0,107;24,274;26,217;28,567;-145,369;-5,822;15831,08;9,279
17;2025;09;30;11;59;24;1,595;0,151;0,418;22,783;22,772;27,371;-176,34;528,574;15586,9;9,275
17;2025;09;30;11;59;25;1,297;0,021;-0,316;24,429;24,229;25,428;-521,827;1469,533;15669,55;9,268
17;2025;09;30;11;59;25;0,373;0,011;-0,03;27,9;22,97;25,97;-645,78;1701,943;15749,59;9,275
17;2025;09;30;11;59;26;0,854;-0,11;-0,178;27,633;25,93;27,89;-238,247;1208,699;15749,89;9,263
17;2025;09;30;11;59;26;0,69;0,038;-0,031;27,811;26,902;28,048;-392,465;983,994;15734,62;9,27
17;2025;09;30;11;59;27;0,767;0,026;0,256;26,12;23,964;26,512;-516,153;587,291;16083,07;9,284
17;2025;09;30;11;59;27;0,719;-0,068;0,216;24,207;28,801;26,716;-408,083;1028,682;15913,83;9,27
17;2025;09;30;11;59;28;1,163;0,019;-0,154;29,257;24,605;24,548;-332,029;686,849;15788,84;9,268
17;2025;09;30;11;59;28;1,219;0,015;-0,262;21,737;24,958;29,245;-707,686;899,087;15745,86;9,284
17;2025;09;30;11;59;29;1,138;0,248;-0,368;26,054;25,952;26,625;-1355,551;327,023;16093,85;9,273
17;2025;09;30;11;59;29;1,204;0,007;-0,476;24,541;25,93;28,59;-1020,138;219,901;15985,75;9,284
17;2025;09;30;11;59;30;0,882;-0,002;0,224;25,742;21,712;27,258;-382,424;753,522;15906,48;9,279
17;2025;09;30;11;59;30;1,377;-0,034;-0,433;29,346;23,037;26,761;-67,999;1093,556;15292,87;9,275
17;2025;09;30;11;59;31;1,258;0,07;-0,118;26,009;26,085;29,855;-599,863;956,442;15527,75;9,284
17;2025;09;30;11;59;31;1,393;0,097;-0,052;24,897;23,898;28,974;-965,365;1685,664;15577,58;9,279
17;2025;09;30;11;59;32;1,545;0,081;0,551;24,207;25,047;27,574;-869,625;1668,538;15839,44;9,284
17;2025;09;30;11;59;32;1,249;-0,147;-0,627;25,831;23,744;28,432;-969,26;2424,507;15600,4;9,284
17;2025;09;30;11;59;33;1,005;-0,006;0,053;26,81;24,517;26,129;-1008,142;1443,664;15943,92;9,284
17;2025;09;30;11;59;33;1,834;0,111;0,379;25,764;26,018;24,661;-331,663;907,017;15452;9,284
17;2025;09;30;11;59;34;0,999;0,051;0,106;28,523;25,577;28,342;-781,139;1883,86;15938,55;9,284
17;2025;09;30;11;59;34;1,373;0,086;-0,272;26,81;28,691;26,174;-285,417;1641,294;15680,98;9,284
17;2025;09;30;11;59;35;1,044;0,032;-0,215;26,054;27,697;24,774;-661,157;1070,511;16014,89;9,284
17;2025;09;30;11;59;35;1,286;0,149;0,178;22,649;19,79;27,596;-320,273;1952,106;15445,37;9,284
17;2025;09;30;11;59;36;1,251;-0,005;0,139;22,761;23,545;27,325;-693,26;1988,21;15717,3;9,284
17;2025;09;30;11;59;36;1,709;0,127;0,188;27,277;24,76;27,258;-879,351;1282,569;16260,96;9,279
17;2025;09;30;11;59;37;1,134;0,192;-0,091;26,81;24,605;30,261;-507,92;1857,829;15354,01;9,284
17;2025;09;30;11;59;37;1,152;0,116;0,225;27,077;24,362;24,615;-1034,439;1714,614;15653,02;9,284
17;2025;09;30;11;59;38;0,895;0,018;-0,063;26,832;25,378;27,235;-877,44;1109,03;15778,55;9,284
17;2025;09;30;11;59;38;1,12;0,03;0,469;24,808;24,075;26,896;-1044,127;1077,128;15728,39;9,284
17;2025;09;30;11;59;39;0,964;0,248;0,576;25,119;24,826;27,258;-973,74;1898,912;15750,66;9,284
17;2025;09;30;11;59;39;1,282;0,139;-0,028;24,941;25,312;25,541;-826,41;1661,308;15510,12;9,284
17;2025;09;30;11;59;40;1,399;-0,003;-0,281;25,542;25,82;30,623;-827,454;139,565;15832,46;9,284
17;2025;09;30;11;59;40;1,063;0,279;-0,189;25,052;22,838;26,829;-269,09;1290,278;15607,24;9,284
17;2025;09;30;11;59;41;1,028;0,02;-0,085;25,075;24,804;27,687;-908,238;1529,653;15951,62;9,284
17;2025;09;30;11;59;41;1,128;-0,186;-0,229;26,61;25,135;26,964;-500,236;465,694;15167,68;9,284
17;2025;09;30;11;59;42;0,555;0,231;0,652;25,764;26,041;25,338;-290,551;1397,36;15529,3;9,284
17;2025;09;30;11;59;42;0,978;-0,013;0,055;25,52;28,161;25,767;-635,062;1167,362;15831,15;9,284
17;2025;09;30;11;58;14;0,853;-0,18;0,243;25,898;25,29;27,122;-726,398;-1251,974;16040,26;9,246
17;2025;09;30;11;58;15;0,626;-0,256;0,041;21,96;27,565;28,003;113,655;-2494,815;16079,16;9,246
17;2025;09;30;11;58;15;0,99;-0,242;0,373;25,097;23,346;28,026;976,968;-2991,521;16287,66;9,246
17;2025;09;30;11;58;16;0,638;-0,017;0,778;21,137;24,517;31,594;-192,874;-368,914;15462,88;9,246
17;2025;09;30;11;58;16;0,842;-0,269;0,099;24,118;23,964;29,606;583,308;-566,583;15791,42;9,246
17;2025;09;30;11;58;17;0,806;-0,41;0,034;25,987;25,069;26,4;383,315;-2019,115;15400,8;9,246
17;2025;09;30;11;58;17;0,701;-0,222;0,638;24,874;24,472;26,535;500,574;-97,881;15684,68;9,246
17;2025;09;30;11;58;18;0,853;-0,3;0,322;25,942;27,101;24,593;1138,59;-2270,119;15329,92;9,246
17;2025;09;30;11;58;18;0,639;-0,35;0,128;25,898;24,76;29,109;255,43;-1848,451;15873,44;9,246
17;2025;09;30;11;58;19;0,488;-0,256;0,194;23,339;22,109;30,352;742,382;-2151,166;14475,32;9,246
17;2025;09;30;11;58;19;0,592;-0,289;0,075;19,557;22,396;26,964;253,253;-1591,757;16033,46;9,246
17;2025;09;30;11;58;20;0,787;-0,254;-0,058;25,186;25,312;25,27;56,512;-2467,481;16712,73;9,246
17;2025;09;30;11;58;20;1,041;-0,244;0,062;28,701;24,671;26,264;510,886;2739,811;15604,34;9,246
17;2025;09;30;11;58;21;0,535;-0,387;0,144;22,316;28,028;27,077;425,995;-1012,125;15664,92;9,246
17;2025;09;30;11;58;21;1,059;-0,438;-0,347;25,876;25,201;27,009;545,05;-2411,129;15819,72;9,246
17;2025;09;30;11;58;22;0,722;-0,342;0,137;23,918;25,996;28,929;368,707;-2061,467;15747,6;9,246
17;2025;09;30;11;58;22;0,432;0,111;0,481;25,052;24,362;25,541;-584,863;-2591,875;13938,24;9,246
17;2025;09;30;11;58;23;0,557;-0,046;0,109;26,031;21,778;27,687;-511,317;-70,762;14627,15;9,246
17;2025;09;30;11;58;23;0,753;0,031;-0,17;26,654;26,747;26,942;-17,085;-2230,828;16003,47;9,246
17;2025;09;30;11;58;24;0,664;-0,083;-0,02;24,096;26,836;28,477;743,486;-2017,921;15433,1;9,246
17;2025;09;30;11;58;24;0,638;-0,165;-0,218;23,339;24,936;26,016;204,239;462,968;15393,23;9,246
17;2025;09;30;11;58;25;0,992;-0,142;-0,564;24,785;22,948;24,186;66,252;-1939,153;15681,15;9,246
17;2025;09;30;11;58;25;1,008;-0,077;-0,453;25,52;24,34;24,096;-323,684;-1703,129;15669,17;9,246
17;2025;09;30;11;58;26;0,905;-0,001;-0,488;24,585;23,346;25,699;-458,863;-1689,084;15808,25;9,246
17;2025;09;30;11;58;26;1,626;0,081;0,919;25,92;25,974;28,635;-54,844;346,368;16032,9;9,252
17;2025;09;30;11;58;27;0,633;-0,155;-0,021;21,582;28,028;24,819;-337,667;-2463,224;15820,17;9,246
17;2025;09;30;11;58;27;0,861;0,092;0,22;25,764;23,788;27,054;-1126,105;-2239,409;16290,72;9,246
17;2025;09;30;11;58;28;1,287;-0,128;-0,659;24,852;27,211;26,693;-438,508;-2669,209;15803,75;9,246
17;2025;09;30;11;58;28;0,503;-0,015;0,421;27,144;24,649;26,241;-276,565;408,34;15967,6;9,252
17;2025;09;30;11;58;29;1,033;-0,04;-0,057;24,963;24,583;24,028;-355,231;-1163,606;15888,98;9,246
17;2025;09;30;11;58;29;1,165;-0,071;0,138;27,611;21,734;26,219;90,078;-653,173;15625,65;9,252
17;2025;09;30;11;58;30;1,304;-0,058;-0,624;24,296;24,583;27,122;132,788;-125,819;15546,84;9,256
17;2025;09;30;11;58;30;0,983;-0,1;-0,048;25,898;22,043;28,477;-445,792;-1549,133;15949,79;9,257
17;2025;09;30;11;58;31;0,936;-0,134;0,791;23,339;24,671;29,606;-798,497;976,691;15898,42;9,251
17;2025;09;30;11;58;31;0,866;0,046;0,325;24,919;24,119;28,703;43,818;-2206,397;15971,09;9,257
17;2025;09;30;11;58;32;0,731;-0,024;0,84;22,85;24,075;26,874;-873,334;-367,438;15424,26;9,256
17;2025;09;30;11;58;32;0,845;0,024;-0,104;24,919;22,794;29,606;-1018,016;625,472;14596,01;9,252
17;2025;09;30;11;58;33;1,071;0,015;0,251;25,72;24,539;25,338;-530,766;-836,359;15728,97;9,26
17;2025;09;30;11;58;33;0,719;-0,143;-0,039;25,164;24,252;25,812;-791,56;28,977;15845,9;9,263
17;2025;09;30;11;58;34;0,9;-0,088;-0,113;25,942;27,145;29,087;-195,506;283,181;14549,1;9,265
17;2025;09;30;11;58;34;0,733;0,063;0,155;25,787;23,213;30,623;451,614;-589,578;15147,04;9,263
17;2025;09;30;11;58;35;0,721;-0,146;-0,028;26,343;24,715;29,832;-503,756;-635,536;15601,39;9,26
17;2025;09;30;11;58;35;0,957;0,084;-0,032;23,539;24,141;28,251;3857,956;-1075,282;15974,78;9,273
17;2025;09;30;11;58;36;1,235;-0,021;-0,314;25,631;25,201;27,1;-1145,006;-898,627;15913,58;9,265
17;2025;09;30;11;58;36;0,996;-0,026;-0,231;25,475;25,179;26,987;-255,13;-265,053;15492,69;9,252
17;2025;09;30;11;58;37;1,182;-0,033;0,129;25,653;23,788;25,993;-537,447;-305,779;16087,56;9,275
17;2025;09;30;11;58;37;0,85;-0,054;-0,412;28,701;27,741;27,145;-249,647;-361,923;16333,42;9,273
17;2025;09;30;11;58;38;0,421;-0,311;-0,482;23,384;23,081;27,325;-826,731;-903,26;16261,99;9,275
17;2025;09;30;11;58;38;0,36;-0,026;-0,245;25,787;23,324;26,558;764,469;-639,005;14839,57;9,273
17;2025;09;30;11;58;39;0,686;-0,065;0,135;26,387;24,98;27,054;-575,068;-488,681;16118,79;9,279
17;2025;09;30;11;58;39;0,737;0,012;0,189;23,717;24,229;27,845;-1313,642;-1136,661;17180,74;9,273
17;2025;09;30;11;58;40;0,999;0,102;0,411;22,605;27,211;26,535;-637,457;-419,73;15843,46;9,279
17;2025;09;30;11;58;40;0,411;-0,041;-0,49;23,695;21,513;23,848;385,206;189,106;16097,81;9,279
17;2025;09;30;11;58;41;0,533;0,083;0,334;21,292;24,539;25,812;2149,664;-1021,336;14456,38;9,279
17;2025;09;30;11;58;41;0,702;-0,023;-0,027;26,654;21,292;29,087;-1929,311;311,361;17110,94;9,279
17;2025;09;30;11;58;42;0,776;-0,145;0,656;23,873;24,119;26,422;66,193;-1309,333;15643,91;9,275
17;2025;09;30;11;58;42;1,048;0,053;1,328;24,429;27,631;27,845;398,528;198,149;16449,72;9,279
17;2025;09;30;11;58;43;0,831;-0,063;-0,366;24,852;25,599;32,136;-214,184;122,529;15788,15;9,279
17;2025;09;30;11;58;43;0,576;-0,045;-0,074;26,009;24,229;22,854;155,212;360,224;15500,18;9,284
17;2025;09;30;11;58;44;0,666;-0,202;-0,215;23,851;21,513;26,535;83,24;202,844;15554,93;9,279
18;2025;09;30;12;03;37;1,321;-0,197;-2,295;25,497;26,085;2,281;-1085,072;703,702;15745,02;9,284
18;2025;09;30;12;03;38;1,293;-0,291;1,739;25,03;22,904;3,433;-1095,425;484,704;15830,93;9,284
18;2025;09;30;12;03;38;1,354;-0,276;0,454;25,208;24,583;1,581;-930,491;338,862;15794,53;9,284
18;2025;09;30;12;03;39;1,604;-0,206;-1,551;24,808;12,391;6,052;-898,907;931,079;15671,11;9,284
18;2025;09;30;12;03;39;1,02;-0,342;0,293;25,764;-0,088;3,862;-603,373;401,905;15864,55;9,284
18;2025;09;30;12;03;40;-1,554;-1,043;-0,476;20,936;0,508;15,447;-1178,214;505,241;15910,51;9,284
18;2025;09;30;12;03;40;1,977;-0,281;-5,231;23,651;0,53;8,74;-362,168;111,409;15776,22;9,284
18;2025;09;30;12;03;41;-1,053;-0,902;-3,67;18,511;2,098;4,494;-620,083;398,108;15764,88;9,284
18;2025;09;30;12;03;41;-1,183;-0,761;-4,29;16,598;0,773;18,134;-458,63;449,651;15692,37;9,284
18;2025;09;30;12;03;42;-0,716;-0,892;-4,648;21,826;0,618;22,877;-870,112;623,055;15738,64;9,284
18;2025;09;30;12;03;42;0,626;-0,504;3,461;29,613;0,177;10,727;-665,887;555,049;15724,6;9,284
18;2025;09;30;12;03;43;3,079;0,115;5,032;3,916;2,209;13,166;-768,345;573,35;15893,64;9,284
18;2025;09;30;12;03;43;1,959;-0,043;-1,829;22,894;-0,11;9,507;-1037,105;443,786;15858,86;9,284
18;2025;09;30;12;03;44;3,514;0,541;-2,951;20,892;3,092;25,654;-864,161;566,846;15829,67;9,284
18;2025;09;30;12;03;44;2,782;0,063;-1,505;17,109;0,707;18,744;-719,226;315,152;15717,41;9,284
18;2025;09;30;12;03;45;-0,046;-0,761;-2,345;24,763;-0,353;13,595;-914,839;472,205;15673,29;9,284
18;2025;09;30;12;03;45;3,164;0,093;-5,127;25,764;0,751;8,085;-640,948;168,482;15932,7;9,284
18;2025;09;30;12;03;46;3,502;0,137;-2,243;25,141;-0,243;16,847;-822,045;792,567;15833,68;9,284
18;2025;09;30;12;03;46;3,41;0,231;1,924;25,653;0,066;7,227;-792,223;831,033;15799,58;9,284
18;2025;09;30;12;03;47;2,367;-0,19;1,283;26,476;0,331;1,603;-829,329;601,153;15777,08;9,284
18;2025;09;30;12;03;47;1,991;-0,169;4,284;23,517;0,155;8,017;-1093,816;691,952;15776,66;9,284
18;2025;09;30;12;03;48;2,944;0,305;1,926;28,924;0,265;3,749;-1120,012;615,402;15800,58;9,284
18;2025;09;30;12;03;48;2,925;0,113;-0,694;22,872;0,331;4,765;-947,83;376,883;15780,12;9,284
18;2025;09;30;12;03;49;1,101;-0,217;-2,798;20,936;0,663;4,901;-1057,392;428,082;15723,96;9,284
18;2025;09;30;12;03;49;1,488;-0,095;4,698;24,452;13,893;10,095;-1203,761;696,795;15751,33;9,284
18;2025;09;30;12;03;50;1,536;-0,135;2,272;29,146;14,842;15,74;-1143,876;325,862;15773,71;9,284
18;2025;09;30;12;03;50;-0,215;-0,604;-3,204;27,834;-0,265;7,227;-913,613;444,603;15790,37;9,284
18;2025;09;30;12;03;51;-0,209;-0,665;-5,352;24,296;0,221;4,81;-1115,712;492,39;15852,78;9,284
18;2025;09;30;12;03;51;1,531;-0,261;-4,29;28,189;2,628;5,826;-1094,646;780,942;15765,92;9,284
18;2025;09;30;12;03;52;1,712;-0,121;0,35;21,226;10,204;10,208;-1297,274;533,867;15841,88;9,284
18;2025;09;30;12;03;52;1,655;-0,247;-2,291;26,209;14,092;9,711;-1396,304;512,78;15816,17;9,284
18;2025;09;30;12;03;53;2,35;-0,097;-2,927;26,499;-0,155;14,611;-1210,361;624,454;15700,32;9,284
18;2025;09;30;12;03;53;2,508;0,037;3,865;27,389;-0,066;11,111;-1666,594;915,655;15849,9;9,284
18;2025;09;30;12;03;54;0,43;-0,674;-1,621;27,055;-0,375;4,517;-1427,797;375,792;15764,58;9,284
18;2025;09;30;12;03;54;0,846;-0,738;2,965;25,876;-0,265;9,101;-1237,578;-36,478;16002,13;9,284
18;2025;09;30;12;03;55;2,554;-0,259;1,133;25,586;0,353;4,923;-1841,934;260,19;15484,24;9,284
18;2025;09;30;12;03;55;0,295;-0,67;-1,143;21,515;0,11;6,82;-1388,49;682,845;15589,11;9,284
18;2025;09;30;12;03;56;1,356;-0,361;-1,092;25,497;0,133;6,956;-1272,469;1253,349;15845,07;9,284
18;2025;09;30;12;03;56;4,266;0,323;-2,063;23,984;1,502;10,569;-1740,425;1521,22;15832,17;9,284
18;2025;09;30;12;03;57;-1,4;-1,189;-4,607;26,143;0,464;5,194;-1514,357;962,204;15596,01;9,284
18;2025;09;30;12;03;57;1,293;-0,519;-4,192;27,811;1,855;3,275;-1046,369;-10,174;15946,96;9,284
18;2025;09;30;12;03;58;1,558;-0,185;0,437;22,294;2,938;11,404;-1305,339;420,891;15919,9;9,284
18;2025;09;30;12;03;58;1,645;0,044;3,643;26,076;0,353;12,985;-997,813;562,972;15795,04;9,284
18;2025;09;30;12;03;59;-1,266;-0,968;-2,993;24,541;0,42;9,53;-1517,413;248,952;15786,77;9,284
18;2025;09;30;12;03;59;-0,066;-0,572;-3,4;28,568;0,022;8,627;-1217,501;371,838;15642,81;9,284
18;2025;09;30;12;04;00;-1,722;-1,08;-5,158;24,318;0,751;11,337;-1419,129;356,659;15796,93;9,284
18;2025;09;30;12;04;00;-0,092;-0,815;-1,108;25,342;-0,088;11,224;-1715,215;280,845;15751,45;9,284
18;2025;09;30;12;04;01;1,998;-0,336;-1,8;25,164;0,044;5,284;-1150,749;236,795;15731,29;9,284
18;2025;09;30;12;04;01;0,122;-0,854;1,383;24,607;0,221;9,666;-1905,736;105,477;15656,11;9,284
18;2025;09;30;12;04;02;4,141;0,303;-1,09;24,696;0,044;5,194;-1777,748;255,009;15628,41;9,284
18;2025;09;30;12;04;02;3,067;0,023;0,862;24,63;0,133;2,394;-1543,392;730,254;15601,84;9,284
18;2025;09;30;12;04;03;0,239;-0,76;-2,343;23,072;0,177;6,956;-2257,126;855,626;15793,31;9,284
18;2025;09;30;12;04;03;0,758;-0,517;0,364;24,274;0,11;2,123;-1505,544;758,9;15722,53;9,284
18;2025;09;30;12;04;04;0,098;-0,806;1,528;24,162;-0,066;2,371;-1233,613;717,645;15584,62;9,284
18;2025;09;30;12;04;04;-0,247;-1,071;-2,251;25,698;-0,243;5,443;-1325,906;918,33;15843,29;9,284
18;2025;09;30;12;04;05;1,104;-0,699;-4,091;24,719;0,508;0,384;-1729,688;881,8;15663,27;9,284
18;2025;09;30;12;04;05;1,385;-0,579;-4,007;26,877;0,464;4,2;-1784,905;767,482;15854,73;9,284
18;2025;09;30;12;04;06;1,985;-0,316;-5,159;20,714;0,552;8,085;-1211,853;952,479;15690,47;9,284
18;2025;09;30;12;04;06;1,72;-0,406;-7,768;26,12;2,474;8,83;-1306,076;809,955;15756,08;9,284
18;2025;09;30;12;04;07;1,976;-0,393;1,968;26,476;7,819;7,656;-956,856;699,908;15729,2;9,284
18;2025;09;30;12;02;35;1,439;-0,374;-0,049;25,297;27,034;25,045;-548,077;512,077;15952,94;9,284
18;2025;09;30;12;02;35;1,302;-0,238;0,027;26,321;23,986;26,196;-587,956;395,09;15756,96;9,284
18;2025;09;30;12;02;36;1,454;-0,324;0,212;26,143;24,119;26,716;-532,117;914,512;15736,59;9,284
18;2025;09;30;12;02;36;1,167;-0,335;-0,275;27,433;22,551;28,658;-841,485;662,005;15845,99;9,284
18;2025;09;30;12;02;37;1,179;-0,292;-0,027;23,406;24,075;30,826;-938,673;506,61;15853,25;9,284
18;2025;09;30;12;02;37;0,73;-0,252;0,275;24,719;24,274;27,958;-685,721;615,228;15722,94;9,284
18;2025;09;30;12;02;38;1,557;-0,258;0,614;23,651;22,816;25,067;-581,384;949,7;15754,21;9,284
18;2025;09;30;12;02;38;1,456;-0,279;-0,434;25,23;23,39;28,567;-570,056;741,088;15706,79;9,284
18;2025;09;30;12;02;39;1,369;-0,168;0,686;25,208;21,446;28,003;-710,028;1226,705;15762,88;9,284
18;2025;09;30;12;02;39;1,715;-0,321;0,053;27,3;23,191;28,184;-704,431;633,903;15908,62;9,284
18;2025;09;30;12;02;40;1,422;-0,196;0,16;26,209;26,372;27,167;-603,713;739,148;15664,22;9,284
18;2025;09;30;12;02;40;1,536;-0,382;0,18;25,319;23,81;29,651;-950,053;561,584;15927,7;9,284
18;2025;09;30;12;02;41;1,381;-0,283;-0,245;22,85;27,034;27,867;-1003,113;974,932;15817,41;9,284
18;2025;09;30;12;02;41;1,174;-0,194;-0,151;24,051;23,567;29,403;-1014,993;1158,008;15941,01;9,284
18;2025;09;30;12;02;42;0,741;-0,019;0,579;24,963;25,577;24,864;-716,096;486,809;15716,63;9,284
18;2025;09;30;12;02;42;1,955;-0,255;-1,213;26,143;23,191;26,648;-1013,136;477,263;15925,15;9,284
18;2025;09;30;12;02;43;1,121;-0,094;0,251;26,877;23,721;25,767;-719,675;653,372;15827,96;9,284
18;2025;09;30;12;02;43;1,758;-0,232;0,24;22,56;26,924;30,419;-552,297;634,519;15644,7;9,284
18;2025;09;30;12;02;44;0,967;-0,305;-0,227;25,386;25,665;24,503;-1067,364;524,313;15816,25;9,284
18;2025;09;30;12;02;44;1,356;-0,404;0,039;25,742;27,432;28,68;-845,758;669,752;15839,85;9,284
18;2025;09;30;12;02;45;1,307;-0,34;-0,043;23,539;28,117;27,393;-995,742;503,181;15901,27;9,284
18;2025;09;30;12;02;45;1,444;-0,284;-0,397;25,297;23,478;27,935;-775,12;424,901;15776,27;9,284
18;2025;09;30;12;02;46;1,288;-0,452;0,358;25,253;23,015;28,409;-717,714;466,662;15872,45;9,284
18;2025;09;30;12;02;46;1,717;-0,427;0,129;23,873;28,006;25,541;-539,435;495,121;15771,22;9,284
18;2025;09;30;12;02;47;1,56;-0,465;-0,208;27,967;26,814;25,835;-727,063;471,97;15931,78;9,284
18;2025;09;30;12;02;47;1,576;-0,393;-0,095;26,61;24,494;29,742;-952,844;698,084;15955,27;9,284
18;2025;09;30;12;02;48;1,422;-0,476;-0,176;24,118;23,898;24,886;-494,589;561,585;15754,35;9,284
18;2025;09;30;12;02;48;1,312;-0,284;0,307;26,031;26,549;28,138;-1039,609;662,348;15805,81;9,284
18;2025;09;30;12;02;49;1,447;-0,429;0,055;24,585;25,29;27,642;-574,269;681,745;15722,42;9,284
18;2025;09;30;12;02;49;1,543;-0,386;-0,52;26,054;22,131;28,319;-876,798;355,307;16001,46;9,284
18;2025;09;30;12;02;50;1,182;-0,442;0,329;23,584;24,539;27,303;-794,56;636,046;15901,36;9,284
18;2025;09;30;12;02;50;1,185;-0,237;0,166;26,632;26,703;25,654;-899,076;763,64;15822,12;9,284
18;2025;09;30;12;02;51;1,179;-0,336;-0,325;26,877;26,173;24,412;-985,693;738,619;15871,93;9,284
18;2025;09;30;12;02;51;1,176;-0,362;-0,055;24,763;27,277;25,067;-819,359;774,581;15605,96;9,284
18;2025;09;30;12;02;52;1,503;-0,45;-0,173;24,808;24,826;28,906;-761,742;680,358;15628,56;9,284
18;2025;09;30;12;02;52;0,952;-0,32;-0,018;25,03;25,952;25,587;-888,797;299,325;15804,41;9,284
18;2025;09;30;12;02;53;1,083;-0,273;0,031;26,788;23,28;27,484;-1126,115;1090,022;15970,7;9,284
18;2025;09;30;12;02;53;1,429;-0,356;-0,435;29,48;25,555;27,845;-1049,569;1061,073;15736,68;9,284
18;2025;09;30;12;02;54;1,031;-0,234;0,408;26,721;25,488;27,709;-671,746;591,635;15735,38;9,284
18;2025;09;30;12;02;54;1,108;-0,203;0,174;27,789;23,744;28,048;-998,849;412,092;15946,33;9,284
18;2025;09;30;12;02;55;1,32;-0,425;0,046;25,653;23,766;28,251;-878,568;552,575;16003,37;9,284
18;2025;09;30;12;02;55;1,065;-0,309;-0,631;23,784;24,517;26,174;-720,552;867,086;15660,41;9,284
18;2025;09;30;12;02;56;1,06;-0,451;0,424;26,565;22,75;25,745;-703,953;270,647;15757,08;9,284
18;2025;09;30;12;02;56;1,016;-0,298;0,112;22,338;25,996;25,97;-883,719;724,34;15944,86;9,284
18;2025;09;30;12;02;57;1,251;-0,413;-0,184;25,453;24,693;25,451;-731,855;413,408;15864,24;9,284
18;2025;09;30;12;02;57;1,289;-0,392;0,317;27,567;24,627;28,997;-955,212;537,463;15932,13;9,284
18;2025;09;30;12;02;58;1,051;-0,269;-0,56;23,272;24,627;24,412;-732,904;573,729;15877,38;9,284
18;2025;09;30;12;02;58;0,889;-0,263;-0,48;28,857;21,977;27,755;-863,271;712,229;15899,08;9,284
18;2025;09;30;12;02;59;1,091;-0,337;0,118;22,827;22,882;27,371;-778,707;641,338;15782,41;9,284
18;2025;09;30;12;02;59;1,075;-0,357;-0,433;24,83;23,324;26,874;-1061,95;842,04;15936,6;9,284
18;2025;09;30;12;03;00;1,249;-0,616;-0,225;22,36;24,715;27,077;-768,124;730,893;15780,82;9,284
18;2025;09;30;12;03;00;0,933;-0,252;-0,586;24,363;24,318;26,987;-486,554;641,863;15814,65;9,284
18;2025;09;30;12;03;01;1,385;-0,382;-0,348;23,45;25,113;27,303;-1104,237;1054,037;15834,2;9,284
18;2025;09;30;12;03;01;1,193;-0,331;0,575;25,275;24,561;25,541;-604,378;920,11;15823,59;9,284
18;2025;09;30;12;03;02;1,244;-0,235;-0,025;27,322;24,296;26,287;-418,275;994,293;15753,56;9,284
18;2025;09;30;12;03;02;1,429;-0,203;-0,051;22,939;23,258;26,4;-687,974;964,487;15782,72;9,284
18;2025;09;30;12;03;03;1,268;-0,223;0,217;26,009;25,93;29,764;-643,463;502,137;15791,86;9,284
18;2025;09;30;12;03;03;1,211;-0,256;-0,139;21,693;22,661;28,59;-463,74;792,622;15469,93;9,284
18;2025;09;30;12;03;04;1,368;-0,317;-0,332;24,452;21,535;21,725;-691,008;162,071;15800,17;9,284
18;2025;09;30;12;03;04;1,437;-0,355;-0,168;24,763;24,782;26,354;-868,734;982,232;15898,26;9,284
18;2025;09;30;12;01;24;0,055;-0,003;0,722;27,277;28,558;25,97;-811,019;2248,258;15731,7;9,27
18;2025;09;30;12;01;24;0,321;-0,035;-0,151;24,852;26,018;29,606;-469,102;2030,997;15335,81;9,256
18;2025;09;30;12;01;25;0,357;-0,008;0,081;21,982;24,34;28,906;-1060,873;2035,635;15764,14;9,273
18;2025;09;30;12;01;25;0,889;0,142;0,333;26,944;26,151;27,687;-1882,805;1767,729;15585,33;9,265
18;2025;09;30;12;01;26;0,251;0,042;0,228;29,836;27,653;29,764;-636,566;-410,404;15531,53;9,257
18;2025;09;30;12;01;26;0,2;-0,009;-0,05;22,093;23,434;28,771;-1051,277;1225,373;15525,71;9,265
18;2025;09;30;12;01;27;0,778;0,108;0,479;26,054;24,804;30,735;-1005,771;399,638;15631,07;9,263
18;2025;09;30;12;01;27;0,29;-0,103;-0,679;24,719;25,201;28,319;-719,683;2098,069;15660,45;9,275
18;2025;09;30;12;01;28;0,499;-0,105;0,249;25,186;25,577;25,632;-378,063;824,769;15916,64;9,284
18;2025;09;30;12;01;28;0,441;0,076;-0,046;26,165;26,438;23,825;-777,606;494,454;15977,06;9,27
18;2025;09;30;12;01;29;0,403;0,027;0,215;24,741;23,368;27,551;-1035,782;1582,92;15470,48;9,279
18;2025;09;30;12;01;29;0,403;-0,032;0,117;26,143;25,201;30,081;-1351,989;-72,898;15596,62;9,284
18;2025;09;30;12;01;30;0,345;-0,086;-1,047;21,915;21,491;28,229;-613,009;938,097;15806,97;9,279
18;2025;09;30;12;01;30;0,44;0,034;-0,444;22,405;24,914;26,219;-717,546;-299,484;15113,13;9,275
18;2025;09;30;12;01;31;0,053;0,077;-0,139;24,296;21,181;24,051;-662,072;1163,786;15732,04;9,279
18;2025;09;30;12;01;32;0,066;0,018;-0,324;21,493;27,454;26,061;-650,534;296,459;15736,66;9,284
18;2025;09;30;12;01;32;-0,064;0,045;0,436;22,405;22,485;26,806;-966,292;511,196;15908,01;9,284
18;2025;09;30;12;01;33;0,247;-0,109;-0,326;28,367;26,946;29,539;-864,31;1086,04;15650,38;9,284
18;2025;09;30;12;01;33;0,179;-0,028;-0,06;22,583;23,081;24,367;-736,339;412,147;15674,51;9,284
18;2025;09;30;12;01;34;0,355;-0,007;-0,025;21,871;21,778;27,348;-350,203;579,754;15431,82;9,284
18;2025;09;30;12;01;34;0,509;-0,127;-0,523;23,829;24,384;27,845;-2012,917;-298,421;16177,59;9,284
18;2025;09;30;12;01;35;0,251;-0,062;0,191;25,965;23,589;25,203;24,189;1377,343;14975,84;9,284
18;2025;09;30;12;01;35;0,054;-0,105;-0,497;24,207;28,117;25,722;-978,184;-782,706;16232,85;9,284
18;2025;09;30;12;01;36;0,919;0,285;0,108;24,585;24,693;26,354;-1076,823;1606,903;16204,99;9,284
18;2025;09;30;12;01;36;0,709;-0,211;-0,106;27,544;22,993;28,771;-332,041;688,359;15617,35;9,284
18;2025;09;30;12;01;37;0,006;0,081;0,318;23,295;28,227;25,903;-1919,487;527,667;16043,49;9,284
18;2025;09;30;12;01;37;0,249;0,061;0,441;27,967;24,45;28,545;-1190,247;766,77;15928,41;9,284
18;2025;09;30;12;01;38;0,444;-0,098;-0,141;24,073;25,577;28,951;-665,615;783,866;15711,95;9,284
18;2025;09;30;12;01;38;0,137;-0,056;-0,297;24,963;22,661;25,835;-1189,743;-91,237;15276,18;9,284
18;2025;09;30;12;01;39;0,715;0,163;0,663;21,671;23,854;24,141;-993,745;613,788;15238,62;9,284
18;2025;09;30;12;01;39;0,337;0,021;0,161;25,787;25,091;26,648;-1775,363;-224,266;16149,04;9,284
18;2025;09;30;12;01;40;-0,053;0,015;-0,626;24,051;24,737;24,999;-1395,864;1064,938;15512,27;9,284
18;2025;09;30;12;01;40;0,175;0,119;0,466;25,297;19,945;25,79;-1270,811;651,853;15800,08;9,284
18;2025;09;30;12;01;41;0,124;-0,085;-0,31;26,499;23,28;28,522;-704,258;914,858;15837,6;9,284
18;2025;09;30;12;01;41;0,441;0,061;0,194;20,402;22,838;23,802;-1204,565;919,478;15157,55;9,284
18;2025;09;30;12;01;42;0,889;0,064;1,05;25,297;28,293;27,89;-1247,806;-991,343;15855,13;9,284
18;2025;09;30;12;01;42;0,075;-0,118;0,503;27,211;26,725;29,855;-1049,677;-827,234;15673,49;9,284
18;2025;09;30;12;01;43;0,022;0,189;-0,324;21,137;24,34;29,561;-1357,282;75,021;16044,05;9,284
18;2025;09;30;12;01;43;-0,433;0,081;0,679;27,856;26,924;27,393;-1786,953;1545,192;15600,81;9,284
18;2025;09;30;12;01;44;-0,14;0,127;0,613;22,694;23,037;27,393;-1310,723;1776,067;15489,66;9,284
18;2025;09;30;12;01;44;0,316;0,091;0,471;24,251;26,836;26,783;-1241,857;544,084;15728,87;9,284
18;2025;09;30;12;01;45;-0,122;-0,079;-0,695;27,033;27,984;26,874;-1467,505;-489,135;15715,96;9,284
18;2025;09;30;12;01;45;0,025;-0,01;-0,382;25,831;23,39;26,987;-990,452;-169,471;15883,56;9,284
18;2025;09;30;12;01;46;0,531;0,09;-0,406;27,455;22,926;26,151;-1621,226;-329,592;15873,01;9,284
18;2025;09;30;12;01;46;0,729;-0,224;-0,519;27,122;25,621;30,284;-1324,49;1401,414;15608,35;9,284
18;2025;09;30;12;01;47;0,389;-0,01;-0,281;28,968;27,189;27,506;-1775,547;475,33;15968,53;9,284
18;2025;09;30;12;01;47;-0,058;0,014;-0,095;23,562;22,131;28,838;-1717,467;-111,249;15703,58;9,284
18;2025;09;30;12;01;48;0,106;0,039;0,305;23,784;25,665;26,783;-1592,713;453,907;16091,09;9,284
18;2025;09;30;12;01;48;0,351;0,035;-0,018;23,183;24,009;25,157;-1415,76;1135,196;15482,71;9,284
18;2025;09;30;12;01;49;0,24;0,056;-0,072;22,427;25,025;28,048;-1424,274;2217,503;15549,69;9,284
18;2025;09;30;12;01;49;0,072;-0,256;-1,686;28,056;23,744;25,135;-757,89;696,585;16272,94;9,284
18;2025;09;30;12;01;50;0,282;-0,163;-0,628;25,742;22,75;25,858;-708,882;1161,45;15757,18;9,284
18;2025;09;30;12;01;50;-0,112;-0,053;0,117;22,961;23,523;25,27;-934,921;856,37;15833,3;9,284
18;2025;09;30;12;01;51;0,212;0,343;0,612;23,762;24,009;28,771;-945,652;1465,969;15565,52;9,284
18;2025;09;30;12;01;51;0,695;0,297;0,393;24,585;28,293;24,435;-1423,695;-338,73;16094,24;9,284
18;2025;09;30;12;01;52;0,102;-0,04;0,005;22,894;23,942;28,703;-503,464;841,717;15383;9,284
18;2025;09;30;12;01;52;0,064;-0,025;-0,385;23,094;22,418;28,929;-885,396;942,513;16076,42;9,284
18;2025;09;30;12;01;53;0,465;-0,063;0,08;23,962;24,406;26,377;370,35;1031,069;15752,44;9,284
18;2025;09;30;12;01;53;0,58;-0,107;-0,292;27,188;26,924;24,073;-923,78;149,826;15443,56;9,284
18;2025;09;30;12;01;54;0,363;-0,084;-0,124;22,449;24,561;27,732;-790,18;567,796;15961,73;9,284
19;2025;09;30;12;08;11;1,253;0,058;-2,873;26,076;26,261;-0,474;-864,513;1376,416;15771,21;9,284
19;2025;09;30;12;08;11;1,324;0,083;1,98;26,81;24,693;0,203;-860,08;1306,896;15792,46;9,284
19;2025;09;30;12;08;12;1,245;0,164;-0,903;24,185;23,523;-0,361;-960,16;1577,446;15655,81;9,284
19;2025;09;30;12;08;12;1,198;0,144;1,993;23,695;25,091;-0,226;-898,823;1557,402;15549,92;9,284
19;2025;09;30;12;08;13;1,252;0,164;-0,613;27,344;24,009;-0,519;-861,481;1045,968;15674,53;9,284
19;2025;09;30;12;08;13;0,943;0,061;-0,431;25,787;23,501;-0,61;-979,573;1404,575;15780,62;9,284
19;2025;09;30;12;08;14;1,23;0,165;-4,687;26,031;22,705;-0,406;-1105,173;1406,736;15859,91;9,284
19;2025;09;30;12;08;14;1,565;0,045;-1,413;23,117;21,999;-0,339;-652,725;1443,975;15664,18;9,284
19;2025;09;30;12;08;15;1,408;0,02;4,803;27,389;23,545;-0,565;-1118,042;1382,029;15910,63;9,284
19;2025;09;30;12;08;15;1,271;0,108;2,905;24,073;24,34;-0,406;-762,912;1447,044;15716,03;9,284
19;2025;09;30;12;08;16;1,152;0,212;4,354;23,361;23,744;-0,677;-888,779;1628,705;15696,11;9,284
19;2025;09;30;12;08;16;1,169;0,054;-1,985;24,607;24,494;-0,61;-903,871;1072,219;15738,6;9,284
19;2025;09;30;12;08;17;0,974;0,031;-0,129;26,432;26,902;5,781;-1117,09;1747,412;15746,38;9,284
19;2025;09;30;12;08;17;1,095;0,035;3,524;27,5;24,914;-0,248;-865,284;1455,746;15731,79;9,284
19;2025;09;30;12;08;18;1,164;0,124;-1,497;27,9;22,507;0,203;-1182,84;1535,093;15770,68;9,284
19;2025;09;30;12;08;18;1,331;0,113;3,842;27,678;23,501;-0,384;-1052,066;1360,229;15793,35;9,284
19;2025;09;30;12;08;19;1,175;0,135;-4,271;26,41;22,507;-0,452;-1227,607;1571,867;15868,29;9,284
19;2025;09;30;12;08;19;1,076;0,188;0,538;23,161;28,978;0,587;-1318,32;905,156;15939,26;9,284
19;2025;09;30;12;08;20;0,756;0,087;-0,233;24,118;24,031;0,542;-1020,253;943,296;15616,78;9,284
19;2025;09;30;12;08;20;1,315;0,097;-3,201;26,165;22,175;0,474;-1226,882;1095,268;15757,92;9,284
19;2025;09;30;12;08;21;1,337;0;-1,475;24,719;24,627;-0,61;-1008,929;814,615;15817,98;9,284
19;2025;09;30;12;08;21;1,257;-0,011;-4,733;27,144;22,153;0,406;-962,462;630,43;15884,46;9,284
19;2025;09;30;12;08;22;1,194;0,005;-0,155;25,853;22,396;1,897;-1218,641;1055,824;15774,63;9,284
19;2025;09;30;12;08;22;1,275;-0,008;1,709;23,339;25,047;-0,61;-1112,644;862,415;15720,16;9,284
19;2025;09;30;12;08;23;0,904;0,127;0,015;24,407;24,252;-0,542;-932,863;537,848;15669,81;9,284
19;2025;09;30;12;08;23;1,297;0,064;1,187;25,319;27,012;-0,677;-1002,627;863,985;15704,23;9,284
19;2025;09;30;12;08;24;1,3;0,002;2,595;23,695;23,699;-0,587;-1142,523;1037,585;15756,73;9,284
19;2025;09;30;12;08;24;1,138;-0,079;-0,682;25,23;27,123;-0,429;-988,102;906,942;15615,46;9,284
19;2025;09;30;12;08;25;1,192;0,235;-3,864;22,605;24,649;-0,497;-1398,684;972,171;15798,83;9,284
19;2025;09;30;12;08;25;1,207;0,004;-3,096;24,741;24,428;-0,294;-1208,463;913,33;15621,16;9,284
19;2025;09;30;12;08;26;1,282;-0,029;-5,068;25,831;25,312;-0,226;-1439,899;842,3;15908,55;9,284
19;2025;09;30;12;08;26;1,324;-0,074;-2,147;28,924;23,876;-0,045;-899,773;671,073;15571,74;9,284
19;2025;09;30;12;08;27;1,222;0,037;-0,97;25,809;24,649;-0,226;-1376,472;990,427;15880,82;9,284
19;2025;09;30;12;08;27;1,139;0,128;-0,662;25,631;25,577;-0,452;-1272,314;1021,856;15659,17;9,284
19;2025;09;30;12;08;28;1,093;0,078;-2,803;27,055;28,558;-0,384;-1386,024;806,458;15845,23;9,284
19;2025;09;30;12;08;28;1,143;-0,033;-5,94;25,609;27,101;-0,271;-1138,243;849,691;15842,39;9,284
19;2025;09;30;12;08;29;1,272;-0,1;-0,39;27,344;29,133;5,578;-1212,771;691,946;15881,71;9,284
19;2025;09;30;12;08;29;1,415;0,034;-0,167;22,672;23,125;29,674;-1333,572;884,397;15815,59;9,284
19;2025;09;30;12;08;30;1,351;0,048;-0,111;26,321;24,185;26,851;-1310,613;678,062;15808,72;9,284
19;2025;09;30;12;08;30;1,331;0,059;-0,05;24,34;25,135;1,061;-1249,135;817,147;15694,85;9,284
19;2025;09;30;12;08;31;1,024;-0,084;3,984;24,963;25,51;-0,79;-1150,195;865,85;15634,06;9,284
19;2025;09;30;12;08;31;1,29;-0,024;-0,423;26,143;26,46;0,542;-1370,475;624,879;15702,17;9,284
19;2025;09;30;12;08;32;1,219;-0,089;0,302;23,851;25,378;9,101;-1270,891;915,031;15806,82;9,284
19;2025;09;30;12;08;32;1,148;-0,059;3,68;25,742;26,46;0,068;-1290,452;739,235;15784,22;9,284
19;2025;09;30;12;08;33;0,94;0,018;-1,09;25,698;27,145;0,203;-1270,687;975,106;15712,02;9,284
19;2025;09;30;12;08;34;0,872;0,036;-0,092;22,516;23,964;3,546;-1553,478;878,081;15781,51;9,284
19;2025;09;30;12;08;34;0,998;-0,016;2,741;25,542;25,643;-0,113;-1531,469;650,35;15715,3;9,284
19;2025;09;30;12;08;35;0,961;-0,089;0,527;28,479;23,92;-0,068;-934,377;858,124;15690,39;9,284
19;2025;09;30;12;08;35;1,374;-0,146;-4,974;23,206;27,432;-0,113;-939,813;866,04;15743,96;9,284
19;2025;09;30;12;08;36;1,262;-0,187;-1,621;25,586;24,715;-0,135;-1275,847;893,031;15849,5;9,284
19;2025;09;30;12;08;36;1,182;-0,178;0,477;26,187;25,378;-0,023;-1210,483;824,29;15602,74;9,284
19;2025;09;30;12;08;37;1,076;-0,17;-4,328;25,386;27,012;-0,519;-1300,47;682,037;15851,24;9,284
19;2025;09;30;12;08;37;1,261;-0,03;-0,778;25,386;23,766;-0,632;-1154,669;731,388;15798,76;9,284
19;2025;09;30;12;08;38;1,363;-0,182;2,08;23,584;23,766;-0,723;-1161,459;828,01;15682,73;9,284
19;2025;09;30;12;08;38;1,096;-0,106;-5,365;20,692;25,223;-0,339;-1272,635;768,945;15827,71;9,284
19;2025;09;30;12;08;39;1,131;-0,033;3,042;25,075;26,328;-0,384;-1163,032;1158,248;15684,83;9,284
19;2025;09;30;12;08;39;1,433;-0,025;1,237;26,009;25,356;-0,565;-1173,293;806,035;15788,27;9,284
19;2025;09;30;12;08;40;1,187;-0,086;-4,615;24,073;20,938;-0,7;-1311,382;765,157;15819,74;9,284
19;2025;09;30;12;08;40;1,311;-0,148;-3,146;22,961;23,368;-0,474;-1526,037;885,995;15834,55;9,284
19;2025;09;30;12;08;41;1,14;-0,174;-1,494;22,605;23,478;-0,316;-1704,661;166,352;15900,1;9,284
19;2025;09;30;12;07;17;0,436;-0,143;0,326;24,563;23,655;23,486;-375,832;-152,087;15906,64;9,284
19;2025;09;30;12;07;17;1,074;-0,256;0,155;27,144;23,788;29,651;-350,224;63,52;15889,1;9,284
19;2025;09;30;12;07;18;1,069;-0,279;-0,227;22,605;21,557;27,935;-118,022;62,636;15768,15;9,284
19;2025;09;30;12;07;18;0,914;-0,107;0,384;26,365;23,015;23,396;-657,444;-363,654;15884,45;9,284
19;2025;09;30;12;07;19;0,709;-0,098;0,034;22,382;23,766;27,325;-531,257;-286,084;16009,48;9,284
19;2025;09;30;12;07;19;0,963;0,033;-0,37;21,96;24,097;28,251;-520,253;-53,812;16041,07;9,284
19;2025;09;30;12;07;20;0,906;-0,174;0,296;22,672;23,081;25,993;-479,693;-256,55;16025;9,284
19;2025;09;30;12;07;20;0,787;0,164;0,208;24,185;20,961;23,238;-350,999;143,493;15773,65;9,284
19;2025;09;30;12;07;21;0,525;-0,038;-0,03;22,56;24,87;26,49;-446,846;48,698;15633,24;9,284
19;2025;09;30;12;07;21;0,721;-0,022;0,146;23,784;24,472;25,745;-976,699;-334,364;16021,68;9,284
19;2025;09;30;12;07;22;0,664;-0,065;-0,651;25,475;24,45;26,49;-441,08;-571,382;15484,28;9,284
19;2025;09;30;12;07;22;1,542;0,104;0,974;22,939;20,32;24,638;-932,535;-222,624;15803,69;9,284
19;2025;09;30;12;07;23;0,369;-0,27;0,465;23,717;23,545;28,455;-392,46;-394,699;15803,51;9,284
19;2025;09;30;12;07;23;0,575;-0,065;0,191;23,562;22,153;27,642;-585,881;-348,605;15690,21;9,284
19;2025;09;30;12;07;24;1,245;0,043;-0,656;23,784;25,533;23,825;-317,388;-253,31;15887,92;9,284
19;2025;09;30;12;07;24;0,731;-0,05;0,316;23,339;23,324;25,135;-566,666;244,267;15787,67;9,284
19;2025;09;30;12;07;25;0,511;-0,119;-0,354;25,253;26,041;24,006;-479,82;-185,217;15664,82;9,284
19;2025;09;30;12;07;25;0,152;-0,409;-0,613;22,004;23,501;30,193;-444,519;70,826;15810,87;9,284
19;2025;09;30;12;07;26;0,532;-0,22;-0,637;26,454;25,201;27,89;-203,106;-54,072;15676,43;9,284
19;2025;09;30;12;07;26;0,292;-0,045;0,037;24,83;21,424;23,848;-708,664;297,852;15928,62;9,284
19;2025;09;30;12;07;27;0,38;-0,013;0,103;21,715;23,434;24,661;-690,236;74,916;15785,73;9,284
19;2025;09;30;12;07;27;0,344;-0,214;0,09;27,567;28,249;29,245;-437,623;103,725;15622,26;9,284
19;2025;09;30;12;07;28;0,533;0,065;0,058;23,918;25,113;26,196;-329,035;925,594;16086,34;9,284
19;2025;09;30;12;07;28;0,269;-0,047;0,128;23,139;21,645;22,854;-967,773;954,069;15748,66;9,284
19;2025;09;30;12;07;29;0,551;0,133;0,181;24,674;20,165;25,045;-638,815;434,473;15836,51;9,284
19;2025;09;30;12;07;29;0,933;0,163;1,036;23,272;25,753;28,026;-763,971;1077,41;15754,63;9,284
19;2025;09;30;12;07;30;0,611;0,019;-0,321;20,38;26,615;30,939;-954,504;1219,89;15733,07;9,284
19;2025;09;30;12;07;30;0,623;0,146;-0,091;25,809;22,529;28,409;-862,6;1206,763;15906,27;9,284
19;2025;09;30;12;07;31;0,812;0,095;0,126;25,72;25,444;27,755;-455,156;544,878;15894,14;9,284
19;2025;09;30;12;07;31;0,632;-0,113;0,383;24,874;26,063;25,88;-626,746;873,734;15736,38;9,284
19;2025;09;30;12;07;32;0,458;0,026;0,076;26,988;24,539;25,812;-394,359;1226,91;15539,11;9,284
19;2025;09;30;12;07;32;0,49;-0,046;-0,13;22,827;24,34;25,112;-833,952;960,762;15860,67;9,284
19;2025;09;30;12;07;33;0,649;0,033;-0,105;25,386;29,442;29,877;-1053,594;716,312;16164,89;9,284
19;2025;09;30;12;07;33;0,648;0,061;0,045;25,987;28,47;26,558;-497,192;1060,108;15719,17;9,284
19;2025;09;30;12;07;34;0,256;-0,064;0,398;25,141;23,125;23,735;-467,596;1225,323;15978;9,284
19;2025;09;30;12;07;34;0,731;0,047;-0,061;22,471;21,226;23,825;-732,875;1674,128;15820,03;9,284
19;2025;09;30;12;07;35;0,81;0,059;0,44;24,607;24,428;25,022;-580,688;929,021;15875,74;9,284
19;2025;09;30;12;07;35;0,519;-0,095;0,727;25,408;26,526;22,628;-535,122;1685,849;15639,96;9,284
19;2025;09;30;12;07;36;0,285;-0,083;-0,209;23,25;24,384;23,644;-741,433;1470,817;15660,19;9,284
19;2025;09;30;12;07;36;0,487;-0,039;0,071;27,01;27,918;28,771;-566,56;1554,438;15740,29;9,284
19;2025;09;30;12;07;37;0,346;-0,133;-0,079;30,081;25,687;29,29;-685,152;1494,924;15874,7;9,284
19;2025;09;30;12;07;37;0,559;0;0,326;24,941;24,207;29,087;-463,74;1190,733;15682,86;9,284
19;2025;09;30;12;07;38;-0,152;0,097;0,472;24,808;26,504;29,697;-907,443;333,544;15835,79;9,284
19;2025;09;30;12;07;38;0,559;0,021;0,261;20,514;24,318;26,625;-491,422;552,187;15846,25;9,284
19;2025;09;30;12;07;39;0,92;-0,168;0,937;24,607;25,091;26,987;-743,063;1517,72;15599,92;9,284
19;2025;09;30;12;07;39;0,483;0,062;0,268;24,83;27,587;30,171;-482,856;878,136;15924,46;9,284
19;2025;09;30;12;07;40;0,564;-0,016;0,522;26,877;21,491;30,758;-204,002;1536,743;15734,92;9,284
19;2025;09;30;12;07;40;0,445;-0,036;0,491;21,337;23,324;22,877;-784,603;1151,221;15893,32;9,284
19;2025;09;30;12;07;41;0,418;-0,061;0,056;21,982;27,896;29,9;-871,884;1993,097;15957,1;9,284
19;2025;09;30;12;07;41;0,425;0,105;0,282;24,496;24,34;25,045;-457,141;1342,82;16004,2;9,284
19;2025;09;30;12;07;42;0,827;0,047;0,392;23,495;25,731;24,661;63,216;307,507;15802,8;9,284
19;2025;09;30;12;07;42;0,632;0,086;-0,32;22,004;22,551;22,56;-613,465;1120,491;16078,05;9,284
19;2025;09;30;12;07;43;0,991;-0,38;-0,296;24,874;23,832;23,893;-428,655;1420,45;15812,24;9,284
19;2025;09;30;12;07;43;0,771;0,119;-0,007;23,339;21,336;22,673;-516,026;1483,855;15611,57;9,284
19;2025;09;30;12;07;44;0,472;-0,06;0,058;25,364;25,974;30,058;-673,843;1040,788;16040,55;9,284
19;2025;09;30;12;07;44;1,373;0,121;0,716;23,339;22,661;28,567;-453,264;1574,276;16068,09;9,284
19;2025;09;30;12;07;45;0,317;-0,038;-0,235;23,094;24,45;26,693;-683,35;1508,136;15970,48;9,284
19;2025;09;30;12;07;45;0,402;-0,057;0,086;22,916;28,028;26,354;-613,475;552,195;15750,13;9,284
19;2025;09;30;12;07;46;0,82;-0,094;-0,216;22,494;24,362;26,964;-614,129;905,144;15757,27;9,284
19;2025;09;30;12;07;46;0,704;0,068;0,069;24,318;24,472;23,961;-654,32;1318,112;15680,42;9,284
19;2025;09;30;12;06;28;0,69;-0,329;0,126;25,253;24,561;29,087;553,073;-1669,006;15730,76;9,284
19;2025;09;30;12;06;29;0,595;-0,024;0,086;23,851;23,788;27,258;343,231;-992,659;15796,52;9,284
19;2025;09;30;12;06;29;0,924;-0,348;0,311;22,583;24,693;27,461;486,798;-1662,912;15817,75;9,284
19;2025;09;30;12;06;30;0,978;-0,167;-0,019;22,783;23,28;24,503;468,012;15,172;15722,64;9,284
19;2025;09;30;12;06;30;1,035;-0,077;0,229;23,428;20,629;25,316;460,148;-315,274;15759,39;9,284
19;2025;09;30;12;06;31;0,901;-0,124;-0,082;25,008;24,362;25,925;230,707;-124,707;15976,97;9,284
19;2025;09;30;12;06;31;0,836;-0,127;-0,14;26,654;23,744;26,716;215,608;459,408;16195,72;9,284
19;2025;09;30;12;06;32;0,855;-0,008;-0,082;25,764;22,462;24,457;536,969;1073,82;15689,81;9,284
19;2025;09;30;12;06;32;0,778;0,029;0,44;24,696;25,886;25,858;430,494;73,537;15814,15;9,284
19;2025;09;30;12;06;33;0,462;-0,01;0,514;23,25;24,737;27,1;384,176;-334,71;15908,84;9,284
19;2025;09;30;12;06;33;0,803;-0,367;-0,355;27,522;21,071;24,728;-118,621;405,221;15867,2;9,284
19;2025;09;30;12;06;34;0,625;-0,015;-0,086;21,671;19,172;25,609;109,81;584,807;15820,19;9,284
19;2025;09;30;12;06;34;0,131;-0,461;-0,701;26,966;20,585;28,703;164,484;-689,601;15873,26;9,284
19;2025;09;30;12;06;35;0,809;-0,338;0,178;23,606;22,75;25,022;-26,635;-1402,378;15771,51;9,284
19;2025;09;30;12;06;35;0,624;-0,283;-0,094;23,161;24,627;26,783;-183,396;-1137,997;15656,92;9,284
19;2025;09;30;12;06;36;0,494;-0,293;0,043;24,785;26,792;22,786;-568,229;-1994,127;15753,59;9,284
19;2025;09;30;12;06;36;0,852;-0,302;0,123;23,45;23,147;27,8;-644,719;-1354,261;15852,41;9,284
19;2025;09;30;12;06;37;0,464;-0,288;0,069;24,318;26,085;23,509;-437,255;-1791,338;15756,09;9,284
19;2025;09;30;12;06;37;0,383;-0,274;0,219;23,272;24,627;30,984;-245,476;-1389,552;15654,5;9,284
19;2025;09;30;12;06;38;0,932;-0,482;-0,263;25,364;24,715;27,416;-242,831;-1514,541;15743,32;9,284
19;2025;09;30;12;06;38;0,574;-0,238;-0,018;21,782;24,362;24,39;-657,199;-1388,266;15638,12;9,284
19;2025;09;30;12;06;39;0,557;-0,359;0,123;24,34;25,51;26,445;-429,21;-1849,975;15819,15;9,284
19;2025;09;30;12;06;39;0,223;-0,36;-0,298;19,646;22,374;28,68;-720,073;-966,154;15829,42;9,284
19;2025;09;30;12;06;40;0,754;-0,209;0,057;22,916;21,8;26,309;-202,181;-1305,95;16023,68;9,284
19;2025;09;30;12;06;40;0,75;-0,273;0,295;26,743;22,551;23,554;-309,338;-1721,532;15763,24;9,284
19;2025;09;30;12;06;41;0,639;-0,142;-0,774;23,139;23,324;28,884;-667,298;-1222,677;15659,73;9,284
19;2025;09;30;12;06;41;0,729;-0,356;0,649;26,543;26,394;22,583;-237,176;-1822,519;15730,82;9,284
19;2025;09;30;12;06;42;0,772;-0,503;-0,538;24,14;23,169;27,958;-494,183;-1137,643;15710,37;9,284
19;2025;09;30;12;06;43;0,858;-0,484;-0,278;22,605;24,649;27,755;-342,62;-2012,749;15917;9,284
19;2025;09;30;12;06;43;0,678;-0,38;0,128;24,363;22,904;25,135;-468,73;-1579,022;15826,29;9,284
19;2025;09;30;12;06;44;0,655;-0,304;0,178;23,539;20,894;23,983;-372,828;-1344,689;15598,73;9,284
19;2025;09;30;12;06;44;0,716;-0,353;0,288;22,427;25,29;25,587;-467,858;-1089,734;15763,55;9,284
19;2025;09;30;12;06;45;0,643;-0,318;0,031;21,915;22,772;27,822;-472,452;-786,742;15654,98;9,284
19;2025;09;30;12;06;45;0,556;-0,297;0,387;24,318;21,027;26,896;-570,376;-1363,093;15900,36;9,284
19;2025;09;30;12;06;46;0,743;-0,297;0,522;23,895;21,601;27,416;-1449,787;-1157,813;15752,2;9,284
19;2025;09;30;12;06;46;0,365;-0,205;0,145;28,167;23,677;28,455;-652,427;-1591,037;15850,34;9,284
19;2025;09;30;12;06;47;0,622;-0,301;-0,228;26,009;23,655;30,735;-439,701;-1526,869;15903,68;9,284
19;2025;09;30;12;06;47;0,657;-0,355;0,452;26,766;21,756;23,057;-411,188;-1450,805;15832,05;9,284
19;2025;09;30;12;06;48;0,823;-0,056;0,282;21,582;25,378;24,548;-697,786;-819,02;15826,82;9,284
19;2025;09;30;12;06;48;0,435;-0,366;0,17;21,559;25,466;29,584;-543,137;-1511,064;15743;9,284
19;2025;09;30;12;06;49;0,562;-0,463;0,219;25,297;22,462;26,151;-705,02;-1135,295;15935,33;9,284
19;2025;09;30;12;06;49;0,722;-0,162;-0,318;26,499;20,85;27,145;-757,149;-1001,689;15881,75;9,284
19;2025;09;30;12;06;50;0,554;-0,265;-0,132;24,785;23,213;27,258;-80,538;-1269,308;16043,42;9,284
19;2025;09;30;12;06;50;0,445;-0,296;0,164;22,538;22,683;23,148;-850,445;-1482,068;16176,28;9,284
19;2025;09;30;12;06;51;0,589;-0,273;-0,347;23,962;22,993;26,648;-372,502;-832,771;15699,32;9,284
19;2025;09;30;12;06;51;0,34;-0,304;0,023;22,783;23,611;27,687;-252,327;-1242,858;15620,44;9,284
19;2025;09;30;12;06;52;0,864;-0,139;0,296;22,738;23,191;25,428;-443,044;-1626,705;15827,73;9,284
19;2025;09;30;12;06;52;0,858;-0,327;-0,233;23,717;25,753;27,054;-488,667;-1352,475;15774,22;9,284
19;2025;09;30;12;06;53;0,836;-0,27;0,018;26,343;24,053;23,622;-765,802;-772,157;16022,53;9,284
19;2025;09;30;12;06;53;0,597;-0,346;0,139;25,965;25,047;27,371;-120,916;-1966,617;15743,49;9,284
19;2025;09;30;12;06;54;0,645;-0,206;-0,253;24,585;28,073;29,268;-563,448;-1129,188;15999,35;9,284
19;2025;09;30;12;06;54;0,816;-0,358;-0,153;24,251;27,145;26,535;-464,123;-1196,116;15739,45;9,284
19;2025;09;30;12;06;55;0,796;-0,231;0,486;23,584;22,286;28,613;-333,033;-1240,92;15695,21;9,284
19;2025;09;30;12;06;55;0,663;-0,243;-0,142;26,454;21,822;30,284;-391,96;-1027,475;15626,48;9,284
19;2025;09;30;12;06;56;1,052;-0,419;-0,364;24,785;24,384;25,722;-81,684;-776,146;15481,39;9,284
19;2025;09;30;12;06;56;0,942;-0,258;-0,469;23,45;23,103;27,484;-694,96;-1119,992;15859,91;9,284
19;2025;09;30;12;06;57;0,784;-0,232;0,28;22,383;21,491;27,958;-339,33;-866,358;15802,83;9,284
19;2025;09;30;12;06;57;0,408;-0,207;0,063;27,277;23,677;23,419;-683,72;-1438,744;15585,56;9,284
19;2025;09;30;12;06;58;0,604;-0,208;0,082;24,963;22,374;28,161;-656,763;-1142,056;15974,35;9,284
19;2025;09;30;12;06;58;0,659;-0,224;0,402;22,56;23,324;25,609;-298,41;-2040,05;15566,62;9,284
20;2025;09;30;12;11;18;1,152;0,138;-0,084;23,762;22,728;27,325;-1096,686;1606,384;15654,89;9,284
20;2025;09;30;12;11;19;0,978;0,026;-0,306;24,963;23,081;28,613;-1122,309;851,965;15826,36;9,284
20;2025;09;30;12;11;19;1,176;-0,17;0,062;27,455;23,633;32,384;-984,526;1097,027;15828,96;9,284
20;2025;09;30;12;11;20;0,888;0,083;-0,397;22,049;27,763;26,693;-833,287;999,41;15781,97;9,284
20;2025;09;30;12;11;20;1,17;-0,081;-0,268;27,3;24,627;27,303;-941,299;972,975;15842,64;9,284
20;2025;09;30;12;11;21;0,718;0,096;0,288;25,564;25,312;24,367;-1002,229;966,046;15814,42;9,284
20;2025;09;30;12;11;21;1,022;-0,057;0,407;23,695;25,29;26,151;-1396,581;781,913;15772,5;9,284
20;2025;09;30;12;11;22;0,655;-0,15;-0,151;23,094;25,444;28,319;-979,039;875,782;15758,04;9,284
20;2025;09;30;12;11;22;0,762;-0,01;0,15;23,139;23,677;24,841;-771,333;953,453;15696,83;9,284
20;2025;09;30;12;11;23;1,139;-0,07;-0,138;24,941;21,756;23,396;-949,268;882,828;15757,95;9,284
20;2025;09;30;12;11;23;0,898;-0,117;-0,466;26,298;23,986;25,225;-1143,985;753,323;15725,23;9,284
20;2025;09;30;12;11;24;1,069;-0,041;0,169;22,672;24,517;23,87;-1044,853;869,365;15752,1;9,284
20;2025;09;30;12;11;24;1,187;0,043;0,556;23,428;23,898;30,577;-983,001;662,842;15722,41;9,284
20;2025;09;30;12;11;25;0,99;-0,133;-0,114;23,806;26,637;25,767;-857,195;711,905;15645,06;9,284
20;2025;09;30;12;11;25;1,188;-0,044;-0,119;22,405;27,454;28,274;-957,655;657,32;15747,67;9,284
20;2025;09;30;12;11;26;0,964;-0,094;-0,079;24,83;23,478;29,177;-1061,139;706,185;15724,99;9,284
20;2025;09;30;12;11;26;1,083;0,009;0,042;24,852;24,892;27,19;-876,501;691,362;15701,42;9,284
20;2025;09;30;12;11;27;0,956;-0,1;0,101;23,495;22,705;27,777;-1038,645;806,197;15789,24;9,284
20;2025;09;30;12;11;27;1,139;-0,121;-0,096;25,52;25,488;26,174;-985,825;808,156;15795,25;9,284
20;2025;09;30;12;11;28;1,008;-0,037;-0,142;24,274;24,76;22,628;-942,454;916,332;15827,36;9,284
20;2025;09;30;12;11;28;0,927;-0,094;-0,165;24,207;24,936;26,467;-1100,634;690,365;15829,26;9,284
20;2025;09;30;12;11;29;1,088;-0,127;-0,19;24,719;25,422;28,297;-1210,341;908,013;15887,29;9,284
20;2025;09;30;12;11;29;1,397;-0,139;0,048;23,717;26,438;25,496;-1022,498;745,781;15704,89;9,284
20;2025;09;30;12;11;30;1,28;-0,067;-0,156;25,319;26,924;24,164;-807,231;599,07;15729,12;9,284
20;2025;09;30;12;11;30;1,407;-0,027;0,003;22,649;25,378;25,88;-898,527;863,362;15641,17;9,284
20;2025;09;30;12;11;31;1,208;-0,04;-0,143;25,275;28,05;27,664;-1057,159;934,964;15750,92;9,284
20;2025;09;30;12;11;31;1,071;-0,059;-0,013;26,632;28,205;25,361;-1023,948;786,443;15807,04;9,284
20;2025;09;30;12;11;32;1,052;-0,011;0,076;26,988;27,454;27,687;-1022,669;864,391;15766,21;9,284
20;2025;09;30;12;11;32;1,156;0,01;-0,07;23,183;21,91;26,377;-1019,057;777,427;15804,92;9,284
20;2025;09;30;12;11;33;1,146;-0,023;-0,171;24,719;24,097;25,316;-918,173;795,271;15725,53;9,284
20;2025;09;30;12;11;33;1,046;-0,015;-0,301;23,339;22,772;27,348;-1051,843;864,154;15858,21;9,284
20;2025;09;30;12;11;34;1,136;-0,031;0,193;26,165;28,338;22,357;-1172,2;847,5;15898,41;9,284
20;2025;09;30;12;11;34;1,098;-0,086;-0,177;24,496;21,734;29,155;-897,977;651,612;15695,25;9,284
20;2025;09;30;12;11;35;1,088;-0,098;0,244;24,63;25,886;25,383;-1167,132;645,765;15912,01;9,284
20;2025;09;30;12;11;35;1,259;-0,089;-0,233;25,208;25,577;29,29;-1012,723;727,258;15801,24;9,284
20;2025;09;30;12;11;36;1,082;-0,079;-0,208;25,853;27,277;28,658;-1117,526;773,025;15767,76;9,284
20;2025;09;30;12;11;36;0,865;0;-0,048;26,321;23,567;23,712;-1084,063;870,497;15764,34;9,284
20;2025;09;30;12;11;37;1,163;-0,061;-0,225;24,207;26,438;26,016;-788,633;754,184;15636,36;9,284
20;2025;09;30;12;11;37;1,136;-0,044;-0,221;23,94;21,866;23,622;-982,145;572,709;15797,17;9,284
20;2025;09;30;12;11;38;1,052;-0,072;-0,172;23,361;21,601;25,835;-1148,994;814,262;15785;9,284
20;2025;09;30;12;11;38;1,209;-0,082;0,145;29,102;24,561;26,783;-1140,705;854,464;15874,3;9,284
20;2025;09;30;12;11;39;1,025;-0,039;-0,164;21,648;22,462;25,925;-1065,159;763,856;15711,96;9,284
20;2025;09;30;12;11;39;0,866;-0,235;-0,155;24,296;24,958;28,613;-1194,402;885,372;15917,14;9,284
20;2025;09;30;12;11;40;1,202;-0,066;0,013;24,585;22,131;24,638;-1049,301;767,699;15783,92;9,284
20;2025;09;30;12;11;40;1,162;-0,064;-0,129;25,208;23,876;21,702;-965,117;870,053;15762,16;9,284
20;2025;09;30;12;11;41;1,096;-0,017;0,027;24,785;26,814;25,654;-936,615;863,549;15886,32;9,284
20;2025;09;30;12;11;41;0,92;-0,022;-0,323;24,941;24,848;26,016;-1296,433;78,286;15755,43;9,284
20;2025;09;30;12;11;42;0,974;-0,084;-0,342;26,009;24,539;28,409;-1296,543;570,588;15767,22;9,284
20;2025;09;30;12;11;42;1,219;-0,051;0,511;23,028;25,4;24,977;-1157,228;739,506;15746,03;9,284
20;2025;09;30;12;11;43;1,089;-0,13;-0,158;21,849;20,872;26,309;-1170,012;500,133;15832,59;9,284
20;2025;09;30;12;11;43;1,125;-0,157;-0,031;25,675;21,8;25,09;-1245,503;647,759;15777,31;9,284
20;2025;09;30;12;11;44;1,217;-0,173;-0,213;26,632;22,683;24,141;-1061,053;703,865;15707,03;9,284
20;2025;09;30;12;11;44;0,998;-0,063;0,116;25,075;25,268;23,848;-1210,96;706,22;15780,87;9,284
20;2025;09;30;12;11;45;1,066;-0,159;-0,047;25,208;23,942;28,613;-1314,327;735,004;15818,28;9,284
20;2025;09;30;12;11;45;0,707;-0,011;-0,098;23,562;24,605;23,983;-1199,967;717,999;15906,41;9,284
20;2025;09;30;12;11;46;1,039;-0,063;-0,165;22,827;24,936;25,632;-1146,983;700,495;15687,01;9,284
20;2025;09;30;12;11;46;1,144;-0,144;-0,161;27,144;24,517;27,122;-1236,669;525,768;15845,79;9,284
20;2025;09;30;12;11;47;0,993;-0,109;0,325;22,56;24,693;26,038;-900,723;639,955;15736,32;9,284
20;2025;09;30;12;11;47;1,427;-0,109;0,039;23,673;24,053;27,619;-1126,267;704,33;15764,98;9,284
20;2025;09;30;12;11;48;1,092;-0,113;0,006;24,496;23,324;26,625;-1184,548;515,309;15814,31;9,284
20;2025;09;30;12;10;28;0,852;-0,048;0,157;22,627;24,296;25,925;-1085,357;654,455;15789,91;9,284
20;2025;09;30;12;10;28;1,027;-0,068;-0,04;23,829;23,92;22,944;-1212,435;568,035;15907,36;9,284
20;2025;09;30;12;10;29;1,033;-0,113;-0,56;23,072;22,131;26,49;-847,781;329,429;15616,45;9,284
20;2025;09;30;12;10;29;0,91;-0,021;-0,128;23,851;23,92;24,412;-1081,497;1000,962;15795,73;9,284
20;2025;09;30;12;10;30;0,466;0,021;0,01;23,517;22,661;25,699;-1346,051;709,284;15961,3;9,284
20;2025;09;30;12;10;30;0,75;0,004;-0,066;23,695;21,977;23,577;-951,17;651,942;15722,06;9,284
20;2025;09;30;12;10;31;0,93;-0,009;-0,109;24,185;24,671;24,683;-1550,431;1060,281;15778,84;9,284
20;2025;09;30;12;10;31;0,803;-0,08;-0,064;24,207;23,744;25,09;-1246,166;560,063;15863,46;9,284
20;2025;09;30;12;10;32;0,82;-0,07;-0,071;20,959;25,201;28,048;-1106,187;783,641;15811,59;9,284
20;2025;09;30;12;10;32;0,796;0,01;0,189;23,228;22,595;26,671;-1258,156;617,49;15740,41;9,284
20;2025;09;30;12;10;33;0,877;0,044;-0,261;23,428;24,229;27,167;-1504,563;990,714;15892,14;9,284
20;2025;09;30;12;10;33;0,941;-0,018;-0,14;23,673;23,633;26,445;-1123,183;1106,585;15627,78;9,284
20;2025;09;30;12;10;34;1,011;-0,031;-0,138;21,693;26,107;24,525;-1188,318;1039,491;15697,22;9,284
20;2025;09;30;12;10;34;0,825;0,027;0,069;22,205;26,858;25,474;-1145,189;647,999;15881,98;9,284
20;2025;09;30;12;10;35;0,69;0,028;0,077;25,141;25,908;26,987;-1100,863;501,006;15857,79;9,284
20;2025;09;30;12;10;35;0,912;-0,001;-0,372;23,584;26,968;25,067;-1106,064;617,891;15688,52;9,284
20;2025;09;30;12;10;36;0,938;0,03;-0,054;21,871;28,316;23,509;-1086,105;537,09;15800;9,284
20;2025;09;30;12;10;36;0,655;-0,075;0,089;27,277;25,356;26,874;-706,356;519,818;15576,6;9,284
20;2025;09;30;12;10;37;0,782;-0,086;0,006;21,671;23,633;26,58;-1080,762;907,568;15656,23;9,284
20;2025;09;30;12;10;37;0,651;0,047;-0,039;26,343;20,673;25,541;-1230,866;580,394;15851,11;9,284
20;2025;09;30;12;10;38;0,666;-0,12;-0,188;21,025;20,696;27,167;-1291,886;927,117;15756,29;9,284
20;2025;09;30;12;10;38;0,956;0,023;-0,339;22,16;20,143;23,08;-879,95;218,063;15831,88;9,284
20;2025;09;30;12;10;39;0,871;-0,026;-0,128;26,588;23,92;25,09;-998,078;702,045;15641,68;9,284
20;2025;09;30;12;10;39;0,892;-0,094;-0,081;25,03;25,952;27,393;-926,517;1489,794;15741,13;9,284
20;2025;09;30;12;10;40;0,955;-0,066;0,472;26,098;22,087;27,416;-992,196;925,251;15704;9,284
20;2025;09;30;12;10;40;1,07;-0,074;-0,25;23,984;20,894;25,135;-1550,116;1123,489;15955,17;9,284
20;2025;09;30;12;10;41;0,876;-0,008;0,655;23,295;21,513;28,59;-1183,842;1238,188;15670,82;9,284
20;2025;09;30;12;10;41;0,801;-0,054;0,145;21,114;19,989;26,264;-1200,916;868,289;15773,99;9,284
20;2025;09;30;12;10;42;0,773;-0,11;0,088;24,162;27,984;27,529;-1048,717;971,618;15721,41;9,284
20;2025;09;30;12;10;42;0,878;0,092;0,12;27,077;27,034;27,551;-1265,981;268,522;15940,66;9,284
20;2025;09;30;12;10;43;0,74;-0,158;0,079;24,63;25,51;24,683;-1066,819;639,731;15745,61;9,284
20;2025;09;30;12;10;43;1,012;-0,035;-0,123;25,364;25,157;23,825;-1486,323;1074,059;15864,09;9,284
20;2025;09;30;12;10;44;0,762;-0,043;-0,246;24,296;26,659;26,671;-1194,52;628,802;15768,55;9,284
20;2025;09;30;12;10;44;0,833;0,029;0,008;22,672;22,882;25,654;-1596,482;676,768;15913,09;9,284
20;2025;09;30;12;10;45;0,72;-0,052;0,094;20,536;23,986;26,219;-1489,251;750,039;15834,72;9,284
20;2025;09;30;12;10;45;0,274;-0,015;-0,384;21,737;22,065;26,422;-1206,866;867,115;15720;9,284
20;2025;09;30;12;10;46;0,482;-0,029;0,234;22,227;23,412;25,632;-1250,969;281,727;15786,13;9,284
20;2025;09;30;12;10;46;0,91;-0,046;0,022;25,386;24,782;27,551;-1718,174;894,317;15893,1;9,284
20;2025;09;30;12;10;47;0,76;-0,013;-0,103;24,34;22,197;26,422;-1478,24;631,636;15843,7;9,284
20;2025;09;30;12;10;47;0,798;-0,029;0,325;26,588;26,284;25,903;-1214,353;909,265;15741,24;9,284
20;2025;09;30;12;10;48;0,818;-0,072;-0,071;25,186;24,958;24,977;-1476,712;718,546;15839,86;9,284
20;2025;09;30;12;10;48;1,001;0,045;-0,074;25,386;25,002;25,496;-1292,985;641,03;15669,95;9,284
20;2025;09;30;12;10;49;1,112;0,116;0,491;23,584;25,908;27,032;-1180,257;613,989;15679,67;9,284
20;2025;09;30;12;10;49;0,962;-0,1;-0,294;24,541;23,964;25,496;-1662,784;1312,341;15879,69;9,284
20;2025;09;30;12;10;50;0,782;-0,09;0,17;24,541;25,334;26,738;-1195,878;929,095;15678,61;9,284
20;2025;09;30;12;10;50;0,607;-0,021;0,13;23,406;26,747;24,57;-1314,795;577,059;15829,09;9,284
20;2025;09;30;12;10;51;1,13;-0,048;-0,057;25,742;22,816;27,145;-872,169;112,23;15542,58;9,284
20;2025;09;30;12;10;51;1,166;-0,048;-0,227;22,116;21,778;24,909;-1472,221;843,984;15730,18;9,284
20;2025;09;30;12;10;52;1,105;-0,091;-0,425;26,232;22,926;25,541;-1162,452;1019,45;15677,03;9,284
20;2025;09;30;12;10;52;0,795;-0,073;0,057;23,984;21,557;23,69;-1261,599;429,999;15783,76;9,284
20;2025;09;30;12;10;53;0,702;-0,002;-0,209;20,491;26,814;25,248;-1167,379;245,905;15793,7;9,284
20;2025;09;30;12;10;53;0,645;-0,014;0,194;23,428;21,866;25,112;-1215,281;536,384;15709,89;9,284
20;2025;09;30;12;10;54;0,839;0,023;0,134;23,005;21,932;26,49;-1231,572;903,22;15708,76;9,284
20;2025;09;30;12;10;54;0,659;-0,068;-0,364;25,675;24,737;24,548;-1295,1;815,392;15686,84;9,284
20;2025;09;30;12;10;55;0,703;-0,068;-0,024;24,318;23,589;27,145;-1177,975;679,037;15731,09;9,284
20;2025;09;30;12;10;55;0,771;-0,057;-0,109;23,25;20,916;24,57;-1235,835;608,59;15758,59;9,284
20;2025;09;30;12;10;56;0,827;0,009;0,055;23,806;21,314;24,819;-1052,428;817,009;15653,3;9,284
20;2025;09;30;12;10;56;0,804;-0,039;0,123;24,318;21,8;22,944;-1430,569;1026,348;15660,95;9,284
20;2025;09;30;12;10;57;0,619;-0,012;-0,308;24,874;21,358;23,531;-1433,666;534,583;15829,46;9,284
20;2025;09;30;12;10;57;0,892;-0,009;-0,354;23,228;23,832;25,157;-1226,377;739,123;15652,25;9,284
20;2025;09;30;12;09;28;0,059;-0,338;-0,067;28,456;25,378;31,707;856,98;-1659,174;15460,8;9,284
20;2025;09;30;12;09;28;0,205;-0,163;-1,097;25,586;23,324;29,584;611,251;-987,086;15582,62;9,284
20;2025;09;30;12;09;29;0,078;-0,043;0,616;29,257;26,482;29,697;286,232;-1095,764;15818,89;9,284
20;2025;09;30;12;09;29;0,372;-0,181;0,199;23,339;26,924;28,116;549,938;-950,825;15603,92;9,284
20;2025;09;30;12;09;30;0,271;-0,207;-0,199;27,389;27,454;28,748;434,66;-1804,111;15443,02;9,284
20;2025;09;30;12;09;30;0,477;-0,174;-0,069;24,073;24,207;26,603;509,769;-1745,023;15482,04;9,284
20;2025;09;30;12;09;31;0,139;-0,135;0,026;25,72;23,015;23,644;466,681;-1415,015;15776,73;9,284
20;2025;09;30;12;09;31;0,119;-0,283;0,504;28,212;20,718;24,999;426,185;-2216,451;15698,41;9,284
20;2025;09;30;12;09;32;0,604;-0,262;-0,383;26,988;25,113;26,919;314,785;-1255,123;15421,69;9,284
20;2025;09;30;12;09;32;0,576;-0,233;0,095;23,339;26,35;25,519;478,101;-2212,452;15596,37;9,284
20;2025;09;30;12;09;33;0,593;-0,243;0,025;23,495;24,494;27,958;284,709;-2095,293;15699,55;9,284
20;2025;09;30;12;09;33;-0,171;-0,081;0,515;25,698;19,945;27,145;289,385;-1566,665;15478,67;9,284
20;2025;09;30;12;09;34;0,443;-0,385;0,165;25,319;24,914;29,087;318,848;-1961,668;15941,81;9,284
20;2025;09;30;12;09;34;0,315;-0,078;0,365;23,962;25,709;24,503;446,408;-1310,259;15854,29;9,284
20;2025;09;30;12;09;35;0,363;0,015;-0,176;27,9;26,681;25,587;506,822;-1058,14;15571,51;9,284
20;2025;09;30;12;09;35;0,328;0,078;0,583;22,56;26,328;26,264;385,316;-1165,513;15785,64;9,284
20;2025;09;30;12;09;36;0,227;-0,136;0,047;22,894;25,599;30,758;272,328;-1417,336;15900,05;9,284
20;2025;09;30;12;09;36;0,404;-0,134;-0,291;21,693;23,832;26,174;609,068;-583,586;15765,45;9,284
20;2025;09;30;12;09;37;0,073;-0,089;-0,419;30,748;28,338;32,768;931,034;-1352,06;15828,59;9,284
20;2025;09;30;12;09;37;-0,021;-0,142;-0,107;30,348;29,133;28,726;-180,238;-959,667;15757,48;9,284
20;2025;09;30;12;09;38;0,168;-0,146;-0,346;27,967;25,886;27,8;26,904;-1657,883;15849,27;9,284
20;2025;09;30;12;09;38;0,161;-0,204;-0,036;29,124;31,054;30,826;-856,07;-1831,819;15656,43;9,284
20;2025;09;30;12;09;39;0,737;-0,344;-0,721;28,434;26,063;31,458;-718,52;-1075,741;15838,24;9,284
20;2025;09;30;12;09;39;-0,09;0,066;0,593;31,349;35,45;38,188;-445,648;-1381,409;15862,79;9,284
20;2025;09;30;12;09;40;0,015;-0,115;-0,315;34,263;31,894;31,481;-581,019;-1149,405;15926,54;9,284
20;2025;09;30;12;09;40;-0,056;0,02;0,177;33,596;32,645;31,819;-166,254;-1244,092;15718,56;9,284
20;2025;09;30;12;09;41;0,221;0,048;-0,043;32,773;35,185;35,568;-197,706;-1447,374;15653,29;9,284
20;2025;09;30;12;09;41;0,11;0,004;-0,125;25,631;26,593;34,439;-545,487;-1384,768;15422,69;9,284
20;2025;09;30;12;09;42;-0,061;0,036;0,381;27,544;27,763;29,042;-1057,586;-476,084;16394,19;9,284
20;2025;09;30;12;09;42;0,327;-0,039;-0,218;33,93;27,697;32,384;-365,786;-633,485;15781,5;9,284
20;2025;09;30;12;09;43;0,468;-0,077;0,189;33,062;30,325;35,275;-622,803;-1457,826;15902,29;9,284
20;2025;09;30;12;09;43;-0,076;0,059;0,125;39,447;40,132;38,256;-637,908;-749,538;15869,35;9,284
20;2025;09;30;12;09;44;0,117;-0,051;0,09;36,733;35,405;36,359;-470,44;-1757,807;15713,46;9,284
20;2025;09;30;12;09;44;0,331;-0,05;-0,292;30,815;31,695;35,907;-457,81;-1089,954;15619,54;9,284
20;2025;09;30;12;09;45;-0,065;0,02;0,243;31,527;32,91;41,237;-485,415;-1395,555;15661,26;9,284
20;2025;09;30;12;09;45;0,004;0,007;-0,03;38,602;35,671;37,488;-656,846;-1180,505;15983,04;9,284
20;2025;09;30;12;09;46;-0,006;0,043;0,154;31,416;24,804;27,529;-172,906;-1437,847;15753,73;9,284
20;2025;09;30;12;09;46;0,091;-0,051;0,038;27,633;26,261;28,071;-226,669;-1061,519;15637,23;9,284
20;2025;09;30;12;09;47;0,124;-0,118;-0,005;28,345;24,252;27,551;-772,864;-1744,847;16007,87;9,284
20;2025;09;30;12;09;47;0,051;0,045;0,124;30,036;30,105;26,422;-223,577;-1320,029;15501,83;9,284
20;2025;09;30;12;09;48;-0,129;-0,041;0,087;28,189;23,876;30,329;-625,046;-1783,318;15613,19;9,284
20;2025;09;30;12;09;48;0,178;-0,091;0,069;25,609;23,721;28,161;-636,814;-1521,494;15679,09;9,284
20;2025;09;30;12;09;49;0,058;0,13;0,261;27,389;26,129;28,048;-626,625;-109,714;15953,67;9,284
20;2025;09;30;12;09;49;-0,867;0,016;1,143;20,447;23,147;28,658;6,53;-1433,981;15618,08;9,284
20;2025;09;30;12;09;50;-0,155;-0,069;0,334;27,789;30,833;33,197;-538,325;-800,526;15780,9;9,284
20;2025;09;30;12;09;50;0,111;-0,113;-0,113;32,061;27,344;32,429;-880,577;-1247,305;15707,99;9,284
20;2025;09;30;12;09;51;0,049;0,016;-0,185;29,413;27,94;29,832;-162,076;-962,68;15569,23;9,284
20;2025;09;30;12;09;51;0,066;0,013;0,015;23,228;22,993;25,79;-758,337;-624,809;15805,01;9,284
20;2025;09;30;12;09;52;0,172;0,113;0,222;32,261;31,341;33,242;-488,942;-1165,165;15760,02;9,284
20;2025;09;30;12;09;52;0,294;-0,044;0,488;29,969;27,609;30,939;-383,292;-534,91;15955,76;9,284
20;2025;09;30;12;09;53;0,018;-0,017;0,693;25,453;22,772;32,203;-816,759;-947,208;15671,26;9,284
20;2025;09;30;12;09;53;0,167;-0,23;-0,583;27,878;24,494;29,493;-846,034;-1777,192;15893,51;9,284
20;2025;09;30;12;09;54;0,137;-0,07;-0,169;31,26;30,524;38,075;-229,414;-1780,556;15375,73;9,284
20;2025;09;30;12;09;54;0,083;-0,001;0,016;37,178;35,604;36,472;-573,781;-636,026;15599,34;9,284
20;2025;09;30;12;09;55;0,105;0,047;0,198;28,679;34,897;35,862;-1089,695;-1321,512;16381,82;9,284
20;2025;09;30;12;09;55;0,342;0,2;-0,057;29,369;27,542;32,587;-1411,833;-1281,186;16198,22;9,284
20;2025;09;30;12;09;56;0,24;0,033;-0,138;32,773;30,436;28,951;-514,938;-945,813;15797,23;9,284
20;2025;09;30;12;09;56;-0,051;-0,004;0,312;36,778;33,528;33,242;-969,654;-1616,88;15586,49;9,284
20;2025;09;30;12;09;57;-0,123;0,077;0,312;40,026;41,965;43,111;-296,898;-1358,401;15706,48;9,284
20;2025;09;30;12;09;57;0,241;-0,011;0,318;41,049;33,108;37,804;-491,512;-1101,282;15947,76;9,284
21;2025;09;30;12;12;39;0,641;0,022;-0,165;26,499;24,76;25,451;-782,165;935,841;15756,57;9,284
21;2025;09;30;12;12;39;0,938;-0,089;-0,251;27,856;23,213;21,025;-724,349;803,246;15791,56;9,284
21;2025;09;30;12;12;40;0,648;0;-0,298;24,14;25,687;23,328;-719,564;715,976;15746,83;9,284
21;2025;09;30;12;12;40;0,352;-0,017;0,068;24,251;21,734;27,642;-647,624;384,137;15821,11;9,284
21;2025;09;30;12;12;41;0,965;0,127;-0,128;23,806;27,675;22,606;-1012,639;920,247;15848,09;9,284
21;2025;09;30;12;12;41;0,587;0,038;-0,605;22,093;22,021;28,522;-625,612;670,002;15758,02;9,284
21;2025;09;30;12;12;42;0,777;0,001;-0,201;23,094;22,242;29,81;-694,679;527,783;15791,36;9,284
21;2025;09;30;12;12;42;0,405;-0,152;0,327;22,116;20,585;24,751;-972,866;584,509;15911,27;9,284
21;2025;09;30;12;12;43;0,839;0,069;-0,183;26,298;25,091;27,258;-841,3;991,468;15785,25;9,284
21;2025;09;30;12;12;43;0,897;0,037;0,275;24,607;23,368;29,2;-827,82;671,989;15817,82;9,284
21;2025;09;30;12;12;44;0,569;0,062;0,022;25,475;22,485;26,264;-749,259;583,855;15836,04;9,284
21;2025;09;30;12;12;44;0,784;0,018;-0,052;27,166;23,125;26,061;-652,943;993,013;15742,23;9,284
21;2025;09;30;12;12;45;0,957;0,087;0,237;26,766;23,898;25,88;-921,526;931,323;15777,11;9,284
21;2025;09;30;12;12;45;0,856;-0,003;-0,258;21,381;24,936;25,858;-890,799;755,891;15820,27;9,284
21;2025;09;30;12;12;46;0,897;0,03;-0,232;28,924;23,324;25,699;-588,268;624,29;15734,87;9,284
21;2025;09;30;12;12;46;0,517;0,017;0,24;24,541;23,986;26,219;-1164,431;854,097;15916,3;9,284
21;2025;09;30;12;12;47;0,777;0,035;-0,108;27,544;25,599;24,977;-792,442;902,976;15729,72;9,284
21;2025;09;30;12;12;47;0,72;-0,002;-0,085;26,543;26,659;24,977;-1159,068;872,365;15919,98;9,284
21;2025;09;30;12;12;48;0,658;0,031;-0,056;27,544;25,665;24,864;-989,815;922,068;15777,21;9,284
21;2025;09;30;12;12;48;0,744;0,091;0,025;25,809;22,705;26,648;-847,348;886,759;15777,97;9,284
21;2025;09;30;12;12;49;0,648;0,041;-0,153;23,673;22,043;25,474;-881,537;964,902;15785,69;9,284
21;2025;09;30;12;12;49;0,566;0,018;-0,439;20,113;23,368;25,451;-1034,172;735,322;15846,52;9,284
21;2025;09;30;12;12;50;0,723;0,018;-0,196;21,493;24,494;26,896;-1027,696;958,39;15835,97;9,284
21;2025;09;30;12;12;50;1,011;0,055;0,517;24,607;26,792;27,145;-914,041;1020,375;15657,51;9,284
21;2025;09;30;12;12;51;0,715;0,129;0,475;23,673;23,699;28,5;-982,084;701,259;15822,31;9,284
21;2025;09;30;12;12;51;0,822;0,036;-0,025;29,013;23,898;25,203;-980,708;866,148;15782,22;9,284
21;2025;09;30;12;12;52;0,788;0,106;-0,429;25,275;26,085;29,155;-839,472;939,222;15802,18;9,284
21;2025;09;30;12;12;52;1,08;-0,03;-0,2;20,491;24,252;23,983;-829,047;821,406;15781,15;9,284
21;2025;09;30;12;12;53;0,601;0,026;0,264;26,61;25,599;28,567;-768,717;879,266;15636,43;9,284
21;2025;09;30;12;12;53;0,754;-0,044;-0,341;22,939;22,882;24,796;-635,049;711,083;15723,27;9,284
21;2025;09;30;12;12;54;0,542;0,019;0,048;23,517;21,358;27,258;-768,339;671,675;15795,59;9,284
21;2025;09;30;12;12;54;0,537;-0,04;-0,211;24,318;23,832;26,287;-618,963;308,25;15886,5;9,284
21;2025;09;30;12;12;55;0,866;0,01;-0,292;25,876;22,772;26,106;-917,109;543,914;15850,32;9,284
21;2025;09;30;12;12;55;0,788;0,143;0,287;28,701;24,98;30,035;-1027,654;949,719;15734,68;9,284
21;2025;09;30;12;12;56;0,734;0,035;0,03;27,567;27,587;23,825;-650,785;843,055;15554,88;9,284
21;2025;09;30;12;12;56;0,422;0,114;0,237;25,23;24,583;27,325;-1067,457;257,152;15923,03;9,284
21;2025;09;30;12;12;57;0,673;-0,122;-0,164;22,249;21,977;26,016;-1052,911;307,088;15920,72;9,284
21;2025;09;30;12;12;57;0,747;0,038;-0,116;23,05;24,362;23,848;-986,838;298,532;15840,35;9,284
21;2025;09;30;12;12;58;0,872;0,106;-0,332;23,584;28,625;25,564;-1058,042;781,082;15701,94;9,284
21;2025;09;30;12;12;58;0,866;0,012;0,17;25,275;25,643;25,903;-973,469;488,337;15794,97;9,284
21;2025;09;30;12;12;59;1,032;-0,031;-0,156;25,965;25,091;30,193;-898,984;613,805;15885,67;9,284
21;2025;09;30;12;12;59;1,027;0,081;-0,022;24,808;24,605;23,373;-779,011;935,926;15707,14;9,284
21;2025;09;30;12;13;00;0,708;-0,002;-0,124;23,072;23,721;25,067;-858,049;555,376;15863,88;9,284
21;2025;09;30;12;13;00;0,655;-0,009;0,105;25,03;19,878;27,732;-742,069;680,712;15801,74;9,284
21;2025;09;30;12;13;01;0,856;0,047;-0,1;21,76;26,836;28,409;-1090,954;806,145;15760,91;9,284
21;2025;09;30;12;13;01;0,847;0,149;0,147;25,008;25,621;26,603;-865,314;600,035;15785,07;9,284
21;2025;09;30;12;13;02;0,69;0,007;-0,035;25,609;24,649;27,371;-844,022;416,254;15859,52;9,284
21;2025;09;30;12;13;02;0,81;0,002;0,157;25,609;23,986;26,241;-769,742;613,783;15806,91;9,284
21;2025;09;30;12;13;03;0,604;0,011;0,045;25,542;22,573;28,319;-848,637;1136,704;15606,62;9,284
21;2025;09;30;12;13;03;0,848;0,036;0,096;23,428;23,037;25,293;-911,393;830,024;15752,92;9,284
21;2025;09;30;12;13;04;0,637;-0,029;0,076;23,117;28,558;27,98;-812,918;572,843;15856,75;9,284
21;2025;09;30;12;13;04;1,069;0,128;0,366;23,094;24,737;24,096;-785,636;553,341;15815,97;9,284
21;2025;09;30;12;13;05;0,752;0,062;0,405;23,428;23,368;25,225;-841,569;607,569;15808,1;9,284
21;2025;09;30;12;13;05;0,879;-0,061;-0,198;24,14;22,551;28,545;-843,07;593,275;15811,21;9,284
21;2025;09;30;12;13;06;0,914;0,053;-0,162;23,784;22,639;27,258;-1066,666;765,753;15757,08;9,284
21;2025;09;30;12;13;06;0,932;0,107;-0,187;24,741;23,28;24,322;-1124,966;698,981;15895,09;9,284
21;2025;09;30;12;13;07;0,446;0,071;-0,189;24,741;24,384;24,299;-857,166;596,364;15723,7;9,284
21;2025;09;30;12;13;07;0,602;-0,014;0,126;26,632;22,396;24,864;-880,187;453,447;15787,67;9,284
21;2025;09;30;12;13;08;0,631;-0,107;-0,107;23,984;23,655;23,712;-963,815;375,588;15867;9,284
21;2025;09;30;12;13;08;0,84;-0,017;-0,068;26,677;23,412;27,822;-730,819;645,733;15726,36;9,284
22;2025;09;30;12;14;06;0,546;-0,063;-0,506;24,852;21,049;28,567;-1282,981;925,689;15786,9;9,284
22;2025;09;30;12;14;06;0,673;-0,239;-0,054;23,295;26,151;25,383;-1349,959;895,328;15787,38;9,284
22;2025;09;30;12;14;07;0,702;-0,034;0,029;23,806;23,258;26,896;-1256,393;893,488;15724,91;9,284
22;2025;09;30;12;14;07;0,658;0,042;-0,035;25,52;20,916;21,973;-1425,078;1154,456;15762,69;9,284
22;2025;09;30;12;14;08;0,437;-0,116;0,081;23,628;24,87;27,98;-1385,028;908,784;15809,11;9,284
22;2025;09;30;12;14;08;0,529;-0,068;0,066;24,185;18,288;23,577;-1501,299;930,684;15822,62;9,284
22;2025;09;30;12;14;09;0,576;-0,107;0,418;22,004;25,798;26,467;-1090,733;930,127;15786,13;9,284
22;2025;09;30;12;14;09;0,571;-0,051;-0,117;24,118;27,498;25,609;-922,368;857,117;15834,44;9,284
22;2025;09;30;12;14;10;0,764;-0,117;0,046;24,852;22,573;24,728;-987,835;799,878;15847,98;9,284
22;2025;09;30;12;14;10;0,675;-0,298;-0,163;27,9;27,808;29,539;-785,822;616,185;15748,84;9,284
22;2025;09;30;12;14;11;0,776;-0,35;-0,989;24,852;23,876;24,548;-890,053;881,791;15759,73;9,284
22;2025;09;30;12;14;11;0,616;-0,074;0,169;24,696;24,561;24,457;-808,852;644,677;15820,32;9,284
22;2025;09;30;12;14;12;0,571;-0,089;0,066;26,076;25,069;25,293;-865,61;705,874;15852,05;9,284
22;2025;09;30;12;14;12;0,528;-0,054;0,088;21,515;23,611;24,096;-826,181;682,801;15747,62;9,284
22;2025;09;30;12;14;13;0,517;-0,188;0,015;28,723;24,583;23,757;-889,811;678,932;15799,93;9,284
22;2025;09;30;12;14;13;0,53;-0,071;-0,032;23,139;28,073;27,8;-907,622;665,01;15807,87;9,284
22;2025;09;30;12;14;14;0,62;-0,099;-0,072;24,318;24,274;29,539;-1022,119;995,704;15737,01;9,284
22;2025;09;30;12;14;14;0,667;-0,063;0,014;20,981;21,999;23,69;-1051,493;715,92;15802,84;9,284
22;2025;09;30;12;14;15;0,62;-0,12;0,226;23,005;22,639;26,942;-888,634;645,162;15827,96;9,284
22;2025;09;30;12;14;15;0,544;-0,124;-0,472;26,855;24,119;23,848;-931,215;710,097;15801,05;9,284
22;2025;09;30;12;14;16;0,66;-0,112;0,182;23,228;23,567;27,732;-806,246;578,712;15788,07;9,284
22;2025;09;30;12;14;16;0,755;-0,068;0,383;23,473;24,009;28,071;-1013,373;713,183;15798,92;9,284
22;2025;09;30;12;14;17;0,806;-0,225;-0,208;23,094;26,482;26,106;-1065,529;667,911;15783,97;9,284
22;2025;09;30;12;14;17;0,664;-0,166;0,02;24,674;23,081;27,054;-990,127;678,018;15801,57;9,284
22;2025;09;30;12;14;18;0,566;-0,069;0,089;22,916;23,633;26,625;-1047,459;543,59;15831,92;9,284
22;2025;09;30;12;14;18;0,576;-0,107;0,025;26,054;21,645;23,102;-979,076;476,778;15831,17;9,284
22;2025;09;30;12;14;19;0,765;-0,153;-0,241;26,988;26,681;26,964;-1017,082;524,891;15878,01;9,284
22;2025;09;30;12;14;19;0,698;-0,221;0;25,653;25,4;25,18;-911,825;442,476;15795,84;9,284
22;2025;09;30;12;14;20;0,77;-0,206;-0,12;24,585;26,217;26,467;-958,245;413,025;15774,89;9,284
22;2025;09;30;12;14;20;0,556;-0,154;0,324;24,696;22,197;26,196;-1046,92;528,281;15822,19;9,284
22;2025;09;30;12;14;21;0,673;-0,119;-0,012;24,83;22,926;25,903;-971,585;597,825;15773,87;9,284
22;2025;09;30;12;14;21;0,517;-0,142;0,006;22,338;25,864;24,954;-1024,723;637,18;15824,27;9,284
22;2025;09;30;12;14;22;0,445;-0,143;0,122;25,119;22,507;24,683;-1108,522;458,8;15815,1;9,284
22;2025;09;30;12;14;22;0,719;-0,213;-0,55;23,428;27,454;28,409;-1079,432;485,765;15746,91;9,284
22;2025;09;30;12;14;23;0,597;-0,19;-0,041;28,189;23,854;29,109;-1188,362;517,988;15827,69;9,284
22;2025;09;30;12;14;23;0,608;-0,198;-0,12;27,077;21,292;27,687;-1109,376;597,516;15786,9;9,284
22;2025;09;30;12;14;24;0,675;-0,169;-0,132;21,292;25,091;26,4;-1043,926;443,505;15728,55;9,284
22;2025;09;30;12;14;24;0,571;-0,119;0,003;26,81;26,924;25,157;-1069,605;604,806;15780,8;9,284
22;2025;09;30;12;14;25;0,772;-0,248;-0,151;26,454;24,031;24,57;-1101,785;593,138;15766,98;9,284
22;2025;09;30;12;14;25;0,6;-0,107;0,06;22,894;22,153;28,477;-996,138;335,687;15809,67;9,284
22;2025;09;30;12;14;26;0,464;-0,14;-0,196;28,1;22,573;24,841;-1090,623;600,797;15789,72;9,284
22;2025;09;30;12;14;26;0,434;-0,109;0,115;25,386;25,312;24,909;-1057,233;537,281;15786,02;9,284
22;2025;09;30;12;14;27;0,681;-0,241;-0,411;24,051;25,488;25,067;-1074,306;461,633;15778,5;9,284
22;2025;09;30;12;14;27;0,484;-0,185;0,004;23,072;25,047;25,022;-1018,481;516,522;15780,42;9,284
22;2025;09;30;12;14;28;0,751;-0,202;-0,316;26,855;25,312;23,802;-1098,322;624,335;15841,87;9,284
22;2025;09;30;12;14;28;0,437;-0,136;0,185;26,209;22,772;27,8;-984,86;699,355;15753,19;9,284
22;2025;09;30;12;14;29;0,575;-0,147;-0,09;24,229;23,854;30,713;-941,627;591,566;15748,86;9,284
22;2025;09;30;12;14;29;0,533;-0,185;-0,049;29,903;21,977;26,241;-960,362;514,272;15764,51;9,284
22;2025;09;30;12;14;30;0,63;-0,2;-0,077;25,141;28,117;28,432;-1012,809;664,125;15852,66;9,284
22;2025;09;30;12;14;30;0,537;-0,328;-0,063;26,054;23,986;26,716;-776,647;525,358;15800,48;9,284
22;2025;09;30;12;14;31;0,998;-0,254;-0,458;22,738;20,872;22,854;-955,578;662,946;15802,44;9,284
22;2025;09;30;12;14;31;0,453;-0,188;-0,205;27,166;26,284;31,345;-726,181;456,202;15751,75;9,284
22;2025;09;30;12;14;32;0,567;-0,151;0,093;26,12;24,649;28,703;-750,187;545,029;15841,3;9,284
22;2025;09;30;12;14;32;0,289;-0,151;-0,184;26,209;23,964;27,325;-912,792;698,451;15785,27;9,284
22;2025;09;30;12;14;33;0,527;-0,193;-0,096;24,251;26,858;26,309;-1004,702;629,005;15791,57;9,284
22;2025;09;30;12;14;33;0,609;-0,278;-0,286;25,03;24,296;26,58;-1004,402;685,592;15805,42;9,284
22;2025;09;30;12;14;34;0,604;-0,144;-0,047;20,002;25,312;24,593;-1005,935;599,03;15780,68;9,284
22;2025;09;30;12;14;34;0,483;-0,216;-0,153;24,34;23,81;26,4;-958,281;511,522;15830,57;9,284
22;2025;09;30;12;14;35;0,405;-0,13;0,139;22,983;24,76;28,048;-928,331;538,13;15804,69;9,284
22;2025;09;30;12;14;35;0,652;-0,187;-0,152;26,187;27,3;25,564;-870,613;522,564;15828,45;9,284
23;2025;09;30;12;15;35;0,358;-0,134;-0,411;24,34;21,932;27,213;-582,696;586,397;15923,58;9,284
23;2025;09;30;12;15;35;0,551;-0,1;-0,118;24,429;25,488;29,403;-475,837;564,417;15828,05;9,284
23;2025;09;30;12;15;36;0,49;-0,099;-0,134;27,055;26,792;28,003;-395,416;341,9;15810,94;9,284
23;2025;09;30;12;15;36;0,186;0,135;0,069;26,832;26,747;27,461;-343,641;47,208;15859,39;9,284
23;2025;09;30;12;15;37;0,406;-0,13;-0,18;21,737;24,98;28,793;-387,702;317,424;15834,24;9,284
23;2025;09;30;12;15;37;0,429;0,035;-0,2;25,631;21,071;23,486;-375,549;215,523;15820,35;9,284
23;2025;09;30;12;15;38;0,441;-0,068;0,027;28,167;22,595;25,812;-420,822;283,758;15807,38;9,284
23;2025;09;30;12;15;38;0,479;-0,072;-0,422;28,946;25,334;28,342;-464,126;344,585;15823,98;9,284
23;2025;09;30;12;15;39;0,308;0,073;-0,028;32,395;35,45;39,746;-498,265;470,517;15785,7;9,284
23;2025;09;30;12;15;39;0,289;-0,02;-0,127;31,482;30,922;30,848;-521,783;219,293;15870,17;9,284
23;2025;09;30;12;15;40;0,472;-0,045;0,024;28,59;26,328;29,832;-552,475;320,427;15813,47;9,284
23;2025;09;30;12;15;40;0,427;-0,034;0,195;23,606;27,94;31,3;-701,227;257,272;15883,34;9,284
23;2025;09;30;12;15;41;0,501;0,003;-0,053;24,251;24,097;27,845;-807,755;295,429;15811,41;9,284
23;2025;09;30;12;15;41;0,414;-0,031;0,069;26,12;25,93;23,464;-846,44;346,938;15809,6;9,284
23;2025;09;30;12;15;42;0,246;0,041;-0,174;21,982;23,699;28,071;-732,466;431,068;15829,63;9,284
23;2025;09;30;12;15;42;0,239;0,092;0,077;27,033;25,952;34,552;-725,524;437,109;15802,1;9,284
23;2025;09;30;12;15;43;0,535;-0,053;-0,148;24,897;26,482;25,654;-801,451;572,306;15804,19;9,284
23;2025;09;30;12;15;43;0,431;-0,102;0,005;29,836;25,798;26,196;-815,146;481,346;15877,24;9,284
23;2025;09;30;12;15;44;0,384;-0,038;-0,077;29,925;26,261;29,177;-809,619;544,415;15795,54;9,284
23;2025;09;30;12;15;44;0,416;-0,053;-0,22;23,784;25,709;27,145;-792,731;527,295;15828,43;9,284
23;2025;09;30;12;15;45;0,673;0,02;0,052;29,524;28,625;28,116;-754,514;733,984;15799,06;9,284
23;2025;09;30;12;15;45;0,567;0,048;-0,275;23,028;28,426;31,119;-630,91;764,002;15764,34;9,284
23;2025;09;30;12;15;46;0,572;0,002;0,009;24,051;26,173;25,09;-727,272;805,256;15765,81;9,284
23;2025;09;30;12;15;46;0,135;0,019;-0,034;26,832;25,908;28,319;-659,152;770,015;15820,22;9,284
23;2025;09;30;12;15;47;0,472;0,044;0,072;23,762;29,022;27,732;-707,237;820,578;15815,85;9,284
23;2025;09;30;12;15;47;0,571;0,006;0,075;26,343;25,952;26,174;-710,822;817,19;15761,32;9,284
23;2025;09;30;12;15;48;0,571;-0,04;-0,199;25,72;27,41;28,274;-763,137;588,187;15849,66;9,284
23;2025;09;30;12;15;48;0,41;0,026;0,203;28,056;24,627;28,567;-661,931;792,678;15749,8;9,284
23;2025;09;30;12;15;49;0,554;-0,03;-0,004;25,653;23,081;29,945;-747,39;726,107;15856,36;9,284
23;2025;09;30;12;15;49;0,488;0,035;-0,233;27,544;24,715;28,635;-675,361;661,505;15828,14;9,284
23;2025;09;30;12;15;50;0,589;-0,066;-0,177;25,453;25,4;29,38;-731,714;866,761;15760,13;9,284
23;2025;09;30;12;15;50;0,427;0,063;-0,24;24,674;22,485;28,703;-665,563;839,036;15774,97;9,284
23;2025;09;30;12;15;51;0,312;-0,008;-0,2;28,879;25,621;26,038;-765,453;719,839;15797,02;9,284
23;2025;09;30;12;15;51;0,571;-0,018;-0,104;23,873;24,936;26,196;-767,968;791,64;15787,73;9,284
23;2025;09;30;12;15;52;0,522;0,045;-0,172;26,743;29,287;30,013;-734,172;675,527;15816,12;9,284
23;2025;09;30;12;15;52;0,407;-0,01;-0,054;25,831;24,87;24,751;-720,704;813,414;15793,39;9,284
23;2025;09;30;12;15;53;0,34;0,049;0,267;24,585;25,047;27,8;-714,46;896,032;15828,21;9,284
23;2025;09;30;12;15;53;0,432;-0,08;-0,106;28,189;28,757;26,151;-647,984;794,096;15801,79;9,284
23;2025;09;30;12;15;54;0,643;-0,053;-0,062;27,255;25,51;30,171;-565,916;703,926;15795,19;9,284
23;2025;09;30;12;15;54;0,511;0,003;0,11;22,894;27,896;27,484;-557,808;904,95;15779,89;9,284
23;2025;09;30;12;15;55;0,527;-0,027;-0,341;28,79;26,792;28,5;-592,624;813,203;15818,36;9,284
23;2025;09;30;12;15;55;0,586;0,034;-0,2;28,189;23,633;28,635;-523,506;896,719;15812,07;9,284
23;2025;09;30;12;15;56;0,432;0,018;-0,045;23,295;30,944;26,942;-576,058;862,378;15849,5;9,284
23;2025;09;30;12;15;56;0,535;0,023;-0,073;22,316;22,065;29,99;-518,31;862,743;15804,68;9,284
23;2025;09;30;12;15;57;0,452;-0,014;-0,341;27,122;29;33,671;-557,78;862,937;15844,94;9,284
23;2025;09;30;12;15;57;0,357;0,103;0,32;25,898;31,275;30,148;-630,233;801,293;15833,69;9,284
23;2025;09;30;12;15;58;0,454;0,002;-0,185;26,298;23,081;24,344;-488,068;832,1;15774,68;9,284
23;2025;09;30;12;15;58;0,381;-0,012;-0,066;26,276;24,517;25,858;-542,611;813,834;15803,54;9,284
23;2025;09;30;12;15;59;0,369;0,048;-0,205;28,1;29,707;28,274;-637,265;847,368;15769,71;9,284
23;2025;09;30;12;15;59;0,527;-0,051;0,012;26,209;27,763;26,49;-713,026;708,314;15833,27;9,289
23;2025;09;30;12;16;00;0,57;-0,037;-0,136;25,542;28,713;30,826;-711,492;811,404;15822,86;9,284
23;2025;09;30;12;16;00;0,532;0,017;-0,056;25,119;28,227;27,1;-599,353;776,614;15848,16;9,284
23;2025;09;30;12;16;01;0,552;0,017;-0,076;27,433;27,874;27,122;-559,32;841,812;15817,88;9,284
23;2025;09;30;12;16;01;0,239;0,064;0,019;23,851;23,898;28,861;-542,629;814,19;15823,53;9,284
23;2025;09;30;12;16;02;0,637;-0,043;-0,364;26,632;24,715;30,758;-557,348;850,865;15808,58;9,284
23;2025;09;30;12;16;02;0,555;0,035;-0,08;25,987;25,952;26,129;-506,331;749,29;15816,72;9,284
23;2025;09;30;12;16;03;0,398;0,021;0,066;23,361;27,034;28,997;-506,195;696,709;15786,22;9,284
23;2025;09;30;12;16;03;0,351;-0,049;-0,018;26,187;27,719;29,2;-606,032;510,402;15860,9;9,284
23;2025;09;30;12;16;04;0,487;-0,049;-0,03;21,181;24,362;26,964;-653,558;529,143;15786,8;9,289
23;2025;09;30;12;16;04;0,513;-0,102;-0,087;25,72;24,252;26,445;-636,69;471,488;15871,57;9,284
24;2025;09;30;12;16;48;0,18;-0,104;-0,127;24,318;22,264;26,038;-1077,584;660,981;15803,8;9,284
24;2025;09;30;12;16;49;0,143;-0,029;-0,089;22,961;23,986;32,361;-1084,341;682,539;15791,41;9,284
24;2025;09;30;12;16;49;0,316;0,032;-0,021;26,81;23,191;25,609;-1112,859;647,958;15784,28;9,284
24;2025;09;30;12;16;50;0,173;-0,13;-0,149;25,297;25,842;29,493;-1162,363;681,805;15791,35;9,284
24;2025;09;30;12;16;50;0,161;-0,092;0,096;26,165;21,932;22,719;-1185,139;883,083;15770,88;9,284
24;2025;09;30;12;16;51;-0,026;-0,017;-0,104;24,096;22,529;26,964;-1134,706;692,279;15763,18;9,284
24;2025;09;30;12;16;51;0,221;-0,07;-0,207;27,967;23,478;23,441;-1169,907;644,08;15807,17;9,284
24;2025;09;30;12;16;52;0,238;-0,099;-0,328;25,497;27,94;28,567;-1117,956;671,07;15775,58;9,284
24;2025;09;30;12;16;52;0,264;-0,053;-0,243;25,497;25,245;24,638;-1195,377;783,25;15836,66;9,284
24;2025;09;30;12;16;53;0,194;-0,069;-0,171;25,609;27,322;29,764;-1161,695;662,498;15829,7;9,284
24;2025;09;30;12;16;53;0,131;-0,037;-0,204;25,586;30,723;28,613;-946,596;798,179;15800,04;9,284
24;2025;09;30;12;16;54;0,281;-0,057;-0,095;23,829;23,258;30,758;-887,505;719,276;15780,92;9,284
24;2025;09;30;12;16;54;0,112;-0,017;0,176;22,271;20,011;25,112;-844,593;824,419;15788,23;9,284
24;2025;09;30;12;16;55;0,295;-0,059;-0,182;20,269;23,478;25,022;-903,131;707,901;15847,12;9,289
24;2025;09;30;12;16;55;0,242;-0,044;0,115;25,586;23,854;27,28;-918,326;644,039;15823,39;9,284
24;2025;09;30;12;16;56;0,344;0,034;-0,237;21,715;26,924;30,916;-1026,212;565,381;15841,55;9,284
24;2025;09;30;12;16;56;0,23;-0,115;-0,028;25,075;25,312;31,097;-1036,468;621,562;15821,4;9,284
24;2025;09;30;12;16;57;0,2;-0,042;0,081;26,877;22,993;24,254;-1008,333;626,178;15848,49;9,289
24;2025;09;30;12;16;57;0,112;-0,017;-0,204;22,538;24,097;28,161;-1018,706;571,672;15810,87;9,284
24;2025;09;30;12;16;58;0,225;-0,076;-0,074;27,077;29,817;27,484;-1052,646;634,414;15836,3;9,284
24;2025;09;30;12;16;58;0,219;-0,025;0,189;30,704;25,952;27,393;-1010,633;602,173;15837,77;9,289
24;2025;09;30;12;16;59;0,25;-0,032;-0,238;30,615;25,466;27,845;-991,51;603,471;15776,89;9,289
24;2025;09;30;12;16;59;0,02;-0,01;0,161;24,207;28,271;26,761;-972,942;636,57;15768,61;9,284
24;2025;09;30;12;17;00;0,419;0,005;-0,133;21,181;26,725;29,335;-961,465;602,666;15784,94;9,293
24;2025;09;30;12;17;00;0,316;-0,026;0,607;28,39;29,729;26,445;-994,82;542,741;15809,12;9,295
24;2025;09;30;12;17;01;0,11;-0,098;-0,192;28,456;26,792;25,632;-976,654;522,133;15788,36;9,293
24;2025;09;30;12;17;01;0,248;-0,047;0,239;22,939;22,087;24,028;-966,755;590,072;15842,59;9,295
24;2025;09;30;12;17;02;0,124;-0,016;0,213;29,636;21,049;26,625;-947,694;609,366;15796,83;9,293
24;2025;09;30;12;17;02;0,181;0,017;-0,158;22,805;21,91;27,89;-903,037;664,747;15800,17;9,289
24;2025;09;30;12;17;03;0,29;-0,043;-0,137;31,126;24,958;27,416;-832,674;467,869;15829,46;9,308
24;2025;09;30;12;17;03;0,217;-0,172;-0,157;29,257;22,705;26,174;-868,449;721,659;15844,9;9,289
24;2025;09;30;12;17;04;0,158;-0,048;0,019;29,391;29,751;27,596;-822,359;516,181;15824,61;9,289
24;2025;09;30;12;17;04;0,151;-0,037;0,001;25,876;30,215;28,297;-862,012;538,291;15811,6;9,3
24;2025;09;30;12;17;05;0,511;-0,04;-0,345;25,23;28,117;30,171;-873,316;599,897;15793,06;9,308
24;2025;09;30;12;17;05;0,137;-0,081;0,051;22,093;24,274;28,477;-810,72;575,983;15772,11;9,3
24;2025;09;30;12;17;06;0,318;-0,084;-0,47;26,499;24,207;24,661;-893,211;539,387;15806,13;9,312
24;2025;09;30;12;17;06;0,445;-0,063;-0,399;25,342;27,741;28,455;-941,49;521,947;15820,97;9,3
24;2025;09;30;12;17;07;0,104;-0,048;0,339;27,433;24,031;30,397;-902,833;585,392;15823,3;9,298
24;2025;09;30;12;17;07;0,246;-0,055;-0,032;29,814;23,589;31,074;-929,454;570,146;15806,4;9,316
24;2025;09;30;12;17;08;0,132;-0,039;0,108;28,812;23,898;28,59;-940,614;521,575;15798,4;9,298
24;2025;09;30;12;17;08;0,327;-0,026;0,282;26,12;25,93;30,103;-982,193;639,227;15807,41;9,311
24;2025;09;30;12;17;09;0,266;0,006;0,719;24,963;25,599;26,625;-967,377;656,948;15809,97;9,317
24;2025;09;30;12;17;09;0,253;0,021;0,075;29,435;25,422;31,571;-959,783;587,213;15796,93;9,322
24;2025;09;30;12;17;10;0,18;-0,064;0,239;21,826;25,776;33,558;-927,562;720,122;15794,87;9,312
24;2025;09;30;12;17;10;0,146;-0,077;-0,049;25,475;22,882;29,268;-942,411;613,426;15821,62;9,306
24;2025;09;30;12;17;11;0,339;-0,075;-0,052;29,569;26,151;22,673;-939,53;605,043;15762,91;9,312
24;2025;09;30;12;17;11;0,346;-0,068;0,129;25,075;21,38;24,096;-874,738;640,463;15793,77;9,322
24;2025;09;30;12;17;12;0,144;-0,028;-0,206;28,256;26,328;26,761;-919,993;618,377;15798,69;9,308
24;2025;09;30;12;17;12;0,401;0,027;-0,168;26,988;24,207;27,348;-981,739;561,167;15790,52;9,316
24;2025;09;30;12;17;13;0,199;-0,009;0,063;24,229;24,141;26,467;-985,434;658,28;15807,93;9,308
24;2025;09;30;12;17;13;0,476;0,028;-0,075;25,698;24,804;29,832;-993,601;638,541;15791,41;9,322
24;2025;09;30;12;17;14;0,217;-0,013;0,067;27,255;22,926;27,19;-1020,214;622,903;15800,53;9,312
24;2025;09;30;12;17;14;0,177;-0,014;-0,016;26,076;26,725;27,032;-1006,559;681,862;15808,92;9,316
24;2025;09;30;12;17;15;0,283;-0,026;-0,31;22,649;26,151;26,49;-929,201;538,375;15820,12;9,322
24;2025;09;30;12;17;15;0,414;-0,032;-0,406;24,007;24,097;25,654;-944,341;603,517;15782,94;9,322
24;2025;09;30;12;17;16;0,28;-0,046;-0,059;22,649;23,832;25,361;-956,634;521,62;15832,39;9,312
24;2025;09;30;12;17;16;0,081;0,018;0,229;25,453;24,472;24,819;-967,017;662,913;15823,01;9,306
24;2025;09;30;12;17;17;0,329;-0,07;0,017;25,653;27,852;24,728;-1011,273;539,142;15800,03;9,317
24;2025;09;30;12;17;17;0,321;0,077;0,052;24,363;24,627;29,561;-932,09;645,394;15798,2;9,316
24;2025;09;30;12;17;18;0,258;-0,013;-0,133;22,382;18,973;25,27;-925,14;650,783;15830,12;9,322
25;2025;09;30;12;18;06;0,33;-0,01;0,045;27,967;26,063;27,054;-421,685;-581,134;15908,54;9,293
25;2025;09;30;12;18;07;0,289;-0,002;0,065;25,853;21,844;27,822;-691,068;-774,162;15827,74;9,308
25;2025;09;30;12;18;07;0,398;0,003;-0,113;23,673;25,135;23,554;-655,851;-710,318;15811,2;9,311
25;2025;09;30;12;18;08;0,268;0,001;0,018;24,474;22,882;30,735;-703,095;-716,522;15828,7;9,308
25;2025;09;30;12;18;08;0,43;0,037;-0,031;26,988;20,121;23,351;-664,793;-651,012;15819,28;9,316
25;2025;09;30;12;18;09;0,362;0,05;-0,033;23,673;26,549;27,574;-612,746;-325,249;15817,8;9,317
25;2025;09;30;12;18;09;0,262;0,059;0,303;22,471;20,121;26,558;-627,665;-535,659;15801,25;9,311
25;2025;09;30;12;18;10;0,333;0,025;0,039;21,092;17,692;22,967;-687,157;-714,32;15808,67;9,317
25;2025;09;30;12;18;10;0,357;0,017;0,069;26,387;26,504;26,4;-679,54;-621,802;15818,74;9,322
25;2025;09;30;12;18;11;0,308;-0,008;-0,009;21,292;22,772;24,841;-659,666;-585,19;15812,39;9,322
25;2025;09;30;12;18;11;0,188;0,06;0,037;26,632;20,872;21,77;-672,993;-612,711;15802,58;9,322
25;2025;09;30;12;18;12;0,386;0,06;-0,104;28,234;24,782;22,493;-657,433;-648,963;15823,53;9,317
25;2025;09;30;12;18;12;0,36;0,003;-0,034;23,028;20,143;22,56;-627,044;-553,523;15824,43;9,322
25;2025;09;30;12;18;13;0,355;-0,005;-0,07;27,277;23,744;22,786;-653,95;-576,986;15812,25;9,322
25;2025;09;30;12;18;13;0,353;-0,008;0,004;23,117;22,551;26,467;-706,564;-764,364;15830,41;9,322
25;2025;09;30;12;18;14;0,36;-0,042;-0,111;25,097;24,517;27,167;-707,88;-751,134;15805,31;9,322
25;2025;09;30;12;18;14;0,35;0,016;0,015;25,208;23,037;29,493;-680,148;-800,19;15821,92;9,322
25;2025;09;30;12;18;15;0,286;0,058;-0,024;23,873;23,567;22,877;-695,363;-708,605;15808,56;9,322
25;2025;09;30;12;18;15;0,367;-0,014;-0,001;24,963;24,384;27,122;-663,918;-676,013;15826,58;9,322
25;2025;09;30;12;18;16;0,331;0,031;-0,005;21,849;21,093;25,677;-684,829;-666,466;15793,82;9,322
25;2025;09;30;12;18;17;0,436;0,001;-0,025;25,297;28,603;34,394;-695,377;-757,234;15823,43;9,322
25;2025;09;30;12;18;17;0,305;0,02;0,028;23,161;25,842;27,077;-687,806;-752,753;15787,35;9,322
25;2025;09;30;12;18;17;0,367;0,016;-0,022;24,852;29,177;30,239;-688,252;-764,498;15786,99;9,322
25;2025;09;30;12;18;18;0,349;-0,004;-0,01;22,205;25,245;29,651;-703,632;-815,157;15798,45;9,322
25;2025;09;30;12;18;18;0,326;0,023;-0,07;28,145;27,454;24,435;-725,302;-882,095;15807,34;9,322
25;2025;09;30;12;18;19;0,357;0,054;-0,174;20,892;22,109;27,732;-722,555;-903,468;15822,02;9,322
25;2025;09;30;12;18;19;0,34;0,025;-0,025;22,138;23,677;30,058;-704,171;-897,606;15793,92;9,316
25;2025;09;30;12;18;20;0,413;0,057;0,037;25,386;21,91;24,525;-709,722;-927,029;15822,45;9,322
25;2025;09;30;12;18;20;0,253;0,016;0,116;23,94;28,36;29,087;-754,825;-1018,416;15789,18;9,322
25;2025;09;30;12;18;21;0,34;0,014;0,089;23,851;21,491;22,854;-707,29;-996,011;15765,67;9,322
25;2025;09;30;12;18;21;0,33;-0,019;0,012;27,5;24,318;25,135;-728,89;-975,61;15829,58;9,322
25;2025;09;30;12;18;22;0,286;0,015;0,142;23,539;24,428;31,006;-777,382;-937,762;15802,58;9,322
25;2025;09;30;12;18;22;0,342;-0,009;-0,021;23,473;23,655;26,896;-751,217;-990,849;15788,69;9,322
25;2025;09;30;12;18;23;0,407;0,007;0,006;23,762;22,109;28,59;-750,488;-962,831;15803,05;9,322
25;2025;09;30;12;18;23;0,302;0,023;0,043;24,563;22,308;26,377;-788,112;-982,464;15818,22;9,322
25;2025;09;30;12;18;24;0,334;0,059;0,052;27,589;22,462;27,235;-712,092;-973,454;15805,27;9,322
25;2025;09;30;12;18;25;0,261;0,01;0,011;27,856;24,075;28,613;-717,019;-1053,189;15817,26;9,322
25;2025;09;30;12;18;25;0,328;0,001;-0,234;22,316;23,191;25,903;-713,036;-889,449;15803,77;9,322
25;2025;09;30;12;18;25;0,305;0,023;-0,005;24,941;20,696;26,287;-742,82;-969,565;15811,18;9,322
25;2025;09;30;12;18;26;0,347;-0,018;0,261;26,499;30,016;28,748;-710,006;-975,739;15785,31;9,322
25;2025;09;30;12;18;27;0,29;-0,016;0,004;23,384;25,577;25,587;-707,382;-936,512;15799,19;9,322
25;2025;09;30;12;18;27;0,463;0,033;-0,035;24,897;21,932;30,713;-701,585;-930,781;15820,52;9,322
25;2025;09;30;12;18;28;0,401;-0,009;0,031;26,343;19,989;24,638;-725,967;-928,221;15787,59;9,322
25;2025;09;30;12;18;28;0,35;0,035;0,082;21,404;26,284;27,258;-697,797;-924,645;15820,41;9,322
25;2025;09;30;12;18;29;0,38;0,056;-0,065;21,114;21,491;26,806;-717,961;-895,721;15798,45;9,322
25;2025;09;30;12;18;29;0,321;0,01;-0,033;24,274;23,125;24,39;-729,011;-1004,454;15783,8;9,322
25;2025;09;30;12;18;30;0,294;0,049;0,116;24,14;24,517;29,132;-730,262;-1001,466;15793,47;9,322
25;2025;09;30;12;18;30;0,387;0,005;0,051;27,544;19,768;28,658;-725,464;-991,717;15817,59;9,322
25;2025;09;30;12;18;31;0,289;0,019;0,109;25,141;20,475;25,09;-599,39;-1081,242;15808,72;9,322
25;2025;09;30;12;18;31;0,361;0,006;-0,118;31,037;29,663;25,79;-752,37;-737,58;15755,02;9,322
25;2025;09;30;12;18;32;0,414;-0,009;-0,165;23,384;24,274;26,648;-719,724;-1106,328;15793,06;9,322
25;2025;09;30;12;18;32;0,375;-0,008;-0,067;23,139;24,936;28,093;-885,654;-874,456;15749,35;9,322
25;2025;09;30;12;18;33;0,415;0,018;0,08;22,716;21,005;28,635;-751,329;-661,478;15787,38;9,322
25;2025;09;30;12;18;33;0,267;0,03;-0,012;27,3;25,069;24,661;-735,935;-864,204;15805,3;9,322
25;2025;09;30;12;18;34;0,317;-0,028;-0,044;25,119;28,757;25,79;-836,208;-849,845;15781,53;9,322
25;2025;09;30;12;18;34;0,415;0,008;-0,07;25,675;25,091;27,529;-787,824;-868,203;15795,33;9,322
25;2025;09;30;12;18;35;0,281;0,02;0,031;25,141;29,729;30,126;-783,529;-852,163;15804,47;9,322
25;2025;09;30;12;18;35;0,359;-0,009;-0,072;21,092;24,34;27,325;-782,339;-853,576;15819,07;9,322
25;2025;09;30;12;18;36;0,384;0,031;-0,006;23,651;30,259;28,048;-802,262;-905,088;15823,69;9,322
25;2025;09;30;12;18;36;0,361;0,021;0,085;26,365;24,229;27,935;-763,721;-813,548;15782,37;9,322
26;2025;09;30;12;19;15;-0,002;0;0,004;59,783;47,156;57,587;-1373,408;993,694;15737,6;9,322
26;2025;09;30;12;19;16;0,006;-0,001;-0,005;40,716;35,251;42,614;-965,902;900,539;15773,62;9,322
26;2025;09;30;12;19;16;0,004;0,001;0;37,156;31,849;40,311;-962,19;851,82;15760,2;9,322
26;2025;09;30;12;19;17;-0,007;-0,002;-0,007;35,242;29,95;39,159;-887,764;669,494;15795,81;9,322
26;2025;09;30;12;19;17;0,007;0,004;0,021;32,55;33,528;35,93;-839,275;607,445;15796,67;9,322
26;2025;09;30;12;19;18;0,009;0,004;0,031;34,597;33,042;34,371;-875,341;600,362;15823,06;9,322
26;2025;09;30;12;19;18;0,013;0,009;0,035;34,375;29,817;37,217;-831,356;707,932;15772,03;9,322
26;2025;09;30;12;19;19;-0,013;-0,005;-0,011;31,549;27,653;35,433;-852,622;580,506;15787,43;9,322
26;2025;09;30;12;19;20;-0,004;0,001;-0,002;32,995;30,635;35,207;-916,423;785,598;15804,86;9,322
26;2025;09;30;12;19;20;0,001;-0,002;0,011;33,685;30,524;36,788;-892,931;531,393;15806,27;9,322
26;2025;09;30;12;19;21;0,021;0,004;0,019;36,466;32,38;40,672;-1024,875;747,617;15812,3;9,322
26;2025;09;30;12;19;21;-0,002;-0,002;0,007;35,02;32,07;37,149;-905,372;600,881;15799,02;9,322
26;2025;09;30;12;19;21;0,01;0,001;0,008;32,817;32,534;36,155;-866,929;613,377;15798,83;9,322
26;2025;09;30;12;19;22;0,021;0,006;0,031;35,509;31,43;39,227;-1001,336;712,14;15828,96;9,322
26;2025;09;30;12;19;23;0,044;0,006;0,027;35,153;30,392;34,597;-836,902;605,079;15787,57;9,322
26;2025;09;30;12;19;23;0,146;0,039;0,145;31,393;26,659;32,903;-888,312;685,232;15781,53;9,322
26;2025;09;30;12;19;24;-0,018;-0,006;-0,024;30,659;27,079;32,949;-854,365;711,821;15778,8;9,322
26;2025;09;30;12;19;24;0,017;-0,001;-0,014;30,815;25,135;35,094;-791,235;598,952;15803,15;9,322
26;2025;09;30;12;19;25;-0,011;-0,006;-0,029;27,478;25,047;32,632;-846,616;621,072;15805,57;9,322
26;2025;09;30;12;19;25;0,101;0,029;0,106;28,657;28,713;34,529;-810,806;586,332;15807,36;9,322
26;2025;09;30;12;19;26;0,157;0,045;0,186;28,056;25,687;35,817;-809,427;473,655;15803,66;9,322
26;2025;09;30;12;19;26;0,038;0,005;0,016;32,506;31,982;35,252;-896,813;585,103;15795,31;9,322
26;2025;09;30;12;19;27;0,002;-0,001;-0,01;27,789;26,615;36,11;-867,015;615,783;15805,64;9,322
26;2025;09;30;12;19;27;0,139;0,027;0,122;29,346;27,852;30,374;-789,899;560,874;15797,83;9,322
26;2025;09;30;12;19;28;0,093;0,022;0,087;27,989;30,127;33,987;-795,61;732,093;15773,91;9,322
26;2025;09;30;12;19;28;0,058;0,017;0,071;27,878;25,753;32,407;-735,019;536,751;15796,31;9,322
26;2025;09;30;12;19;29;0,146;-0,04;-0,139;27,433;26,526;32,023;-764,314;491,489;15817,1;9,322
26;2025;09;30;12;19;29;0,053;0,013;0,04;29,013;28,824;34,146;-796,687;468,952;15819,47;9,322
26;2025;09;30;12;19;30;0,169;0,049;0,181;31,549;30,348;37,194;-834,364;532,481;15816,3;9,322
26;2025;09;30;12;19;30;0,01;-0,001;-0,008;33,529;28,603;34,8;-863,858;558,388;15803,81;9,322
26;2025;09;30;12;19;31;0,025;0,005;0,025;34,553;30,613;37,691;-897,243;564,619;15817,96;9,322
26;2025;09;30;12;19;31;0,003;0,001;0,003;35,198;32,932;39,114;-928,194;623,985;15792,59;9,322
26;2025;09;30;12;19;32;0;-0,003;-0,007;33,93;28,249;35,862;-924,78;501,952;15821,34;9,322
26;2025;09;30;12;19;32;-0,01;-0,004;-0,005;34,041;28,625;37,126;-884,179;509,976;15822,66;9,322
26;2025;09;30;12;19;33;0,119;0,03;0,126;27,055;27,808;35,297;-821,135;546,584;15811,49;9,322
26;2025;09;30;12;19;33;0,162;0,041;0,171;30,926;25,51;35,659;-858,289;570,732;15811,6;9,322
26;2025;09;30;12;19;34;0,121;0,028;0,114;31,616;29,84;34,484;-870,158;574,838;15824,66;9,322
26;2025;09;30;12;19;34;0,095;0,015;0,063;26,098;24,45;34,958;-771,101;481,389;15793,26;9,322
26;2025;09;30;12;19;35;0,082;0,027;0,119;28,078;26,217;34,71;-832,138;534,397;15791,12;9,322
26;2025;09;30;12;19;35;-0,045;-0,016;-0,055;32,194;29,928;34,846;-860,083;622,121;15778,68;9,322
26;2025;09;30;12;19;36;-0,008;-0,004;-0,018;36,711;29,376;40,469;-929,363;698,085;15797,26;9,322
26;2025;09;30;12;19;36;-0,031;-0,009;-0,041;38,38;31,452;42,027;-980,821;583,944;15783,25;9,322
26;2025;09;30;12;19;37;-0,01;-0,002;-0,007;37,134;29,928;40,83;-960,848;552,507;15776,97;9,322
26;2025;09;30;12;19;37;-0,009;0;-0,006;37,401;32,799;40,04;-987,332;655,57;15771,97;9,322
26;2025;09;30;12;19;38;-0,007;-0,003;-0,017;37,267;32,026;41,282;-960,728;614,294;15778,16;9,322
26;2025;09;30;12;19;38;-0,021;-0,004;-0,011;35,799;33,131;40,04;-988,432;629,769;15786,43;9,322
26;2025;09;30;12;19;39;-0,011;-0,006;-0,015;37,045;37,636;40,83;-922,967;646;15814,2;9,322
26;2025;09;30;12;19;39;0,016;0,001;0,003;36,155;30,082;35,591;-874,721;639,937;15796,35;9,322
26;2025;09;30;12;19;40;0,033;0,009;0,027;33,218;32,291;37,556;-916,625;595,668;15801,39;9,322
26;2025;09;30;12;19;40;0,045;0,013;0,036;37,534;33,263;39,994;-978,843;584,442;15807,25;9,322
26;2025;09;30;12;19;41;-0,021;-0,004;-0,007;36,021;30,9;39,091;-924,415;622,346;15773,47;9,322
26;2025;09;30;12;19;41;0,04;0,012;0,04;36,555;30,149;38,73;-984,97;588,05;15797,18;9,322
26;2025;09;30;12;19;42;-0,002;0;0,005;35,376;28,006;38,527;-925,817;531,562;15816,24;9,322
26;2025;09;30;12;19;42;0;-0,003;0;36,355;31,96;37,917;-912,191;566,948;15817,62;9,322
26;2025;09;30;12;19;43;0,017;0,006;0,028;32,439;29,817;34,575;-915,35;559,247;15808,9;9,322
26;2025;09;30;12;19;43;0,001;0,006;0,033;35,799;30,878;33,671;-843,132;480,972;15799,21;9,322
26;2025;09;30;12;19;44;0,016;0,004;0,018;36,6;31,894;40,672;-956,165;614,577;15785,01;9,322
26;2025;09;30;12;19;44;-0,022;-0,006;-0,013;39,514;32,954;40,13;-1024,397;742,382;15774,39;9,322
26;2025;09;30;12;19;45;0,039;0,009;0,034;38,78;32,137;40,356;-919,934;624,953;15782,58;9,322
26;2025;09;30;12;19;45;0,167;0,037;0,152;31,816;26,571;35,094;-838,274;570,862;15779,61;9,322
