Desktop_Software_Build_Version,2.0
#;Jahr;Monat;Tag;Stunde;Minute;Sekunde;VelX;VelY;VelZ;SNR1;SNR2;SNR3;AccX;AccY;AccZ;Temp
();();();();();();();(m/s);(m/s);(m/s);(dB);(dB);(dB);(cnts);(cnts);(cnts);(° C)
01;2025;09;30;15;02;38;0,626;-0,127;-0,165;21,203;20,386;22,425;-811,516;-379,949;15786,88;9,435
01;2025;09;30;15;02;38;0,735;0,121;0,066;19,357;22,86;26,377;-846,398;-453,46;15821,88;9,435
01;2025;09;30;15;02;39;0,491;-0,023;-0,198;21,648;20,121;21,273;-762,975;-525,539;15864,96;9,435
01;2025;09;30;15;02;39;0,51;-0,05;0,272;22,338;20,408;24,954;-843,139;-261,08;15828,45;9,435
01;2025;09;30;15;02;40;0,693;-0,1;-0,071;19,646;19,68;21,589;-521,378;-369,777;15658,93;9,435
01;2025;09;30;15;02;40;0,686;-0,072;-0,124;24,051;18,575;23,17;-632,271;-623,891;15721,09;9,435
01;2025;09;30;15;02;41;1,146;0,14;-0,28;22,049;20,453;22,357;-1072,359;-378,272;16008,38;9,435
01;2025;09;30;15;02;41;0,366;0,23;0,163;22,983;24,848;23,848;-941,441;-311,619;15881,28;9,435
01;2025;09;30;15;02;42;0,46;0,108;0,072;20,046;19,746;20,167;-710,663;-452,203;15897,99;9,445
01;2025;09;30;15;02;42;0,976;0,309;-0,437;21,426;19,9;22,628;-722,768;-269,365;15800,7;9,439
01;2025;09;30;15;02;43;0,279;0,205;0,011;19,957;17,427;22,673;-416,06;-634,452;15746,04;9,435
01;2025;09;30;15;02;43;0,413;0,1;0,065;22,071;19,702;24,932;-999,929;-184,825;15922,97;9,439
01;2025;09;30;15;02;44;0,458;-0,067;-0,183;21,982;18,884;20,709;-835,998;-334,296;15829,48;9,435
01;2025;09;30;15;02;44;0,337;0,055;-0,088;19,646;19,304;20,957;-832,933;-266,76;15826,56;9,435
01;2025;09;30;15;02;45;0,628;-0,023;-0,115;22,583;21,049;21,386;-894,725;-224,713;15804,61;9,435
01;2025;09;30;15;02;45;0,666;0,03;-0,255;18,133;19,503;24,344;-756,491;-278,051;15828,83;9,435
01;2025;09;30;15;02;46;0,478;0,002;-0,718;20,135;19,017;21,68;-804,044;-267,718;15908,33;9,435
01;2025;09;30;15;02;46;0,272;-0,014;-0,267;20,358;21,049;24,999;-656,942;-377,322;15790,68;9,435
01;2025;09;30;15;02;47;0,328;-0,024;0,119;19,423;19,856;20,302;-735,334;-335,218;15836,44;9,435
01;2025;09;30;15;02;47;0,366;-0,011;0,124;21,982;22,087;22,086;-733,153;-315,679;15805,52;9,435
01;2025;09;30;15;02;48;0,666;-0,024;-0,015;20,002;20,121;25,519;-644,165;-521,904;15835,28;9,435
01;2025;09;30;15;02;48;0,798;0,007;-0,188;20,425;21,093;24,728;-650,943;-434,531;15825,71;9,435
01;2025;09;30;15;02;49;0,673;0,156;-0,313;20,491;22,175;27,122;-875,892;-437,251;16034,74;9,435
01;2025;09;30;15;02;49;0,654;0,023;-0,031;20,647;18,796;23,193;-833,575;-77,054;15803,17;9,435
01;2025;09;30;15;02;50;-0,073;-0,049;-0,402;24,162;17,935;23,328;-781,112;-529,646;15798,72;9,435
01;2025;09;30;15;02;50;0,421;-0,067;-0,12;20,936;20,121;22,335;-982,888;-214,241;15923,51;9,435
01;2025;09;30;15;02;51;0,342;-0,087;0,202;21,07;18,686;21,86;-474,658;-463,897;15804,67;9,435
01;2025;09;30;15;02;51;0,546;-0,088;-0,083;20,18;20,077;23,78;-742,356;-224,281;15785,88;9,435
01;2025;09;30;15;02;52;0,557;-0,04;-0,196;22,494;18,862;22,989;-761,782;-233,201;15836,88;9,435
01;2025;09;30;15;02;52;0,603;-0,037;-0,152;23,228;18,509;22,583;-659,107;-372,86;15820,6;9,435
01;2025;09;30;15;02;53;0,6;0,028;-0,058;20,781;21,027;22,877;-736,429;-303,773;15806,16;9,435
01;2025;09;30;15;02;53;0,349;0,045;-0,275;24,518;21,027;24,232;-668,859;-380,419;15864,74;9,435
01;2025;09;30;15;02;54;0,338;0,037;0,461;19,757;25,069;25,745;-652,92;-402,198;15766,84;9,435
01;2025;09;30;15;02;54;0,587;-0,124;-0,008;21,826;22,772;22,673;-655,135;-486,344;15846,64;9,435
01;2025;09;30;15;02;55;0,517;0,007;0,038;19,646;20,32;22,131;-743,352;-367,473;15839,3;9,435
01;2025;09;30;15;02;55;0,621;-0,061;-0,073;20,803;20,32;23,215;-816,127;-175,523;15858,96;9,435
01;2025;09;30;15;02;56;0,721;0,115;0,502;23,361;18,2;23,486;-777,842;-297,221;15870,02;9,445
01;2025;09;30;15;02;56;0,641;-0,115;0,007;18,511;20,806;21,702;-654,136;-400,555;15829,1;9,458
01;2025;09;30;15;02;57;0,619;0,137;-0,098;22,383;19,989;23,012;-896,327;-700,169;15698,79;9,462
01;2025;09;30;15;02;57;0,617;-0,1;-0,257;23,74;20,475;24,909;-753,986;-178,704;15895,07;9,472
01;2025;09;30;15;02;58;0,7;-0,017;0,048;21,381;20,696;24,119;-340,72;-629,687;15608,86;9,472
01;2025;09;30;15;02;58;0,639;0,02;-0,138;20,758;19,657;22,064;-783,751;-471,523;15920,27;9,472
01;2025;09;30;15;02;59;0,507;-0,135;-0,156;22,405;22,97;23,802;-703,536;-263,541;15816,9;9,472
01;2025;09;30;15;02;59;0,883;-0,012;-0,08;19,223;20,85;19,331;-841,896;-239,883;15892,09;9,472
01;2025;09;30;15;03;00;0,622;0,058;-0,468;22,093;21,204;26,038;-835,427;-220,061;15820,58;9,472
01;2025;09;30;15;03;00;0,648;-0,001;-0,243;21,693;22,109;24,39;-971,278;-259,962;15918,34;9,472
01;2025;09;30;15;03;01;0,688;0,034;0,027;20,625;22,462;24,435;-769,926;-523,128;15885,49;9,467
01;2025;09;30;15;03;01;0,622;-0,009;-0,023;22,383;21,932;23,328;-823,675;-417,183;15903,27;9,454
01;2025;09;30;15;03;02;0,573;0,011;-0,257;20,847;22,904;23,983;-788,666;-379,924;15871,48;9,435
01;2025;09;30;15;03;02;0,554;-0,1;-0,168;20,024;22,175;26,693;-662,761;-154,032;15752,69;9,435
01;2025;09;30;15;03;03;0,817;0,027;-0,378;22,827;21,579;24,977;-753,141;-545,285;15892,75;9,445
01;2025;09;30;15;03;03;0,502;0,129;-0,007;21,804;21,623;25,18;-798,295;-455,632;15829,96;9,444
01;2025;09;30;15;03;04;0,539;0,015;0,121;22,983;22,043;21,635;-616,625;-393,779;15782,72;9,456
01;2025;09;30;15;03;04;0,515;-0,131;0,053;21,782;21,932;21,386;-718,25;-341,168;15805,99;9,439
01;2025;09;30;15;03;05;0,448;-0,063;-0,248;21,693;18,995;18,676;-915,791;-342,239;15925,57;9,456
01;2025;09;30;15;03;05;0,588;-0,028;-0,109;21,426;21,181;23,238;-775,887;-352,729;15832,15;9,463
01;2025;09;30;15;03;06;0,78;-0,023;-0,08;18,378;21,358;24,096;-803,507;-413,03;15840,06;9,462
01;2025;09;30;15;03;06;0,778;-0,001;-0,01;19,98;22,705;24,819;-870,13;-404,948;15895,01;9,472
01;2025;09;30;15;03;07;0,873;-0,019;-0,137;21,248;20,541;22,673;-821,787;-609,556;15886,98;9,472
01;2025;09;30;15;03;07;0,732;0,086;0,157;21,315;22,816;23,486;-1005,414;-256,8;15938,25;9,472
02;2025;09;30;15;06;27;0,881;0,094;0,431;21,404;19,172;22,989;-780,928;-494,541;15858,68;9,359
02;2025;09;30;15;06;28;1,19;0,072;-0,574;20,981;20,696;23,08;-853,619;-590,489;15896,33;9,359
02;2025;09;30;15;06;28;1,371;0,025;-0,02;21,137;19,878;21,115;-684,681;-344,835;15838,94;9,359
02;2025;09;30;15;06;29;1,134;0,328;-0,106;18,934;19,834;22,809;-778,721;-328,925;15825,72;9,359
02;2025;09;30;15;06;29;1,176;0,359;-0,125;20,536;21,248;20,37;-693,495;-484,8;15832,29;9,359
02;2025;09;30;15;06;30;0,825;0,347;0,074;20,269;21,756;20,731;-884,287;-285,676;15764,85;9,355
02;2025;09;30;15;06;30;0,721;0,217;0,081;22,583;20,386;23,373;-794,995;-394,765;15821,45;9,343
02;2025;09;30;15;06;31;1,144;-0,049;0,007;22,227;19,172;24,796;-699,743;-526,604;15809,31;9,341
02;2025;09;30;15;06;31;1,062;-0,071;-0,103;23,139;20,453;26,083;-793,625;-367,603;15674,66;9,338
02;2025;09;30;15;06;32;1,013;-0,039;-0,293;22,894;21,093;23,78;-786,053;-347,869;15788,04;9,331
02;2025;09;30;15;06;32;0,865;0,131;0,115;19,824;22,286;22,877;-842,94;-462,516;15836,33;9,327
02;2025;09;30;15;06;33;1,155;0,082;-0,137;21,76;20,828;22,335;-806,161;-744,754;15795,11;9,322
02;2025;09;30;15;06;33;1,241;0,207;-0,394;21,07;22,153;25,699;-901,815;-283,07;15753,07;9,322
02;2025;09;30;15;06;34;1,334;0,224;0,192;20,046;22,153;23,102;-647,25;-482,673;15812,57;9,322
02;2025;09;30;15;06;34;1,048;-0,005;0,084;21,448;21,535;22,696;-863,279;-469,028;15767,85;9,322
02;2025;09;30;15;06;35;0,931;0,313;0,099;18,845;23,545;22,177;-900,683;-275,103;15828,65;9,322
02;2025;09;30;15;06;35;1,298;0,056;-0,476;22,383;21,734;24,954;-737,359;-538,524;15856,07;9,322
02;2025;09;30;15;06;36;1,178;0,127;-0,355;22,783;19,613;22,606;-941,673;-304,624;15825,14;9,322
02;2025;09;30;15;06;36;1,022;0,241;-0,062;24,785;22,816;25,428;-851,293;-485,962;15948,76;9,322
02;2025;09;30;15;06;37;1,035;0,151;-0,024;18,622;23,236;24,164;-915,912;-183,309;15843;9,322
02;2025;09;30;15;06;37;1,192;0,147;-0,511;22,071;23,81;24,096;-660,254;-519,161;15764,35;9,322
02;2025;09;30;15;06;38;0,806;0,016;0,236;20,914;23,213;23,419;-713,861;-466,571;15836,23;9,322
02;2025;09;30;15;06;38;1,252;0,106;-0,176;29,302;28,316;31,029;-814,862;-545,897;15851,56;9,322
02;2025;09;30;15;06;39;1,095;0,146;0,059;26,944;27,079;27,755;-762,178;-515,68;15871,07;9,322
02;2025;09;30;15;06;39;1,222;0,212;-0,963;28,256;27,476;26,264;-711,573;-163,696;15659,66;9,322
02;2025;09;30;15;06;40;1,029;-0,141;-0,014;27,255;22,573;26,354;-765,059;-376,217;15840,58;9,322
02;2025;09;30;15;06;40;1,163;-0,043;-0,029;27,455;27,057;30,239;-631,925;-413,63;15725,91;9,322
02;2025;09;30;15;06;41;0,933;-0,088;0,001;21,515;19,061;23,26;-830,013;-350,232;15854,06;9,322
02;2025;09;30;15;06;41;1,064;0,325;-0,094;22,16;27,653;27,213;-844,649;-218,628;15918,85;9,322
02;2025;09;30;15;06;42;1,046;0,3;-0,164;28,968;25,025;30,532;-792,628;-160,228;15772,69;9,322
02;2025;09;30;15;06;42;0,901;0,188;0,303;26,832;24,163;27,258;-732,165;-425,883;15876,93;9,322
02;2025;09;30;15;06;43;1,132;0,171;-0,231;29,88;30,37;31,932;-967,682;-133,529;15818,07;9,322
02;2025;09;30;15;06;43;1,216;0,106;-0,318;31,126;30,635;32,926;-1013,714;-288,912;15901,67;9,322
02;2025;09;30;15;06;44;1,144;0,092;0,071;30,859;31,938;32,632;-703,492;-247,895;15732,32;9,322
02;2025;09;30;15;06;44;1,204;0,103;-0,108;30,481;28,558;28,048;-787,438;-284,286;15844,63;9,322
02;2025;09;30;15;06;45;0,993;0,081;-0,325;29,502;26,659;28,274;-819,025;-378,145;15838,56;9,322
02;2025;09;30;15;06;45;0,918;-0,038;0,296;29,502;29,95;29,29;-796,459;-483,632;15843,61;9,322
02;2025;09;30;15;06;46;1,099;0,008;-0,17;26,832;29,133;28,093;-695,297;-310,743;15783,46;9,322
02;2025;09;30;15;06;46;0,983;0,118;-0,017;31,749;30,06;28,974;-583,696;-419,82;15796,93;9,322
02;2025;09;30;15;06;47;1,134;0,419;0,971;23,873;27,785;33,265;-722,706;-385,88;15888,79;9,322
02;2025;09;30;15;06;47;0,778;0,244;0,009;29,702;27,94;28,793;-757,916;-278,392;15860,56;9,322
02;2025;09;30;15;06;48;0,744;0,086;-0,141;28,924;33,373;32,587;-858,709;-444,566;15783,71;9,322
02;2025;09;30;15;06;48;1,042;0,092;-0,731;33,04;34,345;34,258;-880,348;-243,769;15862,12;9,322
02;2025;09;30;15;06;49;0,943;0,107;-0,063;28,256;33,859;32,7;-862,446;-395,496;15848,84;9,322
02;2025;09;30;15;06;49;1,096;0,114;0,025;32,395;29,552;29,2;-1003,96;-370,648;15788,83;9,322
02;2025;09;30;15;06;50;1,207;0,109;-0,327;25,497;25,753;25,18;-1151,918;-186,796;15774,85;9,322
02;2025;09;30;15;06;50;1,145;0,247;-0,257;25,253;26,571;25,835;-883,664;-279,248;15803,31;9,322
02;2025;09;30;15;06;51;1,041;0,22;-0,001;21,003;23,412;22,967;-930,8;-329,04;15781,58;9,322
02;2025;09;30;15;06;51;0,901;0,037;-0,287;27,122;26,659;30,171;-785,592;-206,472;15843,25;9,316
02;2025;09;30;15;06;52;1,296;0,318;-0,055;21,359;21,226;27,687;-775,628;-531,765;15893,35;9,312
02;2025;09;30;15;06;52;1,25;0,126;-0,274;27,322;26,328;31,255;-775,429;-234,904;15768,32;9,3
02;2025;09;30;15;06;53;0,886;0,039;-0,252;32,595;33,462;34,484;-886,489;-166,306;15840,73;9,303
02;2025;09;30;15;06;53;0,776;-0,008;-0,299;39,559;38,188;38,73;-911,426;-466,428;15879,78;9,284
02;2025;09;30;15;06;54;1,11;0,113;0,177;35,042;35,891;35,455;-884,821;-328,142;15853,62;9,284
02;2025;09;30;15;06;54;1,079;0,081;-0,15;30,526;25,665;28,093;-971,904;-241,915;15889,44;9,289
02;2025;09;30;15;06;55;1,303;0,189;0,116;29,257;24,693;27,054;-696,32;-566,431;15702,01;9,289
02;2025;09;30;15;06;55;0,875;0,056;-0,448;29,369;29,442;30,623;-869,449;-293,695;15863,02;9,295
02;2025;09;30;15;06;56;0,91;0,161;0,011;26,454;26,814;27,845;-853,552;-306,251;15785,24;9,293
02;2025;09;30;15;06;56;1,228;0,172;0,124;26,921;25,025;29,358;-852,26;-196,273;15776,71;9,289
02;2025;09;30;15;06;57;0,911;0,275;0,094;21,826;20,916;24,48;-798,592;-389,934;15810,79;9,284
02;2025;09;30;15;05;23;0,664;-0,109;-0,306;20,247;19,79;21,702;-504,304;-963,882;15821,28;9,397
02;2025;09;30;15;05;24;0,453;0,08;0,198;24,63;19,37;26,851;-950,396;-455,284;15811,82;9,397
02;2025;09;30;15;05;24;0,709;0,027;0,108;20,959;20,607;26,919;-762,515;-799,076;15789,83;9,397
02;2025;09;30;15;05;25;0,903;0,099;0,137;19,935;19,9;23,17;-1369,437;-434,851;16097,14;9,397
02;2025;09;30;15;05;25;1,098;0,019;-0,46;20,781;21,866;22,131;-1061,107;606,814;15812,5;9,397
02;2025;09;30;15;05;26;0,863;-0,025;-0,14;23,25;19,282;24,096;-633,524;-245,12;15638,32;9,397
02;2025;09;30;15;05;26;0,559;0,134;0,204;21,737;19,635;22,606;-1077,625;-813,349;15737,23;9,397
02;2025;09;30;15;05;27;0,775;0,014;-0,379;20,981;21,601;26,174;-1016,309;-459,667;15919,86;9,397
02;2025;09;30;15;05;27;0,618;0,071;-0,241;22,738;26,814;23,531;-980,186;-135,749;15830,39;9,397
02;2025;09;30;15;05;28;1,076;0,088;-0,208;21,203;21,535;24,977;-611,964;-860,823;15751,34;9,397
02;2025;09;30;15;05;28;0,645;0,234;0,965;21,404;21,491;22,741;-1357,579;385,917;15937,34;9,397
02;2025;09;30;15;05;29;0,81;-0,175;0,062;19,468;21,712;23,577;-941,192;-318,971;15917,42;9,397
02;2025;09;30;15;05;29;0,501;0,183;-0,044;23,339;21,226;21,364;-653,613;-55,779;15696,65;9,397
02;2025;09;30;15;05;30;0,254;0,179;0,244;23,139;22,131;23,915;-683,362;-194,45;15771,39;9,397
02;2025;09;30;15;05;30;0,961;0,045;-0,388;19,379;19,481;22,696;-837,364;-360,275;15786,51;9,397
02;2025;09;30;15;05;31;0,649;-0,037;-0,481;24,251;23,368;23,915;-1058,64;-278,961;15810,58;9,397
02;2025;09;30;15;05;31;0,896;0,026;-0,086;21,96;23,456;22,989;-611,115;-550,433;15710,08;9,397
02;2025;09;30;15;05;32;0,72;0,028;-0,03;21,159;19,812;23,035;-874,252;-458,224;15833,94;9,397
02;2025;09;30;15;05;32;0,432;-0,125;-0,229;19,601;22,485;22,899;-853,426;-293,175;15732,72;9,397
02;2025;09;30;15;05;33;0,804;-0,007;-0,161;19,668;21,27;22,47;-966,235;-460,627;15879,92;9,397
02;2025;09;30;15;05;33;0,973;-0,03;-0,408;23,851;20,475;24,277;-674,551;-241,495;15713,66;9,397
02;2025;09;30;15;05;34;0,857;0,145;-0,067;20,58;22,882;22,922;-844,383;-396,935;15844,88;9,397
02;2025;09;30;15;05;34;1,096;0,253;0,503;22,316;21,181;23,893;-816,903;166,151;15635,4;9,397
02;2025;09;30;15;05;35;0,862;0,001;-0,111;22,116;20,718;24,367;-993,19;-777,286;16021,56;9,397
02;2025;09;30;15;05;35;0,755;0,01;-0,036;20,18;19,657;22,47;-690,181;-579,094;15797,4;9,397
02;2025;09;30;15;05;36;1,579;0,276;-0,439;20,847;20,165;21,318;-977,988;-638,584;15801,07;9,397
02;2025;09;30;15;05;36;0,71;0,166;-0,434;21,693;19,127;23,26;-1501,635;514,927;16014,93;9,397
02;2025;09;30;15;05;37;0,608;-0,051;0,175;22,605;18,509;22,967;-924,423;-340;15827,79;9,397
02;2025;09;30;15;05;37;0,695;0,125;-0,152;20,491;20,364;20,573;-867,834;-339,659;15847,84;9,397
02;2025;09;30;15;05;38;0,692;0,061;-0,078;21,893;20,188;21,68;-933,034;-208,456;15813,43;9,397
02;2025;09;30;15;05;38;0,783;0,029;-0,069;21,893;21,999;23,825;-441,967;-352,048;15727,26;9,397
02;2025;09;30;15;05;39;0,706;-0,057;-0,068;20,803;21,844;23,396;-927,145;-262,274;15814,4;9,397
02;2025;09;30;15;05;39;0,754;-0,099;-0,148;19,245;22,043;22,922;-921,928;-558,307;15879,12;9,397
02;2025;09;30;15;05;40;0,811;-0,154;0,135;19,69;21,977;23,193;-1360,934;-619,852;16032,44;9,397
02;2025;09;30;15;05;40;0,73;0,009;-0,432;20,202;19,68;22,764;-636,401;-481,247;15663,1;9,397
02;2025;09;30;15;05;41;0,825;-0,047;-0,023;21,426;18,31;21,251;-955,408;-141,674;15898,24;9,397
02;2025;09;30;15;05;41;0,792;-0,137;-0,097;20,469;20,21;23,644;-788,366;462,101;15499,83;9,397
02;2025;09;30;15;05;42;1,079;0,035;-0,232;20,758;22,551;21,364;-1044,755;-276,83;16014,59;9,397
02;2025;09;30;15;05;42;0,716;-0,143;0,319;19,535;22,595;19,263;-722,626;-304,678;15600,44;9,397
02;2025;09;30;15;05;43;0,696;-0,108;0,156;20,847;19,569;22,018;-857,689;-475,008;15982,28;9,397
02;2025;09;30;15;05;43;0,654;-0,017;-0,041;24,563;23,478;23,78;-528,548;-622,47;15741,16;9,397
02;2025;09;30;15;05;44;0,89;0,015;0,159;18,845;21,358;23,26;-809,605;-417,762;15731,26;9,397
02;2025;09;30;15;05;44;0,565;-0,067;-0,067;21,248;18,973;21,499;-1168,011;-454,394;15904,49;9,397
02;2025;09;30;15;05;45;0,926;-0,03;-0,351;21,693;21,469;22,538;-475,871;-403,703;15639,29;9,397
02;2025;09;30;15;05;45;0,532;0,121;0,11;19,156;20,828;22,244;-1202,599;-250,411;15866,53;9,397
02;2025;09;30;15;05;46;0,569;-0,059;-0,289;20,647;20,541;21,409;-916,102;-234,518;15777,91;9,397
02;2025;09;30;15;05;46;0,448;-0,19;-0,08;24,096;22,374;23,622;-498,287;-441,531;15694,52;9,397
02;2025;09;30;15;05;47;0,788;-0,016;-0,156;19,179;23,346;25,993;-1292,09;-757,073;16058,95;9,392
02;2025;09;30;15;05;47;0,759;-0,031;-0,141;23,517;21,446;22,809;-761,793;-297,884;15801,46;9,397
02;2025;09;30;15;05;48;0,637;0,085;-0,123;20,781;23,92;22,38;-574,027;-573,612;15844,26;9,397
02;2025;09;30;15;05;48;0,748;-0,075;-0,166;19,245;22,109;23,712;-1076,386;-196,781;15803,96;9,397
02;2025;09;30;15;05;49;0,918;-0,056;0,13;23,094;21,491;24,503;-1020,475;-512,015;15910,79;9,397
02;2025;09;30;15;05;49;1,145;-0,123;-0,097;24,296;24,737;22,357;-919,564;-495,584;15928,3;9,392
02;2025;09;30;15;05;50;0,597;-0,183;-0,037;20,113;20,165;22,628;-912,232;55,535;15648,72;9,378
02;2025;09;30;15;05;50;0,736;0,059;-0,726;19,69;19,459;22,018;-975,659;-265,812;15967,59;9,381
02;2025;09;30;15;05;51;0,645;-0,087;-0,138;20,402;20,011;24,412;-808,538;-448,631;15793,82;9,378
02;2025;09;30;15;05;51;0,773;-0,093;-0,198;20,736;21,91;22,764;-991,323;117,608;15693,26;9,359
02;2025;09;30;15;05;52;0,908;-0,094;-0,114;20,358;23,28;23,08;-1151,87;611,748;15658,59;9,359
02;2025;09;30;15;05;52;1,065;-0,048;-0,112;18,511;22,418;22,877;-922,073;-97,164;15827,46;9,359
02;2025;09;30;15;05;53;1,157;-0,029;-0,069;20,113;20,828;23,667;-668,88;-493,579;15804,75;9,364
02;2025;09;30;15;04;22;0,684;-0,228;0,31;20,914;21,292;26,129;-522,289;-450,137;15708,08;9,435
02;2025;09;30;15;04;22;0,865;-0,162;0,034;19,446;24,141;24,999;82,874;730,927;14977,42;9,435
02;2025;09;30;15;04;23;0,553;-0,242;0,039;21,426;24,075;24,164;-498,952;-161,223;15636,94;9,424
02;2025;09;30;15;04;23;0,379;-0,159;-0,258;19,223;20,938;21,409;-802,476;-565,007;15877,92;9,425
02;2025;09;30;15;04;24;0,358;-0,159;-0,085;21,003;20,497;25,587;-349,408;-382,165;15652,44;9,424
02;2025;09;30;15;04;24;0,541;-0,259;-0,088;22,627;20,541;23,554;-373,147;-937,453;15810,92;9,416
02;2025;09;30;15;04;25;0,466;-0,238;-0,141;19,268;18,951;21,951;-569,313;-504,538;15892,19;9,408
02;2025;09;30;15;04;25;0,639;-0,266;-0,236;19,824;21,071;23,893;-216,369;-327,503;15586,14;9,406
02;2025;09;30;15;04;26;0,677;-0,12;-0,937;23,606;22,418;24,051;-444,533;-670,854;15812,96;9,413
02;2025;09;30;15;04;26;0,241;-0,22;0,073;21,092;22,065;24,006;-159,866;-854,406;15559,58;9,402
02;2025;09;30;15;04;27;0,197;-0,178;0,059;21,47;23,191;26,648;-657,237;-214,1;15804,63;9,408
02;2025;09;30;15;04;27;1,021;-0,202;-0,581;20,625;19,547;23,554;-604,439;-505,112;15817,01;9,411
02;2025;09;30;15;04;28;-0,447;-0,194;-0,328;21,493;24,494;27,145;-552,329;-465,885;15717,77;9,408
02;2025;09;30;15;04;28;0,519;-0,25;-0,172;21,715;27,52;27,642;-598,204;-282,649;15709,03;9,406
02;2025;09;30;15;04;29;0,418;-0,276;-0,355;24,363;23,236;26,671;-357,137;33,958;15656,44;9,397
02;2025;09;30;15;04;29;0,727;-0,132;0,178;21,27;23,766;26,716;-716,596;-502,719;15834,87;9,397
02;2025;09;30;15;04;30;0,475;-0,242;-0,018;23,317;22,639;23,238;-1236,644;-716,183;16110,28;9,397
02;2025;09;30;15;04;30;0,518;-0,346;0,129;20,536;20,21;24,57;172,326;-224,55;15320,6;9,397
02;2025;09;30;15;04;31;0,598;-0,25;-0,019;19,624;19,26;20,347;-344,369;-461,044;15708,72;9,397
02;2025;09;30;15;04;31;0,303;-0,052;0,05;20,781;20,165;21,951;-1590,74;-574,419;16337,48;9,397
02;2025;09;30;15;04;32;0,314;-0,348;0,053;25,208;19,083;22,673;-545,463;-532,082;15840,12;9,397
02;2025;09;30;15;04;32;0,687;-0,301;-0,075;20,892;24,075;22,177;-467,137;-824,517;15706,81;9,397
02;2025;09;30;15;04;33;0,544;-0,259;-0,076;20,781;20,784;21,815;-427,856;-689,502;15760,73;9,397
02;2025;09;30;15;04;33;0,769;-0,327;-0,217;23,183;20,408;23,464;-853,772;-700,366;15908,29;9,397
02;2025;09;30;15;04;34;0,619;-0,154;-0,031;22,427;23,434;25,609;92,407;-326,331;15350,06;9,397
02;2025;09;30;15;04;34;0,46;-0,164;-0,005;22,538;22,33;22,809;-1296,099;-71,045;15926,69;9,397
02;2025;09;30;15;04;35;0,642;-0,171;-0,034;23,562;23,258;20,347;-544,933;-416,379;15785,48;9,397
02;2025;09;30;15;04;35;0,417;-0,222;-0,05;20,669;21,689;23,08;-668,542;-160,344;15746,79;9,397
02;2025;09;30;15;04;36;0,713;-0,018;0,005;23,784;20,033;22,538;18,294;-103,113;15185,99;9,402
02;2025;09;30;15;04;36;0,796;-0,123;-0,115;20,714;21,689;22,628;-533,667;-238,833;15570,28;9,397
02;2025;09;30;15;04;37;0,378;-0,235;-0,211;23,962;21,292;24,051;-818,712;-1285,592;16068,22;9,397
02;2025;09;30;15;04;37;0,741;-0,128;-0,112;23,25;21,491;25,79;-634,709;-269,172;15750,77;9,397
02;2025;09;30;15;04;38;0,368;-0,181;0,217;22,16;21,115;28,68;-821,61;-1593,14;15888,53;9,397
02;2025;09;30;15;04;38;0,657;-0,328;-0,048;20,603;20,298;21,77;-792,521;-563,872;15921,91;9,397
02;2025;09;30;15;04;39;0,277;-0,295;-0,007;22,294;22,109;25,564;-606,183;-888,005;15882,99;9,397
02;2025;09;30;15;04;39;0,469;-0,274;0,198;18,222;21,822;23,509;-399,465;-527,832;15599,56;9,397
02;2025;09;30;15;04;40;0,489;-0,333;0;21,782;23,191;24,548;-294,249;-977,033;15665,39;9,397
02;2025;09;30;15;04;40;0,684;-0,363;-0,005;19,245;21,071;23,238;-443,602;-696,384;15662,54;9,397
02;2025;09;30;15;04;41;0,608;-0,115;-0,061;25,208;29;26,919;-730,755;-205,447;15921;9,408
02;2025;09;30;15;04;41;0,107;-0,271;-0,153;21,137;21,8;22,086;-867,128;-491,775;16070,59;9,406
02;2025;09;30;15;04;42;0,353;-0,188;-0,178;23,851;21,137;30,532;-452,662;-242,046;15631,56;9,408
02;2025;09;30;15;04;42;0,496;-0,22;-0,312;25,052;19,967;21,883;-579,975;-174,497;15677,11;9,411
02;2025;09;30;15;04;43;0,872;-0,244;0,08;23,45;20,541;21,68;-332,312;-412,641;15577,56;9,413
02;2025;09;30;15;04;43;0,326;-0,176;-0,026;25,52;20,872;21,499;-871,163;-374,792;15792,45;9,43
02;2025;09;30;15;04;44;0,62;-0,259;0,01;23,539;23,147;23,735;-270,145;-162,88;15479,43;9,424
02;2025;09;30;15;04;44;0,586;-0,313;0,012;23,717;20,696;27,8;-716,797;-325,432;15787,7;9,43
02;2025;09;30;15;04;45;0,501;-0,461;-0,099;25,764;23,368;26,151;-1082,648;-18,919;15912,8;9,435
02;2025;09;30;15;04;45;0,226;-0,218;-0,093;26,321;26,549;24,683;-843,283;-142,852;15836,34;9,43
02;2025;09;30;15;04;46;0,682;-0,262;0,12;26,543;24,87;24,796;-437,627;-541,247;15755,79;9,435
02;2025;09;30;15;04;46;0,535;-0,182;-0,098;23,562;23,478;23,283;-506,79;-777,992;15699,94;9,435
02;2025;09;30;15;04;47;0,492;-0,08;0,049;19,957;19,481;23,215;448,541;19;15287,06;9,435
02;2025;09;30;15;04;47;0,534;-0,15;-0,095;20,625;24,936;26,58;-635,763;-239,124;15754,23;9,435
02;2025;09;30;15;04;48;0,43;-0,229;-0,469;23,806;21,932;22,56;-768,968;-615,381;15841,41;9,435
02;2025;09;30;15;04;48;0,621;-0,229;0,061;25,275;19,26;21,341;-1072,27;110,095;15767,62;9,435
02;2025;09;30;15;04;49;0,668;-0,254;0,238;20,603;22,683;25,722;-742,03;-273,793;15702,75;9,435
02;2025;09;30;15;04;49;0,869;-0,306;0,008;20,625;22,485;19,557;-702,644;-272,019;15724,75;9,435
02;2025;09;30;15;04;50;0,495;-0,351;-0,112;21,226;24,009;23,69;-696,859;-780,807;15915,29;9,435
02;2025;09;30;15;04;50;0,404;-0,264;-0,048;24,474;22,573;25,406;-940,734;-445,869;15871,67;9,435
02;2025;09;30;15;04;51;0,396;-0,17;0,312;24,986;22,926;26,625;-1018,278;-289,806;15988,55;9,435
02;2025;09;30;15;04;51;0,688;-0,075;-0,328;19,223;22,86;22,651;-688,747;-497,313;15746,79;9,435
03;2025;09;30;15;10;34;1,476;-0,022;-0,338;19,735;20,121;25,361;-817,616;-304,133;15833,24;9,246
03;2025;09;30;15;10;35;1,36;0,02;0,215;25,742;23,567;26,716;-684,475;-47,387;15602,74;9,246
03;2025;09;30;15;10;35;1,196;-0,1;-0,455;26,521;21,049;21,476;-750,017;-372,852;15807,38;9,246
03;2025;09;30;15;10;36;1,182;-0,043;0,112;25,008;21,579;28,432;-940,222;-630,15;15638,92;9,246
03;2025;09;30;15;10;36;1,357;-0,052;0,098;23,05;24,053;25,135;-878,182;-827,305;15845,1;9,246
03;2025;09;30;15;10;37;1,181;-0,036;0,288;21,982;22,264;28,387;-1072,761;125,191;15605,33;9,246
03;2025;09;30;15;10;37;0,841;-0,288;-0,108;22,049;24,274;26,535;-503,628;-614,777;15610,74;9,246
03;2025;09;30;15;10;38;1,345;-0,103;0,035;26,588;22,197;26,061;-774,919;-608,169;15760,69;9,246
03;2025;09;30;15;10;38;1,117;-0,103;0,108;24,874;21,712;25,609;-891,416;-123,53;15827,96;9,246
03;2025;09;30;15;10;39;1,18;-0,134;-0,047;21,893;24,45;25,022;-898,602;-448,216;15769,73;9,246
03;2025;09;30;15;10;39;1,369;0,072;0,344;24,696;23,523;24,977;-833,001;37,365;15756,56;9,246
03;2025;09;30;15;10;40;0,761;-0,362;-0,325;25,853;22,772;24,141;-773,108;-488,979;15818,58;9,246
03;2025;09;30;15;10;40;0,891;-0,335;0,134;22,761;23,258;26,648;-1130,048;-493,041;15843,49;9,246
03;2025;09;30;15;10;41;1,052;0,115;0,067;22,16;23,28;26,648;-1133,645;-252,149;15890,05;9,246
03;2025;09;30;15;10;41;1,266;0,012;0,178;23,228;22,44;24,909;-916,517;72,29;15570,69;9,246
03;2025;09;30;15;10;42;0,998;-0,109;-0,439;21,76;23,854;26,648;-802,587;-618,964;15882,88;9,246
03;2025;09;30;15;10;42;1,115;0,129;-0,116;22,56;21,756;25,925;-721,764;-656,481;15753,03;9,241
03;2025;09;30;15;10;43;0,943;-0,137;-0,164;24,251;22,33;26,264;-1077,558;-139,096;15834,08;9,242
03;2025;09;30;15;10;43;1,137;-0,158;-0,517;23,984;25,709;25,27;-763,981;-366,114;15827,83;9,246
03;2025;09;30;15;10;44;1,497;0,062;-0,292;23,784;23,28;24,006;-721,841;-353,585;15902,22;9,237
03;2025;09;30;15;10;44;1,098;-0,033;-0,204;21,404;24,428;23,193;-723,552;-672,468;16013,93;9,236
03;2025;09;30;15;10;45;1,163;-0,304;-0,064;25,342;26,46;25,27;-1050,51;-167,876;15738,6;9,232
03;2025;09;30;15;10;45;1,016;-0,146;0,282;27,389;25,047;27,258;-974,09;-375,726;15958,12;9,219
03;2025;09;30;15;10;46;1,34;-0,066;0,073;23,806;21,734;25,767;-701,292;-539,271;15775,53;9,223
03;2025;09;30;15;10;46;1,323;-0,138;-0,077;23,005;20,696;22,854;-662,048;-794,043;15746,39;9,225
03;2025;09;30;15;10;47;1,769;-0,014;0,039;23,183;21,888;24,548;-924,818;-329,08;15879,6;9,232
03;2025;09;30;15;10;47;1,25;0,075;0,002;24,674;23,191;24,977;-613,72;-541,377;15709,92;9,241
03;2025;09;30;15;10;48;1,636;-0,161;-0,218;25,408;22,44;26,919;-1022,25;-633,597;16054,98;9,237
03;2025;09;30;15;10;48;1,275;-0,14;0,118;25,631;24,075;26,129;-712,972;-579,69;15552,78;9,236
03;2025;09;30;15;10;49;1,196;-0,09;-0,214;24,563;22,286;25,97;-963,989;-525,22;15957,08;9,223
03;2025;09;30;15;10;49;1,29;-0,164;-0,321;21,804;26,018;25,632;-1079,416;-371,782;15873,38;9,219
03;2025;09;30;15;10;50;1,118;-0,143;0,504;22,516;21,712;24,322;-1003,528;32,326;15873,09;9,223
03;2025;09;30;15;10;50;1,182;-0,139;-0,291;25,72;20,916;25,496;-855,012;-312,096;15573,03;9,225
03;2025;09;30;15;10;51;1,301;-0,018;0,042;24,34;21,049;27,438;-707,688;-701,604;16112,47;9,223
03;2025;09;30;15;10;51;1,281;0,033;-0,181;25,386;20,806;24,841;-817,128;-88,83;15703,96;9,225
03;2025;09;30;15;10;52;1,173;-0,185;0,141;20,936;24,384;24,028;-600,397;-562,139;15642;9,232
03;2025;09;30;15;10;52;0,971;-0,067;-0,218;27,478;22,926;24,254;-719,69;-520,346;15814,61;9,23
03;2025;09;30;15;10;53;1,228;0,007;0,096;25,342;22,33;24,954;-738,295;-568,974;15866,04;9,237
03;2025;09;30;15;10;53;1,151;-0,304;-0,467;27,144;25,157;24,909;-951,687;-33,113;15501,67;9,241
03;2025;09;30;15;10;54;1,281;-0,117;-0,139;22,138;23,059;23,983;-1057,304;-490,188;16084,4;9,232
03;2025;09;30;15;10;54;1,519;-0,205;0,457;21,381;23,788;22,899;-640,577;-688,018;15621,07;9,246
03;2025;09;30;15;10;55;1,234;-0,161;-0,781;24,185;25,135;24,503;-946,826;-444,117;15981,65;9,228
03;2025;09;30;15;10;55;1,267;0,044;-0,132;21,648;21,866;25,632;-349,171;-520,668;15837,8;9,246
03;2025;09;30;15;10;56;1,27;0,028;-0,195;20,758;23,744;24,48;-1116,293;-405,431;16014,82;9,246
03;2025;09;30;15;10;56;1,317;0,024;-0,697;21,315;21,999;22,357;-1009,842;-528,967;15773,37;9,236
03;2025;09;30;15;10;57;1,269;0,036;0,6;22,116;23,81;25,09;-1006,284;-575,189;16043,95;9,237
03;2025;09;30;15;10;57;0,839;-0,307;0,201;28,434;23,766;27,732;-998,213;-600,265;15856,95;9,241
03;2025;09;30;15;10;58;1,339;-0,341;-0,162;23,183;23,545;25,903;-871,902;-123,526;15517,92;9,228
03;2025;09;30;15;10;58;1,299;-0,092;-0,358;23,806;22,772;25,022;-679,823;-482,361;15685,95;9,246
03;2025;09;30;15;10;59;1,252;0,043;-0,479;22,894;21,314;25,338;-1181,893;-530,967;15838,98;9,246
03;2025;09;30;15;10;59;1,364;0,208;0,1;21,248;21,27;24,548;-808,826;-260,944;15784,76;9,246
03;2025;09;30;15;11;00;1,138;-0,161;0,027;23,473;22,993;23,757;-938,449;-110,387;15711,66;9,246
03;2025;09;30;15;11;00;1,129;-0,123;-0,357;20,959;23,081;27,777;-1101,444;-264,016;15674,83;9,246
03;2025;09;30;15;11;01;1,041;-0,051;0,071;21,693;23,434;24,164;-835,106;-490,402;15860,56;9,246
03;2025;09;30;15;11;01;1,244;-0,072;-0,678;22,494;21,866;26,4;-548,132;-519,804;15636,44;9,246
03;2025;09;30;15;11;02;1,1;-0,008;0,453;22,516;21,954;26,783;-1110,559;-169,873;16080,64;9,246
03;2025;09;30;15;11;02;1,433;-0,229;0,2;25,164;21,844;28,432;-1001,593;-111,386;15699,63;9,246
03;2025;09;30;15;11;03;1,265;-0,054;-0,147;22,383;22,396;26,4;-877,833;-984,731;15947,35;9,246
03;2025;09;30;15;11;03;1,309;0,015;-0,014;20,38;23,125;26,129;-577,08;-543,237;15790;9,246
03;2025;09;30;15;11;04;1,311;-0,143;-0,213;23,962;22,374;27,054;-901,428;-137,853;15558,16;9,246
03;2025;09;30;15;09;34;1,041;0,103;-0,484;27,656;25,422;28,5;-481,914;919,253;15519,38;9,322
03;2025;09;30;15;09;35;1,031;-0,042;-0,45;27,01;27,41;28,861;-58,514;251,934;15331,9;9,322
03;2025;09;30;15;09;35;0,953;0,114;0,026;29,747;28,028;33,016;-243,341;49,79;15679,12;9,322
03;2025;09;30;15;09;36;0,675;-0,156;0,135;30,236;29,773;30,397;-579,938;54,679;15396,98;9,322
03;2025;09;30;15;09;36;0,641;0,031;-0,215;28,545;26,968;33,784;-25,91;-864,437;15167,53;9,322
03;2025;09;30;15;09;37;0,681;-0,184;-0,135;32,862;33,197;30,419;-49,768;-341,172;15502,51;9,322
03;2025;09;30;15;09;37;0,778;0,007;-0,33;30,726;28,779;29,268;-7,188;-29,237;15273,81;9,322
03;2025;09;30;15;09;38;0,906;-0,042;-1,058;28,256;25,974;27,28;-1315,265;-93,121;15625,02;9,322
03;2025;09;30;15;09;38;0,748;-0,201;0,005;27,01;26,438;27,867;-67,877;398,789;15023,8;9,322
03;2025;09;30;15;09;39;0,829;0,013;-0,044;28,456;30,127;32,339;-661,505;212,071;15404,1;9,322
03;2025;09;30;15;09;39;0,971;0,185;0,03;28,39;26,085;30,577;-527,737;334,401;15522,91;9,322
03;2025;09;30;15;09;40;0,623;0,125;0,066;30,681;31,695;30,532;-1186,787;692,24;15975,17;9,322
03;2025;09;30;15;09;40;0,865;0,048;0,58;26,944;32,998;32,384;-488,273;839,483;15548,23;9,322
03;2025;09;30;15;09;41;0,544;-0,095;-0,061;29,302;29,133;30,487;-649,254;432,136;15598,22;9,322
03;2025;09;30;15;09;41;0,631;-0,185;-0,462;31,505;29,486;34,371;-235,821;162,267;15558,24;9,322
03;2025;09;30;15;09;42;0,897;-0,191;-0,022;33,841;33,904;36,901;-1173,262;-1180,136;16344,64;9,322
03;2025;09;30;15;09;42;0,977;-0,063;-0,199;33,196;28,735;30,081;-1066,001;1530,287;15656,56;9,322
03;2025;09;30;15;09;43;0,734;-0,077;-0,028;28,835;29,972;32,429;-1068,535;230,353;15993,52;9,322
03;2025;09;30;15;09;43;0,782;0,084;0,186;32,461;31,695;33,22;-909,285;975,934;15433,41;9,322
03;2025;09;30;15;09;44;0,359;-0,149;0,041;27,322;31,143;32,836;-886,446;-909,928;15894;9,322
03;2025;09;30;15;09;44;0,563;-0,128;-0,089;32,439;31,872;32;-1117,973;-1688,343;16262,6;9,322
03;2025;09;30;15;09;45;0,964;-0,173;-0,087;30,414;28,205;32,768;-2186,258;-258,573;16699,39;9,322
03;2025;09;30;15;09;45;0,901;-0,177;-0,343;31,037;29,795;32,836;-922,853;-142,191;16125,46;9,322
03;2025;09;30;15;09;46;1,204;-0,236;-0,543;35,198;35,56;36,472;-641,506;96,755;15632,21;9,322
03;2025;09;30;15;09;46;1,123;-0,149;-0,177;30,058;28,139;32,813;-123,673;96,82;15260,03;9,322
03;2025;09;30;15;09;47;1,034;-0,157;0,236;32,773;33,175;32,587;-1343,33;-665,863;16111,29;9,322
03;2025;09;30;15;09;47;1,019;-0,189;0,317;29,413;31,121;34,168;-99,399;253,333;15138,38;9,322
03;2025;09;30;15;09;48;1,175;-0,057;-0,245;28,545;27,366;30,239;-646,579;-386,821;15686,84;9,322
03;2025;09;30;15;09;48;0,742;-0,018;-0,4;30,259;30,988;32,203;-632,877;589,732;16064,64;9,322
03;2025;09;30;15;09;49;0,9;-0,12;-0,121;36,155;35,626;36,133;-668,965;-2094,2;16511,41;9,322
03;2025;09;30;15;09;49;0,682;-0,397;0,07;27,455;27,498;33,378;85,297;-1167,575;15394,79;9,322
03;2025;09;30;15;09;50;0,805;-0,281;-0,172;26,232;28,89;27,642;-899,953;-697,661;16150,24;9,322
03;2025;09;30;15;09;50;0,636;-0,153;-0,603;30,971;28,271;30,419;-887,175;-49,185;15883,79;9,322
03;2025;09;30;15;09;51;1,006;-0,056;-0,009;32,595;29,309;31,119;-807,682;-988,489;16047,49;9,322
03;2025;09;30;15;09;51;0,535;0,082;0,119;31,482;33,086;32,316;-296,975;-638,403;15675,35;9,322
03;2025;09;30;15;09;52;0,836;-0,032;-0,176;27,633;26,99;28,771;-424,902;-2663,513;16655,8;9,322
03;2025;09;30;15;09;52;0,531;0,022;0,559;32,306;31,717;33,445;-615,712;560,36;15539,38;9,322
03;2025;09;30;15;09;53;0,773;-0,128;-0,268;28,568;28,183;27,122;-1199,84;-592,015;16154,1;9,322
03;2025;09;30;15;09;53;0,701;-0,326;-0,293;27,233;28,603;31,616;-912,907;-294,687;16020,74;9,322
03;2025;09;30;15;09;54;0,942;-0,148;0,458;27,567;26,747;30,103;-271,251;1012,324;15178,13;9,322
03;2025;09;30;15;09;54;1,011;-0,156;-0,116;25,453;26,261;28,838;-183,719;46,489;15505,49;9,322
03;2025;09;30;15;09;55;1,096;-0,08;0,218;28,79;28,227;29,651;-931,654;-647,215;15787,26;9,322
03;2025;09;30;15;09;55;0,879;-0,271;-0,146;25,787;23,92;28,319;-915,9;-13,562;16013,43;9,322
03;2025;09;30;15;09;56;1,145;-0,167;0,081;26,944;26,063;28,026;-928,839;-1016,353;16293,93;9,322
03;2025;09;30;15;09;56;1,059;0,218;0,162;24,741;26,725;26,151;131,637;-2429,134;16135,16;9,322
03;2025;09;30;15;09;57;0,686;-0,104;-0,393;23,606;26,968;26,806;-160,925;-882,705;15770,12;9,322
03;2025;09;30;15;09;57;0,752;-0,235;0,123;27,834;27,653;31,752;-508,565;-81,769;15493,78;9,322
03;2025;09;30;15;09;58;0,717;-0,25;-0,052;29,124;28,47;30,352;-775,399;-137,829;15760,3;9,322
03;2025;09;30;15;09;58;0,6;-0,107;-0,096;28,145;26,946;29,764;-965,055;-1352,587;16190,45;9,322
03;2025;09;30;15;09;59;0,881;-0,101;0,076;26,276;25,091;31,616;-1289,214;-439,328;16025,28;9,322
03;2025;09;30;15;09;59;1,029;-0,218;-0,365;27,277;26,88;26,332;-534,358;-653,708;15924,6;9,322
03;2025;09;30;15;10;00;0,661;-0,321;-0,197;25,03;25,223;30,193;-929,254;1227,078;15493,78;9,322
03;2025;09;30;15;10;01;0,821;-0,119;-0,396;28,278;27,41;30,6;-634,013;105,266;15325,73;9,322
03;2025;09;30;15;10;01;1,031;-0,248;-0,035;29,947;24,34;28,613;-1081,05;-1125,667;16075,71;9,322
03;2025;09;30;15;10;01;0,834;-0,118;0,111;28,657;27,52;27,122;-559,857;-185,001;15577,87;9,322
03;2025;09;30;15;10;02;1,036;-0,212;-0,259;27,144;25,356;30,058;-477,535;-640,62;15489,48;9,322
03;2025;09;30;15;10;02;1,366;0,051;0,046;26,677;25,93;29,719;215,35;-1289,685;15474,8;9,322
03;2025;09;30;15;10;03;0,932;-0,086;0,421;28,456;28,05;29,403;-489,34;-1908,178;16376,23;9,322
03;2025;09;30;15;10;03;0,964;-0,197;0,081;27,544;23,39;28,613;157,779;750,202;14533,07;9,322
03;2025;09;30;15;10;04;1,117;-0,159;-0,024;26,276;26,571;27,054;-878,254;-1,157;15769,78;9,322
03;2025;09;30;15;08;23;0,756;-0,025;-0,287;27,9;30,127;33,084;-405,349;-218,583;15187,69;9,359
03;2025;09;30;15;08;23;0,693;-0,118;0,038;26,009;27,233;29,651;-339,154;-364,18;15566,69;9,359
03;2025;09;30;15;08;24;0,496;-0,127;-0,475;28,345;25,223;26,241;-177,025;-1320,632;15792,78;9,359
03;2025;09;30;15;08;24;0,669;-0,235;-0,509;23,339;24,141;28,116;-697,715;-70,576;15787,17;9,359
03;2025;09;30;15;08;25;0,739;-0,052;-0,424;27,834;25,29;32,881;-501,486;-1328,904;15710,35;9,359
03;2025;09;30;15;08;25;0,468;-0,056;0,137;27,411;30,325;28,116;-724,434;-678,288;15769,99;9,359
03;2025;09;30;15;08;26;0,507;-0,045;-0,023;22,983;27,41;26,309;-2499,021;-329,918;16392,63;9,359
03;2025;09;30;15;08;26;0,595;-0,149;-0,492;28,701;30,082;32,136;-1161,466;-143,967;15950,11;9,359
03;2025;09;30;15;08;27;0,566;-0,056;-0,303;27,166;25,952;30,216;-117,152;-744,313;15668,25;9,359
03;2025;09;30;15;08;27;0,512;0,034;-0,147;30,214;29,332;31,3;-933,394;-1283,993;15998,65;9,359
03;2025;09;30;15;08;28;0,31;-0,081;-0,425;28,746;32,998;31,707;-707,344;41,362;15733,73;9,359
03;2025;09;30;15;08;28;0,805;-0,288;-0,176;27,967;24,76;26,535;-907,863;-298,829;15859,08;9,359
03;2025;09;30;15;08;29;0,43;-0,11;0,283;29,035;29,53;31,21;-1096,506;247,165;15725,15;9,359
03;2025;09;30;15;08;29;0,799;0,078;0,177;32,662;32,865;31,797;-688,115;-230,812;15874,05;9,359
03;2025;09;30;15;08;30;0,543;-0,052;0,321;28,924;28,426;32,294;-970,726;-14,178;15830,51;9,359
03;2025;09;30;15;08;30;0,469;0,123;-0,122;31,95;30,325;29,516;-107,163;442,922;15026,4;9,359
03;2025;09;30;15;08;31;0,752;-0,057;-0,078;28,59;29,42;30,464;-874,78;-661,887;15622,69;9,359
03;2025;09;30;15;08;31;0,809;-0,237;-0,222;25,542;27,3;29,019;-274,511;-1237,883;15606,33;9,359
03;2025;09;30;15;08;32;0,622;-0,132;-0,079;30,081;28,47;29,968;-124,702;585,658;14839,81;9,359
03;2025;09;30;15;08;32;0,251;-0,05;0,025;28,479;26,814;27,687;-692,749;-727,307;15988,93;9,359
03;2025;09;30;15;08;33;0,866;-0,257;-0,363;24,251;29,751;32,926;-1293,594;-592,898;16208,62;9,359
03;2025;09;30;15;08;33;0,484;-0,212;-0,002;28,056;27,763;30,239;-629,982;-176,571;15883,14;9,359
03;2025;09;30;15;08;34;1,113;-0,01;-0,06;31,393;30,325;31,074;-396,034;-946,013;15936,79;9,359
03;2025;09;30;15;08;34;0,336;0,182;0,983;31,816;35,958;34,936;-926,899;-899,269;16121,81;9,359
03;2025;09;30;15;08;35;0,641;-0,168;0,105;33,818;34,964;34,529;-727,104;-1287,893;15887,74;9,359
03;2025;09;30;15;08;35;0,662;-0,204;-0,101;34,241;32,865;40,83;-928,781;-215,81;15841,57;9,359
03;2025;09;30;15;08;36;0,838;-0,1;-0,136;35,932;36,156;35,839;-2,285;-623,949;15010,09;9,359
03;2025;09;30;15;08;36;0,073;-0,127;-0,376;37;35,494;37,668;4,228;-1658,84;16368,21;9,359
03;2025;09;30;15;08;37;0,818;-0,065;-0,503;38,58;42,032;43,405;-28,299;-344,363;15857,79;9,359
03;2025;09;30;15;08;37;0,765;0,081;-0,063;39,581;38,608;39,34;-75,111;-933,185;15801,1;9,359
03;2025;09;30;15;08;38;0,881;-0,091;-0,387;39,247;38,144;38,188;-275,517;-924,067;15648,46;9,359
03;2025;09;30;15;08;38;0,334;-0,084;-0,052;40,716;39,735;41,688;-728,587;411,061;15694,54;9,359
03;2025;09;30;15;08;39;0,553;-0,09;-0,027;40,871;40,949;42,614;-17,048;-76,379;15599,26;9,359
03;2025;09;30;15;08;39;0,411;-0,182;0,235;39,269;39,889;41,598;-295,784;-1144,765;15594,65;9,359
03;2025;09;30;15;08;40;0,65;-0,233;-0,249;40,248;45,146;43,517;-1771,195;244,827;16021,8;9,359
03;2025;09;30;15;08;40;0,573;-0,115;0,191;41,161;41,104;41,846;-459,198;37,116;15185,36;9,359
03;2025;09;30;15;08;41;0,529;0,095;-0,029;42,874;42,827;43,472;-1220,852;269,023;16040,13;9,359
03;2025;09;30;15;08;41;1,26;-0,014;0,147;41,517;43,843;43,246;-492,213;406,413;15418,78;9,359
03;2025;09;30;15;08;42;0,855;-0,071;-0,287;40,827;40,419;45,211;-1528,731;-1262,093;16855,88;9,359
03;2025;09;30;15;08;42;0,657;0,022;-0,405;47,702;45,565;47,198;-896,945;17,126;15933,46;9,359
03;2025;09;30;15;08;43;0,065;-0,243;-0,474;40,093;41,192;43,292;-614,644;8,309;15494,36;9,359
03;2025;09;30;15;08;43;0,477;-0,177;-0,159;45,989;45,654;47,695;-865,303;-28,786;15878,3;9,359
03;2025;09;30;15;08;44;0,457;-0,037;0,099;43,03;43,379;46,566;-1698,604;-2743,047;16623,83;9,359
03;2025;09;30;15;08;44;0,174;-0,092;0,069;42,518;42,208;42,953;-741,084;-203,692;15815,52;9,359
03;2025;09;30;15;08;45;0,375;0,052;-0,053;43,675;39,293;46,295;-513,747;-718,974;15816,05;9,359
03;2025;09;30;15;08;45;0,751;0,012;-0,403;40,159;42,098;43,721;-791,292;-369,241;15722,41;9,359
03;2025;09;30;15;08;46;0,274;-0,081;0,603;44,676;43,622;47,063;-1076,439;-65,253;15867,91;9,359
03;2025;09;30;15;08;46;0,876;-0,253;-0,296;45,699;44,505;48,057;-244,456;-1013,37;16014,42;9,359
03;2025;09;30;15;08;47;1,217;-0,29;0,163;45,21;46,162;47,131;-296,435;-195,204;15386,25;9,359
03;2025;09;30;15;08;47;0,718;-0,095;-0,101;45,121;41,921;44,918;-872,582;-220,307;15815,7;9,359
03;2025;09;30;15;08;48;0,67;-0,137;-0,154;41,25;42,297;45,166;286,362;-314,508;15503,19;9,359
03;2025;09;30;15;08;48;0,619;-0,149;0,131;44,164;44,373;45,482;-668,785;-552,888;15733,79;9,359
03;2025;09;30;15;08;49;0,578;-0,389;-0,54;39,781;42,606;43,608;-291,406;964,439;15626,18;9,359
03;2025;09;30;15;08;49;0,546;-0,341;-0,313;41,739;40,243;41,372;-808,548;123,378;15657,6;9,359
03;2025;09;30;15;08;50;0,575;-0,19;-0,164;42,963;43,092;44,308;-728,482;-1381,044;16182,02;9,359
03;2025;09;30;15;08;50;0,43;-0,201;-0,066;43,141;42,341;41,846;-508,909;-32,835;15736,66;9,369
03;2025;09;30;15;08;51;0,425;-0,209;-0,181;37,69;37,791;40,198;-453,95;-1056,093;16034,72;9,376
03;2025;09;30;15;08;51;0,059;0,113;0,275;43,052;41,656;43,563;-1014,556;-566,44;15877,76;9,392
03;2025;09;30;15;08;52;0,569;-0,027;-0,204;36,978;37,548;39,611;-715,359;-447,223;15673,86;9,386
03;2025;09;30;15;08;52;0,753;0,107;-0,233;40,115;39,447;43,585;-693,235;-254,074;15590,42;9,397
04;2025;09;30;15;14;53;1,257;-0,254;-0,321;24,207;21,115;22,764;-1385,38;-191,81;16048,21;9,246
04;2025;09;30;15;14;53;1,212;-0,148;-0,371;20,425;25,069;23,08;-895,645;154,054;15528,95;9,246
04;2025;09;30;15;14;54;1,499;0,042;-0,079;21,337;23,832;21,77;-1097,029;-718,19;15980,13;9,246
04;2025;09;30;15;14;54;1,36;-0,007;-0,123;20,536;18,31;22,764;-1043,406;-370,862;15790,23;9,242
04;2025;09;30;15;14;55;1,219;-0,128;-0,43;20,758;21,005;24,186;-292,921;-819,813;15756,31;9,225
04;2025;09;30;15;14;55;1,256;-0,014;0,117;22,516;21,623;21,567;-1078,256;-405,349;15944,84;9,213
04;2025;09;30;15;14;56;1,268;-0,123;-0,1;22,716;19,878;22,583;-688,046;-772,535;16104,9;9,209
04;2025;09;30;15;14;56;1,134;-0,219;0,174;20,402;18,398;23,351;-1178,387;-174,932;15930,64;9,209
04;2025;09;30;15;14;57;1,18;0,107;0,356;21,871;20,298;23,464;-731,54;79,838;15630,15;9,209
04;2025;09;30;15;14;57;1,097;0,11;0,19;21,092;22,639;22,47;-728,69;-41,72;15558,6;9,209
04;2025;09;30;15;14;58;1,327;-0,096;-0,235;24,407;20,784;21,793;-776,727;-786,588;16004,49;9,209
04;2025;09;30;15;14;58;1,36;-0,156;-0,099;23,895;22,794;24,932;-924,99;-494,269;15708,52;9,209
04;2025;09;30;15;14;59;1,424;-0,106;0,57;23,139;22,794;22,719;-1023,336;-536,341;15899,22;9,209
04;2025;09;30;15;14;59;1,21;0,145;-0,113;21,871;21,756;23,351;-1052,169;-692,744;15939,99;9,209
04;2025;09;30;15;15;00;1,422;0,077;-0,064;21,048;19,061;23,757;-898,757;-370,798;15830,08;9,209
04;2025;09;30;15;15;00;1,438;0,013;0,266;21,559;22,661;22,899;-819,307;-769,869;15871,56;9,209
04;2025;09;30;15;15;01;1,194;-0,028;0,044;19,868;20,342;20,618;-928,956;-554,919;16082,52;9,209
04;2025;09;30;15;15;01;1,36;0,04;-0,046;19,357;18,752;22,989;-736,065;-688,379;15676,14;9,209
04;2025;09;30;15;15;02;1,45;-0,07;-0,097;21,404;18,111;23,419;-1045,906;-610,839;15998,83;9,209
04;2025;09;30;15;15;02;1,103;0,056;0,158;23,028;21,888;22,719;-1043,675;323,943;15469,79;9,209
04;2025;09;30;15;15;03;1,128;-0,054;0,041;20,825;19,017;20,483;-944,94;-944,433;15693,96;9,209
04;2025;09;30;15;15;03;1,015;-0,034;-0,226;21,715;19,348;24,932;-1665,878;545,276;15747,35;9,209
04;2025;09;30;15;15;04;1,159;0,125;-0,115;20,491;18,421;23,035;-1154,213;-585,644;15701,1;9,209
04;2025;09;30;15;15;04;1,218;-0,153;0,04;18,4;20,938;22,854;-341,981;-339,983;15470,24;9,209
04;2025;09;30;15;15;05;1,161;-0,202;-0,278;19,223;23,611;21,228;-918,644;-389,178;15608,64;9,209
04;2025;09;30;15;15;05;1,468;-0,158;-0,125;22,294;20,408;22,606;-1282,028;-530,403;16066,92;9,209
04;2025;09;30;15;15;06;1,184;-0,125;-0,887;21,582;20,983;24,503;-1034,938;122,368;15661,14;9,209
04;2025;09;30;15;15;06;1,425;-0,096;-0,074;21,426;21,049;20,46;-681,117;-1114,79;15787,81;9,209
04;2025;09;30;15;15;07;1,289;-0,134;-0,085;21,381;20,497;22,109;-649,097;-970,811;16197,63;9,209
04;2025;09;30;15;15;07;1,342;-0,147;-0,337;22,16;22,661;21,815;-1270,816;-106,925;15885,34;9,209
04;2025;09;30;15;15;08;1,455;-0,068;-0,203;19,357;23,302;25,654;-805,577;-483,707;15729,3;9,209
04;2025;09;30;15;15;08;1,232;-0,228;-0,146;21,826;22,86;22,109;-824,701;-787,494;15903,87;9,209
04;2025;09;30;15;15;09;1,352;-0,089;-0,303;18,912;21,932;24,593;-654,629;-417,938;15657,39;9,209
04;2025;09;30;15;15;09;1,217;0,045;0,508;22,027;21,535;22,764;-1053,34;-545,039;15919,35;9,209
04;2025;09;30;15;15;10;1,262;-0,07;-0,093;20,847;18,796;20,912;-960,091;-187,844;15947,92;9,209
04;2025;09;30;15;15;10;1,262;0,075;-0,066;19,891;21,977;24,774;-1296,566;56,604;15902,41;9,209
04;2025;09;30;15;15;11;1,318;-0,065;-0,18;22,427;22,308;25,225;-1281,717;-16,465;15928,58;9,209
04;2025;09;30;15;15;11;1,056;-0,359;-0,434;18,934;20,806;20,551;-916,13;-344,784;15319,8;9,209
04;2025;09;30;15;15;12;1,592;-0,096;0,04;23,139;18,906;26,061;-1366,882;-130,237;15745,37;9,209
04;2025;09;30;15;15;12;1,695;0,161;-0,369;23,762;22,374;23,69;-781,281;-712,224;15774,54;9,209
04;2025;09;30;15;15;13;1,06;-0,032;-0,039;23,228;17,89;24,819;-1228,728;-156,877;15775,68;9,209
04;2025;09;30;15;15;13;1,179;-0,357;0,187;19,802;19,569;22,47;-583,515;-988,026;15857,65;9,209
04;2025;09;30;15;15;14;1,378;-0,086;-0,262;21,804;20,099;21,86;-930,824;-107,354;15658,46;9,209
04;2025;09;30;15;15;14;1,399;-0,016;-0,08;19,001;22,86;23,125;-1016,561;-736,767;15758,78;9,209
04;2025;09;30;15;15;15;1,27;-0,104;-0,089;21,493;21,446;24,232;-979,78;-81,751;15779,13;9,209
04;2025;09;30;15;15;15;1,327;0,031;-0,076;21,559;19,238;21,725;-377,977;-570,813;15728,36;9,209
04;2025;09;30;15;15;16;1,37;0,02;-0,125;22,382;20,85;21,68;-1463,038;68,076;15766,89;9,209
04;2025;09;30;15;15;16;1,262;0,026;-0,054;24,185;24,782;23,148;-782,623;-789,806;16027,97;9,209
04;2025;09;30;15;15;17;1,399;-0,171;0,559;21,359;21,137;21,341;-1199,134;-154,368;15985,98;9,209
04;2025;09;30;15;15;17;1,02;-0,202;-0,433;21,537;21,535;22,312;-730,23;-797,867;15698,11;9,209
04;2025;09;30;15;15;18;1,112;0,003;-0,674;19,868;21,292;21,499;-1119,974;-455,364;16012;9,209
04;2025;09;30;15;15;18;1,492;-0,007;0,053;21,092;24,671;23,26;-700,319;-453,484;15870,02;9,209
04;2025;09;30;15;15;19;1,419;0,119;0,03;24,274;19,635;23,148;-776,801;2,665;15368,59;9,209
04;2025;09;30;15;15;19;1,692;0,018;-0,322;19,579;21,689;22,719;-767,82;-239,788;15752,13;9,209
04;2025;09;30;15;15;20;1,429;0,024;-0,682;23,45;23,081;22,696;-938,016;-1015,608;16305,62;9,209
04;2025;09;30;15;15;20;1,429;-0,142;-0,015;20,625;20,276;25,88;-849,562;-418,984;15629,23;9,209
04;2025;09;30;15;15;21;1,338;-0,149;-0,852;19,98;20,497;21,86;-815,982;-255,558;16228,16;9,209
04;2025;09;30;15;15;21;1,407;-0,107;-0,141;23,139;20,143;23,983;-352,908;-886,256;15724,01;9,209
04;2025;09;30;15;15;22;1,088;-0,101;0,029;19,512;20,696;19,602;-832,168;-248,286;15898,82;9,209
04;2025;09;30;15;15;22;0,942;-0,045;-0,102;22,093;20,607;22,47;-991,245;-89,049;15777,25;9,209
04;2025;09;30;15;13;51;1,294;-0,147;0,057;19,868;22,352;23,961;-1185,806;-20,05;15875,87;9,284
04;2025;09;30;15;13;52;1,187;-0,144;-0,412;24,274;22,816;23,419;-693,17;-486,462;15914,62;9,284
04;2025;09;30;15;13;52;0,892;-0,139;0,055;23,183;19,017;22,989;-1438,061;-2151,198;16718,65;9,284
04;2025;09;30;15;13;53;0,831;-0,091;0,106;23,918;21,27;24,728;-1988,979;-690,856;16651,26;9,284
04;2025;09;30;15;13;53;0,597;-0,231;-0,131;21,648;20,011;23,17;-1278,238;-964,896;16098,68;9,284
04;2025;09;30;15;13;54;1,096;-0,139;0,236;24,296;25,069;21,205;-2307,585;-3304,638;16617,61;9,284
04;2025;09;30;15;13;54;0,937;-0,35;-0,376;20,313;22,087;22,989;526,802;2296,366;14055,45;9,284
04;2025;09;30;15;13;55;0,746;-0,247;0,157;22,182;19,37;22,154;-1345,858;-1507,477;16174,31;9,284
04;2025;09;30;15;13;55;1,003;-0,149;0,118;24,452;21,535;22,786;-1905,202;-1418,623;16899,5;9,284
04;2025;09;30;15;13;56;1,126;-0,096;0,093;21,337;19,127;22,493;-1804,947;-3029,791;16787,17;9,284
04;2025;09;30;15;13;56;1,086;-0,362;-0,412;23,873;18,443;21,906;-124,897;-394,016;15828,87;9,284
04;2025;09;30;15;13;57;0,991;-0,318;-0,235;23,072;21,866;22,899;-570,951;-1172,564;15474,89;9,284
04;2025;09;30;15;13;57;1,204;-0,366;-0,927;23,072;23,92;23,983;-164,114;792,862;15375,6;9,284
04;2025;09;30;15;13;58;0,997;-0,36;-0,343;23,45;20,386;23,961;-993,46;1117,957;15449,66;9,284
04;2025;09;30;15;13;58;1,089;-0,24;-0,041;22,961;20,938;25,293;-277,508;2206,181;14554,73;9,284
04;2025;09;30;15;13;59;1,497;-0,167;-0,395;20,091;19,834;23,306;-471,537;331,139;15310,13;9,284
04;2025;09;30;15;13;59;1,395;-0,036;0,166;22,205;20,696;23,306;-283,227;-836,664;15946,37;9,284
04;2025;09;30;15;14;00;1,133;-0,159;0,095;21,782;21,977;22,38;-843,22;-1688,087;16169,96;9,284
04;2025;09;30;15;14;00;0,896;-0,315;0,218;23,005;19,878;23,057;-422,921;-765,609;15844,39;9,284
04;2025;09;30;15;14;01;1,217;-0,168;0,175;21,203;21,712;23,667;-473,149;-1278,756;15388,86;9,284
04;2025;09;30;15;14;01;1,14;-0,118;-0,228;19,401;22,242;23,825;-471,323;-3763,072;16915,13;9,284
04;2025;09;30;15;14;02;0,927;-0,566;-0,534;22,627;21,756;22,493;303,672;-1004,873;15638,68;9,284
04;2025;09;30;15;14;02;0,929;-0,29;0,129;22,939;21,446;20,98;-373,754;380,96;15138,15;9,284
04;2025;09;30;15;14;03;1;-0,141;0,017;23,651;20,894;23,057;-273,958;-682,469;15548,42;9,284
04;2025;09;30;15;14;03;0,732;-0,427;-0,234;22,116;23,147;25,157;-798,606;-1140,046;15853,03;9,284
04;2025;09;30;15;14;04;0,81;-0,363;-0,471;22,36;21,292;24,277;-1322,208;-239,751;15945,68;9,284
04;2025;09;30;15;14;04;0,92;-0,402;0,144;23,74;22,043;24,503;-386,194;602,626;15534,25;9,284
04;2025;09;30;15;14;05;0,822;-0,255;-0,359;20,202;21,491;26,625;-660,819;-1008,566;15755,93;9,284
04;2025;09;30;15;14;05;1,209;-0,345;-0,067;20,981;18,619;26,106;-909,252;-1704,261;16114,47;9,284
04;2025;09;30;15;14;06;1,611;-0,187;-0,494;20,625;20,21;23,08;-1364,893;-680,339;16351,57;9,284
04;2025;09;30;15;14;06;1,354;-0,32;-0,416;20,558;21,645;20,189;-485,177;2059,206;15057,82;9,284
04;2025;09;30;15;14;07;0,954;-0,108;-0,044;20,247;20,629;23,577;-210,401;757,914;15606,79;9,284
04;2025;09;30;15;14;07;0,912;-0,387;-0,241;23,183;23,677;23,622;-782,736;103,198;15885,73;9,284
04;2025;09;30;15;14;08;1,062;-0,248;0,536;23,473;21,226;24,706;-571,007;-1287,188;15780,99;9,284
04;2025;09;30;15;14;08;1,196;-0,039;-0,03;24,296;20,806;22,357;-194,916;1544,409;14866,08;9,284
04;2025;09;30;15;14;09;1,252;-0,298;-0,174;22,827;20,342;21,928;-1256,485;685,543;15513,16;9,284
04;2025;09;30;15;14;09;0,656;-0,47;-0,362;26,944;19,834;20,686;-373,391;-3157,409;15925,97;9,284
04;2025;09;30;15;14;10;1,002;-0,139;-0,108;23,984;20,077;23,802;-598,983;-148,007;15964,67;9,284
04;2025;09;30;15;14;10;0,746;-0,123;0,038;21,003;21,999;23,328;-509,169;-195,964;15632,98;9,284
04;2025;09;30;15;14;11;1,192;-0,006;0,231;21,381;20,475;23,983;67,933;-673,662;15594,56;9,284
04;2025;09;30;15;14;11;0,949;-0,235;0,091;23,406;18,884;19,512;-584,746;591,255;15415,41;9,284
04;2025;09;30;15;14;12;0,923;-0,352;0,041;23,651;21,866;23,441;-949,497;-1227,066;16415,69;9,284
04;2025;09;30;15;14;12;0,909;-0,293;-0,022;25,297;22,772;26,987;-688,659;-1797,145;15860,28;9,284
04;2025;09;30;15;14;13;1,172;-0,18;-0,634;21,715;20,872;22,222;-1023,048;816,535;16001,1;9,279
04;2025;09;30;15;14;13;0,891;-0,232;-0,324;23,25;19,547;24,141;-15,405;-54,231;15043,35;9,284
04;2025;09;30;15;14;14;0,748;-0,271;-0,086;22,672;18,995;24,412;-812,558;-392,603;16024,86;9,284
04;2025;09;30;15;14;14;1,141;-0,564;0,203;22,56;20,74;23,938;-574,193;-756,008;15782,37;9,284
04;2025;09;30;15;14;15;0,734;-0,359;0,07;22,716;21,535;26,987;196,393;-740,406;15415,83;9,284
04;2025;09;30;15;14;15;1,131;-0,265;-0,233;23,206;20,85;21,454;-816,089;11,334;15802,76;9,284
04;2025;09;30;15;14;16;1,368;-0,095;-0,362;22,738;18,244;24,164;-445,356;267,314;15607,34;9,284
04;2025;09;30;15;14;16;0,657;-0,202;0,124;22,983;23,523;23,509;-1038,052;-313,04;16007,24;9,284
04;2025;09;30;15;14;17;0,971;-0,368;-0,128;21,715;19,856;24,683;-1218,046;-129,943;16173,85;9,284
04;2025;09;30;15;14;17;1,123;-0,359;-0,021;20,847;20,121;21,251;-994,024;-849,375;15733,37;9,284
04;2025;09;30;15;14;18;1,116;-0,289;-0,378;21,76;19,547;25,361;-649,97;-64,22;16049,14;9,284
04;2025;09;30;15;14;18;1,071;-0,226;-0,357;21,871;22,772;24,051;-1339,698;-1041,492;16541,21;9,284
04;2025;09;30;15;14;19;1,135;-0,325;-0,188;24,897;20,673;21,725;-150,63;-148,046;15643,01;9,284
04;2025;09;30;15;14;19;0,912;-0,323;0,11;21,96;19,481;23,848;-475,886;-1864,617;15891,38;9,284
04;2025;09;30;15;14;20;0,651;-0,33;-0,4;23,584;19,392;20,46;-614,132;-513,884;15793,15;9,284
04;2025;09;30;15;14;20;0,891;-0,198;0,112;21,381;21,954;21,747;-1331,36;-817,957;15849,11;9,284
04;2025;09;30;15;14;21;0,951;-0,28;-0,213;19,423;20,872;27,596;-562,608;-443,331;15943,96;9,284
04;2025;09;30;15;12;50;1,038;-0,173;-0,238;23,406;24,097;26,671;-437,873;-687,894;15566,38;9,322
04;2025;09;30;15;12;51;0,546;-0,223;-0,169;19,601;21,27;24,073;-745,043;-547,594;15843,65;9,322
04;2025;09;30;15;12;51;0,582;-0,19;0,045;22,138;20,651;26,693;-1001,786;548,62;15383,8;9,322
04;2025;09;30;15;12;52;0,283;-0,195;0,015;22,583;23,258;24,864;-1020,492;633,611;15392,27;9,322
04;2025;09;30;15;12;52;0,64;-0,204;-0,03;20,313;23,456;25,519;-1033,357;9,679;16008,35;9,322
04;2025;09;30;15;12;53;0,646;-0,009;-0,308;19,357;22,22;21,183;-1162,333;-1147,275;16034,02;9,322
04;2025;09;30;15;12;53;0,737;0,236;0,435;21,359;23,655;24,728;-1230,205;539,102;15555,23;9,322
04;2025;09;30;15;12;54;0,949;-0,002;-0,123;22,16;21,336;24,57;-1039,682;-477,566;15860,15;9,322
04;2025;09;30;15;12;54;0,88;-0,355;-0,185;21,226;21,336;25,541;-339,569;-204,76;15448,11;9,322
04;2025;09;30;15;12;55;0,963;-0,184;-0,465;22,761;22,97;26,761;-661,94;682,59;15189,67;9,322
04;2025;09;30;15;12;55;0,72;-0,078;-0,051;23,139;19,061;25,428;-1182,182;-1226,057;16144,57;9,322
04;2025;09;30;15;12;56;0,594;-0,255;-0,045;23,829;24,428;24,819;-343,257;-933,404;15754,87;9,322
04;2025;09;30;15;12;56;0,704;-0,187;-0,08;22,694;23,898;27,054;-702,468;-294,415;15879,18;9,322
04;2025;09;30;15;12;57;0,965;-0,019;0,097;24,429;23,854;22,289;-468,305;-790,471;15598,18;9,322
04;2025;09;30;15;12;57;0,543;-0,127;0,153;25,075;23,412;23,983;-811,263;-59,999;15641,72;9,322
04;2025;09;30;15;12;58;0,431;-0,039;0;25,364;25,334;26,896;-689,876;-978,535;15701,36;9,322
04;2025;09;30;15;12;58;1,045;-0,175;-0,117;24,496;21,579;25,157;-755,168;-96,947;16024,2;9,322
04;2025;09;30;15;12;59;0,893;-0,237;0,055;22,449;20,497;25,18;-447,085;-653,665;15595,76;9,322
04;2025;09;30;15;12;59;0,815;0,002;0,088;24,118;21,999;23,193;-649,897;-227,686;15798,02;9,322
04;2025;09;30;15;13;00;0,413;0,09;0,118;23,117;23,523;25,135;-786,054;-176,362;15752,98;9,322
04;2025;09;30;15;13;00;0,963;-0,174;-0,355;22,761;18,951;24,141;-303,408;-192,957;15525,66;9,322
04;2025;09;30;15;13;01;0,601;-0,189;-0,158;21,715;20,519;24,186;-177,602;-634,177;15597,65;9,322
04;2025;09;30;15;13;01;0,87;-0,158;0,096;23,651;19,525;24,209;-656,015;-771,82;15954,03;9,322
04;2025;09;30;15;13;02;0,882;-0,109;0,384;21,982;22,153;25,767;-638,306;-338,794;15894,03;9,322
04;2025;09;30;15;13;02;0,724;-0,312;-0,071;22,071;22,043;22,177;-273,932;-1167,917;16080,3;9,322
04;2025;09;30;15;13;03;0,873;-0,143;0,206;20,959;23,611;23,599;-808,478;-909,195;16118,09;9,322
04;2025;09;30;15;13;03;0,585;-0,3;-0,052;20,781;22,308;25,406;-40,282;-587,752;15574,08;9,322
04;2025;09;30;15;13;04;0,56;0,101;0,26;22,227;24,141;26,625;-368,495;-615,571;16117,23;9,322
04;2025;09;30;15;13;04;1,112;0,133;-0,396;23,428;22,926;24,525;-1111,511;870,923;15714,01;9,322
04;2025;09;30;15;13;05;0,393;-0,28;-0,255;25,208;24,826;25,451;-935,045;193,155;15554,23;9,322
04;2025;09;30;15;13;05;0,602;-0,087;-0,009;19,913;22,043;25,587;-559,059;509,996;15554,04;9,322
04;2025;09;30;15;13;06;0,34;-0,277;0,039;25,208;21,8;24,864;-702,855;-323,371;15763,68;9,322
04;2025;09;30;15;13;06;0,695;-0,129;-0,171;21,938;23,015;23,712;-448,153;-565,831;15552,76;9,322
04;2025;09;30;15;13;07;0,775;-0,324;-0,028;21,604;23,501;24,119;-821,096;595,975;15583,14;9,322
04;2025;09;30;15;13;07;0,625;-0,137;-0,141;22,338;20,651;24,48;-1691,515;711,995;16022,68;9,322
04;2025;09;30;15;13;08;0,768;-0,204;-0,638;24,874;23,302;24,615;215,757;-202,985;14650,14;9,322
04;2025;09;30;15;13;08;0,67;-0,032;0,036;25,942;18,619;24,412;-1234,747;862,927;15764,34;9,322
04;2025;09;30;15;13;09;0,661;-0,118;-0,178;24,251;24,892;26,196;-1307,571;198,462;16021,89;9,322
04;2025;09;30;15;13;09;0,637;-0,216;-0,536;22,494;22,087;23,961;-609,898;-911,452;15730,24;9,322
04;2025;09;30;15;13;10;0,716;-0,328;-0,219;25,186;23,744;22,38;-917,144;-33,784;15812,33;9,322
04;2025;09;30;15;13;10;0,747;-0,403;-0,131;21,737;24,163;25,496;-1346,072;-8,675;16106,71;9,322
04;2025;09;30;15;13;11;0,819;-0,258;-0,117;22,56;23,721;22,989;-280,89;-657,843;15820,01;9,322
04;2025;09;30;15;13;11;0,737;-0,136;-0,066;21,737;25,312;23,893;-617,645;-624,777;15658,82;9,322
04;2025;09;30;15;13;12;0,909;-0,212;-0,093;22,271;20,055;23,328;-835,175;-259,05;15702,4;9,322
04;2025;09;30;15;13;12;0,393;-0,091;-0,487;23,895;22,396;23,351;-954,05;814,13;15939,2;9,322
04;2025;09;30;15;13;13;0,573;-0,168;-0,072;24,207;21,557;26,174;-937,808;-1329,561;16033,46;9,322
04;2025;09;30;15;13;13;0,703;-0,203;-0,203;24,096;23,611;25,248;-896,899;-293,228;15814,98;9,322
04;2025;09;30;15;13;14;1,168;-0,306;-0,628;26,187;22,948;26,061;-441,037;-198,496;15629,65;9,322
04;2025;09;30;15;13;14;0,533;0,063;0,256;22,805;25,378;23,148;-1343,028;-225,933;16103,73;9,322
04;2025;09;30;15;13;15;0,707;-0,15;-0,141;21,315;22,153;23,351;-508,636;-553,491;15609,92;9,322
04;2025;09;30;15;13;15;0,664;-0,357;-0,391;23,717;22,352;23,893;-501,288;-682,032;15682,81;9,322
04;2025;09;30;15;13;16;0,595;-0,299;-0,16;20,892;19,569;22,741;-1034,415;342,778;15833,52;9,322
04;2025;09;30;15;13;16;0,52;-0,257;0,056;23,517;22,551;24,186;-718,397;750,48;15371,3;9,322
04;2025;09;30;15;13;17;0,695;-0,139;0,047;20,914;22,33;22,944;-181,863;-55,421;15511,3;9,322
04;2025;09;30;15;13;17;0,825;-0,293;-0,148;23,072;22,838;27,755;-787,974;-530,335;15901,6;9,322
04;2025;09;30;15;13;18;0,603;-0,267;-0,084;22,294;25,268;23,283;-542,243;-851,304;15699,22;9,322
04;2025;09;30;15;13;18;0,725;-0,318;-0,147;23,606;23,942;25,993;8,148;-792,802;15269,16;9,322
04;2025;09;30;15;13;19;0,754;0,234;0,394;21,203;20,916;21,928;297,951;-1414,401;15918,03;9,322
04;2025;09;30;15;13;19;0,948;-0,038;-0,322;19,802;17,913;23,441;37,891;-599,263;15544,63;9,322
04;2025;09;30;15;13;20;0,945;-0,306;-0,024;23,005;23,92;24,435;-420,721;935,731;15441,41;9,322
05;2025;09;30;15;19;32;1,611;0,169;-0,441;21,07;19,812;22,967;-885,872;678,383;14945,52;9,171
05;2025;09;30;15;19;33;1,744;-0,013;-0,14;18,177;19,79;23,69;-648,137;-571,887;15862,17;9,171
05;2025;09;30;15;19;33;1,526;-0,096;-0,577;19,245;20,673;23,577;-786,178;-317,238;15406,29;9,171
05;2025;09;30;15;19;34;1,636;0,008;0,06;22,449;19,613;21,454;-744,202;1,327;15533,81;9,171
05;2025;09;30;15;19;34;1,204;-0,235;-0,164;21,47;19,68;23,825;-874,116;-1403,464;16365,18;9,171
05;2025;09;30;15;19;35;1,58;-0,109;-0,019;22,071;21,689;22,244;-1242,012;-72,186;15868,75;9,171
05;2025;09;30;15;19;35;1,509;-0,009;-0,323;21,025;20,563;23,057;-282,08;-872,965;16472,81;9,171
05;2025;09;30;15;19;36;1,415;-0,026;-0,052;20,803;24,406;21,183;-535,91;-118,606;15694,16;9,171
05;2025;09;30;15;19;36;1,438;-0,085;-0,614;21,782;18,818;24,435;-911,175;-472,26;15681;9,171
05;2025;09;30;15;19;37;1,707;-0,067;0,019;19,023;20,607;22,109;-520,639;-783,623;15860,06;9,171
05;2025;09;30;15;19;37;1,587;0,035;-0,301;20,781;19,017;22,696;-887,57;162,528;15187,33;9,171
05;2025;09;30;15;19;38;1,628;0,088;-0,08;24,652;23,611;21,047;-328,688;-1293,877;16051,36;9,171
05;2025;09;30;15;19;38;1,249;0,017;0,007;20,002;21,446;23,599;-347,28;277,147;15293,2;9,171
05;2025;09;30;15;19;39;1,341;-0,076;0,106;19,045;18,111;23,373;-955,204;-717,143;15728,48;9,171
05;2025;09;30;15;19;39;1,319;-0,176;-0,126;19,446;20,21;22,606;-884,526;-972,287;15808,82;9,171
05;2025;09;30;15;19;40;1,352;-0,043;-0,199;21,203;20,916;22,786;-699,584;-76,071;16043,31;9,171
05;2025;09;30;15;19;40;1,532;-0,203;0,053;22,071;20,85;24,164;-306,625;-693,662;16314,14;9,171
05;2025;09;30;15;19;41;1,472;-0,062;-0,002;19,957;20,188;20,415;-822,614;183,448;15462,48;9,171
05;2025;09;30;15;19;41;1,441;-0,011;-0,067;23,272;20,894;21,228;-307,834;-68,769;15827,49;9,171
05;2025;09;30;15;19;42;1,489;-0,155;-0,107;21,715;20,806;23,848;-647,201;-654,071;15629,6;9,171
05;2025;09;30;15;19;42;1,463;0,038;-0,148;21,671;18,619;21,386;-375,267;-491,448;15476,05;9,171
05;2025;09;30;15;19;43;1,518;-0,071;-0,296;21,849;19,216;22,606;-530,428;-560,472;15710,04;9,171
05;2025;09;30;15;19;43;1,37;-0,035;-0,156;20,936;21,999;23,373;-180,652;-890,931;15780,54;9,171
05;2025;09;30;15;19;44;1,49;-0,009;-0,277;20,046;18,884;23,87;-994,813;-502,79;16040,67;9,171
05;2025;09;30;15;19;44;1,576;0,131;-0,188;21,114;19,569;24,141;-568,213;-668,41;16192,3;9,171
05;2025;09;30;15;19;45;1,475;-0,118;-0,316;17,821;20,651;19,286;-671,306;33,504;15623,31;9,171
05;2025;09;30;15;19;45;1,544;0,078;-0,255;19,913;15,704;23,148;-838,723;4,946;15745,7;9,171
05;2025;09;30;15;19;46;1,561;0,039;0,369;20,736;19,812;26,241;-565,749;-409,891;15805,34;9,171
05;2025;09;30;15;19;46;1,485;0,14;-0,458;20,38;21,712;22,267;-702,822;-214,638;15223,94;9,171
05;2025;09;30;15;19;47;1,41;0,069;0,143;19,579;19,437;23,938;-696,249;-226,559;15791,96;9,171
05;2025;09;30;15;19;47;1,628;-0,023;-0,341;19,913;22,838;22,493;-1045,334;30,205;15260,42;9,171
05;2025;09;30;15;19;48;1,525;0,094;-0,001;20,247;20,453;20,799;-436,029;-743,068;15947,42;9,171
05;2025;09;30;15;19;48;1,747;0,029;-0,1;22,738;20,961;23,69;-687,801;-647,776;15917,5;9,171
05;2025;09;30;15;19;49;1,404;-0,261;-0,223;18,511;23,368;20,144;-918,036;-694,687;16016,15;9,171
05;2025;09;30;15;19;49;1,211;0,019;-0,112;21,159;24,097;21,793;-1242,326;-682;15730,17;9,171
05;2025;09;30;15;19;50;1,544;-0,16;-0,925;20,647;22,529;21,725;-431,283;-708,206;16096,83;9,171
05;2025;09;30;15;19;50;1,565;0,07;-0,118;19,579;21,137;23,419;-691,524;-17,58;15604,49;9,171
05;2025;09;30;15;19;51;1,522;-0,032;-0,336;22,427;20,475;22,086;-999,627;-535,153;15807,2;9,171
05;2025;09;30;15;19;52;1,311;-0,017;0,36;20,758;22,131;19,015;-634,249;-608,249;15720,24;9,171
05;2025;09;30;15;19;52;1,426;-0,009;-0,416;21,47;20,232;22,154;-539,812;104,253;16076,24;9,171
05;2025;09;30;15;19;52;1,49;0,008;-0,036;20,647;20,563;21,454;-683,463;-183,454;15778,91;9,171
05;2025;09;30;15;19;53;1,756;-0,071;-0,15;22,694;20,74;21,906;-440,96;-659,417;15933,92;9,171
05;2025;09;30;15;19;53;1,433;-0,15;-0,097;19,379;19,326;19,692;-528,781;-485,314;15736,43;9,171
05;2025;09;30;15;19;54;1,44;0,001;-0,363;21,315;18,664;22,109;-498,571;-614,165;15891,06;9,171
05;2025;09;30;15;19;54;1,466;0,019;0,109;18,867;18,332;22,086;-381,295;-123,696;15458,06;9,171
05;2025;09;30;15;19;55;1,206;-0,077;0,322;19,268;19,238;20,28;-673,436;326,739;15011,98;9,171
05;2025;09;30;15;19;55;1,608;-0,125;-0,497;22,538;21,601;22,606;-766,582;492,348;15613,62;9,171
05;2025;09;30;15;19;56;1,088;-0,105;-0,09;20,558;21,645;22,741;-703,995;-637,266;16345,37;9,171
05;2025;09;30;15;19;56;1,478;-0,009;0,647;18,244;21,712;23,283;-585,518;-107,415;15873,66;9,171
05;2025;09;30;15;19;57;1,884;0,019;-0,158;20,135;19,481;21,612;-386,768;-550,789;16082,06;9,171
05;2025;09;30;15;19;57;1,141;-0,187;0,187;21,849;19,768;20,325;-907,451;-250,478;15411,86;9,171
05;2025;09;30;15;19;58;1,526;-0,1;-0,596;24,496;17,957;22,109;-632,636;-98,594;15547,69;9,171
05;2025;09;30;15;19;59;1,573;-0,021;-0,087;20,892;20,983;24,39;-605,717;-378,982;15821,33;9,171
05;2025;09;30;15;19;59;1,6;-0,005;-0,34;20,536;20,85;22,922;-782,567;9,666;15739,66;9,171
05;2025;09;30;15;20;00;1,548;-0,111;0,155;21,337;21,469;24,186;-518,33;-1111,435;16008,22;9,171
05;2025;09;30;15;20;00;1,431;-0,058;0,01;24,007;19,481;20,934;-512,984;-1004,061;16166,04;9,171
05;2025;09;30;15;20;01;1,58;-0,058;-0,112;19,09;19,967;18,812;-579,748;-206,442;15825,13;9,171
05;2025;09;30;15;20;01;1,686;-0,054;0,181;22,627;18,664;23,802;-438,44;-730,218;15775,16;9,171
05;2025;09;30;15;20;01;1,669;-0,054;0,126;20,558;21,402;21,341;-499,548;-603,281;15990,02;9,171
05;2025;09;30;15;20;02;1,328;-0,08;-0,383;20,224;18,796;21,635;-656,851;249,394;15579,47;9,171
05;2025;09;30;15;18;13;1,181;0,274;-0,117;23,028;19,194;22,628;830,787;-2735,975;15065,92;9,246
05;2025;09;30;15;18;14;1,181;0,197;0,219;20,247;21,292;22,673;-1170,348;109,515;15927,58;9,246
05;2025;09;30;15;18;14;1,043;0,126;0,085;19,779;20,718;23,148;-0,275;489,65;15495,45;9,246
05;2025;09;30;15;18;15;0,934;-0,113;0,177;22,805;20,497;26,083;338,982;902,052;15202,63;9,246
05;2025;09;30;15;18;15;0,967;-0,162;0,426;22,093;18,641;21,251;-829,555;-450,982;15559,52;9,246
05;2025;09;30;15;18;16;1,441;0,091;-0,149;21,404;22,264;20,822;-1053,1;-328,323;16621,6;9,246
05;2025;09;30;15;18;16;1,419;-0,061;-0,217;22,249;23,324;23,328;-951,541;-366,972;16019,71;9,246
05;2025;09;30;15;18;17;0,778;0,09;0,208;19,245;19,282;22,109;-1097,953;383,07;16196,8;9,246
05;2025;09;30;15;18;17;1,017;-0,166;-0,402;21,181;21,314;21,996;-184,456;-190,993;15146,24;9,246
05;2025;09;30;15;18;18;1,082;-0,049;-0,285;19,423;20,011;24,299;189,651;136,079;15530,21;9,246
05;2025;09;30;15;18;18;1,173;0,028;0,065;21,092;20,806;19,467;-185,887;-21,536;15415,25;9,246
05;2025;09;30;15;18;19;0,981;0,183;0,384;21,025;20,43;23,012;0,504;-520,455;15675,79;9,246
05;2025;09;30;15;18;19;1,416;0,045;-0,45;18,6;21,248;22,719;-1153,637;-804,863;16745,18;9,246
05;2025;09;30;15;18;20;1,199;0,056;-0,13;19,735;19,414;23,802;-394,091;2005,149;15086,3;9,246
05;2025;09;30;15;18;20;1,233;-0,113;-0,382;21,159;19,746;23,057;585,939;669,661;14818,35;9,246
05;2025;09;30;15;18;21;0,772;-0,033;-0,451;21,582;19,304;22,899;-929,129;-1464,71;16293,92;9,246
05;2025;09;30;15;18;21;0,569;-0,198;-0,241;19,891;21,645;23,238;-608,19;-308,383;15808,64;9,246
05;2025;09;30;15;18;22;0,876;-0,059;0,362;22,961;19,37;22,628;-786,696;-158,698;15846,68;9,246
05;2025;09;30;15;18;22;1,125;0,011;-0,028;20,758;22,396;22,719;-758,611;-389,446;15919,69;9,246
05;2025;09;30;15;18;23;0,627;0,157;0,347;22,894;18,376;22,289;-504,988;84,141;15666,56;9,246
05;2025;09;30;15;18;23;1,028;0,177;0,989;20,291;18,796;23,373;-1683,083;-1949,488;17094,33;9,246
05;2025;09;30;15;18;24;1,589;0,188;-0,796;20,135;19,812;21,025;-832,74;-218,909;16375,8;9,246
05;2025;09;30;15;18;24;0,983;-0,14;-1,579;19,957;19,613;25,519;-710,147;774,169;15656,65;9,246
05;2025;09;30;15;18;25;1,024;-0,17;-0,183;21,159;19,348;23,802;-321,947;115,212;15590,15;9,246
05;2025;09;30;15;18;25;1,537;0,084;-0,305;21,96;21,446;20,776;-327,93;-474,8;15930,73;9,246
05;2025;09;30;15;18;26;1,283;0,032;-0,484;21,159;21,557;22,402;-502,71;77,325;15504,66;9,246
05;2025;09;30;15;18;26;1,056;-0,222;-0,04;18,912;21,999;21,815;-746,998;1570,012;14821,71;9,246
05;2025;09;30;15;18;27;1,031;-0,177;0,407;19,423;19,613;21,928;-418,143;119,879;15479,97;9,246
05;2025;09;30;15;18;27;1,011;-0,117;-0,305;21,315;23,434;22,402;-301,943;-1804,33;16107,64;9,246
05;2025;09;30;15;18;28;0,852;-0,051;-0,097;22,205;22,264;23,554;-884,357;-970,739;16071,12;9,246
05;2025;09;30;15;18;28;1,015;-0,15;-0,044;25,164;21,977;23,148;-398,121;29,131;15594,77;9,246
05;2025;09;30;15;18;29;1,721;0,137;-0,437;20,625;19,039;21,702;-421,282;837,024;15519,18;9,246
05;2025;09;30;15;18;29;1,179;0,137;-0,044;20,892;19,459;23,599;-467,265;1156,73;15083,08;9,246
05;2025;09;30;15;18;30;0,835;-0,167;0,08;18,978;19,525;25,632;140,185;-1139,34;16051;9,246
05;2025;09;30;15;18;30;0,956;-0,05;-0,089;21,604;21,226;24,615;-427,906;1079,175;14890,18;9,246
05;2025;09;30;15;18;31;1,384;-0,01;-0,115;20,402;23,633;22,109;-68,209;758,217;15120,83;9,246
05;2025;09;30;15;18;31;1,376;-0,041;0,648;22,071;19,768;25,496;-245,495;-280,681;15751,31;9,246
05;2025;09;30;15;18;32;0,779;-0,367;0,47;21,515;21,424;21,093;-481,669;-352,312;15614,36;9,246
05;2025;09;30;15;18;32;1,508;-0,117;-0,06;21,782;22,507;23,825;-1569,733;-2635,91;16734,05;9,246
05;2025;09;30;15;18;33;1,558;-0,04;-0,198;21,092;18,045;21,409;-164,435;-149,069;14940,9;9,246
05;2025;09;30;15;18;33;1,095;-0,051;-0,208;21,025;19,635;21,86;-945,471;-1586,333;16384,38;9,246
05;2025;09;30;15;18;34;1,228;-0,274;0,004;20,692;20,673;22,764;-131,474;-409,172;15665,68;9,246
05;2025;09;30;15;18;34;1,028;-0,302;-0,662;18,444;20,806;22,177;-596,406;-772,346;15423,72;9,246
05;2025;09;30;15;18;35;1,298;-0,229;-0,306;19,824;20,408;22,877;-571,663;-69,372;15719,25;9,246
05;2025;09;30;15;18;35;1,183;-0,067;-0,707;20,447;19,172;20,957;501,541;-641,526;14830,24;9,246
05;2025;09;30;15;18;36;0,914;0,004;-0,045;18,956;19,26;21,793;-799,397;-1283,689;16312,81;9,246
05;2025;09;30;15;18;36;1,312;0,089;-0,081;20,736;19,061;22,809;-316,16;-1071,434;15929,95;9,246
05;2025;09;30;15;18;37;0,954;-0,076;-0,089;18,8;18,465;23,644;-306,695;-1466,934;16404,52;9,246
05;2025;09;30;15;18;37;0,971;-0,222;-0,258;19,512;18,067;24,728;-429,449;-515,437;16031,95;9,246
05;2025;09;30;15;18;38;0,425;-0,333;0,104;19,334;19,282;24,57;844,938;177,592;14103,81;9,246
05;2025;09;30;15;18;38;1,022;-0,125;0,215;21,76;21,469;23,373;-97,597;-586,738;15999,22;9,246
05;2025;09;30;15;18;39;0,953;-0,037;-0,134;18,756;18,222;20,28;442,574;1144,399;15120,38;9,246
05;2025;09;30;15;18;39;1,465;-0,092;0,016;19,957;20,961;24,909;-1378,334;-1700,411;16482,06;9,246
05;2025;09;30;15;18;40;1,211;-0,085;0,559;20,825;22,175;23,712;1169,787;4690,482;10857,07;9,246
05;2025;09;30;15;18;40;1,03;-0,019;-0,119;20,491;20,718;22,244;156,432;-1045,066;15582,41;9,246
05;2025;09;30;15;18;41;1,031;-0,218;0,765;21,203;20,74;22,109;-277,815;-518,992;16079,58;9,246
05;2025;09;30;15;18;41;0,729;-0,233;-0,471;22,827;19,657;25,564;-701,34;-523,785;16098,16;9,246
05;2025;09;30;15;18;42;1,204;-0,004;0,28;20,469;21,734;21,499;366,018;-839,15;15157,7;9,246
05;2025;09;30;15;18;42;1,166;-0,327;-0,205;21,648;19,238;19,602;-8,574;-709,553;15608,28;9,246
05;2025;09;30;15;18;43;0,954;0,217;0,467;20,469;20,497;22,764;-407,976;-342,118;15592,24;9,246
05;2025;09;30;15;16;57;0,823;0,075;0,146;22,182;20,784;24,864;-1069,977;734,35;15078,38;9,284
05;2025;09;30;15;16;57;1,048;-0,203;0,061;22,027;19,724;22,989;-460,249;-2279,686;16138,84;9,284
05;2025;09;30;15;16;58;0,475;-0,316;-0,025;22,027;22,109;22,289;-932,552;-125,87;16033,71;9,284
05;2025;09;30;15;16;58;0,695;-0,289;-0,154;21,07;22,33;25,858;-223,614;-636,075;15805,67;9,284
05;2025;09;30;15;16;59;0,896;-0,098;-0,641;18,912;21,38;22,493;-1023,295;-1518,989;16337,39;9,284
05;2025;09;30;15;16;59;0,847;-0,006;-0,072;19,312;20,673;21,499;-1220,84;-221,654;16199,48;9,284
05;2025;09;30;15;17;00;0,542;0,179;-0,211;20,558;20,121;23,373;46,891;1433,688;14596,22;9,284
05;2025;09;30;15;17;00;0,201;-0,018;0,07;20,625;19,812;23,78;-1842,923;-685,451;15995,19;9,284
05;2025;09;30;15;17;01;0,541;0,18;-0,785;19,668;21,314;25,406;-1079,734;-1862,513;15785,67;9,284
05;2025;09;30;15;17;01;0,605;-0,08;-0,008;22,116;20,475;22,47;-395,23;-535,366;15729,72;9,279
05;2025;09;30;15;17;02;0,871;-0,123;-0,27;21,515;20,386;21,386;-360,304;-987,678;16095,3;9,273
05;2025;09;30;15;17;02;0,714;-0,103;-0,612;20,313;22,374;23,486;-277,539;-520,272;15111,45;9,279
05;2025;09;30;15;17;03;0,532;-0,076;0,341;20,936;19,834;21,499;-807,028;-3711,14;16767,61;9,279
05;2025;09;30;15;17;03;0,771;-0,278;-0,109;21,582;20,033;22,719;-761,729;-1438,085;15327,44;9,284
05;2025;09;30;15;17;04;0,624;-0,402;-0,091;23,895;20,43;22,312;-2263,103;5154,714;14223,79;9,284
05;2025;09;30;15;17;04;0,541;-0,109;-0,113;23,895;21,734;23,531;-2753,129;3359,561;15646,19;9,284
05;2025;09;30;15;17;05;0,786;0,025;-0,385;21,804;21,667;25,609;-579,772;-2426,063;16166,5;9,284
05;2025;09;30;15;17;05;0,833;-0,147;0,052;21,359;20,386;26,038;-809,393;2660,216;15484,32;9,284
05;2025;09;30;15;17;06;0,678;-0,292;-0,124;24,763;20,85;23,577;-247,322;-1404,357;15981,67;9,284
05;2025;09;30;15;17;06;0,815;-0,264;-0,268;22,716;25,378;23,983;-1028,69;-1362,975;16021,98;9,284
05;2025;09;30;15;17;07;0,747;-0,115;-0,325;22,983;19,613;19,241;-1002,274;-159,717;16068,55;9,284
05;2025;09;30;15;17;07;0,821;-0,151;0,069;21,493;22,352;21,273;-1990,102;-544,15;16574,63;9,284
05;2025;09;30;15;17;08;0,666;-0,249;-0,555;22,338;21,38;23,509;-1047,735;1335,124;15708,07;9,284
05;2025;09;30;15;17;08;0,859;-0,281;-0,125;21,315;20,497;21,273;-418,952;-1856,19;15675,25;9,284
05;2025;09;30;15;17;09;1,28;-0,089;-0,097;21,27;16,676;22,312;-2173,4;366,502;15939,27;9,284
05;2025;09;30;15;17;09;0,761;-0,09;-0,237;18,978;22,021;20,46;-1985,159;517,218;16035,62;9,284
05;2025;09;30;15;17;10;0,888;-0,247;-0,156;20,202;23,434;22,741;-310,313;659,881;15005,21;9,284
05;2025;09;30;15;17;10;0,881;-0,143;0,029;18,912;21,093;21,183;-474,871;-2146,388;15898,41;9,284
05;2025;09;30;15;17;11;0,841;-0,17;-0,39;23,361;19,812;22,289;-1324,452;-1018,621;16383,07;9,284
05;2025;09;30;15;17;11;0,737;-0,302;-0,074;23,272;21,181;21,251;-1118,578;1262,352;15374,97;9,284
05;2025;09;30;15;17;12;0,883;-0,293;-0,036;19,223;18,906;20,234;-570,756;-463,386;15893,74;9,284
05;2025;09;30;15;17;12;0,81;-0,199;-0,241;21,07;17,913;24,232;-1002,177;1197,115;15192,2;9,284
05;2025;09;30;15;17;13;0,752;-0,051;0,156;20,469;22,838;24,367;-1052,534;-159,479;15796,46;9,284
05;2025;09;30;15;17;13;1,132;-0,221;0,164;21,381;20,828;20,438;-516,381;583,039;15269,59;9,284
05;2025;09;30;15;17;14;1,033;0,076;-0,24;20,135;20,74;23,554;-1070,284;1847,505;15751,49;9,284
05;2025;09;30;15;17;14;0,869;-0,128;-0,328;21,871;18,421;21,815;-555,242;-134,507;15178,34;9,284
05;2025;09;30;15;17;15;0,637;-0,226;-0,206;20,313;16,852;24,525;-1337,198;2,129;15669,88;9,284
05;2025;09;30;15;17;15;0,764;-0,182;-0,289;20,046;19,657;21,251;-758,971;-434,71;15691,6;9,284
05;2025;09;30;15;17;16;0,738;-0,125;-0,556;18,333;18,906;22,335;-967,178;-832,957;15831,41;9,284
05;2025;09;30;15;17;16;0,642;-0,015;0,437;21,226;20,519;20,031;-741,519;-192,487;15995,34;9,284
05;2025;09;30;15;17;17;1,299;-0,249;0,375;18,511;20,408;22,267;-1048,981;-261,849;15949,17;9,284
05;2025;09;30;15;17;17;1,284;-0,249;-0,114;22,405;23,059;20,709;-318,407;-783,894;15448,17;9,284
05;2025;09;30;15;17;18;0,943;-0,22;-0,17;20,825;19,525;21,183;-34,96;43,415;15553,68;9,284
05;2025;09;30;15;17;18;0,628;-0,022;0,11;21,292;20,872;22,515;-565,989;-341,513;15152,02;9,284
05;2025;09;30;15;17;19;0,843;-0,223;-0,021;20,536;22,794;21,996;-119,285;-751,288;16050,14;9,284
05;2025;09;30;15;17;19;1,061;-0,118;0,028;20,647;16,874;22,154;-629,931;-175,963;15581,08;9,284
05;2025;09;30;15;17;20;0,802;-0,045;-0,149;22,027;20,894;23,486;-534,632;789,388;15908;9,284
05;2025;09;30;15;17;20;0,962;-0,229;-0,444;20,692;20,85;20,325;25,669;-667,497;15686,43;9,284
05;2025;09;30;15;17;21;0,42;-0,361;0,221;20,358;18,664;24,638;-1222,519;-2430,26;17064,45;9,284
05;2025;09;30;15;17;21;0,715;-0,172;-0,458;26,365;22,021;23,419;-1140,757;-391,962;15920,55;9,284
05;2025;09;30;15;17;22;0,261;0,116;0,19;23,406;20,077;23,69;237,211;-1128,683;15225,05;9,284
05;2025;09;30;15;17;22;0,811;-0,263;0,197;19,535;20,762;24,435;-375,6;-182,088;15747,44;9,284
05;2025;09;30;15;17;23;0,9;-0,335;-0,089;21,493;22,485;21,183;-705,295;-735,123;15800,17;9,284
05;2025;09;30;15;17;23;0,806;-0,185;-0,336;19,779;20,541;23,757;-285,758;-575,476;15734,53;9,284
05;2025;09;30;15;17;24;0,918;-0,127;-0,294;20,158;21,822;23,057;-538,895;-1765,514;16184,47;9,284
05;2025;09;30;15;17;24;0,962;-0,095;-0,129;20,224;22,816;24,593;77,972;-1816,758;15674,97;9,284
05;2025;09;30;15;17;25;0,721;-0,139;-0,12;22,405;21,314;25,067;-1172,287;-855,093;16019,08;9,284
05;2025;09;30;15;17;25;0,923;-0,264;0,054;20,402;19,282;24,051;-99,931;-1136,791;15544,67;9,284
05;2025;09;30;15;17;26;1,072;-0,388;0,513;19,49;23,059;21,996;98,906;-1235,044;16200,7;9,284
05;2025;09;30;15;17;26;0,85;-0,25;-0,059;20,447;19,083;22,583;154,766;-754,012;15744,09;9,284
06;2025;09;30;15;28;21;1,181;-0,045;-0,187;20,847;18,178;21,364;737,807;-343,515;16066,47;9,139
06;2025;09;30;15;28;22;1,401;-0,02;0,475;18,867;21,424;20,912;1013,598;551,499;15543,52;9,133
06;2025;09;30;15;28;22;1,711;-0,115;0,221;17,532;21,049;19,602;786,328;101,774;15672,22;9,133
06;2025;09;30;15;28;23;1,537;0,003;-0,429;20,803;20,32;19,941;370,592;681,99;15706,66;9,133
06;2025;09;30;15;28;23;1,553;-0,057;0,193;18,311;18,421;21,386;635,052;44,039;15938,31;9,133
06;2025;09;30;15;28;24;1,479;-0,044;0,352;20,758;20,298;17,434;206,489;1426,505;15353,18;9,133
06;2025;09;30;15;28;24;1,437;-0,175;0,086;19,957;18,73;19,918;340,659;155,162;16077,8;9,133
06;2025;09;30;15;28;25;1,481;-0,021;0,07;19,512;19,326;22,357;570,119;1271,892;15396,26;9,133
06;2025;09;30;15;28;25;1,424;-0,018;0,077;21,292;20,32;20,98;312,92;1078,486;15830,41;9,133
06;2025;09;30;15;28;26;1,627;0,049;-0,095;21,048;21,888;20,596;1120,472;-385,574;15650,34;9,133
06;2025;09;30;15;28;26;1,102;-0,13;0,033;21,938;19,591;22,177;762,264;724,234;15478,21;9,133
06;2025;09;30;15;28;27;1,156;-0,183;0,297;19,713;17,824;20,573;149,831;69,155;16119,47;9,133
06;2025;09;30;15;28;27;1,746;0,131;1,007;19,713;21,424;21,928;953,802;-43,362;15670,38;9,133
06;2025;09;30;15;28;28;0,883;-0,17;0,951;19,023;19,503;21,251;741,242;41,616;15770,41;9,133
06;2025;09;30;15;28;28;1,577;-0,071;0,071;21,448;20,21;22,177;620,961;904,14;15710,34;9,133
06;2025;09;30;15;28;29;1,502;-0,075;-0,022;19,179;20,254;23,012;494,19;464,795;16078,7;9,133
06;2025;09;30;15;28;29;1,409;-0,161;-0,344;21,404;19,282;19,738;230,005;507,362;15906,83;9,133
06;2025;09;30;15;28;30;1,534;0,065;0,115;19,423;19,856;23,486;1659,376;-54,219;14878,77;9,133
06;2025;09;30;15;28;30;1,277;-0,088;0,07;21,693;20,961;24,683;259,291;-462,418;16495,68;9,133
06;2025;09;30;15;28;31;1,562;0,177;0,089;21,915;18,089;22,989;1209,424;619,57;15160,41;9,133
06;2025;09;30;15;28;31;1,4;-0,034;-0,622;19,001;19,127;20,709;622,235;669,875;16039,15;9,133
06;2025;09;30;15;28;32;1,582;-0,004;-0,044;19,802;17,736;22,628;738,838;1138,387;15658,83;9,133
06;2025;09;30;15;28;32;1,548;0,005;-0,174;20,158;18,686;22,786;788,147;831,762;15812,37;9,133
06;2025;09;30;15;28;33;1,799;0,106;-0,707;22,872;18,575;22,651;1112,368;72,958;15788,18;9,133
06;2025;09;30;15;28;33;1,714;0,074;-0,344;20,803;18,641;20,663;350,128;1126,669;15765,58;9,133
06;2025;09;30;15;28;34;1,803;0,076;-0,194;19,891;19,414;23,599;923,407;668,678;15669,37;9,133
06;2025;09;30;15;28;34;1,49;-0,145;-0,084;21,648;18,774;21,431;709,748;-392,234;16211,34;9,133
06;2025;09;30;15;28;35;1,368;-0,073;0,277;19,891;19,79;18,789;570,74;393,374;16076,04;9,133
06;2025;09;30;15;28;35;1,454;-0,061;-0,047;21,982;18,796;20,257;1031,48;-434,735;16018,06;9,133
06;2025;09;30;15;28;36;1,902;0,011;-0,042;17,755;20,276;21,409;400,253;1092,751;15561,33;9,133
06;2025;09;30;15;28;36;1,655;-0,213;-0,008;20,692;17,449;23,238;305,198;-138,949;16201,9;9,133
06;2025;09;30;15;28;37;1,656;-0,018;-0,216;18,289;19,68;18,97;702,583;690,698;15318,73;9,133
06;2025;09;30;15;28;37;1,556;0,055;-0,047;22,783;20,475;19,354;921,19;429,874;15719,06;9,133
06;2025;09;30;15;28;38;1,609;0,073;-0,263;21,648;18,796;22,651;-5,866;742,04;16221,35;9,133
06;2025;09;30;15;28;38;1,476;-0,137;-0,454;22,494;19,989;22,064;1035,963;419,197;15536,47;9,133
06;2025;09;30;15;28;39;0,503;-0,042;-0,821;18,066;19,989;22,493;714,047;305,032;15555,66;9,133
06;2025;09;30;15;28;39;1,441;0,001;0,19;20,069;19,591;21,747;449,536;834,061;15965,2;9,133
06;2025;09;30;15;28;40;1,417;0,008;-0,005;22,383;19,149;22,335;1032,976;-59,956;15786,48;9,133
06;2025;09;30;15;28;40;1,459;0,142;0,524;21,292;20,629;20,596;913,527;-266,996;16035,54;9,133
06;2025;09;30;15;28;41;1,353;0,047;0,006;19,535;16,919;23,735;840,184;305,023;15307,72;9,133
06;2025;09;30;15;28;41;1,278;0,041;0,284;19,446;18,553;26,603;1122,898;-104,77;15742,49;9,133
06;2025;09;30;15;28;42;1,463;-0,01;0,395;21,337;19,878;21,364;577,01;-298,579;15984,37;9,133
06;2025;09;30;15;28;42;1,355;0,075;-0,177;21,404;20,121;20,392;122,545;832,683;15889,5;9,133
06;2025;09;30;15;28;43;1,47;0,11;0,567;18,155;19,724;24,299;527,364;205,803;15745,29;9,133
06;2025;09;30;15;28;43;1,203;-0,043;0,111;20,625;20,673;20,325;642,405;-166,451;16049,51;9,133
06;2025;09;30;15;28;44;1,276;-0,082;-0,059;19,713;19,635;20,28;961,9;-373,447;15856,02;9,133
06;2025;09;30;15;28;44;1,572;0,09;0,313;20,447;19,238;20,889;810,625;-330,754;15741,68;9,133
06;2025;09;30;15;28;45;1,019;-0,31;0,608;19,357;21,491;22,854;1119,007;-403,847;16086,74;9,133
06;2025;09;30;15;28;45;1,672;0;-0,083;20,135;22,507;23,08;560,025;620,12;15681,07;9,133
06;2025;09;30;15;28;46;1,417;0,173;0,29;20,669;17,648;20,618;805,712;314;15877,63;9,133
06;2025;09;30;15;28;46;1,215;-0,102;0,312;19,067;23,721;21,973;-377,214;867,715;15630,12;9,133
06;2025;09;30;15;28;47;1,728;0,1;0,265;18,867;20,938;20,98;1226,653;69,603;15376,27;9,133
06;2025;09;30;15;28;47;1,615;0,166;-0,022;20,135;22,065;22,199;198,373;693,154;15741,17;9,133
06;2025;09;30;15;28;48;1,74;0,076;0,102;20,87;21,469;22,809;-62,077;921,044;15820,04;9,133
06;2025;09;30;15;28;48;1,477;0,005;-0,058;20,069;18,067;22,651;-260,217;1508,107;15906,84;9,133
06;2025;09;30;15;28;49;1,552;0,015;-0,135;20,269;18,2;21,093;444,456;-512,857;15902,07;9,133
06;2025;09;30;15;28;49;1,8;0,178;-0,087;22,983;18,531;20,325;-248,515;64,636;16008,04;9,133
06;2025;09;30;15;28;50;1,457;0,007;0,093;20,358;17,581;21,228;-351,075;715,216;15957,48;9,133
06;2025;09;30;15;28;50;1,529;-0,001;-0,177;22,449;20,916;23,125;-661,438;426,616;15953,22;9,133
06;2025;09;30;15;28;51;1,635;0,172;0,151;19,001;21,535;23,464;-185,653;-122,154;16040,58;9,133
06;2025;09;30;15;27;11;1,382;-0,219;0,09;19,779;21,977;22,967;882,736;-793,914;15219,35;9,218
06;2025;09;30;15;27;12;1,37;-0,4;0,366;19,735;20,607;23,87;-451,656;42,35;16359,46;9,218
06;2025;09;30;15;27;12;1,407;-0,48;-0,167;21,982;19,348;19,986;258,51;413,909;15613,62;9,225
06;2025;09;30;15;27;13;1,311;-0,438;0,936;20,736;19,856;20,031;413,543;-370,592;15523,44;9,209
06;2025;09;30;15;27;13;0,963;-0,52;-0,063;18,778;20,74;19,692;-56,748;1186,641;15567,55;9,209
06;2025;09;30;15;27;14;1,082;-0,403;-0,363;18,177;17,162;22,967;-354,794;537,289;15752,62;9,213
06;2025;09;30;15;27;14;1,05;-0,412;-0,035;19,757;20,938;19,963;21,952;1159,836;15577,24;9,209
06;2025;09;30;15;27;15;1,122;-0,479;-0,553;21,915;21,446;21,815;-376,183;-396,669;16173,33;9,209
06;2025;09;30;15;27;15;0,918;-0,423;0,228;21,626;16,963;20,392;-200,233;-1242,064;15242,7;9,209
06;2025;09;30;15;27;16;1,09;-0,578;-0,033;20,936;20,938;22,018;-674,56;-560,415;15883,95;9,209
06;2025;09;30;15;27;16;0,952;-0,472;0,007;22,205;18,575;23,012;-714,499;114,778;15759,85;9,209
06;2025;09;30;15;27;17;1,112;-0,475;0,41;18,533;18,973;20,144;-614,497;-562,025;16012,05;9,213
06;2025;09;30;15;27;17;1,115;-0,333;0,688;18,355;19,37;19,489;497,446;64,406;14531,88;9,209
06;2025;09;30;15;27;18;0,984;-0,536;-0,184;23,072;18,332;22,267;-463,7;-62,337;15117,12;9,218
06;2025;09;30;15;27;18;1,225;-0,201;-0,171;19,757;17,714;21,273;-679,352;-625,675;15601,63;9,214
06;2025;09;30;15;27;19;0,9;-0,448;0,263;18,111;19,083;20,167;-771,42;-25,387;16108,36;9,218
06;2025;09;30;15;27;19;1,184;-0,446;0,029;22,449;19,856;21,499;-74,561;-459,466;15779,79;9,225
06;2025;09;30;15;27;20;1,143;-0,376;0,548;19,023;19,216;20,347;-963,175;-835,368;16184,65;9,242
06;2025;09;30;15;27;20;1,295;-0,512;0,009;21,559;21,8;22,56;-501,937;-1577,971;15854,24;9,236
06;2025;09;30;15;27;21;1,318;-0,295;-0,331;18,133;20,74;23,825;-228,965;831,475;15503,44;9,242
06;2025;09;30;15;27;21;1,157;-0,243;0,18;19,512;20,85;21,16;176,145;-825,214;15685,95;9,236
06;2025;09;30;15;27;22;0,853;-0,462;0,338;19,802;20,585;22,493;204,534;-631,213;15573,92;9,246
06;2025;09;30;15;27;22;0,865;-0,434;-0,341;23,473;20,916;22,56;115,589;-9,864;15477,03;9,246
06;2025;09;30;15;27;23;1,269;-0,527;0,068;21,404;20,21;21,002;-208,301;9,291;16160,23;9,237
06;2025;09;30;15;27;23;1,284;-0,241;-0,455;19,49;18,067;20,257;-1213,444;-1182,153;16102,61;9,236
06;2025;09;30;15;27;24;1,367;-0,29;0,085;20,87;21,314;19,354;-1156,731;-1142,216;16978,08;9,242
06;2025;09;30;15;27;24;1,01;-0,355;0,183;19,179;19,724;22,335;-847,749;-1370,199;15998,83;9,236
06;2025;09;30;15;27;25;0,984;-0,293;-0,018;18,088;19,481;21,138;-894,629;-1418,589;15895,07;9,218
06;2025;09;30;15;27;25;0,946;-0,274;0,23;21,782;18,487;21,138;-692,489;-450,748;16199,74;9,219
06;2025;09;30;15;27;26;0,824;-0,408;-0,252;19,935;19,834;21,589;-1015,962;-812,565;15996,17;9,242
06;2025;09;30;15;27;26;0,626;-0,186;-0,425;17,777;20,541;24,209;-24,902;930,906;15530,99;9,214
06;2025;09;30;15;27;27;0,934;-0,479;-0,232;21,671;18,619;22,312;-350,56;-93,851;15259,8;9,209
06;2025;09;30;15;27;27;0,588;-0,425;0,24;21,671;20,541;22,357;-676,303;-907,329;15451,21;9,225
06;2025;09;30;15;27;28;0,943;-0,495;-0,041;21,404;19,459;21,499;-756,743;-156,505;15798,66;9,237
06;2025;09;30;15;27;29;1,069;-0,532;-0,1;21,292;16,874;21,138;181,159;-251,348;15787,73;9,23
06;2025;09;30;15;27;29;1,565;-0,154;-0,185;20,914;20,453;20,325;-171,584;-2239,015;16504,42;9,232
06;2025;09;30;15;27;30;0,996;-0,296;0,314;23,161;20,938;22,899;-438,11;-1762,637;15123,76;9,246
06;2025;09;30;15;27;30;0,917;-0,436;0,152;18,378;21,292;23,035;-690,8;-1071,929;16525,16;9,246
06;2025;09;30;15;27;31;0,987;-0,646;-0,246;20,269;20,143;21,747;157,378;169,273;15306,99;9,246
06;2025;09;30;15;27;31;0,792;-0,357;-0,322;20,402;21,424;21,951;944,297;707,531;14666,53;9,242
06;2025;09;30;15;27;32;1,116;-0,63;-0,358;19,446;19,039;19,241;1114,558;2293,291;14650,39;9,241
06;2025;09;30;15;27;32;0,836;-0,437;0,139;21,493;16,941;24,096;-750,842;702,557;15809,34;9,242
06;2025;09;30;15;27;33;0,739;-0,379;-0,285;22,939;18,774;20,867;31,696;1008,355;16169,76;9,241
06;2025;09;30;15;27;33;0,806;-0,363;0,268;20,447;20,342;21,025;-851,874;-755,574;16063,3;9,237
06;2025;09;30;15;27;34;1,172;-0,223;0,148;18,934;21,645;22,244;-1688,745;-2759,527;16066,33;9,246
06;2025;09;30;15;27;34;1,212;-0,226;0,484;23,695;22,904;26,445;-882,375;-743,137;16259,09;9,246
06;2025;09;30;15;27;35;1,017;-0,508;0,02;20,247;18,641;21,77;-1028,882;-1614,7;15472,67;9,246
06;2025;09;30;15;27;35;0,72;-0,56;0,05;21,381;20,828;23,667;-1719,309;-220,906;16771,13;9,246
06;2025;09;30;15;27;36;1,194;-0,607;-0,209;20,491;18,421;22,244;321,571;1293,66;15053,89;9,246
06;2025;09;30;15;27;36;1,224;-0,545;0,474;21,226;19,79;21,07;-897,789;-129,756;15892,07;9,246
06;2025;09;30;15;27;37;1,09;-0,342;-0,118;20,313;19,26;22,854;-476,497;-1975,507;15575,6;9,246
06;2025;09;30;15;27;37;1,187;-0,476;0,02;19,668;21,999;20,551;-342,001;-908,064;15154,32;9,246
06;2025;09;30;15;27;38;1,222;-0,325;-0,224;19,468;19,746;21,318;-1183,692;-270,41;16246,39;9,246
06;2025;09;30;15;27;38;1,393;-0,457;0,759;20,491;19,746;22,651;473,804;87,439;14379,14;9,246
06;2025;09;30;15;27;39;1,222;-0,464;-0,437;18,2;17,979;22,606;73,984;-193,446;15525,99;9,246
06;2025;09;30;15;27;39;1,242;-0,331;0,169;19,824;19,481;22,538;-739,759;-183,636;15703,14;9,246
06;2025;09;30;15;27;40;1,231;-0,404;-0,247;18,177;18,597;21,702;-558,514;-681,588;15819,91;9,246
06;2025;09;30;15;27;40;0,803;-0,322;-0,061;23,428;21,712;22,831;-189,564;-119,685;15290,41;9,246
06;2025;09;30;15;27;41;1,639;-0,139;0,012;20,313;20,165;24,57;-494,797;176,423;15706,36;9,246
06;2025;09;30;15;27;41;1,2;-0,329;0,007;21,493;18,465;21,951;-997,414;-317,831;16539,45;9,246
06;2025;09;30;15;25;36;1,397;-0,017;0,266;20,18;19,657;22,041;-1299,871;-605,656;15635,03;9,284
06;2025;09;30;15;25;37;0,822;-0,076;0,082;19,179;21,336;24,661;-354,351;-386,652;15459,06;9,284
06;2025;09;30;15;25;37;1,067;-0,199;-0,627;19,824;19,017;25,248;-254,27;-226,106;15750,33;9,284
06;2025;09;30;15;25;38;0,595;-0,268;-0,338;20,825;18,332;22,696;-1207,635;-825,252;15998,23;9,284
06;2025;09;30;15;25;38;0,553;-0,458;-0,304;21,715;19,569;22,064;-85,488;-734,137;15663,52;9,284
06;2025;09;30;15;25;39;0,938;-0,151;-0,255;19,468;18,951;21,815;-1236,43;-118,547;16063,61;9,284
06;2025;09;30;15;25;39;0,215;-0,211;0,108;18,756;19,812;24,073;12,237;194,037;16081,4;9,284
06;2025;09;30;15;25;40;0,233;-0,177;0,251;19,846;19,414;21,906;-365,455;-983,848;15551,71;9,284
06;2025;09;30;15;25;40;0,83;-0,281;-0,304;21,003;21,932;23,509;-941,158;-1052,798;15766,77;9,284
06;2025;09;30;15;25;41;0,627;-0,097;0,067;20,402;20,011;19,196;-1506,765;-917,203;16703,72;9,284
06;2025;09;30;15;25;41;0,418;-0,358;0,077;17,777;19,878;20,234;614,964;-225,402;15108,68;9,284
06;2025;09;30;15;25;42;0,473;-0,266;-0,135;19,713;22,507;25,654;-505,345;-590,035;15574,57;9,284
06;2025;09;30;15;25;42;0,47;-0,283;-0,03;18,645;19,326;25,677;-373,844;-466,652;15452,75;9,284
06;2025;09;30;15;25;43;0,28;-0,196;-0,123;21,381;18,156;22,402;-379,324;-76,492;15839,56;9,284
06;2025;09;30;15;25;43;0,425;-0,22;1,435;18,088;20,298;21,499;-724,092;-394,117;15718,63;9,284
06;2025;09;30;15;25;44;0,295;-0,373;-0,292;21,114;21,071;21,205;-682,832;17,379;15975,65;9,284
06;2025;09;30;15;25;44;0,974;-0,201;0,054;20,892;19,746;21,318;-1035,081;-397,71;15999,61;9,284
06;2025;09;30;15;25;45;0,516;-0,273;-0,054;21,048;17,603;24,819;-1311,818;-23,717;16141,86;9,284
06;2025;09;30;15;25;45;0,448;-0,496;-0,282;19,401;18,597;20,889;-7,26;-93,922;15494,43;9,284
06;2025;09;30;15;25;46;0,48;-0,277;-0,526;24,452;20,519;27,755;-157,141;-419,398;15703,85;9,284
06;2025;09;30;15;25;46;0,612;-0,372;-0,121;24,14;21,358;22,064;-922,265;559,659;15973,48;9,284
06;2025;09;30;15;25;47;0,876;-0,271;-0,057;23,717;22,595;24,186;-1030;43,69;16112,9;9,284
06;2025;09;30;15;25;47;1,109;-0,214;-0,967;23,806;21,049;23,961;751,691;-797,932;15059,57;9,284
06;2025;09;30;15;25;48;1,004;-0,358;-0,294;21,092;21,469;24,39;-675,506;-532,615;15761,43;9,284
06;2025;09;30;15;25;48;0,514;-0,228;-0,193;20,091;20,254;23,035;-1425,282;1011,747;16017,56;9,284
06;2025;09;30;15;25;49;0,358;-0,17;-0,073;19,535;21,645;24,661;-2575,778;809,047;16163,92;9,284
06;2025;09;30;15;25;49;0,161;-0,263;-0,569;20,024;22,153;23,08;-265,321;287,004;15427,97;9,284
06;2025;09;30;15;25;50;0,581;-0,261;-0,294;17,799;21,844;22,922;-955,839;-528,687;15859,14;9,284
06;2025;09;30;15;25;50;0,625;-0,303;0,354;20,692;20,143;20,415;-1478,856;-396,689;16159,23;9,284
06;2025;09;30;15;25;51;0,729;-0,389;-0,074;19,001;19,724;20,799;-566,091;-57,636;15805,06;9,284
06;2025;09;30;15;25;51;0,683;-0,173;0,158;21,181;18,862;20,46;2057,984;-801,343;14098,32;9,284
06;2025;09;30;15;25;52;0,263;-0,188;0,107;21,137;19,459;19,873;-328,382;-214,485;15522,02;9,284
06;2025;09;30;15;25;52;0,542;-0,269;0,21;20,113;21,005;23,419;-101,159;-349,941;15304,6;9,284
06;2025;09;30;15;25;53;0,566;-0,344;-0,383;17,955;21,822;20,641;-419,085;-82,317;15591,59;9,284
06;2025;09;30;15;25;53;0,325;-0,297;0,149;23,695;20,232;23,012;-385,39;-10,113;15933,82;9,284
06;2025;09;30;15;25;54;0,986;-0,198;-0,764;22,249;18,31;22,515;-779,713;-530,657;16075,36;9,284
06;2025;09;30;15;25;54;0,193;-0,236;-0,296;22,805;19,525;23,961;-1083,718;206,739;15997,93;9,284
06;2025;09;30;15;25;55;0,544;-0,159;0,021;21,426;20,497;24,48;-811,393;-368,158;15934,41;9,284
06;2025;09;30;15;25;55;0,702;-0,206;-0,2;17,176;20,099;21,544;-855,709;-1274,475;16122,85;9,284
06;2025;09;30;15;25;56;0,508;-0,353;-0,294;20,736;16,411;22,244;229,447;-200,144;15566,25;9,284
06;2025;09;30;15;25;56;0,342;-0,251;-0,022;19,557;18,951;22,041;-1187,133;-235,25;15916,57;9,284
06;2025;09;30;15;25;57;0,571;-0,104;0,243;18,511;21,181;24,525;-413,155;-594,664;15694,75;9,284
06;2025;09;30;15;25;57;0,715;-0,477;-0,173;20,224;16,874;20,618;-1102,149;-900,41;16289,71;9,284
06;2025;09;30;15;25;58;0,656;-0,404;0,045;22,471;18,995;25,722;-542,458;-614,169;15304,93;9,284
06;2025;09;30;15;25;58;0,361;-0,033;0,486;20,892;19,812;23,102;-586,679;-917,786;15202,29;9,284
06;2025;09;30;15;25;59;0,582;-0,328;-0,068;19,846;21,27;22,56;236,577;342,958;14918,47;9,284
06;2025;09;30;15;25;59;0,98;-0,381;-0,287;20,558;18,796;19,489;-33,611;-970,061;15032,24;9,284
06;2025;09;30;15;26;00;0,956;-0,301;0,184;20,692;18,089;22,109;503,523;-1047,499;14653,46;9,289
06;2025;09;30;15;26;00;0,399;-0,417;-0,21;21,159;21,469;24,57;-757,092;-498,952;16061,09;9,284
06;2025;09;30;15;26;01;0,404;-0,527;0,003;16,998;19,768;22,109;-848,809;-214,542;15979,64;9,284
06;2025;09;30;15;26;01;0,9;-0,349;0,434;19,868;19,613;24,954;-2779,556;-877,466;16895,95;9,289
06;2025;09;30;15;26;02;0,541;-0,047;0,619;20,536;17,736;21,476;-2250,838;-642,832;16716,19;9,293
06;2025;09;30;15;26;02;0,629;-0,293;-0,096;20,046;20,651;22,041;-1600,684;-578,713;16708,75;9,295
06;2025;09;30;15;26;03;0,526;-0,426;0,108;18,867;20,276;22,628;321,849;-1295,403;15697,89;9,298
06;2025;09;30;15;26;03;0,407;-0,439;0,364;18,622;21,226;21,951;421,605;8,213;14736,28;9,3
06;2025;09;30;15;26;04;0,207;-0,205;0,221;20,269;23,258;24,435;-332,61;-208,773;15625,93;9,293
06;2025;09;30;15;26;04;0,488;-0,187;0,455;15,752;17,957;24,457;-370,91;-159,226;15497,56;9,295
06;2025;09;30;15;26;05;0,342;-0,316;-0,351;19,468;18,222;23,87;523,358;-644,977;14962,34;9,298
06;2025;09;30;15;26;05;0,377;-0,295;-0,043;18,467;19,039;21,928;-407,554;-353,904;15555,87;9,284
06;2025;09;30;15;26;06;0,941;-0,233;0,207;18,667;19,127;23,848;-1105,599;-253,023;15898,09;9,298
07;2025;09;30;15;32;36;1,508;-0,013;-0,163;20,247;19,856;21,906;-1266,886;-177,244;15734,86;9,133
07;2025;09;30;15;32;37;1,486;0,025;-0,1;17,443;18,244;21,07;-289,482;-182,607;15549,49;9,133
07;2025;09;30;15;32;37;1,446;0,198;0,213;22,093;19,017;23,69;-596,073;-2,839;15986,09;9,133
07;2025;09;30;15;32;38;0,999;-0,087;-0,654;20,847;20,938;19,534;-706,061;-859,834;15767,24;9,133
07;2025;09;30;15;32;38;1,234;-0,039;-0,526;20,024;18,531;21,68;-898,023;-458,444;16044,25;9,133
07;2025;09;30;15;32;39;1,464;0,05;-0,174;21,27;19,967;23,125;-509,443;36,644;16153,48;9,133
07;2025;09;30;15;32;39;1,466;-0,059;-0,155;19,868;19,017;21,138;-808,187;-342,837;15553,04;9,133
07;2025;09;30;15;32;40;1,631;-0,002;-0,154;19,668;19,702;21,589;-981,065;536,055;15456,05;9,133
07;2025;09;30;15;32;40;1,435;0,038;-0,349;22,093;19,348;18,45;-1053,744;-907,086;15693,2;9,133
07;2025;09;30;15;32;41;1,499;0,076;-0,072;17,31;18,045;20,573;-819,64;-588,762;15814,32;9,133
07;2025;09;30;15;32;41;1,461;0,127;-0,103;20,781;20,519;20,889;-424,559;-719,808;15978,45;9,133
07;2025;09;30;15;32;42;1,746;0,025;-0,817;21,871;19,238;20,189;-517,535;155,27;15863,31;9,133
07;2025;09;30;15;32;42;1,414;0,056;0,079;17,955;22,352;22,967;-830,108;-566,237;15639,31;9,133
07;2025;09;30;15;32;43;1,751;-0,086;-0,563;21,693;18,686;20,573;-640,283;-737,974;15737,12;9,133
07;2025;09;30;15;32;43;1,294;0,136;-0,134;19,468;18,73;19,896;-799,724;-193,737;15687,55;9,133
07;2025;09;30;15;32;44;1,34;0,014;-0,277;21,092;19,304;20,325;-1591,27;17,15;15504,79;9,133
07;2025;09;30;15;32;44;1,229;0,063;0,214;19,357;18,133;18,834;-1332,787;-975,017;16151,39;9,133
07;2025;09;30;15;32;45;1,611;0,027;-0,029;18,177;18,884;20,596;-1114,535;-569,123;15923,73;9,133
07;2025;09;30;15;32;45;2,008;0,066;0,262;19,023;20,298;21,364;-601,368;-629,516;15233,71;9,133
07;2025;09;30;15;32;46;1,48;0,039;-0,313;20,402;18,332;20,912;-1168,73;-964,952;16056,76;9,133
07;2025;09;30;15;32;46;1,659;0,172;-0,065;18,8;16,411;19,715;-1556,417;-139,454;15857,39;9,133
07;2025;09;30;15;32;47;1,466;0,067;-0,321;20,38;20,651;20,799;-719,629;-416,358;15857,33;9,133
07;2025;09;30;15;32;47;1,326;0,046;-0,53;20,914;20,519;22,944;-978,914;-497,91;15786,55;9,133
07;2025;09;30;15;32;48;1,402;0,118;0,012;20,669;19,326;24,48;-1148,99;-213,098;15753,32;9,133
07;2025;09;30;15;32;48;1,65;-0,015;-0,452;20,313;18,664;20,709;-619,698;-1022,867;15659,07;9,133
07;2025;09;30;15;32;49;1,585;0,079;-0,198;20,536;20,85;18,134;-1114,027;-755,511;16021,07;9,133
07;2025;09;30;15;32;49;1,154;0,053;-0,302;19,646;19,481;19,963;-881,148;-808,257;15892,76;9,133
07;2025;09;30;15;32;50;1,421;0,072;0,217;17,821;17,625;22,38;-1189,758;-821,767;16046,19;9,133
07;2025;09;30;15;32;50;1,556;0,135;-0,219;21,404;21,137;23,102;-1119,002;-285,743;15773,5;9,133
07;2025;09;30;15;32;51;1,622;0,151;-0,133;19,535;19,26;18,044;-950,04;-581,185;16046,11;9,133
07;2025;09;30;15;32;51;1,464;0,117;-0,026;20,291;19,238;21,702;-1116,272;-821,074;15892,79;9,133
07;2025;09;30;15;32;52;1,376;0,112;-0,078;19,557;19,945;24,209;-1229,164;-95,497;15771,16;9,133
07;2025;09;30;15;32;52;1,696;-0,008;-0,355;23,406;16,565;21,273;-565,103;-1208,427;15408,67;9,133
07;2025;09;30;15;32;53;1,636;0,233;0,016;22,249;19,348;19,715;-1156,212;-921,351;15895,97;9,133
07;2025;09;30;15;32;53;1,314;0,114;-0,086;20,38;18,376;20,799;-740,994;220,304;15444,75;9,133
07;2025;09;30;15;32;54;1,446;0,022;0,278;20,536;18,067;20,709;-529,724;-465,833;15628,34;9,133
07;2025;09;30;15;32;54;1,364;0,116;0,12;18,266;18,862;23,17;-1286,944;-323,156;15801,46;9,133
07;2025;09;30;15;32;55;1,229;-0,147;-0,458;19,535;20,121;21,635;-979,903;-470,003;15830,06;9,133
07;2025;09;30;15;32;55;1,201;-0,043;0,157;22,538;19,348;21,702;-696,304;-338,546;15701,66;9,133
07;2025;09;30;15;32;56;1,612;0,047;-0,444;22,649;21,204;19,602;-1113,052;-438,191;15631,35;9,133
07;2025;09;30;15;32;56;1,608;0,08;-0,476;20,736;19,657;17,976;-706,699;-696,664;16034,95;9,133
07;2025;09;30;15;32;57;1,628;0,14;-0,143;18,667;16,543;20,822;-1208,676;-109,535;15841,44;9,133
07;2025;09;30;15;32;57;1,371;0,169;0,212;20,291;17,868;22,47;-960,306;16,363;15599,08;9,133
07;2025;09;30;15;32;58;1,623;0,12;-0,239;20,091;22,021;21,115;-865,749;-1160,994;16364,57;9,133
07;2025;09;30;15;32;58;1,281;-0,041;0,096;17,977;19,459;23,012;-443,262;-118,599;15608,79;9,133
07;2025;09;30;15;32;59;1,352;0,014;0,132;18,444;18,288;19,286;-878,417;-54,579;15916,75;9,133
07;2025;09;30;15;32;59;1,273;0,001;0,751;21,715;19,127;21,951;-584,996;-251,177;15636,18;9,133
07;2025;09;30;15;33;00;1,402;-0,003;-0,359;20,603;18,443;19,625;-619,345;-251,268;15826,47;9,133
07;2025;09;30;15;33;00;1,212;0,066;0,258;20,491;16,83;22,515;-1268,864;7,303;16081,34;9,133
07;2025;09;30;15;33;01;1,444;0,045;-0,232;17,243;19,238;19,67;-464,458;-672,533;15694,1;9,133
07;2025;09;30;15;33;01;1,547;0,099;-0,265;20,358;19,172;19,196;-615,117;-697,17;15698,98;9,133
07;2025;09;30;15;33;02;1,676;0,024;-0,034;20,046;17,493;20,076;-754,476;65,211;15656,68;9,133
07;2025;09;30;15;33;02;1,519;0,204;-0,04;18,823;18,575;20,618;-574,953;-931,256;15961,52;9,133
07;2025;09;30;15;33;03;1,488;0,167;-0,024;22,138;19,79;21,86;-554,874;-721,079;15954,93;9,133
07;2025;09;30;15;33;04;1,32;0,009;0,068;18,867;19,127;22,064;-656,462;-628,995;16010,92;9,133
07;2025;09;30;15;33;04;1,429;0,012;0,127;16,798;20,541;22,831;-336,283;-102,568;15416;9,133
07;2025;09;30;15;33;05;0,944;0,03;-0,087;17,888;19,68;23,983;-611,449;-607,817;15955,72;9,133
07;2025;09;30;15;33;05;1,384;0,021;-0,199;18,845;18,995;23,735;-1483,641;-30,099;15897,79;9,133
07;2025;09;30;15;33;05;1,592;0,01;0,124;18,556;16,676;20,009;-513,117;-212,723;15470,96;9,133
07;2025;09;30;15;33;06;1,518;-0,003;-0,345;21,159;17,537;21,296;-665,425;-420,46;15745,44;9,133
07;2025;09;30;15;31;38;1,126;-0,126;0,591;19,423;19,635;19,489;-298,359;49,986;16182;9,209
07;2025;09;30;15;31;38;1,484;0,149;0,016;19,535;18,266;24,751;-203,849;-1430,85;16205,93;9,209
07;2025;09;30;15;31;39;1,633;-0,006;-0,623;18,978;18,178;22,696;43,892;12,817;15478,85;9,209
07;2025;09;30;15;31;39;1,723;0,108;-0,328;18,511;19,569;22,312;-434,001;914,47;15509,79;9,209
07;2025;09;30;15;31;40;1,465;-0,054;-0,302;20,336;18,178;20,641;1255,445;1605,219;14143,85;9,209
07;2025;09;30;15;31;40;1,32;0,186;-0,058;20,069;19,878;22,244;422,272;698,591;14742,25;9,209
07;2025;09;30;15;31;41;1,199;-0,033;-0,257;19,779;20,916;23,757;-1184,84;-756,509;15800,13;9,209
07;2025;09;30;15;31;41;1,249;0,043;-0,006;19,268;20,453;21,951;-913,746;670,19;15549,74;9,209
07;2025;09;30;15;31;42;1,266;-0,041;0,143;18,956;18,708;21,951;-1581,343;176,267;16420,97;9,209
07;2025;09;30;15;31;42;1,255;0,065;-0,034;20,914;21,181;21,386;-791,194;-486,505;15768,51;9,209
07;2025;09;30;15;31;43;1,879;0,073;0,038;19,557;20,607;22,831;-580,233;2161,064;15055,92;9,209
07;2025;09;30;15;31;43;1,398;0,029;0,15;20,647;18,31;20,889;-1290,948;-277,779;16332,44;9,204
07;2025;09;30;15;31;44;1,193;0,111;-0,541;20,158;17,78;21,793;-1453,171;-1329,272;16788,56;9,198
07;2025;09;30;15;31;44;1,182;-0,029;-0,125;20,313;21,712;22,651;-246,507;134,007;15373,85;9,194
07;2025;09;30;15;31;45;1,361;-0,046;0,299;19,624;18,531;20,754;-1552,427;-190,357;16201,21;9,192
07;2025;09;30;15;31;45;1,229;-0,062;-0,063;21,448;19,702;20,121;-1015,916;97,423;16291,98;9,194
07;2025;09;30;15;31;46;1,174;0,05;-0,018;19,579;21,734;21,364;-1406,361;406,666;16042,09;9,209
07;2025;09;30;15;31;46;1,173;0,203;0,145;18,667;21,491;18,879;-1004,652;-165,017;16032,63;9,19
07;2025;09;30;15;31;47;0,766;0,018;0,198;22,827;19,083;26,241;-391,757;1415,78;15222,55;9,198
07;2025;09;30;15;31;47;1,032;-0,133;-0,412;22,316;17,206;18,925;-141,962;3,755;15720,32;9,185
07;2025;09;30;15;31;48;1,193;0,192;0,117;17,977;20,475;21,702;130,495;21,285;15526,78;9,203
07;2025;09;30;15;31;48;0,999;-0,082;-0,428;23,473;18,421;23,26;-658,702;-1760,295;16695,49;9,18
07;2025;09;30;15;31;49;1,531;0,188;-0,367;20,425;18,951;19,173;-522,503;1033,555;15467,01;9,198
07;2025;09;30;15;31;49;1,486;0,105;-0,101;20,847;20,541;23,283;-359,16;3469,965;14104,04;9,19
07;2025;09;30;15;31;50;1,016;-0,051;-0,022;18,066;17,67;22,673;-189,687;-372,195;15768,99;9,198
07;2025;09;30;15;31;50;1,216;-0,182;-0,353;20,625;20,232;21,07;-883,14;79,924;15948,35;9,194
07;2025;09;30;15;31;51;1,123;0,049;-0,288;19,624;22,087;19,241;-1034,149;1146,492;15238,23;9,187
07;2025;09;30;15;31;51;1,236;0,21;-0,36;18,8;18,266;21,296;-1109,93;-647,138;16477,21;9,19
07;2025;09;30;15;31;52;1,176;0,107;0,363;18,422;18,862;22,741;-1304,39;-1986,928;17072,47;9,176
07;2025;09;30;15;31;52;1,312;0,067;-0,094;20,224;20,762;22,177;-899,219;369,027;15693,14;9,176
07;2025;09;30;15;31;53;1,204;-0,053;0,038;21,003;22,087;22,177;-61,42;-773,758;16471,23;9,176
07;2025;09;30;15;31;53;1,714;0,102;-0,841;20,514;19,878;19,896;-517,718;-640,49;16135,55;9,18
07;2025;09;30;15;31;54;1,293;-0,12;-0,077;18,422;21,093;19,196;-186,433;1822,303;15167,47;9,171
07;2025;09;30;15;31;54;1,46;0,022;0,073;18,689;18,929;18,766;-1800,899;-1210,498;17668,86;9,176
07;2025;09;30;15;31;55;1,433;0,042;-0,391;21,203;20,718;21,499;-46,914;577,69;15905,33;9,171
07;2025;09;30;15;31;55;0,802;-0,282;0,014;18,689;19,039;21,499;-284,657;306,642;15700,79;9,171
07;2025;09;30;15;31;56;1,655;0,133;-0,896;18,734;22,374;20,754;-592,599;2253,285;14992,54;9,171
07;2025;09;30;15;31;56;1,118;-0,017;0,302;20,936;23,236;24,412;-412,009;55,495;16009,21;9,171
07;2025;09;30;15;31;57;1,198;0,187;0,352;19,112;21,38;19,083;-75,893;1015,566;15504,29;9,176
07;2025;09;30;15;31;57;1,366;-0,027;-0,142;20,847;19,348;20,731;-635,752;730,567;15806,94;9,18
07;2025;09;30;15;31;58;1,115;-0,224;-0,218;20,069;19,37;22,199;355,589;1040,329;15147,59;9,176
07;2025;09;30;15;31;58;1,41;0,087;-0,087;20,936;20,696;20,392;104,622;2167,52;14681,77;9,171
07;2025;09;30;15;31;59;1,36;0,022;0,414;20,647;20,408;21,589;744,695;1234,581;14118,02;9,171
07;2025;09;30;15;31;59;1,058;0,069;0,15;18,6;18,619;21,093;-517,557;-128,253;15678,34;9,171
07;2025;09;30;15;32;00;1,032;-0,112;0,051;17,287;17,979;21,476;80,026;-494,066;15204,45;9,171
07;2025;09;30;15;32;00;1,069;0,058;-0,329;20,358;19,304;20,46;-290,788;25,228;15645,79;9,171
07;2025;09;30;15;32;01;0,934;-0,038;-0,559;19,913;17,449;22,064;-887,03;139,398;16323,92;9,171
07;2025;09;30;15;32;01;1,256;0,171;0,429;21,048;21,314;21,522;-1003,685;-821,317;16154,36;9,171
07;2025;09;30;15;32;02;1,287;0,012;-0,252;22,227;19,216;22,899;-1225,452;922,995;15907,3;9,171
07;2025;09;30;15;32;02;0,319;-0,016;-0,102;20,692;20,342;23,283;-414,608;-38,605;15564,81;9,171
07;2025;09;30;15;32;03;1,559;0,013;-0,301;18,778;16,83;22,289;-708,94;154,989;15311,07;9,176
07;2025;09;30;15;32;03;1,336;-0,045;-0,086;20,736;23,147;22,944;-1098,383;-749,458;16665,08;9,171
07;2025;09;30;15;32;04;1,238;0,213;-0,101;19,023;20,541;20,121;-807,952;106,029;15709,63;9,176
07;2025;09;30;15;32;04;1,429;0,158;-0,209;19,824;21,115;20,009;-483,309;-192,725;15811,54;9,171
07;2025;09;30;15;32;05;0,677;-0,027;0,176;22,939;17,957;19,76;-896,896;557,443;15415,74;9,176
07;2025;09;30;15;32;05;0,826;0,045;-0,227;23,161;19,989;19,941;-159,068;-4603,896;17988,86;9,171
07;2025;09;30;15;32;06;1,824;0,154;-0,572;20,625;19,26;21,431;806,977;-5656,032;17923,88;9,171
07;2025;09;30;15;32;06;1,095;-0,066;0,073;20,558;20,651;17,999;-159,631;1147,293;13999,63;9,171
07;2025;09;30;15;32;07;1,263;0,071;-0,48;20,692;20,894;23,441;363,174;-938,182;15269,77;9,171
07;2025;09;30;15;32;07;1,009;0,004;-0,082;20,425;19,039;21,906;-82,367;821,82;14787,63;9,171
07;2025;09;30;15;30;42;0,941;-0,155;-0,379;18,088;19,26;20,596;-898,537;293,73;15510,46;9,246
07;2025;09;30;15;30;42;0,929;-0,042;0,109;22,271;19,437;21,657;-2207,317;1485,982;16360,2;9,246
07;2025;09;30;15;30;43;0,659;-0,224;-0,374;22,027;20,563;22,741;-637,257;849,083;15481,63;9,246
07;2025;09;30;15;30;43;1,065;-0,184;0,08;17,71;20,055;22,764;-452,706;191,951;15548,66;9,246
07;2025;09;30;15;30;44;0,815;-0,129;0,3;20,269;19,238;22,131;-1233,515;1155,715;15505,36;9,246
07;2025;09;30;15;30;44;0,734;-0,303;0,106;20,291;18,288;20,551;-2,48;-91,044;15406,08;9,246
07;2025;09;30;15;30;45;1,02;-0,246;-0,464;22,672;22,021;24,728;-1245,491;1036,957;16051,56;9,246
07;2025;09;30;15;30;45;0,853;-0,126;0,1;21,426;18,553;23,441;-1669,716;-259,902;15947,74;9,246
07;2025;09;30;15;30;46;0,953;-0,155;-0,039;19,98;19,326;20,009;-1151,411;509,074;15640,42;9,246
07;2025;09;30;15;30;46;0,946;-0,197;-0,035;18,556;17,758;19,941;-1475,01;919,78;16280,91;9,246
07;2025;09;30;15;30;47;1,179;0,063;-0,073;22,494;21,491;23,328;-995,15;1466,455;15657,77;9,246
07;2025;09;30;15;30;47;1,037;-0,223;0,019;19,69;19,216;21,567;-1014,49;1659,859;15574;9,246
07;2025;09;30;15;30;48;1,18;-0,016;-0,127;19,713;19,967;20,144;-1278,099;729,919;15702,67;9,246
07;2025;09;30;15;30;48;0,879;-0,112;-0,143;22,583;21,866;21,589;-747,553;-187,519;15389,15;9,246
07;2025;09;30;15;30;49;0,868;-0,044;0,123;20,469;18,288;22,944;-942,896;300,165;15957,52;9,246
07;2025;09;30;15;30;49;0,392;-0,221;0,177;21,493;19,724;26,061;-1134,628;348,232;15663,31;9,246
07;2025;09;30;15;30;50;0,873;-0,225;-0,255;19,357;17,559;21,86;-1234,291;392,852;15827,59;9,246
07;2025;09;30;15;30;50;0,975;-0,214;-0,11;19,601;20,254;24,503;-699,207;-255,891;15724,47;9,246
07;2025;09;30;15;30;51;0,912;-0,128;0,248;21,515;18,443;22,018;-83,517;60,782;15212,7;9,246
07;2025;09;30;15;30;51;0,633;-0,127;-0,205;20,202;19,481;21,228;-1410,635;-2,42;16183,41;9,246
07;2025;09;30;15;30;52;0,879;-0,134;0,15;19,446;18,001;21,093;-752,456;-1347,789;15913,93;9,246
07;2025;09;30;15;30;52;0,991;-0,141;0,108;20,291;18,2;23,26;-259,913;516,782;15315;9,246
07;2025;09;30;15;30;53;0,946;-0,127;0,133;16,153;19,238;24,706;-701,368;-781,578;15752,99;9,246
07;2025;09;30;15;30;53;1,158;-0,256;-0,691;19,446;20,519;20,754;-214,94;-1510,562;15687,26;9,246
07;2025;09;30;15;30;54;0,853;-0,282;-0,448;18,4;20,983;21,883;-225,903;-708,679;15699,52;9,246
07;2025;09;30;15;30;54;0,668;-0,113;-0,507;18,4;20,607;21,928;-1093,848;-244,858;15771,94;9,246
07;2025;09;30;15;30;55;1,218;-0,177;-0,158;19,779;21,645;24,999;-1325,938;-910,42;16296,55;9,246
07;2025;09;30;15;30;55;1,292;-0,035;-0,159;16,954;17,89;19,331;-1097,789;-596,296;16834,37;9,246
07;2025;09;30;15;30;56;0,255;-0,438;-1,607;20,113;21,248;20,912;-1128,631;-1056,063;15951,84;9,246
07;2025;09;30;15;30;56;0,781;-0,282;0,405;21,96;18,862;21,68;-989,691;-534,696;16037,24;9,246
07;2025;09;30;15;30;57;0,997;-0,304;0,041;19,423;17,051;22,131;-2,454;-1211,567;15793,27;9,246
07;2025;09;30;15;30;57;0,557;-0,404;-0,014;19,49;16,322;20,076;-1077,272;-1231,833;15839,57;9,246
07;2025;09;30;15;30;58;0,121;-0,324;1,655;20,002;20,033;21,996;-442,891;1829,809;15322,56;9,246
07;2025;09;30;15;30;58;0,996;-0,32;0,007;17,599;19,26;21,025;-766,302;-281,076;15454,82;9,246
07;2025;09;30;15;30;59;1,241;-0,38;0,356;18,556;19,547;24,435;-705,101;-1066,818;15799,23;9,246
07;2025;09;30;15;30;59;0,953;-0,214;-0,421;21,982;22,153;22,199;-720,487;406,415;15978,68;9,246
07;2025;09;30;15;31;00;0,866;-0,116;-0,299;19,512;18,222;20,212;-343,475;36,601;15521,53;9,246
07;2025;09;30;15;31;00;0,822;-0,2;0,067;16,665;18,774;18,902;-398,932;-885,119;15541,92;9,246
07;2025;09;30;15;31;01;0,996;-0,202;-0,107;20,313;20,342;21,589;-744,993;-1296,485;15442,09;9,246
07;2025;09;30;15;31;01;1,043;-0,176;-0,01;18,823;17,559;23,848;-787,972;-120,762;15619,96;9,246
07;2025;09;30;15;31;02;0,837;-0,093;-0,167;20,959;17,913;22,018;-771,57;-605,754;15745,22;9,246
07;2025;09;30;15;31;02;0,64;-0,192;0,414;16,108;19,724;21,793;-1263,058;-785,498;15979,47;9,246
07;2025;09;30;15;31;03;0,496;-0,32;0,075;18,266;22,197;20,573;-455,737;-871,093;15510,19;9,246
07;2025;09;30;15;31;03;0,931;-0,445;-0,659;19,045;20,894;20,663;-132,293;-97,811;15282,07;9,246
07;2025;09;30;15;31;04;0,706;-0,201;-0,177;21,493;16,146;21,431;-780,642;892,405;15755,06;9,246
07;2025;09;30;15;31;04;0,736;-0,104;0,068;24,363;21,446;19,06;-1178,995;299,691;15834,16;9,246
07;2025;09;30;15;31;05;0,789;-0,005;0,965;20,758;19,437;20,505;206,25;-311,478;15317,89;9,246
07;2025;09;30;15;31;05;0,528;-0,081;-1,271;17,71;19,437;22,018;245,696;-260,068;14981,24;9,246
07;2025;09;30;15;31;06;0,869;-0,317;-0,22;17,933;17,736;18,179;-933,462;-161,879;15556,56;9,246
07;2025;09;30;15;31;06;0,615;-0,216;-0,283;18,711;17,581;22,944;-965,499;-480,789;15758,26;9,246
07;2025;09;30;15;31;07;0,95;-0,196;-0,572;16,286;18,089;22,696;91,405;-1343,522;15649,4;9,246
07;2025;09;30;15;31;07;1,188;0,019;-0,298;18,266;20,165;21,025;-952,445;-282,277;15752,72;9,246
07;2025;09;30;15;31;08;0,905;0,003;-0,048;21,582;22,507;17,344;-415,652;594,774;15536,65;9,246
07;2025;09;30;15;31;08;0,818;-0,165;-0,112;21,537;19,989;20,37;-326,525;-494,905;15395;9,246
07;2025;09;30;15;31;09;0,409;-0,193;-0,015;20,781;20,298;23,622;-914,494;-445,913;16137,74;9,246
07;2025;09;30;15;31;09;1,423;-0,552;-1,213;18,889;21,137;21,228;-971,035;17,887;16009,39;9,246
07;2025;09;30;15;31;10;0,791;-0,234;-0,153;20,669;17,758;18,563;-1894,111;-361,51;16382,28;9,246
07;2025;09;30;15;31;10;0,75;-0,374;-0,344;22,271;18,84;21,093;-611,659;-183,398;15577,23;9,246
07;2025;09;30;15;31;11;0,927;-0,186;0,318;23,361;21,667;22,425;-559,161;120,754;15661,58;9,246
07;2025;09;30;15;31;11;0,707;-0,051;0,453;22,716;19,149;20,957;-152,172;350,842;15898,15;9,246
08;2025;09;30;15;36;40;1,596;0,07;-0,24;19,757;21,115;20,076;-208,919;-932,185;15703,52;9,095
08;2025;09;30;15;36;40;1,585;-0,028;-0,407;20,247;17,868;21,544;-945,721;-18,635;15932,06;9,1
08;2025;09;30;15;36;41;1,442;0,073;-0,006;21,07;19,083;22,357;-617,68;-625,309;15885,16;9,101
08;2025;09;30;15;36;41;1,619;0,124;-0,386;19,423;18,398;20,754;-1208,204;-238,934;16103,79;9,095
08;2025;09;30;15;36;42;1,473;0,195;-0,1;19,846;19,282;21,973;-1288,191;297,492;16101,29;9,095
08;2025;09;30;15;36;42;1,547;0,075;0,057;20,536;18,597;23,531;-170,479;-1122,078;15498,34;9,095
08;2025;09;30;15;36;43;1,164;-0,062;-0,408;20,313;20,055;22,651;-1013,787;-547,685;15885,71;9,095
08;2025;09;30;15;36;43;1,594;0,082;-0,576;21,671;20,696;21,838;-1845,996;1000,815;15943,1;9,095
08;2025;09;30;15;36;44;1,577;0,159;0,073;20,158;20,673;21,093;-1042,502;-1167,012;16358,53;9,095
08;2025;09;30;15;36;44;1,406;0,144;0,03;20,892;18,487;23,148;-188,265;-1129,669;15668,49;9,095
08;2025;09;30;15;36;45;1,497;0,024;-0,259;19,468;18,951;20,28;-962,237;-255,052;15647,36;9,095
08;2025;09;30;15;36;45;1,687;0,095;-0,074;21,426;19,481;18,247;-570,348;-1076,927;15673,22;9,095
08;2025;09;30;15;36;46;1,815;-0,002;-0,287;20,669;19,525;19,489;-967,494;24,32;15802,39;9,095
08;2025;09;30;15;36;46;2,019;0,104;-0,29;20,336;16,852;24,525;325,528;-1571,007;15612,79;9,095
08;2025;09;30;15;36;47;1,628;0,139;-0,155;20,803;18,84;19,918;-1208,309;-544,623;15926,64;9,095
08;2025;09;30;15;36;47;1,569;-0,038;-0,264;17,51;20,143;21,657;-167,053;-1676,425;15496,23;9,095
08;2025;09;30;15;36;48;1,454;0,164;0,166;18,956;18,001;20,438;-939,576;-184,96;15813,01;9,095
08;2025;09;30;15;36;48;1,435;0,147;-0,095;22,004;20,342;23,148;-1133,226;-264,104;15892,27;9,095
08;2025;09;30;15;36;49;1,412;0,045;-0,18;18,689;16,985;21,115;-1001,831;90,779;15748,6;9,095
08;2025;09;30;15;36;49;1,41;0,066;0,464;21,137;20,563;21,702;-1239,18;130,685;16127,17;9,095
08;2025;09;30;15;36;50;1,387;0,057;-0,004;22,138;20,408;18,044;-193,102;-468,033;15404,93;9,095
08;2025;09;30;15;36;50;1,308;-0,022;-0,148;20,247;18,951;20,686;-762,789;-552,148;15399,65;9,095
08;2025;09;30;15;36;51;1,806;0,008;0,116;19,779;17,692;21,341;-2092,022;784,728;16014,18;9,095
08;2025;09;30;15;36;51;1,457;0,041;-0,1;18,289;17,824;19,376;-1333,237;-1126,896;16389,56;9,095
08;2025;09;30;15;36;52;1,57;0,198;-0,13;17,643;18,553;20,596;-750,798;-1067,563;15719,19;9,095
08;2025;09;30;15;36;52;1,397;0,103;0,033;20,781;20,828;19,083;-522,069;-626,174;15489,19;9,095
08;2025;09;30;15;36;53;1,568;0,088;-0,307;20,313;19,657;21,138;-1114,076;226,295;15743,8;9,095
08;2025;09;30;15;36;53;1,505;0,124;-0,137;18,867;17,029;23,17;-1086,797;-161,109;15852,46;9,095
08;2025;09;30;15;36;54;1,366;0,103;0,228;22,138;18,929;19,941;-2318,865;467,901;16394,55;9,095
08;2025;09;30;15;36;54;1,584;0,003;-0,395;19,579;17,692;20,415;-346,819;-658,012;15379,89;9,095
08;2025;09;30;15;36;55;1,401;0,065;-0,2;20,758;17,471;22,425;-630,764;-1099,942;15847,89;9,095
08;2025;09;30;15;36;55;1,601;-0,03;-0,25;18,422;19,105;19,579;-893,38;-197,669;15779,27;9,095
08;2025;09;30;15;36;56;1,225;-0,022;-0,445;19,223;20,276;19,196;-1491,975;-608,429;15984,69;9,095
08;2025;09;30;15;36;56;1,405;0,032;-0,324;19,624;16,941;21,657;-908,074;-576,785;15650;9,095
08;2025;09;30;15;36;57;1,48;0,059;0,047;21,737;18,973;21,635;-1202,952;151,351;15820,5;9,095
08;2025;09;30;15;36;57;1,746;0,05;-0,216;21,604;19,282;25,632;-1354,531;0,01;15537,31;9,095
08;2025;09;30;15;36;58;1,706;0,026;-0,192;18,956;19,68;20,867;-843,774;344,964;15709,91;9,095
08;2025;09;30;15;36;58;1,619;0,026;-0,184;21,47;18,752;18,112;-1606,91;1090,126;15655,66;9,095
08;2025;09;30;15;36;59;1,572;0,076;0,019;18,956;16,366;23,961;-1164,127;-632,297;16182;9,095
08;2025;09;30;15;36;59;1,616;0,077;-0,355;19,846;18,288;19,444;-657,278;-1110,381;15875,77;9,095
08;2025;09;30;15;37;00;1,438;0,058;0;18,489;19,326;20,28;-818,293;-904,792;15871,68;9,095
08;2025;09;30;15;37;00;1,639;0,091;-0,248;19,668;17,846;21,318;-882,369;-112,994;15903,79;9,095
08;2025;09;30;15;37;01;1,627;0,212;-0,296;20,692;19,348;14,024;-242,152;-176,437;15177,93;9,095
08;2025;09;30;15;37;01;1,729;-0,082;-0,266;21,448;18,973;20,505;-1075,884;-15,981;15887,89;9,095
08;2025;09;30;15;37;02;1,262;-0,013;-0,158;23,74;18,818;21,86;-1217,142;164,655;15824,82;9,095
08;2025;09;30;15;37;02;1,589;0,129;-0,208;19,023;18,133;22,493;-1110,96;-155,525;15652,31;9,095
08;2025;09;30;15;37;03;1,546;0,173;0,258;18,311;17,581;19,263;-2284,845;737,583;16314,33;9,095
08;2025;09;30;15;37;03;1,647;0,121;-0,354;18,266;19,282;21,318;-528,024;-342,146;15490,12;9,095
08;2025;09;30;15;37;04;1,554;0,049;-0,048;18,978;18,222;20,302;-1400,038;488,434;15869,18;9,095
08;2025;09;30;15;37;04;1,547;0,059;-0,213;16,931;20,165;21,635;-1585,184;180,94;16258;9,095
08;2025;09;30;15;37;05;1,518;0,24;0,153;19,646;17,515;18,992;-1211,614;332,803;15878,98;9,095
08;2025;09;30;15;37;05;1,516;0,106;0,181;19,824;18,973;22,538;-140,289;-1528,418;15773,66;9,095
08;2025;09;30;15;37;06;1,568;0,126;0,01;21,27;15,571;21,431;-1539,279;-172,052;15919,71;9,095
08;2025;09;30;15;37;06;1,698;0,085;-0,138;22,783;18,487;21,409;-197,255;-1787,068;15748,22;9,095
08;2025;09;30;15;37;07;1,414;-0,023;-0,128;17,265;20,099;19,918;-1219,396;881,719;15761,73;9,095
08;2025;09;30;15;37;07;1,812;0,081;-0,307;17,821;18,001;22,267;-1429,862;604,253;16008,54;9,095
08;2025;09;30;15;37;08;1,462;0,079;-0,122;17,354;21,071;20,776;-386,503;-1084,274;15477,48;9,095
08;2025;09;30;15;37;08;1,409;0,012;-0,072;19,201;17,471;18,405;-587,193;-883,393;15895,79;9,095
08;2025;09;30;15;37;09;1,531;0,236;-0,135;19,468;15,108;20,799;-541,899;-503,618;15889,91;9,095
08;2025;09;30;15;37;09;1,48;0,191;-0,034;23,339;16,587;21,815;-380,607;-892,553;15314,04;9,095
08;2025;09;30;15;35;36;1,176;-0,181;-0,364;20,892;20,497;20,618;-968,695;-3863,65;16998,79;9,16
08;2025;09;30;15;35;36;0,956;-0,177;-0,082;22,894;18,354;23,78;-114,918;144,339;15917,86;9,161
08;2025;09;30;15;35;37;1,29;-0,216;-0,269;20,603;18,951;22,064;-448,591;-621,054;15919,52;9,171
08;2025;09;30;15;35;37;1,354;-0,104;-0,051;21,181;15,306;19,738;-1286,907;695,232;15779;9,171
08;2025;09;30;15;35;38;1,157;-0,115;-0,156;17,643;20,983;19,083;-293,754;-2432,246;16539,48;9,171
08;2025;09;30;15;35;38;1,246;-0,082;0,003;18,711;18,664;20,754;-736,057;-861,136;15865,26;9,171
08;2025;09;30;15;35;39;1,339;-0,131;-1,25;18,734;19,503;20,505;961,65;981,171;14360,48;9,171
08;2025;09;30;15;35;39;1,472;-0,101;-0,197;18,222;20,784;21,409;-321,164;-1394,159;16025,15;9,171
08;2025;09;30;15;35;40;1,372;-0,065;0,032;21,359;20,85;19,557;-2447,28;285,194;15894,76;9,171
08;2025;09;30;15;35;40;1,171;-0,356;-0,175;17,087;16,919;24,661;-566,574;-616,156;16025,06;9,171
08;2025;09;30;15;35;41;1,7;-0,201;0,206;22,85;20,408;21,951;-1593,697;529,749;16256,91;9,171
08;2025;09;30;15;35;41;1,029;-0,108;0,135;24,763;18,553;21,657;-134,26;-158,085;15609,19;9,171
08;2025;09;30;15;35;42;1,498;-0,209;-0,011;21,448;20,696;20,934;-597,139;-687,883;15671,4;9,171
08;2025;09;30;15;35;42;0,893;-0,343;-0,132;23,05;20,938;21,657;-1327,515;655,076;15739,68;9,171
08;2025;09;30;15;35;43;1,175;-0,089;-0,139;19,29;19,525;22,109;-1134,88;-355,433;15873,04;9,171
08;2025;09;30;15;35;43;0,729;-0,391;0,147;19,757;19,503;21,409;-422,348;-389,892;15747,1;9,171
08;2025;09;30;15;35;44;1,145;-0,437;-0,185;19,646;20,894;21,499;858,607;786,085;14782,22;9,171
08;2025;09;30;15;35;44;1,312;-0,192;0,201;20,625;18,664;21,951;-298,82;-1232,589;16062,29;9,171
08;2025;09;30;15;35;45;1,117;-0,232;-0,052;19,779;17,25;20,234;-367,284;-588,927;15509,8;9,171
08;2025;09;30;15;35;45;1,229;-0,352;-0,261;20,18;21,954;22,583;-1405,065;-47,995;16310,24;9,171
08;2025;09;30;15;35;46;1,112;-0,271;0,032;21,604;18,796;21,589;-681,836;1142,225;15460,36;9,171
08;2025;09;30;15;35;46;0,888;-0,319;0,072;17,71;19,216;20,392;514,466;-1706,949;15363,34;9,171
08;2025;09;30;15;35;47;0,967;-0,269;-0,266;22,294;21,358;22,583;-198,054;-1632,409;15540;9,171
08;2025;09;30;15;35;47;1,246;-0,321;-0,099;19,223;21,181;23,848;-844,403;-110,341;15753,75;9,171
08;2025;09;30;15;35;48;1,364;-0,192;0,008;18,756;20,718;20,528;-1207,518;-1941,677;16598,53;9,171
08;2025;09;30;15;35;48;1,285;-0,237;-0,125;20,87;18,708;23,102;-1197,828;-1053,188;16776,43;9,171
08;2025;09;30;15;35;49;1,136;-0,399;-0,358;19,735;22,087;20,641;-651,192;1055,625;14778,39;9,171
08;2025;09;30;15;35;49;1,337;-0,309;-0,333;20,158;18,774;23,486;-583,767;-750,678;15587,37;9,171
08;2025;09;30;15;35;50;1,193;-0,211;-0,117;20,692;20,519;22,267;-623,882;336,502;15573,09;9,171
08;2025;09;30;15;35;50;1,254;-0,27;-0,129;20,269;20,21;21,251;-679,499;-1218,245;15819,67;9,171
08;2025;09;30;15;35;51;1,142;-0,355;-0,33;17,955;19,127;23,78;-2221,444;889,382;15852,17;9,171
08;2025;09;30;15;35;51;0,775;-0,186;0,19;16,576;19,194;19,67;-97,914;-280,224;15423,37;9,171
08;2025;09;30;15;35;52;0,984;-0,455;0,208;18,044;18,73;22,515;55,531;138,547;15323,45;9,171
08;2025;09;30;15;35;52;1,17;-0,134;-0,338;19,045;19,856;24,186;-1347,136;-501,778;16340,39;9,171
08;2025;09;30;15;35;53;1,115;-0,147;-0,23;18,266;19,547;19,06;-875,587;-52,209;15691,82;9,171
08;2025;09;30;15;35;53;1,043;-0,184;-0,271;19,423;20,983;22,086;27,666;-2209,128;15769,95;9,171
08;2025;09;30;15;35;54;1,429;-0,187;0,027;23,873;21,027;20,505;-1395,866;171,621;16181,17;9,171
08;2025;09;30;15;35;54;0,8;-0,52;-0,661;21,626;18,111;22,425;-1653,753;-430,813;16096,82;9,171
08;2025;09;30;15;35;55;1,069;-0,343;0,262;22,471;20,762;24,615;36,589;-1934,812;15950,23;9,171
08;2025;09;30;15;35;55;1,023;-0,396;-0,294;18,378;20,143;22,673;26,135;-339,117;15804,59;9,171
08;2025;09;30;15;35;56;1,413;-0,323;-0,135;22,382;21,181;22,244;-469,93;511,651;15599,81;9,171
08;2025;09;30;15;35;56;1,181;-0,335;-0,033;22,294;18,796;23,464;-223,233;-1332,093;15834,09;9,171
08;2025;09;30;15;35;57;0,968;-0,232;-0,028;19,668;19,657;20,505;-270,238;-91,628;14986,65;9,171
08;2025;09;30;15;35;57;1,081;-0,227;0,094;22,494;20,673;17,841;717,035;-1668,401;16226,97;9,171
08;2025;09;30;15;35;58;0,785;-0,358;-0,093;21,448;14,776;23,035;427,607;2245,525;15501,07;9,171
08;2025;09;30;15;35;58;1,029;-0,336;-0,01;22,205;18,597;17,953;-837,69;-531,869;16009,32;9,171
08;2025;09;30;15;35;59;0,879;-0,124;-0,305;19,268;17,382;25,383;-1003,14;521,132;15512,31;9,171
08;2025;09;30;15;35;59;1,143;-0,26;0,09;23,45;21,469;22,56;-1386,771;2287,064;15896,54;9,171
08;2025;09;30;15;36;00;1,031;-0,244;-0,349;18,867;20,276;19,647;-480,595;2449,177;15238,33;9,171
08;2025;09;30;15;36;00;1,108;-0,311;-0,316;23,384;20,32;20,438;-606,968;1392,127;16033,2;9,171
08;2025;09;30;15;36;01;1,289;-0,388;-0,038;19,401;20,121;20,076;-877,56;-649,202;15825,92;9,171
08;2025;09;30;15;36;01;1,192;-0,374;0,018;21,826;21,336;22,719;-93,391;-355,456;15908,8;9,171
08;2025;09;30;15;36;02;1,707;-0,167;-0,182;18,6;18,664;21,07;-735,193;-1971,548;16048,52;9,171
08;2025;09;30;15;36;02;1,009;-0,238;0,111;17,065;20,806;20,731;-475,468;-3329,518;16111,55;9,171
08;2025;09;30;15;36;03;0,983;-0,14;0,199;21,76;19,525;21,251;-1422,4;-242,601;15710,75;9,171
08;2025;09;30;15;36;03;1,151;-0,226;-0,302;18,533;19,238;19,85;-1163,227;-1524,726;16530,83;9,171
08;2025;09;30;15;36;04;0,787;-0,184;0,001;17,221;19,26;20,822;-764,899;-1843,837;16341,12;9,171
08;2025;09;30;15;36;04;0,903;-0,17;-0,206;21,181;16,897;21,364;1141,241;-1486,742;14919,89;9,171
08;2025;09;30;15;36;05;1,192;-0,168;0,039;20,358;18,288;19,625;-458,521;-270,999;15686,94;9,171
08;2025;09;30;15;36;05;1,204;-0,355;-0,207;21,426;19,9;19,083;-720,137;227,702;15609,8;9,171
08;2025;09;30;15;34;12;0,716;-0,016;0,265;22,605;19,569;23,825;-1226,619;690,627;15403,08;9,171
08;2025;09;30;15;34;13;0,856;-0,249;-0,214;18,889;22,97;22,312;-1068,972;-612,546;15868,53;9,171
08;2025;09;30;15;34;13;1,06;-0,168;-0,156;21,648;17,868;20,302;411,129;-1002,979;15517,87;9,171
08;2025;09;30;15;34;14;0,977;-0,192;-0,112;21,159;24,384;20,551;-610,286;-1138,104;15912,31;9,171
08;2025;09;30;15;34;14;0,764;-0,342;-0,134;18,378;20,519;20,573;-494,972;-145,117;15762,39;9,171
08;2025;09;30;15;34;15;0,505;-0,179;0,147;21,292;20,519;24,977;-681,122;-87,966;15901,52;9,171
08;2025;09;30;15;34;15;0,678;-0,301;0,003;19,179;16,72;21,138;-402,72;97,653;15214,05;9,171
08;2025;09;30;15;34;16;0,867;-0,034;-0,144;22,093;16,344;21,68;-544,457;-46,837;15806,89;9,176
08;2025;09;30;15;34;16;0,932;-0,186;-0,161;18,622;20,651;22,357;-2094,262;324,972;16276,13;9,176
08;2025;09;30;15;34;17;1,088;-0,202;0,167;17,443;18,509;23,238;-738,468;-1303,744;15519,09;9,176
08;2025;09;30;15;34;18;0,724;-0,121;-0,128;20,914;19,459;22,696;-1752,03;481,035;16017,6;9,171
08;2025;09;30;15;34;18;1,083;-0,268;0,028;18,778;20,165;22,764;-110,185;-1009,917;14712,27;9,19
08;2025;09;30;15;34;19;0,861;-0,303;0,031;16,642;18,2;23,848;-1672,301;-1598,096;16127,92;9,187
08;2025;09;30;15;34;19;0,895;-0,252;-0,166;19,223;18,376;19,286;-1008,754;-443,111;15375,48;9,194
08;2025;09;30;15;34;20;0,826;-0,263;0,047;21,448;20,408;23,757;-1006,124;16,228;15937,38;9,198
08;2025;09;30;15;34;20;1,085;-0,298;-0,057;20,514;18,266;22,922;-236,767;-207,233;16308,09;9,199
08;2025;09;30;15;34;21;0,87;-0,28;0,028;18,845;21,667;22,786;-1138,044;713,799;15805,95;9,198
08;2025;09;30;15;34;21;0,796;-0,182;-0,004;20,647;22,882;20,844;-1858,156;-538,989;16380,62;9,209
08;2025;09;30;15;34;22;0,925;-0,255;-0,202;21,982;20,894;20,009;-331,335;-1546,348;15113,14;9,209
08;2025;09;30;15;34;22;0,652;-0,325;-0,097;18,2;21,226;22,47;-768,057;797,888;15241,54;9,209
08;2025;09;30;15;34;23;1,145;-0,124;0,056;21,248;20,364;21,725;-737,168;-2700,193;16367,85;9,209
08;2025;09;30;15;34;23;1,041;-0,215;0,158;19,802;21,005;22,109;-468,209;-679,417;15652,21;9,209
08;2025;09;30;15;34;24;0,886;-0,117;-0,308;19,468;17,714;22,018;-887,098;-177,446;15234,54;9,209
08;2025;09;30;15;34;24;1,02;-0,464;0,239;21,448;21,115;21,341;-773,193;-483,91;15430,42;9,209
08;2025;09;30;15;34;25;1,053;-0,353;-0,511;20,825;20,453;20,438;-1522,419;-783,086;15871,19;9,209
08;2025;09;30;15;34;25;0,812;-0,298;-0,019;22,338;17,515;20,867;-932,431;-225,871;15845,75;9,209
08;2025;09;30;15;34;26;1,208;-0,199;-1,425;20,469;19,812;19,308;-639,778;267,833;15601,73;9,209
08;2025;09;30;15;34;26;1,344;-0,016;-0,374;19,29;20,74;20,957;382,722;52,628;15409,85;9,209
08;2025;09;30;15;34;27;0,781;-0,394;-0,194;19,779;20,386;18,247;-529,822;-129,188;15698,07;9,209
08;2025;09;30;15;34;27;0,666;-0,266;-0,261;17,999;19,26;19,918;-1694,109;666,877;15551,12;9,209
08;2025;09;30;15;34;28;0,814;-0,358;-0,806;20,247;18,774;22,741;-583,831;498,633;15606,8;9,209
08;2025;09;30;15;34;28;0,901;-0,425;-0,263;21,137;20,541;20,776;-1078,03;274,825;15700,67;9,209
08;2025;09;30;15;34;29;0,104;-0,132;0,476;20,981;21,27;17,547;303,666;237,41;15248,75;9,209
08;2025;09;30;15;34;29;0,829;-0,331;0,408;19,757;20,254;20,167;-839,415;-196,277;15863,31;9,209
08;2025;09;30;15;34;30;1,139;-0,197;-0,257;20,202;20,519;24,006;-1518,278;-1946,857;16150,28;9,209
08;2025;09;30;15;34;30;1,465;-0,1;-1,027;21,248;18,31;23,848;-16,593;483,901;15237,78;9,209
08;2025;09;30;15;34;31;1,233;-0,16;0,015;21,871;20,806;22,357;-953,979;355,801;15892,51;9,209
08;2025;09;30;15;34;31;1,125;-0,252;-0,126;19,357;21,093;22,086;-315,099;-422,685;15605,76;9,209
08;2025;09;30;15;34;32;0,65;-0,282;0,199;17,354;20,85;21,657;-913,426;-346,361;16202,26;9,209
08;2025;09;30;15;34;32;0,993;-0,298;-0,153;24,919;19,657;20,505;-789,215;-84,611;15517,3;9,209
08;2025;09;30;15;34;33;1,058;-0,09;-0,138;20,514;18,443;22,56;-730,027;97,737;16244,79;9,209
08;2025;09;30;15;34;33;1,179;-0,161;-0,151;21,381;22,683;20,234;-362,649;-267,637;15975,01;9,209
08;2025;09;30;15;34;34;0,921;-0,06;0,336;21,025;19,392;22,628;-627,999;-202,334;16149,64;9,209
08;2025;09;30;15;34;34;1,138;0,023;-0,107;20,38;20,696;22,583;-871,874;-355,701;15966,14;9,209
08;2025;09;30;15;34;35;0,819;-0,221;-0,35;19,891;18,398;19,828;-1577,699;207,509;15730,02;9,209
08;2025;09;30;15;34;35;0,705;-0,232;0,272;19,913;21,888;22,831;-1012,774;-1134,812;16437,99;9,204
08;2025;09;30;15;34;36;0,728;-0,164;-0,053;21,426;19,238;22,199;-1391,522;-279,819;16383,54;9,209
08;2025;09;30;15;34;36;0,732;-0,242;0,057;18,266;22,264;20,709;-37,247;-469,648;15456,81;9,199
08;2025;09;30;15;34;37;0,548;-0,104;-0,182;21,137;18,708;24,886;-149,435;-213,611;15475,86;9,209
08;2025;09;30;15;34;37;0,73;-0,13;-0,036;21,003;21,159;19,873;59,225;-195,501;15375,99;9,209
08;2025;09;30;15;34;38;0,22;-0,194;-0,121;21,671;18,796;23,057;-1335,766;-561,22;15759,94;9,209
08;2025;09;30;15;34;38;0,926;-0,22;-0,105;21,671;19,657;20,144;-683,116;-89,25;16057,56;9,199
08;2025;09;30;15;34;39;0,539;-0,291;-0,088;18,956;20,453;22,47;-815,368;-136,546;15334,46;9,203
08;2025;09;30;15;34;39;0,539;-0,168;-0,243;21,515;18,597;23,08;-2173,946;-1405,628;16217,78;9,204
08;2025;09;30;15;34;40;0,885;-0,147;-0,07;20,091;18,398;24,277;-1011,791;-670,813;16031,94;9,203
08;2025;09;30;15;34;40;0,781;-0,289;-0,263;21,315;19,834;23,125;-1019,409;-543,956;16137,4;9,209
08;2025;09;30;15;34;41;0,756;-0,124;0,014;22,827;20,342;23,351;-1337,397;-380,054;15148,61;9,209
08;2025;09;30;15;34;41;0,678;-0,176;-0,623;18,511;19,812;19,467;-349,24;-19,663;15600,54;9,209
08;2025;09;30;15;34;42;0,441;-0,152;-0,146;18,556;20,188;21,296;-1087,65;-330,257;15525,14;9,209
08;2025;09;30;15;34;42;0,829;-0,149;-0,007;17,465;20,055;20,392;-708,469;-905,475;15794,06;9,209
09;2025;09;30;15;40;33;1,578;-0,07;-1,069;18,088;20,696;0;-1030,652;196,429;15572,95;9,095
09;2025;09;30;15;40;33;1,617;-0,051;-3,317;18,4;18,73;-0,316;-362,333;-104,873;15898,09;9,095
09;2025;09;30;15;40;34;1,725;-0,06;-1,801;17,465;19,392;0,181;-1187,528;-351,237;15443,13;9,095
09;2025;09;30;15;40;34;1,591;0,008;0,146;19,446;18,774;-0,135;-519;256,657;15491,44;9,095
09;2025;09;30;15;40;35;1,594;0,061;-2,391;17,732;18,597;-0,226;-531,876;-265,731;15613,63;9,095
09;2025;09;30;15;40;35;1,39;0,113;-2,498;22,205;22,109;0,384;-602,368;-679,118;15932,13;9,095
09;2025;09;30;15;40;36;1,321;-0,035;-0,666;18,289;20,408;-0,361;-496,477;-233,781;15924;9,095
09;2025;09;30;15;40;36;1,441;0,061;-0,015;17,132;18,973;0,045;-123,502;334,873;15508,39;9,095
09;2025;09;30;15;40;37;1,541;-0,112;-2,42;20,781;17,89;-0,361;-562,986;228,752;15824,24;9,095
09;2025;09;30;15;40;37;1,621;0,035;-2,673;19,201;18,376;-0,181;-379,902;169,242;15703,16;9,095
09;2025;09;30;15;40;38;1,623;-0,137;-1,432;22,205;20,784;0,045;-465,4;-9,815;15723,42;9,09
09;2025;09;30;15;40;38;1,663;-0,099;-1,469;21,203;20,386;0,09;-684,824;18,274;15805,6;9,095
09;2025;09;30;15;40;39;1,594;-0,007;5,632;22,16;20,033;0,023;-653,319;-196,076;15909,47;9,095
09;2025;09;30;15;40;39;1,625;0,008;-3,977;20,113;21,27;0,068;-407,543;386,729;15719,26;9,095
09;2025;09;30;15;40;40;1,514;-0,067;3,831;15,93;17,935;-0,406;-803,665;48,358;15802,11;9,095
09;2025;09;30;15;40;40;1,518;-0,049;-2,907;17,888;18,906;-0,406;-539,513;-19,364;16214,46;9,091
09;2025;09;30;15;40;41;1,559;0,046;-2,101;19,312;16,344;0,181;-842,871;-401,546;16175,87;9,095
09;2025;09;30;15;40;41;1,611;0,018;-0,011;17,91;20,651;1,265;-741,088;196,169;15790,38;9,091
09;2025;09;30;15;40;42;1,363;0,053;0,208;18,845;18,133;12,285;-641,426;116,605;15974,77;9,09
09;2025;09;30;15;40;42;1,429;0,165;0,041;22,516;20,32;0,745;-539,037;-89,308;16107,7;9,086
09;2025;09;30;15;40;43;1,478;-0,125;-4,834;16,487;18,31;0,452;-215,665;42,756;15743,28;9,079
09;2025;09;30;15;40;43;1,345;-0,105;-1,887;20,402;19,547;0,497;-57,986;6,128;15688,34;9,091
09;2025;09;30;15;40;44;1,572;-0,093;-3,481;21,048;20,453;0,519;-162,905;235,386;15538,71;9,09
09;2025;09;30;15;40;44;1,213;-0,007;-3,698;19,824;17,051;0,045;-922,17;509,501;15758,63;9,086
09;2025;09;30;15;40;45;1,33;0,028;-4,296;22,049;17,316;0,248;-847,021;239,987;15986,11;9,085
09;2025;09;30;15;40;45;1,443;0,036;0,362;18,622;16,72;1,174;-174,295;240,409;15810,08;9,086
09;2025;09;30;15;40;46;1,496;-0,114;-4,289;21,826;22,816;0,203;-529,836;129,461;16091,23;9,095
09;2025;09;30;15;40;46;1,48;-0,049;-0,685;18,889;17,338;0,858;-395,344;93,953;16000,53;9,081
09;2025;09;30;15;40;47;1,43;-0,014;0,025;17,265;17,89;12,443;-621,153;517,09;15944,78;9,095
09;2025;09;30;15;40;47;1,35;-0,084;0,029;20,758;20,121;20,844;-533,596;328,75;15746,19;9,086
09;2025;09;30;15;40;48;1,647;0,024;0,252;21,248;21,535;21,093;-215,681;695,951;15685,9;9,085
09;2025;09;30;15;40;48;1,586;-0,1;0,175;18,266;19,437;14,927;-423,29;-136,631;16032,63;9,091
09;2025;09;30;15;40;49;1,179;-0,039;0,583;18,422;19,878;7,565;-801,319;176,988;15827,25;9,085
09;2025;09;30;15;40;49;1,616;0,035;0,37;20,736;20,673;19,896;-902,804;66,48;16466,66;9,081
09;2025;09;30;15;40;50;1,565;-0,006;-0,105;17,777;23,28;19,941;-773,89;567,679;16003,19;9,09
09;2025;09;30;15;40;50;1,47;0,039;0,239;20,135;18,686;20,144;-457,809;-7,568;15930,28;9,081
09;2025;09;30;15;40;51;1,642;-0,045;-0,148;19,223;17,471;22,696;-1148,216;349,197;16159,93;9,085
09;2025;09;30;15;40;51;1,459;-0,064;-0,082;20,469;19,635;23,17;-330,277;464,83;15905,96;9,081
09;2025;09;30;15;40;52;1,655;0,072;0,5;20,402;19,392;11,833;-478,642;761,54;15391,89;9,079
09;2025;09;30;15;40;52;1,614;0,036;0,672;19,802;18,067;0,226;-806,244;742,991;15604,54;9,095
09;2025;09;30;15;40;53;1,641;-0,074;-5,487;19,891;17,625;1,152;-762,148;821,715;15731,19;9,085
09;2025;09;30;15;40;53;1,555;0,001;-2,609;18,711;20,475;0,994;-743,82;331,991;15667,93;9,086
09;2025;09;30;15;40;54;1,475;0,043;2,319;17,043;20,629;0,542;-353,236;247,049;15924,69;9,09
09;2025;09;30;15;40;54;1,815;0,189;2,02;22,249;21,115;1,016;-915,656;551,391;15849,9;9,072
09;2025;09;30;15;40;55;1,811;0,004;0,687;17,732;17,117;3,32;-619,006;-65,427;15856,88;9,085
09;2025;09;30;15;40;55;1,359;-0,182;0,28;19,935;19,172;0,361;-546,514;869,079;15654,52;9,086
09;2025;09;30;15;40;56;1,616;-0,138;-1,7;16,531;19,657;-0,113;-310,168;130,055;15565,61;9,085
09;2025;09;30;15;40;56;1,552;-0,081;-4,755;19,579;20,806;0,316;-328,293;292,072;16203,09;9,091
09;2025;09;30;15;40;57;1,521;-0,083;2,927;17,821;19,922;0,542;51,298;256,862;15680,25;9,079
09;2025;09;30;15;40;57;1,809;-0,003;-3,218;19,512;17,493;-0,135;-32,113;353,406;15582,15;9,081
09;2025;09;30;15;40;58;1,645;-0,069;3,417;18,467;18,818;-0,113;-345,673;-165,648;16112,66;9,085
09;2025;09;30;15;40;58;1,781;0,111;-1,691;20,069;19,812;-0,248;-151,788;454,295;15862,29;9,067
09;2025;09;30;15;40;59;1,673;0,015;-3,176;19,245;20,099;0,158;-329,112;409,804;15512,59;9,074
09;2025;09;30;15;40;59;1,614;0,113;4,236;20,625;18,354;-0,045;-567,245;-712,044;16148,79;9,091
09;2025;09;30;15;41;00;1,458;0,039;-2,102;22,916;18,509;-0,429;-1014,226;378,925;15768,59;9,068
09;2025;09;30;15;41;00;1,543;-0,041;0,145;19,913;21,115;1,174;-277,877;-345,666;16034,48;9,086
09;2025;09;30;15;41;01;1,372;-0,135;0,179;18,133;19,768;16,305;-400,736;299,285;15612,81;9,09
09;2025;09;30;15;41;01;1,594;0,016;2,282;19,112;16,919;0,068;-557,315;206,077;15760,36;9,077
09;2025;09;30;15;41;02;1,634;-0,055;-0,009;20,38;19,017;0,7;-318,934;641,327;15519,9;9,074
09;2025;09;30;15;41;02;1,482;0,059;1,649;17,999;19,79;0,203;-117,205;-78,056;16245,88;9,072
09;2025;09;30;15;39;35;0,879;-0,369;-0,463;21,27;21,734;20,189;-987,945;-1038,901;15708,18;9,095
09;2025;09;30;15;39;35;1,138;-0,499;-0,048;17,198;15,814;23,08;-1575,037;-2050,647;16469,85;9,095
09;2025;09;30;15;39;36;1,429;-0,531;-0,404;16,553;19,724;21,115;-989,734;-123,18;15656,41;9,095
09;2025;09;30;15;39;36;1,101;-0,323;0,559;17,977;17,559;21,409;-527,805;-577,71;15636,34;9,095
09;2025;09;30;15;39;37;1,031;-0,447;0,206;18,355;23,191;20,076;-934,617;-654,142;16045,42;9,095
09;2025;09;30;15;39;37;0,949;-0,52;-0,017;18,8;18,443;21,838;-659,381;-588,863;15158,35;9,095
09;2025;09;30;15;39;38;0,903;-0,446;0,145;19,112;18,2;20,46;-1412,937;-1624,039;16087,46;9,095
09;2025;09;30;15;39;38;0,892;-0,529;-0,133;21,782;22,308;23,644;-1667,08;-511,743;16746,36;9,095
09;2025;09;30;15;39;39;0,898;-0,47;-0,184;19,624;20,143;21,86;-934,933;-904,104;15754,98;9,095
09;2025;09;30;15;39;39;1,097;-0,432;-0,033;17,354;17,935;20,076;-896,041;-235,887;15773,95;9,095
09;2025;09;30;15;39;40;0,753;-0,374;-0,15;18,689;19,591;21,273;-767,427;-1122,983;16874,63;9,095
09;2025;09;30;15;39;40;0,892;-0,567;0,335;20,358;20,143;21,657;-1399,679;-777,921;17119,4;9,095
09;2025;09;30;15;39;41;1,146;-0,653;-0,111;21,248;19,768;24,932;-1127,8;-98,987;15617;9,095
09;2025;09;30;15;39;41;1,084;-0,565;-0,005;20,803;20,894;21,138;-620,091;285,77;15526,84;9,095
09;2025;09;30;15;39;42;0,896;-0,617;0,156;20,536;20,453;22,651;-408,178;-732,994;16360,47;9,095
09;2025;09;30;15;39;42;0,862;-0,517;-0,088;22,049;18,531;22,47;-357,143;-591,45;15316,68;9,095
09;2025;09;30;15;39;43;1,288;-0,603;-0,231;20,981;21,756;19,489;-630,88;731,866;15566,03;9,095
09;2025;09;30;15;39;43;0,981;-0,62;-0,112;18,956;18,973;21,476;-988,594;-168,062;16278,74;9,095
09;2025;09;30;15;39;44;1,02;-0,542;-0,072;21,426;18,487;23,419;-1189,17;-1356,482;16668,12;9,095
09;2025;09;30;15;39;44;0,885;-0,543;0,059;23,25;19,437;17,931;-422,148;-397,317;16003,28;9,095
09;2025;09;30;15;39;45;1,147;-0,504;-0,071;20,024;20,983;19,354;-519,31;-1017,468;15892,24;9,095
09;2025;09;30;15;39;45;0,95;-0,496;-0,066;17,688;19,702;21,883;306,457;-1196,935;15414,07;9,095
09;2025;09;30;15;39;46;0,929;-0,476;-0,038;20,024;18,067;22,831;332,119;724,795;16097,35;9,095
09;2025;09;30;15;39;46;0,87;-0,648;0,009;19,69;18,31;24,503;-312,923;663,846;14576,21;9,095
09;2025;09;30;15;39;47;0,858;-0,385;-0,018;18,756;18,906;24,164;-616,025;369,57;16128,02;9,095
09;2025;09;30;15;39;47;1,288;-0,56;-0,243;20,959;17,493;22,944;-831,362;-367,573;15670,34;9,095
09;2025;09;30;15;39;48;1,063;-0,752;0,094;20,936;18,553;24,232;-622,917;-2045,32;16436,28;9,095
09;2025;09;30;15;39;48;0,778;-0,567;-0,277;20,914;18,929;21,928;-712,206;-1197,739;15687,25;9,095
09;2025;09;30;15;39;49;1,241;-0,609;-0,148;20,914;20,364;21,567;-1589,641;-498,658;16174,67;9,095
09;2025;09;30;15;39;49;0,921;-0,616;-0,513;19,713;18,597;23,328;-762,18;-743,926;15867,14;9,095
09;2025;09;30;15;39;50;1,226;-0,499;-0,049;19,023;16,632;17,524;-236,234;564,028;15768,25;9,095
09;2025;09;30;15;39;50;1,109;-0,592;-0,032;21,582;19,039;21,409;-1356,44;107,815;16085,47;9,095
09;2025;09;30;15;39;51;1,085;-0,631;-0,426;21,07;19,216;22,809;-487,148;-1933,86;15750,87;9,095
09;2025;09;30;15;39;51;0,986;-0,358;-0,017;20,847;19,79;21,68;-1295,849;-1160,818;15650,08;9,095
09;2025;09;30;15;39;52;1,139;-0,399;-0,189;21,114;20,364;21,318;-193,027;-930,239;15909,25;9,095
09;2025;09;30;15;39;52;0,866;-0,502;0,089;17,866;19,105;23,148;-672,454;-165,554;16134,95;9,095
09;2025;09;30;15;39;53;0,967;-0,356;0,286;20,892;17,935;21,07;186,854;-538,507;14940,15;9,095
09;2025;09;30;15;39;53;1,12;-0,587;-0,085;19,624;19,812;23,893;-852,551;-49,028;15728,65;9,095
09;2025;09;30;15;39;54;1,366;-0,434;0,03;20,781;18,686;20,799;-585,066;-1689,056;16329,37;9,095
09;2025;09;30;15;39;54;1,267;-0,426;-0,238;15,552;19,149;20,731;-337,56;-1206,58;15241,66;9,095
09;2025;09;30;15;39;55;0,975;-0,445;-0,182;19,512;18,354;19,85;-714,972;-1503,199;15848,15;9,095
09;2025;09;30;15;39;55;1,195;-0,406;-0,087;17,866;19,105;23,509;-63,746;-686,567;15802,71;9,095
09;2025;09;30;15;39;56;1,164;-0,43;-0,127;19,802;17,648;20,934;-636,786;115,91;15798,76;9,095
09;2025;09;30;15;39;56;0,945;-0,399;-0,043;20,158;18,509;21,522;-1033,529;-939,345;15992,41;9,095
09;2025;09;30;15;39;57;0,981;-0,35;0,206;18,355;18,774;21,68;-604,744;-1642,422;15265,5;9,095
09;2025;09;30;15;39;57;0,934;-0,382;-0,141;18,044;20,254;19,986;-216,612;-550,22;15780,14;9,095
09;2025;09;30;15;39;58;0,91;-0,372;-0,278;21,537;22,264;24,932;-519,271;-1407,727;15558,57;9,095
09;2025;09;30;15;39;58;1,765;-0,43;0,235;18,689;19,481;22,786;-443,99;-1427,801;15727,59;9,095
09;2025;09;30;15;39;59;1,287;-0,357;-0,863;17,421;18,443;22,628;141,493;31,064;15924,39;9,095
09;2025;09;30;15;39;59;1,215;-0,373;0,379;22,249;18,222;21,951;357,459;262,908;14906;9,095
09;2025;09;30;15;40;00;0,915;-0,376;0,19;20,224;18,906;21,364;-298,779;525;15243,09;9,095
09;2025;09;30;15;40;00;1,142;-0,451;-0,062;19,468;18,951;22,831;-616,036;-350,481;16540,36;9,095
09;2025;09;30;15;40;01;1,137;-0,517;-0,179;19,535;18,884;23,102;-185,727;-356,946;16102,49;9,095
09;2025;09;30;15;40;01;1,298;-0,471;-0,16;20,247;17,957;21,973;-340,06;230,738;15818,11;9,095
09;2025;09;30;15;40;02;0,914;-0,479;-0,125;17,243;20,298;19,376;-920,522;-735,438;16844,72;9,095
09;2025;09;30;15;40;02;1,241;-0,594;-0,062;21,559;18,244;22,335;-1451,373;-495,357;16120,15;9,095
09;2025;09;30;15;40;03;1,432;-0,5;-0,286;18,444;16,764;24,841;-1200,666;-306,736;16038,99;9,095
09;2025;09;30;15;40;03;0,994;-0,405;0,185;19,156;17,979;21,07;-321,125;-249,14;15360,62;9,095
09;2025;09;30;15;40;04;0,537;-0,656;-0,675;20,024;20,651;23,893;-307,969;-323,095;15420,53;9,095
09;2025;09;30;15;40;04;0,824;-0,42;0,167;20,603;17,272;20,325;-398,697;535,392;15508,58;9,095
09;2025;09;30;15;38;27;0,676;-0,253;0,176;21,537;23,699;26,829;-102,666;711,203;15469,69;9,133
09;2025;09;30;15;38;28;1,011;-0,289;0,116;22,449;24,936;24,254;-517,691;275,39;15641,13;9,133
09;2025;09;30;15;38;28;1,038;-0,208;0,437;22,405;20,938;25,067;-749,973;-310,127;15989,15;9,133
09;2025;09;30;15;38;29;1,146;-0,269;-0,068;18,867;19,68;20,167;-998,842;-330,246;15959,57;9,133
09;2025;09;30;15;38;29;1,262;-0,39;-0,593;23,784;19,878;21,657;-51,014;698,293;15365,95;9,133
09;2025;09;30;15;38;30;0,866;-0,278;-0,083;21,604;20,165;26,58;-476,738;592,398;15491,49;9,133
09;2025;09;30;15;38;30;0,629;-0,019;-0,077;19,067;21,645;22,131;-397,277;-1367,759;16019,75;9,133
09;2025;09;30;15;38;31;1,176;-0,267;0,045;18,155;22,507;19,579;-1303,058;-1648,789;16918,98;9,133
09;2025;09;30;15;38;31;0,95;-0,437;-0,684;18,667;20,519;21,183;-1423,933;-1579,666;17312;9,133
09;2025;09;30;15;38;32;0,975;-0,39;0,084;22,56;21,667;24,119;-911,887;-1442,596;16265,54;9,133
09;2025;09;30;15;38;32;0,665;-0,213;-0,21;22,427;18,575;21,251;319,676;3568,055;14709,26;9,133
09;2025;09;30;15;38;33;0,75;-0,214;0,198;20,046;17,957;21,499;254,75;224,541;14864,58;9,133
09;2025;09;30;15;38;33;0,653;-0,155;0,139;24,719;18,995;22,38;-74,619;-131,849;15808,24;9,133
09;2025;09;30;15;38;34;0,659;-0,117;-0,105;19,379;19,127;24,164;-1148,468;-628,054;15828,74;9,133
09;2025;09;30;15;38;34;0,59;-0,182;0,062;22,004;19,437;23,893;-10,601;917,196;15119,76;9,133
09;2025;09;30;15;38;35;0,907;-0,272;-0,071;20,669;18,929;22,989;-1534,307;-14,723;16297,54;9,133
09;2025;09;30;15;38;35;1,017;-0,236;-0,496;20,625;17,78;20,347;14,516;-650,84;15648,4;9,133
09;2025;09;30;15;38;36;0,672;-0,242;-0,133;23,673;23,456;22,38;-1257,089;414,043;16002,08;9,133
09;2025;09;30;15;38;36;0,964;-0,05;0,126;23,005;22,396;25,451;-72,435;-520,398;15822,03;9,133
09;2025;09;30;15;38;37;1,13;-0,177;0,113;16,842;17,67;20,37;-376,676;-1005,716;15470,08;9,133
09;2025;09;30;15;38;37;0,832;-0,168;0,176;16,731;18,774;20,528;-97,486;-785,641;16005,05;9,133
09;2025;09;30;15;38;38;0,953;-0,221;-0,232;24,185;21,137;22,809;49,609;-1635,099;15591,7;9,133
09;2025;09;30;15;38;38;0,907;-0,249;-0,216;21,893;23,81;20,686;-69,952;-3,26;15698,5;9,133
09;2025;09;30;15;38;39;0,867;-0,129;0,443;18,266;18,973;24,164;-527,269;-251,328;15754,54;9,133
09;2025;09;30;15;38;39;1,272;-0,212;-0,9;19,668;19,083;21,657;-151,589;-350,605;15878,37;9,133
09;2025;09;30;15;38;40;1,153;-0,085;0,264;22,716;20,585;20,054;-737,264;1228,808;15773,96;9,133
09;2025;09;30;15;38;40;0,716;-0,204;-0,026;21,203;16,985;24,164;-1009,318;-23,045;15922,08;9,133
09;2025;09;30;15;38;41;0,765;-0,268;-0,082;21,025;18,73;21,928;-514,819;1564,791;15434,1;9,133
09;2025;09;30;15;38;41;0,733;-0,166;-0,195;19,868;20,651;24,367;-401,976;-580,668;15911,98;9,133
09;2025;09;30;15;38;42;0,875;-0,301;0,29;21,003;19,238;21,047;-608,376;294,149;15524,7;9,133
09;2025;09;30;15;38;42;0,914;-0,317;0,168;24,363;24,782;21,228;-509,95;-239,073;15654,32;9,133
09;2025;09;30;15;38;43;0,712;-0,247;0,096;18,778;19,348;21,747;-962,323;-915,839;16048,07;9,133
09;2025;09;30;15;38;44;0,848;-0,279;-0,202;17,554;19,37;24,119;-577,067;961,364;15118,48;9,133
09;2025;09;30;15;38;44;0,915;-0,308;-0,106;22,249;17,515;22,673;-242,745;1169,037;15267,37;9,133
09;2025;09;30;15;38;45;0,829;-0,31;-0,333;23,406;21,999;25,248;-304,135;674,066;15786,8;9,133
09;2025;09;30;15;38;45;0,868;-0,207;-0,027;23,139;19,194;23,328;-817,057;-663,063;15907,66;9,133
09;2025;09;30;15;38;46;0,964;-0,203;-0,014;19,891;19,746;20,257;49,689;-479,978;15668,25;9,133
09;2025;09;30;15;38;46;0,874;-0,178;0,308;20,514;22,396;23,486;254,367;-53,74;15421,64;9,133
09;2025;09;30;15;38;47;0,867;-0,339;-0,053;21,871;21,954;22,493;260,124;-223,139;16187,36;9,133
09;2025;09;30;15;38;47;0,716;-0,243;-0,562;21,448;21,844;22,425;-1074,353;906,886;16453,52;9,138
09;2025;09;30;15;38;48;0,812;-0,315;-0,224;21,048;24,406;22,764;255,298;377,534;15248,49;9,133
09;2025;09;30;15;38;48;1,405;0,018;0,27;22,783;21,866;26,783;363,775;479,265;15352,21;9,133
09;2025;09;30;15;38;49;1,148;-0,255;-0,258;22,16;21,159;25,022;-1691,727;-1895,074;16572,13;9,133
09;2025;09;30;15;38;49;1,11;0,018;-0,01;17,154;19,149;21,318;-643,707;-640,228;15725,37;9,133
09;2025;09;30;15;38;50;0,798;-0,119;0,152;21,582;19,083;21,07;11,335;290,17;15318,42;9,133
09;2025;09;30;15;38;50;1,002;-0,38;-0,111;20,247;19,79;23,193;-344,867;425,979;15664,6;9,133
09;2025;09;30;15;38;51;1,173;-0,222;-0,087;20,158;21,91;19,963;-973,02;181,3;15893,32;9,133
09;2025;09;30;15;38;51;1,254;-0,189;0,099;19,846;19,017;22,741;-502,703;-666,656;15761,97;9,133
09;2025;09;30;15;38;52;1,074;-0,165;-0,091;24,162;19,9;21,07;-926,619;-1340,5;16279,42;9,133
09;2025;09;30;15;38;52;1,194;-0,158;-0,248;20,491;19,481;25,293;-515,426;-1566,222;16746,16;9,133
09;2025;09;30;15;38;53;0,808;-0,108;0,116;22,027;23,258;23,848;606,712;-1951,168;15708,69;9,133
09;2025;09;30;15;38;53;0,798;-0,185;0,102;22,116;21,314;26,4;-402,343;128,221;15131,78;9,133
09;2025;09;30;15;38;54;0,926;-0,247;-0,005;22,583;23,744;22,673;169,619;402,3;16034,38;9,133
09;2025;09;30;15;38;54;0,822;-0,35;-0,068;19,29;20,475;27,438;-304,271;-48,063;15827,12;9,133
09;2025;09;30;15;38;55;0,733;-0,262;-0,4;22,827;23,876;22,448;-743,055;276,096;15882,68;9,133
09;2025;09;30;15;38;55;0,827;-0,257;-0,214;20,936;17,714;22,877;-1409,571;308,652;16339,88;9,133
09;2025;09;30;15;38;56;1,022;-0,196;0,004;19,334;19,481;18,654;-999,72;-100,295;15804,59;9,133
09;2025;09;30;15;38;56;0,831;-0,295;0,287;20,558;20,32;23,148;-915,995;-68,544;16105;9,133
09;2025;09;30;15;38;57;0,793;-0,175;-0,026;20,558;19,68;21,273;-502,988;213,908;15771,98;9,133
09;2025;09;30;15;38;57;0,891;-0,246;0,176;22,36;22,197;23,057;-493,175;-481,345;15696,66;9,133
10;2025;09;30;15;45;10;1,553;-0,11;-0,116;22,672;17,073;17,818;-681,876;-685,708;15831,31;9,058
10;2025;09;30;15;45;11;1,519;-0,076;-0,099;17,332;17,758;19,06;-848,214;-0,747;15621,77;9,058
10;2025;09;30;15;45;11;1,527;-0,073;0,32;20,358;16,322;21,973;-819,061;-294,053;15616,17;9,058
10;2025;09;30;15;45;12;1,632;-0,074;0,272;18,689;17,228;21,522;-524,565;-728,45;15819,06;9,058
10;2025;09;30;15;45;12;1,333;-0,156;-0,32;18,467;16,83;22,357;-548,725;-44,385;15360,48;9,058
10;2025;09;30;15;45;13;1,454;-0,042;0,028;17,554;18,708;20,912;-750,189;-345,36;16082,08;9,058
10;2025;09;30;15;45;13;1,333;-0,007;0,116;18,222;18,023;21,68;-1165,118;-145,499;15903,55;9,058
10;2025;09;30;15;45;14;1,252;0,01;-0,039;18,333;19,9;20,37;-404,954;-26,262;15228,55;9,058
10;2025;09;30;15;45;14;1,506;-0,03;-0,059;17,621;17,824;21,589;-896,958;-356,933;15834,4;9,058
10;2025;09;30;15;45;15;1,531;0,024;-0,02;20,825;15,549;23,328;-532,589;-1012,11;15642,09;9,058
10;2025;09;30;15;45;15;1,415;0,045;-0,066;17,332;19,724;20,641;-1049,38;-707,331;15982,26;9,058
10;2025;09;30;15;45;16;1,581;-0,139;-0,2;17,354;19,525;22,831;-841,617;-302,439;15527,14;9,058
10;2025;09;30;15;45;16;1,463;-0,043;0,001;19,423;18,376;20,212;-1134,598;-165,256;15506,16;9,058
10;2025;09;30;15;45;17;1,334;0,111;0,741;22,294;19,724;18,879;-916,664;-47,024;15742,56;9,058
10;2025;09;30;15;45;17;1,451;0,042;0,176;20,603;19,768;20,347;-1210,146;-35,925;15979,29;9,058
10;2025;09;30;15;45;18;1,422;-0,069;-0,022;18,444;17,25;21,499;-590,827;-376,577;15366,66;9,058
10;2025;09;30;15;45;18;1,341;0,004;0,128;18,378;18,487;22,989;-1033,665;-242,324;15987,69;9,058
10;2025;09;30;15;45;19;1,494;-0,039;-0,204;21,359;15,748;20,257;-1237,021;72,304;15656,14;9,058
10;2025;09;30;15;45;19;1,296;0,006;-0,023;19,601;20,077;20,121;-743,101;-900,113;16370,03;9,058
10;2025;09;30;15;45;20;1,578;-0,029;-0,103;19,957;17,78;23,08;-396,536;-495,144;15294,93;9,058
10;2025;09;30;15;45;20;1,218;-0,184;-0,084;18,734;20,033;18,541;-693,996;-665,389;15712,06;9,058
10;2025;09;30;15;45;21;1,311;0,005;-0,13;17,71;19,9;20,551;-480,18;-507,688;15429,1;9,058
10;2025;09;30;15;45;21;1,256;-0,028;-0,224;16,286;17,559;21,228;-876,46;-288,143;15675,46;9,058
10;2025;09;30;15;45;22;1,382;0,075;0,133;19,09;21,204;18,473;-728,675;-444,009;15895,83;9,058
10;2025;09;30;15;45;22;1,264;-0,025;0,35;20,736;18,906;23,69;-491,478;-767,44;15876,37;9,058
10;2025;09;30;15;45;23;1,072;-0,059;0,151;21,404;16,786;20,754;-1241,929;-132,889;16055,86;9,058
10;2025;09;30;15;45;23;1,644;-0,025;0,097;18,6;18,884;21,838;-1331,266;91,97;15949,47;9,058
10;2025;09;30;15;45;24;1,625;0,047;0,126;20,469;19,083;21,951;-1071,174;78,083;15878,21;9,058
10;2025;09;30;15;45;24;1,46;-0,179;0,049;20,158;18,487;20,144;-954,964;-136,825;15720,7;9,058
10;2025;09;30;15;45;25;1,597;-0,073;-0,313;17,955;19,856;19,399;-461,813;-860,597;15469,42;9,058
10;2025;09;30;15;45;25;1,48;-0,02;-0,244;18,467;16,698;20,776;-878,662;429,738;15274,01;9,058
10;2025;09;30;15;45;26;1,486;0,02;-0,124;21,96;21,734;21,612;-1203,205;-438,135;16035,33;9,058
10;2025;09;30;15;45;26;1,583;0,056;-0,373;19,624;19,481;20,573;-1000,077;-219,587;15658,12;9,058
10;2025;09;30;15;45;27;1,241;-0,059;-0,015;23,028;19,039;19,602;-331,59;-1267,039;15878,85;9,058
10;2025;09;30;15;45;27;1,222;-0,128;-0,078;17,354;19,127;17,05;-1136,11;203,104;15641,32;9,058
10;2025;09;30;15;45;28;1,523;-0,077;-0,186;19,601;17,14;19,805;-626,335;-337,91;15920,03;9,058
10;2025;09;30;15;45;28;1,449;-0,048;-0,039;20,514;19,238;19,512;-263,001;-1083,661;15397,56;9,058
10;2025;09;30;15;45;29;1,516;-0,1;-0,216;16,82;16,322;17,253;-987,156;-663,166;15899,51;9,058
10;2025;09;30;15;45;29;1,488;-0,067;-0,136;19,757;17,206;20,325;-1114,715;-277,875;15821,38;9,058
10;2025;09;30;15;45;30;1,413;-0,058;-0,069;19,112;22,286;19,489;-732,394;-736,63;15769,02;9,058
10;2025;09;30;15;45;30;1,455;-0,076;-0,255;20,224;20,938;21,77;-1498,171;-364,495;15694,57;9,058
10;2025;09;30;15;45;31;1,428;-0,046;-0,041;19,668;20,784;19,918;-1254,211;-470,864;16543,96;9,058
10;2025;09;30;15;45;31;1,463;0,009;0,08;21,871;18,951;20,212;-766,687;-158,359;15810,4;9,058
10;2025;09;30;15;45;32;1,273;-0,009;-0,056;19,557;20,541;21,476;-805,883;-465,975;15602,1;9,058
10;2025;09;30;15;45;32;1,232;0,066;0,023;18,4;19,9;20,483;-650,269;-411,579;15620,7;9,058
10;2025;09;30;15;45;33;1,161;-0,049;0,24;18,044;19,503;20,528;-1224,9;-447,685;16103,5;9,058
10;2025;09;30;15;45;33;1,427;0,016;0,017;19,846;19,282;20,099;-838,716;-779,777;15995,17;9,058
10;2025;09;30;15;45;34;1,236;0,021;-0,083;21,582;16,101;19,196;-504,474;-1071,759;15609,17;9,058
10;2025;09;30;15;45;34;1,383;-0,106;-0,007;17,621;18,266;18,405;-760,466;-468,975;16209,15;9,058
10;2025;09;30;15;45;35;1,291;-0,024;-0,215;20,58;20,254;19,986;-848,338;-626,785;15870,98;9,058
10;2025;09;30;15;45;35;1,414;0,006;0,109;18,333;17,758;19,76;-807,547;-622,615;15640,33;9,058
10;2025;09;30;15;45;36;1,369;-0,159;-0,994;17,287;17,073;18,202;-1092,22;163,207;16090,71;9,058
10;2025;09;30;15;45;36;1,376;-0,03;0,348;15,241;20,21;21,499;-1014,292;121,294;15560,58;9,058
10;2025;09;30;15;45;37;1,422;-0,015;-0,102;19,112;19,724;20,822;-1497,663;713,319;15748,49;9,058
10;2025;09;30;15;45;37;1,509;-0,142;-0,214;19,29;17,515;19,896;-300,454;-1515,578;15366,37;9,058
10;2025;09;30;15;45;38;1,488;-0,002;-0,156;17,354;17,405;21,251;-1025,391;-428,114;15799,27;9,058
10;2025;09;30;15;45;38;1,676;-0,041;-0,04;18,867;19,68;21,589;-518,474;-254,563;15316,25;9,058
10;2025;09;30;15;45;39;1,323;-0,083;-0,009;16,353;14,577;19,986;-1014,942;-96,955;15605,34;9,058
10;2025;09;30;15;45;39;1,319;-0,022;-0,058;18,133;19,591;18,857;-1381,36;84,987;16040,99;9,058
10;2025;09;30;15;45;40;1,326;0,038;0,151;19,646;16,852;22,131;-834,359;-337,665;15445,77;9,058
10;2025;09;30;15;43;54;1,428;-0,079;0,065;20,647;18,73;20,912;-539,551;2387,189;15021,35;9,058
10;2025;09;30;15;43;55;1,454;-0,1;0,132;17,043;18,995;21,612;-661,915;-979,305;16051,46;9,058
10;2025;09;30;15;43;55;0,916;-0,131;0,019;20,402;15,925;17,728;13,67;419,657;15263,53;9,058
10;2025;09;30;15;43;56;1,055;0,056;0,047;19,468;18,575;20,483;-977,671;609,315;15628,78;9,058
10;2025;09;30;15;43;56;1,18;-0,066;-0,376;20,224;20,188;22,109;77,992;-438,192;15518,93;9,058
10;2025;09;30;15;43;57;1,022;-0,122;0,274;19,913;19,149;21,431;-252,167;296,132;15272,94;9,058
10;2025;09;30;15;43;57;1,157;-0,106;-0,489;20,847;17,979;23,373;72,449;1615,362;14983,92;9,058
10;2025;09;30;15;43;58;1,16;-0,224;-0,718;19,268;21,667;21,341;-191,667;-231,738;15408,42;9,058
10;2025;09;30;15;43;58;1,45;-0,053;-0,033;17,71;18,111;21,476;-1849,601;67,06;16084,34;9,058
10;2025;09;30;15;43;59;1,186;-0,037;-0,144;18,711;18,354;22,289;-1757,148;-1367,039;16663,53;9,058
10;2025;09;30;15;43;59;0,952;-0,075;0,318;21,893;18,906;21,476;919,891;-312,755;15254,52;9,058
10;2025;09;30;15;44;00;1,118;0,014;-0,001;21,137;17,338;22,064;-195,728;-402,6;15599,5;9,058
10;2025;09;30;15;44;00;1,425;0,051;0,024;17,176;20,497;21,883;367,684;-2176,995;15445,04;9,058
10;2025;09;30;15;44;01;1,184;-0,024;0,193;21,493;19,569;20,776;-68,888;-365,853;15390,92;9,058
10;2025;09;30;15;44;01;1,188;-0,082;0,407;21,025;20,298;20,663;-36,013;-1687,368;15474,82;9,058
10;2025;09;30;15;44;02;1,1;-0,001;0,067;20,158;18,332;21,431;-662,229;575,532;15359,61;9,058
10;2025;09;30;15;44;03;1,3;-0,174;-0,141;19,713;19,105;17,118;-146,605;491,705;15001,5;9,058
10;2025;09;30;15;44;03;1,412;0,019;0,219;21,07;16,256;21,928;-1993,775;-1297,049;16788,09;9,058
10;2025;09;30;15;44;03;0,976;-0,105;-0,067;18,155;17,493;19,805;-845,529;-2022,295;16241,36;9,058
10;2025;09;30;15;44;04;1,266;0,142;0,704;20,113;18,619;21,296;176,847;-2011,31;15682,53;9,058
10;2025;09;30;15;44;05;0,664;-0,092;0,649;21,381;18,156;21,025;997,762;-2335,233;14826,6;9,058
10;2025;09;30;15;44;05;0,741;-0,113;0,312;20,692;17,736;22,651;-271,869;-115,209;15702,32;9,058
10;2025;09;30;15;44;06;0,836;0,016;0,171;20,847;17,537;19,896;198,135;769,913;15044,84;9,058
10;2025;09;30;15;44;06;1,331;0,088;0,162;20,158;18,222;18,631;-66,839;-1738,726;15621,45;9,058
10;2025;09;30;15;44;07;0,742;-0,167;0,121;20,447;21,071;18,834;501,329;667,308;15108,65;9,058
10;2025;09;30;15;44;07;1,293;-0,095;-0,024;18,912;18,619;19,376;551,253;-2129,887;15592,96;9,058
10;2025;09;30;15;44;08;1,25;0,03;-0,144;21,203;16,632;19,444;-757,878;1550,236;15400,43;9,058
10;2025;09;30;15;44;08;1,334;-0,183;-0,446;19,223;17,846;18,744;-1037,691;38,238;15598,91;9,058
10;2025;09;30;15;44;09;1,597;-0,111;-0,454;20,447;18,156;20,46;-1000,042;2194,532;15448,17;9,058
10;2025;09;30;15;44;09;1,092;0,091;-0,038;19,223;18,884;19,128;-587,31;1063,844;15432,98;9,058
10;2025;09;30;15;44;10;0,984;-0,133;-0,333;18,333;18,664;17,321;-647,381;4602,962;14356,19;9,058
10;2025;09;30;15;44;10;1,5;-0,083;-0,328;18,645;16,256;21,544;66,538;-1201,774;15165,91;9,058
10;2025;09;30;15;44;11;1,403;0,045;-0,261;20,113;20,342;22,335;-964,314;-1568,292;16022,84;9,058
10;2025;09;30;15;44;11;1,221;0,076;0,353;17,488;19,238;21,07;-657,107;-944,085;15884,81;9,058
10;2025;09;30;15;44;12;1,251;0,034;-0,057;21,203;17,14;18,766;-1955,893;-2127,251;17154,42;9,058
10;2025;09;30;15;44;12;1,458;-0,088;0,063;18,912;15,814;17,795;-1412,674;-974,325;16570,8;9,058
10;2025;09;30;15;44;13;1,405;-0,069;-0,295;19,156;17,846;21,657;-366,612;1027,463;14820,29;9,058
10;2025;09;30;15;44;13;1,267;-0,077;-0,075;21,292;17,714;19,76;-935,429;259,53;15797,08;9,058
10;2025;09;30;15;44;14;0,893;0,114;0,15;18,734;19,525;18,247;-1541,517;-1415,796;16344,25;9,058
10;2025;09;30;15;44;14;1,069;0,081;0,595;18,934;19,724;21,725;-61,086;-1276,921;15915,26;9,058
10;2025;09;30;15;44;15;0,953;-0,047;0,01;18,956;18,487;21,409;-165,428;964,321;14860,46;9,058
10;2025;09;30;15;44;15;1,058;-0,003;-0,236;19,98;17,294;21,251;-1195,597;-1226,655;16137,42;9,058
10;2025;09;30;15;44;16;1,129;0,061;-0,051;19,357;17,029;21,476;-363,663;-2129,499;15825,34;9,058
10;2025;09;30;15;44;16;0,905;0,006;-0,181;22,449;15,13;17,434;-510,204;-2283,937;16446,92;9,058
10;2025;09;30;15;44;17;0,913;0,007;-0,038;16,375;18,023;24,164;263,35;-111,427;15008,04;9,058
10;2025;09;30;15;44;17;0,872;-0,028;-0,085;20,358;14,644;21,409;-976,312;-687,547;15969,97;9,058
10;2025;09;30;15;44;18;1,337;-0,193;-0,458;19,824;21,778;19,941;-1147,018;1362,351;15634,34;9,058
10;2025;09;30;15;44;18;1,288;-0,016;-0,11;17,087;15,616;22,289;-1025,076;-325,448;16167,5;9,058
10;2025;09;30;15;44;19;1,356;0,04;0,39;20,514;18,708;24,39;-241,178;-2688,277;15933,72;9,058
10;2025;09;30;15;44;19;1,006;0,036;0,31;17,821;20,408;21,205;-1907,928;-3120,976;17262,78;9,058
10;2025;09;30;15;44;20;1,045;-0,028;-0,297;18,934;18,531;23,035;-1313,797;3124,652;14734,05;9,058
10;2025;09;30;15;44;20;1,187;0,002;-0,146;20,091;16,035;22,018;-1823,231;-391,913;16141,99;9,058
10;2025;09;30;15;44;21;1,197;-0,152;-0,392;23,272;17,67;18,676;-1883,484;118,469;16339,44;9,058
10;2025;09;30;15;44;21;1,163;0,012;0,37;18,289;20,055;20,596;-981,949;47,016;15532,79;9,058
10;2025;09;30;15;44;22;1,49;0,021;0,176;18,845;20,254;16,96;-736,726;-2386,688;16373,69;9,058
10;2025;09;30;15;44;22;1,299;0,031;0,627;20,803;19,613;20,573;228,361;-796,382;15468,87;9,058
10;2025;09;30;15;44;23;1,164;-0,017;-0,097;17,599;18,31;20,663;-614,712;1580,122;14871,94;9,058
10;2025;09;30;15;44;23;1,277;0,052;-0,135;20,736;20,497;19,873;-1301,539;-201,295;15929,01;9,058
10;2025;09;30;15;44;24;1,521;-0,014;-0,371;18,823;19,304;19,444;-1677,765;-660,963;16353,52;9,058
10;2025;09;30;15;44;24;0,874;-0,125;-0,038;18,978;20,298;23,531;-697,407;2041,57;14471,29;9,058
10;2025;09;30;15;42;30;0,936;-0,013;0,154;18,044;20,342;20,799;-332,433;-213,519;15584,01;9,095
10;2025;09;30;15;42;30;0,928;0,006;-0,16;22,716;22,882;20,189;-389,945;-171,408;15589,21;9,095
10;2025;09;30;15;42;31;0,964;-0,141;-0,242;19,713;18,619;19,692;-746,313;369,86;15759,84;9,095
10;2025;09;30;15;42;31;1,153;-0,19;-0,065;20,291;18,641;21,205;-1205,251;-323,654;16173,31;9,095
10;2025;09;30;15;42;32;0,589;-0,194;0,025;21,203;21,491;21,047;-317,305;1247,946;15413,07;9,095
10;2025;09;30;15;42;32;1,06;-0,202;-0,212;19,179;18,111;22,538;-240,422;-841,401;15773,32;9,095
10;2025;09;30;15;42;33;0,877;-0,115;-0,223;19,268;16,543;22,018;-477,665;-638,735;15755,21;9,095
10;2025;09;30;15;42;33;0,814;-0,089;0,155;17,065;16,146;21,341;-1091,4;1799,37;15467,43;9,095
10;2025;09;30;15;42;34;1,051;-0,059;-0,003;16,909;18,376;20,031;-671,229;578,422;15507;9,095
10;2025;09;30;15;42;34;0,839;-0,076;0,178;22,116;20,784;22,131;-804,626;-162,185;16022,75;9,095
10;2025;09;30;15;42;35;0,728;-0,219;0,172;21,648;24,936;23,08;-630,005;-665,024;15862,99;9,095
10;2025;09;30;15;42;35;0,893;-0,06;0,311;20,58;18,531;21,567;-542,773;-725,657;16235,06;9,095
10;2025;09;30;15;42;36;0,789;-0,203;-0,444;19,646;17,537;21,341;-202,104;48,744;15539,72;9,095
10;2025;09;30;15;42;36;0,626;-0,158;0,273;22,116;19,503;19,421;-653,766;732,115;15592,86;9,095
10;2025;09;30;15;42;37;0,645;-0,098;-0,524;20,603;19,613;21,476;-1029,74;1609,347;15017,37;9,095
10;2025;09;30;15;42;37;0,516;-0,159;0,156;20,069;20,077;18,789;-1268,166;906,412;15239,17;9,095
10;2025;09;30;15;42;38;0,692;-0,172;0,094;22,939;20,475;21,115;-803,458;-219,961;16019,5;9,095
10;2025;09;30;15;42;38;1,082;-0,397;-0,458;19,312;19,459;22,786;-282,764;24,366;15693,82;9,095
10;2025;09;30;15;42;39;0,933;-0,263;-0,161;20,224;20,541;22,131;-865,605;1231,335;15303,16;9,095
10;2025;09;30;15;42;39;0,877;-0,206;0,346;19,713;18,465;20,009;-36,903;209,742;14832,59;9,095
10;2025;09;30;15;42;40;0,808;-0,208;-0,12;19,401;19,061;22,47;-811,638;-4493,126;16795,27;9,095
10;2025;09;30;15;42;40;1,287;-0,28;-0,69;18,355;21,336;21,522;-791,724;-526,293;15447,17;9,095
10;2025;09;30;15;42;41;0,96;-0,133;0,204;21,003;19,392;21,093;340,011;-1328,76;16371,75;9,095
10;2025;09;30;15;42;41;0,964;-0,097;-0,276;18,133;18,133;18,27;-17,476;-1727,202;16729,46;9,095
10;2025;09;30;15;42;42;0,894;-0,293;-0,164;18,489;19,459;22,854;-1517,489;180,711;16544,39;9,095
10;2025;09;30;15;42;42;0,939;-0,312;-0,285;16,331;17,648;22,154;-788,514;409,317;15490,49;9,095
10;2025;09;30;15;42;43;0,911;-0,262;0,206;19,512;17,162;19,941;-648,037;-1326,69;16121,68;9,095
10;2025;09;30;15;42;43;0,886;-0,217;-0,439;18,244;18,708;19,625;-559,21;-310,045;15667,55;9,095
10;2025;09;30;15;42;44;0,758;-0,244;-0,586;18,244;19,083;19,15;143,14;573,653;15562,66;9,095
10;2025;09;30;15;42;44;0,936;-0,411;-0,582;19,868;17,802;20,912;-868,945;-209,961;15827,52;9,095
10;2025;09;30;15;42;45;0,673;-0,187;-0,152;21,493;18,796;19,421;-1044,347;324,906;15748,96;9,095
10;2025;09;30;15;42;45;0,941;-0,099;-0,135;17,488;20,541;20,167;-1021,925;502,751;15464,62;9,095
10;2025;09;30;15;42;46;0,819;-0,17;-0,179;19,735;17,913;20,438;1,264;-597,689;15448,56;9,095
10;2025;09;30;15;42;46;0,739;-0,119;0,138;20,158;19,989;22,493;-1230,238;-694,735;16065,89;9,095
10;2025;09;30;15;42;47;0,846;-0,214;0,103;19,446;21,005;20,596;-313,075;-1419,363;15783;9,095
10;2025;09;30;15;42;47;1,118;-0,105;0,103;16,709;17,405;20,37;-1922,881;-1377,923;16715,58;9,095
10;2025;09;30;15;42;48;0,825;-0,236;0,303;20,425;17,714;21,476;-1153,747;-13,612;15965,22;9,095
10;2025;09;30;15;42;48;0,616;-0,205;0,259;17,866;17,073;20,054;-537,046;27,814;15713,55;9,095
10;2025;09;30;15;42;49;0,869;-0,355;-0,091;18,155;19,238;22,583;-1038,887;-354,395;15998,83;9,095
10;2025;09;30;15;42;49;0,714;-0,454;-0,266;18,778;21,204;23,87;-1005,136;821,521;15684,98;9,095
10;2025;09;30;15;42;50;0,891;-0,389;0,115;19,846;19,348;21,002;-541,574;-837,392;15644,39;9,095
10;2025;09;30;15;42;50;1,051;-0,179;0,049;25,186;18,796;26,896;-962,31;-60,878;16176,83;9,095
10;2025;09;30;15;42;51;0,84;-0,246;-0,093;20,291;20,32;23,757;-420,744;610,48;15401,49;9,095
10;2025;09;30;15;42;51;0,796;-0,308;-0,067;20,625;17,117;21,635;-616,626;-670,793;15753,95;9,095
10;2025;09;30;15;42;52;0,847;-0,27;-0,153;19,423;16,963;20,957;-1026,249;-257,5;15891,96;9,095
10;2025;09;30;15;42;52;0,405;-0,263;0,088;21,114;23,501;21,183;-173,922;-1141,956;16072,78;9,095
10;2025;09;30;15;42;53;0,582;-0,342;-0,441;20,069;19,945;18,518;-779,428;1905,233;15211,2;9,095
10;2025;09;30;15;42;53;0,528;-0,3;0,089;22,805;20,143;21,386;-766,061;-289,356;15663;9,095
10;2025;09;30;15;42;54;0,734;-0,234;0,289;21,938;15,041;21,522;-874,104;-423,141;16052,78;9,095
10;2025;09;30;15;42;54;0,834;-0,21;0,073;21,515;18,067;22,967;-432,096;404,233;15402,87;9,095
10;2025;09;30;15;42;55;1,056;-0,346;-0,132;20,669;20,762;20,528;-526,976;-2366,512;16195,2;9,095
10;2025;09;30;15;42;55;0,703;-0,232;-0,148;21,849;20,85;21,386;-1044,887;-333,645;16531,69;9,095
10;2025;09;30;15;42;56;1,072;-0,433;-0,206;18,556;18,73;19,286;-788,329;-521,118;16034,03;9,095
10;2025;09;30;15;42;56;0,964;-0,283;-0,418;19,779;21,358;21,341;-1515,74;-140,167;15625,68;9,095
10;2025;09;30;15;42;57;0,782;-0,273;0,171;20,603;19,834;21,454;-1914,193;-1028,109;16369,01;9,095
10;2025;09;30;15;42;57;0,974;-0,294;-0,013;21,114;20,74;21,409;-1207,941;270,092;15690,64;9,095
10;2025;09;30;15;42;58;0,707;-0,234;0,62;20,046;19,945;19,625;-1566,908;-300,22;16354,04;9,095
10;2025;09;30;15;42;58;0,765;-0,328;-0,39;21,626;18,2;19,173;-429,355;723,118;15769,25;9,095
10;2025;09;30;15;42;59;0,813;-0,343;0,194;23,539;19,945;23,577;-432,243;-629,139;15691,07;9,095
10;2025;09;30;15;42;59;1,009;-0,281;0,149;20,046;20,364;22,154;-801,641;-1276,479;16272,67;9,095
11;2025;09;30;15;48;45;1,515;0,203;2,784;19,957;16,83;0,452;-925,523;-782,127;15905,98;9,058
11;2025;09;30;15;48;45;1,379;0,224;-0,717;18,289;20,961;0,768;-1104,335;-60,213;15820,64;9,053
11;2025;09;30;15;48;46;1,435;0,188;3,996;20,336;17,427;0,497;-993,062;-94,141;15751,91;9,058
11;2025;09;30;15;48;46;1,332;0,167;-2,08;18,066;16,19;0,723;-970,895;-556,798;15995,64;9,053
11;2025;09;30;15;48;47;1,491;0,1;1,03;17,999;18,001;0,587;-491,012;-518,699;15714,19;9,058
11;2025;09;30;15;48;47;1,393;0,122;-0,506;18,088;18,332;3,297;-497,565;-928,844;15976,69;9,058
11;2025;09;30;15;48;48;1,37;0,179;-0,128;19,535;17,581;3,862;-865,463;-668,42;15878,85;9,052
11;2025;09;30;15;48;48;1,46;0,153;0,146;16,931;16,565;8,875;-768,693;-500,223;15740,77;9,048
11;2025;09;30;15;48;49;1,384;0,185;-0,005;17,243;18,509;21,996;-1503,987;453,877;15675,39;9,052
11;2025;09;30;15;48;49;1,326;0,145;-0,028;17,933;19,569;20,867;-533,692;-869,119;16029,6;9,053
11;2025;09;30;15;48;50;1,411;0,152;0,094;17,043;20,651;23,757;-946,569;15,579;15656,26;9,052
11;2025;09;30;15;48;50;1,321;0,15;0,07;19,757;18,708;21,793;-614,466;-961,885;15925,17;9,053
11;2025;09;30;15;48;51;1,49;0,076;-0,013;19,646;19,746;19,85;-918,07;-342,441;15918,71;9,052
11;2025;09;30;15;48;51;1,379;0,185;0,029;19,935;17,184;20,822;-760,548;-504,689;15810,87;9,053
11;2025;09;30;15;48;52;1,646;0,128;-0,519;19,802;16,808;22,38;-654,843;-608,236;15761,37;9,047
11;2025;09;30;15;48;52;1,438;0,187;-0,146;19,112;20,938;19,286;-557,113;-713,976;15908,79;9,048
11;2025;09;30;15;48;53;1,21;0,191;0,381;17,465;19,105;20,596;-679,101;-503,569;15777,77;9,052
11;2025;09;30;15;48;53;1,441;0,076;-0,15;17,243;19,9;20,934;-1221,186;305,465;15680;9,058
11;2025;09;30;15;48;54;1,516;0,207;-0,242;18,934;19,017;22,922;-1087,567;-660,934;15837,38;9,052
11;2025;09;30;15;48;54;1,367;0,117;-0,139;20,803;16,455;19,941;-888,724;-846,335;16096,9;9,058
11;2025;09;30;15;48;55;1,44;0,119;0,007;21,292;15,483;21,635;-864,49;-435,831;15963,86;9,052
11;2025;09;30;15;48;55;1,327;0,168;0,108;18,4;18,465;19,15;-918,657;-163,003;15976,66;9,053
11;2025;09;30;15;48;56;1,507;0,176;-0,274;17,844;18,884;19,896;-619,02;-716,744;15763,34;9,047
11;2025;09;30;15;48;56;1,244;0,211;0,115;22,071;19,79;17,863;-1102,919;-158,386;15924,41;9,058
11;2025;09;30;15;48;57;1,403;0,095;-0,043;19,201;18,045;20,189;-555,944;-689,297;15767,47;9,058
11;2025;09;30;15;48;57;1,308;0,056;-0,209;19,201;18,465;23,825;-909,6;-478,007;15916,28;9,058
11;2025;09;30;15;48;58;1,472;0,145;-0,155;19,29;19,702;22,989;-947,597;-348,866;16001,1;9,058
11;2025;09;30;15;48;58;1,411;0,099;-0,163;21,604;18,001;19,105;-826,409;-395,448;15780,86;9,048
11;2025;09;30;15;48;59;1,07;0,164;-0,276;20,914;17,603;21,77;-880,429;-632,805;15853,06;9,058
11;2025;09;30;15;48;59;1,322;0,184;0,026;15,574;17,36;18,292;-619,788;-295,054;15729,24;9,058
11;2025;09;30;15;49;00;1,35;0,317;-0,154;18,956;20,232;20,663;-795,871;-172,491;15588,88;9,052
11;2025;09;30;15;49;00;1,366;0,224;0,361;18,422;18,266;14,363;-937,07;-150,464;15818,4;9,058
11;2025;09;30;15;49;01;1,238;0,308;5,157;20,135;16,941;-0,316;-705,572;-138,291;15533,48;9,058
11;2025;09;30;15;49;01;1,214;0,268;3,344;20,269;20,762;0,158;-322,246;-847,414;15709,34;9,058
11;2025;09;30;15;49;02;1,53;0,087;3,511;19,09;17,493;0,565;-879,418;-74,557;15856,81;9,058
11;2025;09;30;15;49;02;1,511;0,236;-4,484;17,554;20,077;0,339;-1015,155;-434,973;15843,41;9,058
11;2025;09;30;15;49;03;1,271;0,286;0,772;19,401;17,007;0,158;-879,71;-457,966;15907,09;9,058
11;2025;09;30;15;49;03;1,373;0,101;1,269;20,336;18,2;0,474;-830,632;-216,693;15599,64;9,058
11;2025;09;30;15;49;04;1,445;0,162;-1,011;18,467;17,051;0,61;-584,754;-519,576;15720,99;9,052
11;2025;09;30;15;49;04;1,43;0,121;1,172;16,064;20,651;0,677;-496,69;-1066,555;15773,11;9,058
11;2025;09;30;15;49;05;1,208;0,179;0,681;17,643;18,443;-0,135;-767,334;-467,011;15948,5;9,058
11;2025;09;30;15;49;05;1,19;0,221;-0,169;17,043;21,027;7,588;-511,023;-944,751;16008,96;9,058
11;2025;09;30;15;49;06;1,264;0,14;0,25;21,582;16,234;18,179;-738,743;-564,136;15833,67;9,058
11;2025;09;30;15;49;06;1,483;0,146;-0,29;23,005;17,25;23,622;-1107,039;-384,276;16060,46;9,058
11;2025;09;30;15;49;07;1,382;0,05;-0,107;19,134;19,26;22,583;-759,317;23,41;15727,15;9,058
11;2025;09;30;15;49;07;1,243;0,163;-0,013;23,517;19,657;18,134;-426,92;-773,513;15793,95;9,058
11;2025;09;30;15;49;08;1,316;0,118;0,056;20,669;18,067;18,97;-1126,904;-257,394;15967,31;9,058
11;2025;09;30;15;49;08;1,537;0,243;0,09;17,999;18,266;7,994;-936,49;-51,614;15636,6;9,058
11;2025;09;30;15;49;09;1,355;0,061;2,082;20,135;19,039;-0,316;-366,95;-1123,279;15944,55;9,058
11;2025;09;30;15;49;09;1,194;0,022;0,412;18,289;18,288;0,542;-1063,411;86,466;15660,04;9,058
11;2025;09;30;15;49;10;1,24;0,153;-2,91;20,024;17,714;0,745;-570,025;-876,12;15965,11;9,058
11;2025;09;30;15;49;10;1,42;0,205;5,113;17,265;17,073;0,294;-672,769;-554,957;15961,86;9,058
11;2025;09;30;15;49;11;1,426;0,164;1,738;19,446;19,68;1,061;-899,301;-682,224;15940,79;9,058
11;2025;09;30;15;49;11;1,453;0,164;0,389;18,934;20,961;1,174;-948,028;-9,034;15801,86;9,058
11;2025;09;30;15;49;12;1,376;0,164;0,283;19,98;16,521;5,217;-438,813;-703,28;15779,25;9,058
11;2025;09;30;15;49;12;1,458;0,219;-0,102;20,336;17,316;15,447;-1154,823;239,332;15657,23;9,058
11;2025;09;30;15;49;13;1,63;0,199;0,148;17,332;19,503;20,234;-598,506;-584,659;15818,15;9,058
11;2025;09;30;15;49;13;1,279;0,033;-0,034;20,625;19,481;19,489;-854,098;-864,023;16159,25;9,058
11;2025;09;30;15;49;14;1,552;0,165;-0,03;19,134;18,067;20,144;-878,725;-419,71;15741,81;9,058
11;2025;09;30;15;49;14;1,504;0,24;-0,149;16,954;18,332;20,099;-818,008;-520,996;15795,11;9,058
11;2025;09;30;15;47;49;1,228;-0,004;-0,535;19,357;19,238;24,412;-966,464;-5,168;15814,35;9,058
11;2025;09;30;15;47;50;1,53;0,163;-0,372;17,799;19,503;21,138;-1175,659;88,535;16107,97;9,058
11;2025;09;30;15;47;50;1,372;0,091;0,467;17,599;16,698;19,241;-1293,403;577,804;15924,83;9,058
11;2025;09;30;15;47;51;1,509;0,125;-0,251;17,777;20,232;20,799;-659,874;-579,231;15810,28;9,058
11;2025;09;30;15;47;51;1,34;0,094;-0,061;18,978;18,708;21,906;-364,18;-155,192;15454,06;9,058
11;2025;09;30;15;47;52;0,963;-0,209;-0,113;18,022;18,045;22,493;-992,125;450,201;15713,62;9,058
11;2025;09;30;15;47;52;1,109;0,055;-0,046;18,556;19,172;22,244;-557,387;-59,552;15552,78;9,058
11;2025;09;30;15;47;53;0,969;0,022;0,396;19,646;18,862;19,218;-1284,403;-920,27;16207,89;9,058
11;2025;09;30;15;47;53;0,915;0,064;0,082;17,643;17,272;19,828;-904,954;263,232;15736,46;9,058
11;2025;09;30;15;47;54;0,808;0,004;0,009;18,111;18,509;20,528;-1026,942;-841,07;15878,65;9,058
11;2025;09;30;15;47;54;0,92;0,032;-0,217;16,998;18,001;21,589;-839,89;39,124;15612,5;9,058
11;2025;09;30;15;47;55;1,214;0,023;-0,951;18,645;18,796;24,164;-839,136;-889,653;15927,68;9,058
11;2025;09;30;15;47;55;1,124;-0,038;-0,459;16,931;20,43;19,579;-192,416;231,166;15232,43;9,058
11;2025;09;30;15;47;56;0,909;-0,106;0,458;21,07;18,178;21,183;-361,513;-755,391;15783,68;9,058
11;2025;09;30;15;47;56;1,031;-0,059;0,157;17,844;17,824;19,783;-840,724;-461,009;15916,32;9,058
11;2025;09;30;15;47;57;1,282;0,053;0,069;20,024;16,919;22,154;-537,083;-198,041;15507,54;9,058
11;2025;09;30;15;47;57;1,275;0,073;-0,078;19,29;19,149;19,218;-828,868;-342,295;15879,92;9,058
11;2025;09;30;15;47;58;1,195;0,078;-0,347;22,205;16,698;19,715;-739,44;-535,964;15811,44;9,058
11;2025;09;30;15;47;58;0,901;0,035;0,363;20,825;17,979;21,951;-664,994;791,84;15532,92;9,058
11;2025;09;30;15;47;59;1,485;0,02;-0,606;21,648;18,84;19,579;-1152,109;-68,176;15916,76;9,058
11;2025;09;30;15;47;59;1,08;0,091;-0,55;19,001;18,31;22,515;-722,919;-297,991;15847,22;9,058
11;2025;09;30;15;48;00;1,208;0,161;0,098;18,289;20,143;22,538;-351,462;-813,565;15756,72;9,058
11;2025;09;30;15;48;00;1,188;-0,02;-0,123;16,954;16,411;21,002;-712,229;-277,443;15952,02;9,058
11;2025;09;30;15;48;01;1,352;-0,044;-0,276;18,778;18,2;20,28;-1042,093;-66,035;15820,8;9,058
11;2025;09;30;15;48;01;1,225;0,013;0,145;19,379;16,521;20,551;-328,255;191,081;15303,89;9,058
11;2025;09;30;15;48;02;1,349;-0,043;0,014;20,002;18,067;20,912;-308,69;-433,752;15533,95;9,058
11;2025;09;30;15;48;02;1,076;-0,036;-0,178;19,023;15,417;21,07;-333,188;265,881;15403,14;9,058
11;2025;09;30;15;48;03;1,285;0,028;-0,027;19,156;17,935;22,177;-707,022;-718,125;15746,71;9,058
11;2025;09;30;15;48;03;1,41;0,102;0,239;20,336;19,967;19,534;-1140,659;266,198;15852,79;9,058
11;2025;09;30;15;48;04;0,953;-0,016;-0,15;17,821;20,342;21,251;-538,613;-784,575;15842,06;9,058
11;2025;09;30;15;48;04;0,712;-0,007;-0,372;20,18;19,613;21,318;-701,624;-515,383;16056,86;9,058
11;2025;09;30;15;48;05;0,973;0,105;0,2;16,264;19,105;19,783;-584,391;-104,228;15473,82;9,058
11;2025;09;30;15;48;05;1,259;0,029;-0,212;19,668;18,487;21,86;-1214,596;-301,956;16205,78;9,058
11;2025;09;30;15;48;06;1,221;0,011;-0,164;20,135;18,443;20,076;-1604,854;-512,815;16116,33;9,058
11;2025;09;30;15;48;06;0,973;0,079;0,348;20,38;18,266;20,528;-890,67;-797,484;15874,27;9,058
11;2025;09;30;15;48;07;0,872;0,004;-0,373;18,4;20,386;17,457;-188,872;-312,069;15499,88;9,058
11;2025;09;30;15;48;07;0,947;0,033;-0,104;20,781;17,89;22,267;-119,48;-1591,065;15651,35;9,058
11;2025;09;30;15;48;08;1,216;0,072;-0,105;20,781;17,824;21,318;-468,141;-1082,24;15847,43;9,058
11;2025;09;30;15;48;08;1,14;0,036;-0,096;19,134;18,398;17,592;-429,863;348,245;15465,6;9,058
11;2025;09;30;15;48;09;1,133;0,087;-0,511;18,645;18,31;22,944;-1357,37;-149,8;15896,03;9,058
11;2025;09;30;15;48;09;0,916;0,039;0,442;20,647;17,36;19,941;-577,907;-715,834;15861,66;9,058
11;2025;09;30;15;48;10;1,095;0,003;-0,445;18,133;17,581;21,838;-1031,262;-89,594;15825,23;9,058
11;2025;09;30;15;48;10;0,8;0,142;-0,066;21,27;17,581;23,125;-505,744;-1208,182;15817,92;9,058
11;2025;09;30;15;48;11;1,513;-0,03;-0,166;20,024;17,493;22,38;-618,963;424,587;15564,37;9,058
11;2025;09;30;15;48;11;1,279;0,072;0,459;18,289;18,84;22,289;-735,544;323,237;15817,84;9,058
11;2025;09;30;15;48;12;1,217;0,006;-0,232;21,671;19,547;21,386;-467,848;-1091,055;15913,6;9,058
11;2025;09;30;15;48;12;0,856;-0,026;-0,16;17,999;20,011;21,318;-1609,329;-1112,239;16311,34;9,058
11;2025;09;30;15;48;13;1,002;-0,039;-0,257;18,711;20,784;17,795;-512,71;-724,639;15897,02;9,058
11;2025;09;30;15;48;13;0,839;-0,022;-0,04;17,755;20,232;21,047;-306,401;-434,886;15690;9,058
11;2025;09;30;15;48;14;1,407;0,086;-0,296;19,112;19,039;25,97;-694,024;-631,487;15641,16;9,058
11;2025;09;30;15;48;14;0,998;-0,012;-0,182;20,158;15,991;22,673;-268,902;-722,314;15788,89;9,058
11;2025;09;30;15;48;15;1,248;-0,144;-0,464;17,221;15,947;24,841;-206,472;-781,72;15686,27;9,058
11;2025;09;30;15;48;15;0,849;-0,109;-0,569;15,953;19,635;18,766;-1307,031;-602,066;16361,94;9,058
11;2025;09;30;15;48;16;0,936;0,016;0,276;17,688;19,856;19,173;-597,047;-659,458;15901,78;9,058
11;2025;09;30;15;48;16;1,426;0,026;-0,4;14,173;18,067;19,873;-836;-1183,09;15949,78;9,058
11;2025;09;30;15;48;17;1,323;0,051;0,146;18,778;17,471;17,773;-563,488;-303,299;15829,45;9,058
11;2025;09;30;15;48;17;1,125;0,02;-0,124;20,291;20,232;20,392;-629,889;441,687;15710,65;9,058
11;2025;09;30;15;48;18;0,922;-0,009;0,066;20,847;17,228;18,563;355,003;160,883;15025,83;9,058
11;2025;09;30;15;48;18;0,762;-0,042;0,02;16,976;20,894;22,515;-969,143;-779,776;16251,09;9,058
11;2025;09;30;15;48;19;0,846;-0,029;-0,052;19,891;17,117;24,028;-592,111;-627,414;15669,18;9,058
11;2025;09;30;15;46;47;1,127;0,169;0,485;21,915;20,188;23,125;-854,575;-734,517;15902,9;9,058
11;2025;09;30;15;46;47;0,536;-0,154;-0,07;19,179;19,922;22,673;-610,95;-891,158;15955,91;9,058
11;2025;09;30;15;46;48;0,928;-0,067;0,048;18,422;19,967;20,641;-296,216;-1312,601;15707,95;9,058
11;2025;09;30;15;46;48;1,176;-0,016;-0,445;19,891;18,178;21,386;-225,672;-633,254;15631,59;9,058
11;2025;09;30;15;46;49;0,656;-0,219;-0,386;21,559;19,856;20,009;-644,831;935,591;15345,2;9,058
11;2025;09;30;15;46;49;1,312;-0,091;-0,387;18,667;16,742;21,951;-865,795;-357,203;15870,15;9,058
11;2025;09;30;15;46;50;0,994;-0,055;-0,11;18,422;19,083;22,47;345,813;405,372;15220,64;9,058
11;2025;09;30;15;46;50;0,78;-0,105;0,418;20,002;18,951;20,709;-329,36;-928,201;15458,74;9,058
11;2025;09;30;15;46;51;0,778;-0,106;-0,154;19,268;20,762;20,37;-1126,596;-919,766;16150,58;9,058
11;2025;09;30;15;46;51;1,121;0,004;-0,364;18,222;17,449;21,793;-1008,56;-967,661;16150,97;9,058
11;2025;09;30;15;46;52;1,087;-0,034;0,223;18,756;20,872;22,944;-540,859;-140,682;15716,55;9,058
11;2025;09;30;15;46;52;0,778;-0,001;0,172;18,4;20,961;20,799;-1477,46;1106,599;15875,52;9,058
11;2025;09;30;15;46;53;0,872;-0,037;-0,086;18,4;20,342;22,131;265,874;1450,309;14584,69;9,058
11;2025;09;30;15;46;53;1,132;0,138;0,257;17,666;18,288;19,218;-486,668;477,139;15333,51;9,058
11;2025;09;30;15;46;54;1,296;-0,171;-0,571;18,622;20,342;18,812;-528,556;-1015,546;16017,93;9,058
11;2025;09;30;15;46;54;1,11;-0,041;-0,335;20,981;18,288;19,828;488,136;-728,033;15423,87;9,058
11;2025;09;30;15;46;55;1,345;-0,073;-0,652;18,845;17,405;21,838;171,206;-2513,541;16070,41;9,058
11;2025;09;30;15;46;55;1,291;0,027;0,404;16,286;18,111;21,951;-562,52;-901,716;15830,12;9,058
11;2025;09;30;15;46;56;1,176;-0,067;-0,467;18,734;17,382;21,883;-376,384;2741,736;14764,55;9,058
11;2025;09;30;15;46;56;1,023;-0,036;0,248;20,202;17,184;20,867;-159,765;-114,852;15502,38;9,058
11;2025;09;30;15;46;57;0,973;0,123;0,149;19,624;17,184;20,957;-87,57;-478,135;15528,64;9,058
11;2025;09;30;15;46;57;1,199;0,009;-0,215;19,179;16,035;20,934;-313,122;-764,593;15621,86;9,058
11;2025;09;30;15;46;58;0,935;-0,087;-0,155;20,692;22,705;24,277;-1178,461;-940,573;16112,04;9,058
11;2025;09;30;15;46;58;1,094;-0,074;0,049;20,647;16,322;20,46;-327,577;450,416;15094,09;9,058
11;2025;09;30;15;46;59;0,857;-0,069;-0,042;20,491;17,493;21,341;545,11;-1235,206;15316,38;9,058
11;2025;09;30;15;46;59;0,763;0,01;0,246;17,287;17,625;19,218;-372,826;-602,754;15610,92;9,058
11;2025;09;30;15;47;00;0,717;0,09;0,024;20,469;18,244;22,899;-799,354;252,356;15688,74;9,058
11;2025;09;30;15;47;00;0,99;-0,078;-0,518;19,891;15,152;22,696;-258,905;945,905;15133,32;9,058
11;2025;09;30;15;47;01;1,312;0,113;-0,101;19,779;18,774;22,786;-201,238;-1019,63;15531,35;9,058
11;2025;09;30;15;47;01;0,894;0;-0,262;20,692;16,941;19,399;-465,573;-813,814;15966,66;9,058
11;2025;09;30;15;47;02;0,821;-0,121;-0,346;16,598;16,101;19,489;-1456,131;64,685;16075,58;9,058
11;2025;09;30;15;47;02;0,756;0,005;-0,11;18,222;21,734;21,589;-565,029;-1287,157;15883;9,058
11;2025;09;30;15;47;03;0,89;-0,123;1,133;21,003;19,79;22,199;-564,381;-252,251;15663,65;9,058
11;2025;09;30;15;47;03;0,972;-0,038;0,256;22,36;19,569;21,205;-530,215;5,828;15477,91;9,058
11;2025;09;30;15;47;04;0,943;0,095;-0,472;18,823;18,067;22,312;-1640,875;442,382;15940,66;9,058
11;2025;09;30;15;47;04;0,829;-0,09;-0,101;17,71;20,254;21,815;-420,757;-890,886;15598,02;9,058
11;2025;09;30;15;47;05;1,173;-0,076;-0,173;20,669;22,661;19,828;-289,085;-3021,493;16453,99;9,058
11;2025;09;30;15;47;05;1,251;0,066;-0,182;17,71;20,21;20,257;-1396,452;-64,879;16244,54;9,058
11;2025;09;30;15;47;06;1,125;0,005;0,105;19,201;18,332;21,499;-1015,379;-2989,5;17108,89;9,058
11;2025;09;30;15;47;06;0,821;-0,124;0,041;17,599;17,559;21,228;-1011,826;-588,104;16004,17;9,058
11;2025;09;30;15;47;07;0,953;-0,074;-0,257;18,778;19,26;21,386;-237,074;460,399;15347,17;9,058
11;2025;09;30;15;47;07;1,354;-0,041;0,201;17,065;16,742;20,551;-598,263;-221,875;15413,9;9,058
11;2025;09;30;15;47;08;1,188;-0,055;0,061;18,266;17,051;20,844;-1205,648;-491,811;16188,6;9,058
11;2025;09;30;15;47;08;1,249;0,032;-0,274;18,533;18,487;22,244;-682,22;-684,526;15898,16;9,058
11;2025;09;30;15;47;09;1,267;0,05;-0,448;20,291;17,736;20,438;342,699;1019,214;14759,33;9,058
11;2025;09;30;15;47;09;0,785;-0,03;0,561;20,736;19,68;21,838;-1584,681;-120,036;16439,39;9,058
11;2025;09;30;15;47;10;1,045;-0,009;0,007;16,531;20,342;21,522;-196,716;1856,977;14823,93;9,058
11;2025;09;30;15;47;10;0,833;0,012;-0,708;20,091;22,661;20,528;-756,836;646,071;15684,32;9,058
11;2025;09;30;15;47;11;0,993;-0,048;-0,267;18,333;23,258;19,421;-1330,63;-1038,479;16436;9,058
11;2025;09;30;15;47;11;1,086;-0,057;-0,32;19,646;19,481;21,296;-755,914;-523,213;15885,21;9,058
11;2025;09;30;15;47;12;0,87;-0,037;0,024;19,935;22,242;24,774;-433,244;-862,423;15823,25;9,058
11;2025;09;30;15;47;12;0,843;-0,063;-0,133;20,202;21,204;21,093;-327,42;-242,642;15624,54;9,058
11;2025;09;30;15;47;13;0,82;-0,087;-0,079;21,47;21,226;20,438;-1545,598;-2803,589;16903,94;9,058
11;2025;09;30;15;47;13;0,664;-0,127;-0,266;22,049;17,449;22,289;375,456;-880,802;15272,47;9,058
11;2025;09;30;15;47;14;0,603;0,097;0,184;21,96;19,525;21,228;-899,018;-1541,95;16472,79;9,058
11;2025;09;30;15;47;14;1,028;-0,173;-0,401;17,688;15,328;20,234;-1541,688;84,812;15833,68;9,058
11;2025;09;30;15;47;15;0,849;-0,066;0,187;19,601;18,597;20,686;351,112;1691,774;14873,07;9,058
11;2025;09;30;15;47;15;0,737;-0,032;-0,149;20,87;19,79;20,98;-895,302;886,399;15515,89;9,058
11;2025;09;30;15;47;16;0,823;0,013;0,271;21,092;19,282;22,38;303,726;-25,36;15264,86;9,058
11;2025;09;30;15;47;16;0,764;0,045;0,427;20,625;15,969;20,37;-804,803;-384,614;15896,7;9,058
12;2025;09;30;15;52;49;1,305;0,102;0,494;21,426;19,591;0,023;-882,882;-236,793;15873,42;9,02
12;2025;09;30;15;52;49;1,189;0,074;-1,085;22,271;24,119;0,497;-832,035;-293,026;15923,05;9,02
12;2025;09;30;15;52;50;1,313;0,154;0,01;18,978;22,97;2,349;-704,959;-157,257;15750,99;9,02
12;2025;09;30;15;52;50;1,279;0,091;0,011;21,849;18,089;4,855;-878,802;-385,743;15866,65;9,02
12;2025;09;30;15;52;51;1,512;0,047;0,593;18,778;19,9;1,829;-809,302;-247,975;15871,4;9,02
12;2025;09;30;15;52;51;1,283;0,05;0,042;19,512;19,105;6,775;-758,27;-398,454;15814,97;9,02
12;2025;09;30;15;52;52;1,224;0,132;0,196;20,425;18,089;0,135;-671,572;-587,874;15781,57;9,02
12;2025;09;30;15;52;52;1,395;0,197;-1,66;18,311;18,619;0,203;-688,547;-503,094;15758,89;9,02
12;2025;09;30;15;52;53;1,435;-0,021;0,136;20,002;19,967;6,007;-721,953;-521,487;15883,21;9,02
12;2025;09;30;15;52;53;1,323;0,157;-3,34;21,337;19,26;-0,452;-727,165;-486,225;15770,56;9,02
12;2025;09;30;15;52;54;1,307;0,076;-0,196;20,981;21,667;3,207;-915,423;-156,387;15828,52;9,02
12;2025;09;30;15;52;54;1,367;0,12;0,067;20,914;19,039;0,881;-1090,625;-51,157;15740,48;9,02
12;2025;09;30;15;52;55;1,324;0,139;1,374;20,38;18,111;0,429;-723,605;-408,596;15803,47;9,02
12;2025;09;30;15;52;55;1,504;0,119;-4,051;21,871;18,067;1,852;-1020,761;-275,061;15842,55;9,02
12;2025;09;30;15;52;56;1,516;0,087;0,26;21,092;19,922;4,81;-978,746;-307,287;15828,88;9,02
12;2025;09;30;15;52;56;1,4;0,144;-0,025;20,692;19,459;3,546;-774,593;-389,379;15794,8;9,02
12;2025;09;30;15;52;57;1,521;0,144;-0,634;19,334;20,43;0,135;-790,436;-263,321;15743,67;9,02
12;2025;09;30;15;52;57;1,033;0,211;-0,482;19,112;19,127;0,542;-762,099;-632,015;15857,14;9,02
12;2025;09;30;15;52;58;1,377;0,197;-0,176;21,96;17,913;2,62;-680,052;-476,366;15765,85;9,02
12;2025;09;30;15;52;58;1,555;0,054;0;19,245;18,133;2,8;-772,299;-340,276;15737,91;9,02
12;2025;09;30;15;52;59;1,45;0,086;-0,652;18,4;19,657;0,406;-899,89;-207,499;15754,01;9,02
12;2025;09;30;15;52;59;1,412;0,089;-2,442;18,044;19,79;1,603;-650,372;-450,732;15814;9,02
12;2025;09;30;15;53;00;1,293;0,047;0,143;20,491;20,475;6,255;-742,738;-450,101;15822,48;9,02
12;2025;09;30;15;53;00;1,459;0,078;0,19;20,402;20,32;5,488;-822,71;-272,798;15804,68;9,02
12;2025;09;30;15;53;01;1,362;0,143;3,656;17,866;18,156;0,226;-818,088;-322,97;15788,15;9,02
12;2025;09;30;15;53;01;1,255;0,165;5,023;23,094;20,872;0,79;-908,382;-170,11;15894,79;9,02
12;2025;09;30;15;53;02;1,346;0,168;-0,156;19,802;17,846;1,965;-1244,997;-84,883;15868,11;9,02
12;2025;09;30;15;53;02;1,538;0,132;-1,387;21,381;21,402;0;-893,908;-468,525;15856,11;9,02
12;2025;09;30;15;53;03;1,319;0,114;0,042;19,423;23,788;0,316;-958,303;-172,468;15780,77;9,02
12;2025;09;30;15;53;03;1,266;0,097;0,349;22,405;22,617;8,762;-786,98;-435,691;15803,61;9,02
12;2025;09;30;15;53;04;1,471;0,107;0,073;18,912;18,752;0,248;-727,516;-362,467;15832,36;9,02
12;2025;09;30;15;53;04;1,304;0,14;0,65;18,956;19,149;2,258;-986,451;-168,774;15786,68;9,02
12;2025;09;30;15;53;05;1,466;0,145;0,345;19,001;18,089;2,123;-879,22;-340,794;15806,7;9,02
12;2025;09;30;15;53;05;1,275;-0,007;-2,542;18,088;21,446;-0,294;-789,743;-413,921;15795,22;9,02
12;2025;09;30;15;53;06;1,267;0,028;-0,021;16,998;21,027;10,433;-688,584;-494,224;15807,31;9,02
12;2025;09;30;15;53;06;1,435;0,103;-0,275;21,07;18,266;-0,361;-835,522;-535,295;15813,35;9,02
12;2025;09;30;15;53;07;1,326;0,151;-0,086;21,737;19,326;2,642;-896,484;-369,861;15750,05;9,02
12;2025;09;30;15;53;07;1,411;0,052;0,096;21,537;17,89;4,562;-905,359;-369,31;15718,31;9,02
12;2025;09;30;15;53;08;1,348;0,035;0,072;21,337;18,133;6,549;-761,857;-622,36;15820,97;9,02
12;2025;09;30;15;53;08;1,369;0,089;0,073;20,469;21,093;7,023;-1146,045;-297,64;15832,84;9,02
12;2025;09;30;15;53;09;1,643;0,064;0,192;18,222;18,089;3,749;-860,729;-346,516;15834,25;9,02
12;2025;09;30;15;53;09;1,409;0,133;0,077;19,379;20,232;2,958;-644,237;-397,136;15777,04;9,02
12;2025;09;30;15;53;10;1,438;0,136;0,231;19,268;18,023;8,062;-966,377;-399,548;15889,97;9,02
12;2025;09;30;15;53;10;1,466;0,13;0,064;20,469;18,509;0,361;-642,833;-551,871;15851,82;9,02
12;2025;09;30;15;53;11;1,081;-0,031;4,132;16,331;19,039;1,49;-831,786;-128,259;15830,38;9,02
12;2025;09;30;15;53;11;1,441;0,11;3,077;20,603;20,74;0,587;-811,895;-753,137;15897,27;9,02
12;2025;09;30;15;53;12;1,357;0,077;0,184;20,558;20,806;7,385;-1250,446;6,232;15729,32;9,02
12;2025;09;30;15;53;12;1,641;0,212;-4,987;23,25;18,31;1,942;-629,715;-1097,409;15875,56;9,02
12;2025;09;30;15;53;13;1,322;0,076;0,126;21,715;18,443;2,687;-834,842;-236,538;15793,45;9,02
12;2025;09;30;15;53;13;1,285;0,153;0,713;19,09;18,906;6,052;-771,239;-314,191;15851,47;9,02
12;2025;09;30;15;53;14;1,332;0,079;0,043;23,161;20,408;8,243;-997,559;-423,468;15892,66;9,02
12;2025;09;30;15;53;14;1,181;0,065;0,004;21,315;16,079;2,1;-858,33;-341,006;15753,85;9,02
12;2025;09;30;15;53;15;1,265;0,133;-1,348;19,179;19,017;0,226;-1104,2;-447,175;15799,26;9,02
12;2025;09;30;15;53;15;1,424;0,108;3,434;22,093;20,254;0,339;-953,617;-476,978;15724,19;9,02
12;2025;09;30;15;53;16;1,545;0,092;0,066;18,4;18,31;3,071;-772,328;-584,424;15788,28;9,02
12;2025;09;30;15;53;16;1,305;0,043;2,568;18,823;22,396;0,497;-1069,441;-199,232;15813,15;9,02
12;2025;09;30;15;53;17;1,301;0,131;3,38;17,688;20,872;-0,497;-1065,261;-253,274;15820,98;9,02
12;2025;09;30;15;53;17;1,355;0,061;0,36;22,983;17,493;1,694;-833,366;-482,231;15754,4;9,02
12;2025;09;30;15;53;18;1,437;0,122;-3,25;21,493;17,095;0,384;-1010,229;-321,826;15717,09;9,02
12;2025;09;30;15;53;18;1,504;-0,032;-0,357;20,825;21,888;1,287;-960,274;-459,132;15839,89;9,02
12;2025;09;30;15;51;34;0,97;-0,06;-0,222;17,488;17,913;20,234;-889,543;-22,169;15848,15;9,02
12;2025;09;30;15;51;34;1,059;-0,057;0,194;19,001;18,906;23,125;-898,278;-572,903;15959,99;9,02
12;2025;09;30;15;51;35;1,137;-0,05;-0,024;20,046;17,25;19,828;-931,05;-690,646;16043,79;9,02
12;2025;09;30;15;51;35;1,111;-0,092;-0,062;18,467;20,541;20,28;-1168,348;-919,917;16223,99;9,02
12;2025;09;30;15;51;36;0,875;-0,044;-0,107;17,265;16,919;17,389;-1083,404;-847,117;16163,04;9,02
12;2025;09;30;15;51;36;0,944;0,046;-0,08;21,76;18,796;23,193;-973,202;-719,238;15982,54;9,02
12;2025;09;30;15;51;37;1,284;-0,16;-0,106;18,333;19,392;24,096;-282,895;528,375;15272,77;9,02
12;2025;09;30;15;51;37;1,055;-0,117;0,025;20,625;21,446;24,096;-595,766;791,852;15349,81;9,02
12;2025;09;30;15;51;38;0,975;-0,176;-0,161;22,471;19,503;22,786;-421,013;-820,138;15861,37;9,02
12;2025;09;30;15;51;38;0,831;-0,095;0,477;21,626;19,68;21,409;-669,939;-749,053;15847,31;9,02
12;2025;09;30;15;51;39;1,028;-0,113;-0,072;17,888;17,007;23,69;-583,345;-299,141;15765,06;9,02
12;2025;09;30;15;51;39;1,296;0,081;-0,035;18,511;21,977;23,306;-1061,71;-134,503;15836,01;9,02
12;2025;09;30;15;51;40;1,253;-0,064;-0,053;21,982;18,84;19,828;-982,253;249,129;15866,95;9,02
12;2025;09;30;15;51;40;1,539;-0,023;-0,273;18,133;19,216;22,831;-630,149;-743,263;15981,26;9,02
12;2025;09;30;15;51;41;1,197;-0,052;0,447;16,264;15,903;22,38;-947,289;-486,919;15827,54;9,02
12;2025;09;30;15;51;41;1,259;-0,102;-0,339;19,29;20,055;24,548;-884,124;-62,426;15824,87;9,02
12;2025;09;30;15;51;42;1,124;-0,123;-0,21;18,778;19,657;20,167;-609,945;-127,179;15711,68;9,02
12;2025;09;30;15;51;42;1,306;0,009;0,02;20,002;19,834;21,115;-597,582;156,644;15649,19;9,02
12;2025;09;30;15;51;43;0,948;0,013;0,118;20,758;18,045;20,551;-629,006;-366,16;15688,49;9,02
12;2025;09;30;15;51;43;0,99;-0,061;-0,059;16,331;19,569;19,557;-755,495;-649,863;15965,49;9,02
12;2025;09;30;15;51;44;0,956;-0,096;-0,428;16,709;17,78;23,373;-379,396;-47,595;15488,71;9,02
12;2025;09;30;15;51;44;0,861;-0,01;0,522;18,444;15,35;17,705;-449,233;-535,401;15609,65;9,02
12;2025;09;30;15;51;45;1,059;-0,142;-0,357;18,734;20,121;20,98;-901,939;-214,961;15852,44;9,02
12;2025;09;30;15;51;45;0,987;-0,039;0,153;22,027;24,914;17,05;-605,515;-188,434;15731,35;9,02
12;2025;09;30;15;51;46;0,925;-0,155;-0,057;18,823;17,979;21,499;-568,936;204,817;15520,62;9,02
12;2025;09;30;15;51;46;1,032;0,064;0,324;16,398;17,294;21,883;-835,365;-483,408;15916,44;9,02
12;2025;09;30;15;51;47;0,899;-0,041;0;21,292;20,077;20,28;-721,334;48,631;15783,88;9,02
12;2025;09;30;15;51;47;1,287;-0,193;-0,442;18,711;18,376;19,015;-614,642;-498,931;15734,88;9,02
12;2025;09;30;15;51;48;1,395;0,007;-0,022;20,425;17,714;21,77;-974,126;-178,372;15865,44;9,02
12;2025;09;30;15;51;48;0,964;-0,01;0,259;18,222;16,852;23,328;-419,039;145,002;15543,53;9,02
12;2025;09;30;15;51;49;1,058;-0,121;-0,357;18,444;19,613;23,396;-740,187;-326,977;15795,14;9,02
12;2025;09;30;15;51;49;1,191;0,067;-0,056;19,69;17,581;19,805;-917,735;40,729;15726,99;9,02
12;2025;09;30;15;51;50;0,934;-0,21;-0,022;20,736;21,424;20,596;34,134;31,626;15270,47;9,02
12;2025;09;30;15;51;51;1,028;-0,004;0,126;17,554;18,708;21,454;-200,742;427,708;15254,63;9,02
12;2025;09;30;15;51;51;1,094;-0,01;0,014;16,731;18,906;22,922;-840,26;309,561;15769,98;9,02
12;2025;09;30;15;51;51;1,22;-0,024;-0,38;16,175;17,736;20,28;-795,483;-135,996;15790,26;9,02
12;2025;09;30;15;51;52;0,928;-0,171;0,007;18,912;16,212;20,325;-735,59;-917,246;16164,59;9,02
12;2025;09;30;15;51;52;0,9;-0,066;-0,32;18,711;15,925;21,16;-976,344;-458,051;15931,87;9,02
12;2025;09;30;15;51;53;0,981;-0,065;0,209;21,76;17,736;21,906;-535,433;-361,164;15784,5;9,02
12;2025;09;30;15;51;53;0,858;-0,093;-0,077;20,18;18,708;22,109;-505,664;-867,958;15815,57;9,02
12;2025;09;30;15;51;54;1,032;-0,009;-0,097;19,69;17,14;22,289;-894,745;-224,917;15921,21;9,02
12;2025;09;30;15;51;54;1,089;-0,093;-0,058;19,379;18,222;22,854;-341,602;-237,53;15602,43;9,02
12;2025;09;30;15;51;55;0,955;-0,124;-0,175;19,624;17,162;23,735;-585,166;-180,866;15602,92;9,02
12;2025;09;30;15;51;55;1,025;-0,053;-0,111;21,626;19,856;17,434;-678,381;-622,649;15881,05;9,02
12;2025;09;30;15;51;56;1,172;-0,045;-0,092;20,825;20,121;21,476;-736,768;294,323;15610,32;9,02
12;2025;09;30;15;51;56;0,959;-0,1;-0,419;20,736;20,762;19,331;-723,475;36,927;15693,22;9,02
12;2025;09;30;15;51;57;1,037;0,02;0,148;21,381;14,865;21,612;-183,566;-283,737;15458,8;9,02
12;2025;09;30;15;51;57;1,244;-0,042;0,031;19,312;19,945;22,877;-447,915;-344,268;15550,23;9,02
12;2025;09;30;15;51;58;1,372;-0,054;-0,495;22,227;20,938;25,225;-682,988;-980,983;15950,88;9,02
12;2025;09;30;15;51;58;1,282;-0,057;-0,2;20,514;24,097;22,583;-510,069;-969,98;15715,37;9,02
12;2025;09;30;15;51;59;1,142;-0,073;-0,026;20,491;17,316;22,719;-482,99;233,147;15401,31;9,02
12;2025;09;30;15;51;59;1,388;-0,113;-0,352;21,582;18,421;23,577;-691,191;-27,221;15624,38;9,02
12;2025;09;30;15;52;00;1,312;-0,141;-0,332;19,713;21,292;23,057;-1068,121;-956,713;16144,43;9,02
12;2025;09;30;15;52;00;1,154;-0,147;0,039;21,159;25,422;23,531;-713,623;-130,16;15732,21;9,02
12;2025;09;30;15;52;01;1,07;-0,106;0,045;27,099;22,065;26,174;-694,991;-245,927;15761,73;9,02
12;2025;09;30;15;52;01;1,194;-0,024;-0,076;21,292;23,898;30,464;-902,132;-5,852;15889,86;9,025
12;2025;09;30;15;52;02;1,34;-0,059;0,041;24,986;28,448;28,319;-575,628;-520,93;16011,35;9,02
12;2025;09;30;15;52;02;1,254;-0,037;-0,052;24,741;26,482;29,606;-685,535;-590,135;15922,47;9,02
12;2025;09;30;15;52;03;1,018;-0,088;-0,055;25,075;27,83;27,958;-1148,43;-361,012;15971,42;9,02
12;2025;09;30;15;52;03;1,148;-0,041;0,576;25,831;27,631;26,038;-574,74;-266,641;15662,76;9,02
12;2025;09;30;15;50;47;0,692;-0,107;0,229;19,001;18,531;19,308;-154,015;178,84;15349,12;9,02
12;2025;09;30;15;50;47;0,858;-0,16;-0,372;17,198;24,428;26,422;-1079,619;-595,554;16056,25;9,02
12;2025;09;30;15;50;48;0,78;-0,191;-0,067;18,022;18,332;21,838;-65,493;2,938;15268,61;9,02
12;2025;09;30;15;50;48;0,944;-0,038;-0,181;20,291;18,465;22,606;-619,78;-239,528;15924,28;9,02
12;2025;09;30;15;50;49;1,015;-0,143;-0,133;17,51;20,894;22,583;-807,627;-164,082;15698,45;9,02
12;2025;09;30;15;50;49;1,054;-0,02;-0,03;22,405;17,162;19,196;-28,925;-21,225;15332,8;9,02
12;2025;09;30;15;50;50;0,998;-0,173;-0,049;17,71;20,21;22,651;-939,18;323,612;16110,27;9,02
12;2025;09;30;15;50;50;0,966;-0,1;-0,161;19,846;21,8;22,944;-762,966;820,65;15721,21;9,02
12;2025;09;30;15;50;51;0,553;-0,112;0,174;19,423;18,597;21,702;115,627;-531,815;15326,32;9,02
12;2025;09;30;15;50;51;0,885;-0,206;-0,397;20,269;16,985;19,286;-180,525;78,508;15386,9;9,02
12;2025;09;30;15;50;52;0,898;-0,079;-0,111;19,69;17,405;18,134;-1226,73;-1065,912;16361,14;9,02
12;2025;09;30;15;50;52;0,63;-0,074;-0,004;19,646;16,764;20,686;-994,873;-1014,918;16055,81;9,02
12;2025;09;30;15;50;53;0,768;-0,075;0,193;19,646;17,405;19,963;-736,632;-2978,463;16667,72;9,02
12;2025;09;30;15;50;53;0,676;-0,315;-0,03;20,158;20,916;21,454;-763,997;-863,544;15897,28;9,02
12;2025;09;30;15;50;54;1,063;-0,164;-0,008;21,003;19,348;23,351;-655,75;134,56;15855,56;9,02
12;2025;09;30;15;50;54;1,009;-0,112;-0,325;18,6;20,364;17,524;-514,936;711,434;15507,34;9,02
12;2025;09;30;15;50;55;0,893;-0,213;-0,478;21,559;20,32;18,179;-247,008;679,456;15208,38;9,02
12;2025;09;30;15;50;55;0,721;-0,072;-0,343;19,735;19,945;21,612;-1382,119;-187,79;16170,74;9,02
12;2025;09;30;15;50;56;0,862;-0,105;-0,066;16,998;19,105;19,467;-1381,855;-2190,429;16973,16;9,02
12;2025;09;30;15;50;56;0,864;-0,09;-0,266;18,734;19,127;21,522;-947,877;272,921;15674,81;9,02
12;2025;09;30;15;50;57;0,412;-0,112;-0,008;19,668;20,74;20,325;-224,489;427,315;15391,21;9,02
12;2025;09;30;15;50;57;0,708;-0,095;0,197;20,758;21,491;19,015;-416,101;-911,517;15890,44;9,02
12;2025;09;30;15;50;58;0,802;-0,135;0,075;17,888;17,537;22,448;-668,177;1601,198;15388,17;9,025
12;2025;09;30;15;50;58;0,909;-0,095;-0,385;20,135;20,541;20,889;-845,664;496,319;15766,93;9,02
12;2025;09;30;15;50;59;1,053;0,006;0,196;22,004;18,575;21,318;-347,637;-302,801;15737,9;9,02
12;2025;09;30;15;50;59;0,626;0,104;0,472;19,957;20,188;18,97;-1311,504;-1061,32;16320,4;9,025
12;2025;09;30;15;51;00;0,811;-0,144;-0,442;19,179;17,338;23,419;-328,423;-1047,527;15883,79;9,02
12;2025;09;30;15;51;00;0,953;-0,138;-0,152;19,735;17,162;20,167;-1404,061;-1847,563;16522,38;9,02
12;2025;09;30;15;51;01;0,91;-0,074;-0,089;19,512;19,039;21,454;-1218,514;-55,29;15552,13;9,02
12;2025;09;30;15;51;01;1,059;-0,112;-0,353;21,203;23,81;21,815;-998,612;-277,643;15654,59;9,025
12;2025;09;30;15;51;02;0,775;-0,198;-0,53;21,648;20,21;20,076;-242,173;866,936;15321,63;9,02
12;2025;09;30;15;51;02;0,955;-0,161;-0,096;17,821;17,316;18,608;-646,273;-168,71;15906,99;9,02
12;2025;09;30;15;51;03;0,77;-0,087;0,136;21,048;21,822;24,638;69,002;1518,299;14935,36;9,02
12;2025;09;30;15;51;03;1,033;-0,056;-0,364;19,045;18,641;21,183;-1136,411;1085,361;15474,12;9,02
12;2025;09;30;15;51;04;0,567;-0,193;-0,075;20,158;23,39;23,26;-204,319;701,37;15198,88;9,025
12;2025;09;30;15;51;04;0,465;-0,026;-0,013;22,004;17,692;20,912;-365,88;-172,78;15577,25;9,02
12;2025;09;30;15;51;05;0,789;-0,075;0,385;18,978;19,635;20,189;-751,898;6,928;15814,32;9,02
12;2025;09;30;15;51;05;0,824;-0,18;-0,182;19,023;17,206;25,067;-1256,279;-465,65;16055,78;9,02
12;2025;09;30;15;51;06;0,755;-0,16;-0,618;20,536;20,519;20,957;-788,468;-450,806;15872,75;9,02
12;2025;09;30;15;51;06;0,599;-0,303;-0,497;18,044;21,8;21,138;-1372,521;-630,871;15886,6;9,02
12;2025;09;30;15;51;07;0,483;-0,007;-0,407;20,981;16,72;20,799;-652,356;-1662,218;16427,14;9,025
12;2025;09;30;15;51;07;0,678;-0,126;-0,263;18,4;18,421;20,957;-7,473;-747,732;15405,79;9,025
12;2025;09;30;15;51;08;0,746;-0,053;-0,199;21,715;17,206;19,467;-672,883;1084,594;15161,92;9,025
12;2025;09;30;15;51;08;0,659;-0,135;0,061;18,556;21,159;18,473;-486,539;1101,428;15322,38;9,029
12;2025;09;30;15;51;09;0,838;-0,09;0,149;21,671;17,471;18,925;-1285,623;-750,611;15559,9;9,02
12;2025;09;30;15;51;09;1,095;-0,078;-0,139;20,558;18,487;22,583;-1441,638;2143,86;15270,95;9,025
12;2025;09;30;15;51;10;1,021;0,016;0,689;20,224;20,386;21,093;-935,185;-4889,185;17659,51;9,02
12;2025;09;30;15;51;10;0,768;-0,078;-0,12;16,642;18,619;20,663;151,248;-78,116;15043,92;9,029
12;2025;09;30;15;51;11;0,415;-0,162;-0,072;17,955;19,127;23,893;-1151,938;392,024;15875,69;9,025
12;2025;09;30;15;51;11;0,88;-0,247;-0,409;18,845;14,842;22,289;-629,313;-366,277;15794,51;9,029
12;2025;09;30;15;51;12;0,359;-0,051;-0,349;21,671;21,137;19,263;-873,162;-644,883;15931;9,031
12;2025;09;30;15;51;12;0,787;-0,06;-0,438;19,401;18,222;20,121;-509,96;-859,747;15835,42;9,029
12;2025;09;30;15;51;13;0,818;-0,233;-0,228;18,556;16,919;19,421;-1032,918;-459,417;15998,43;9,025
12;2025;09;30;15;51;13;0,607;-0,179;0,031;19,09;22,882;21,273;-1163,963;-415,535;15990,96;9,029
12;2025;09;30;15;51;14;0,686;-0,081;-0,199;19,223;22,396;21,16;-567,419;-231,083;15702,14;9,031
12;2025;09;30;15;51;14;0,688;-0,033;-0,153;20,202;21,071;24,006;-420,538;531,625;15340,6;9,025
12;2025;09;30;15;51;15;1,092;-0,108;0,026;17,243;17,029;21,318;-1287,096;-1039,689;16282,89;9,02
12;2025;09;30;15;51;15;0,851;-0,209;0,032;20,647;19,547;22,109;-807,269;-142,34;15794,36;9,02
12;2025;09;30;15;51;16;0,945;-0,182;-0,353;19,957;19,414;22,312;-446,312;-97,186;15660,99;9,031
12;2025;09;30;15;51;16;1,296;-0,164;-0,282;20,491;19,017;19,67;-574,965;-432,367;15797,74;9,029
13;2025;09;30;15;55;32;1,286;0,186;0,065;18,956;16,897;21,635;116,212;-24,626;15033,79;9,02
13;2025;09;30;15;55;32;1,227;0,063;-0,396;20,336;18,818;22,538;-494,407;-677,012;16062,21;9,02
13;2025;09;30;15;55;33;1,328;0,158;-0,157;21,337;18,045;21,635;-679,424;-622,942;15498,71;9,02
13;2025;09;30;15;55;33;1,376;0,194;-0,107;24,518;17,581;19,85;-214,572;-548,792;15408,06;9,02
13;2025;09;30;15;55;34;1,305;0,178;0,252;22,182;17,846;21,951;-664,632;-394,074;15732,39;9,02
13;2025;09;30;15;55;34;1,127;0,119;-0,133;20,58;17,294;20,438;-574,096;-400,143;15807,16;9,02
13;2025;09;30;15;55;35;1,326;0,19;-0,225;20,402;18,774;20,867;-637,803;-701,845;15609,89;9,02
13;2025;09;30;15;55;35;1,274;0,187;-0,155;16,865;17,78;19,963;-647,164;-370,869;15796,58;9,02
13;2025;09;30;15;55;36;1,237;0,202;0,025;18,8;17,36;19,692;-498,896;-489,452;15702,23;9,02
13;2025;09;30;15;55;36;1,24;0,138;0,028;18,734;21,734;18,699;-620,707;-497,178;15732,84;9,02
13;2025;09;30;15;55;37;1,29;0,254;-0,022;18,044;18,111;20,709;-793,779;-364,422;15852,92;9,02
13;2025;09;30;15;55;37;1,294;0,175;-0,028;19,401;18,84;24,096;-696,768;-782,688;15809,88;9,02
13;2025;09;30;15;55;38;1,398;0,153;0,172;18,266;18,619;21,522;-752,582;-561,231;15895,33;9,02
13;2025;09;30;15;55;38;1,18;0,176;-0,083;18,066;20,629;24,525;-677,175;-427,554;15707,55;9,02
13;2025;09;30;15;55;39;1,114;0,288;0,129;17,91;21,402;22,741;-584,635;-458,401;15815,91;9,02
13;2025;09;30;15;55;39;1,121;0,217;0,388;18,511;22,22;22,244;-659,913;-692,569;15852,31;9,02
13;2025;09;30;15;55;40;1,293;0,169;-0,187;19,49;18,774;19,376;-736,249;-308,749;15783,39;9,02
13;2025;09;30;15;55;40;1,339;0,201;0,006;16,398;18,465;21,273;-678,806;-838,298;15798,89;9,02
13;2025;09;30;15;55;41;1,301;0,198;0,039;17,488;17,184;20,686;-758,401;-329,493;15818,03;9,02
13;2025;09;30;15;55;41;1,437;0,186;0,2;16,487;18,995;20,212;-913,762;-473,08;15864,18;9,02
13;2025;09;30;15;55;42;1,415;0,15;-0,224;19,802;16,366;21,115;-815,793;-584,641;15861,4;9,02
13;2025;09;30;15;55;42;1,374;0,153;-0,175;20,914;17,294;19,421;-811,936;-466,115;15830,14;9,02
13;2025;09;30;15;55;43;1,246;0,18;-0,107;20,425;17,868;21,273;-705,402;-340,947;15841,14;9,02
13;2025;09;30;15;55;43;1,225;0,188;0,205;18,422;16,322;22,289;-606,219;-454,008;15768,09;9,02
13;2025;09;30;15;55;44;1,206;0,188;0,061;23,139;19,812;18,834;-551,524;-685,426;15847,42;9,02
13;2025;09;30;15;55;44;0,945;0,048;-0,254;17,109;18,398;21,341;-726,03;-518,486;15755,13;9,02
13;2025;09;30;15;55;45;1,204;0,158;-0,287;23,206;22,728;20,054;-782,955;-608,154;15889,28;9,02
13;2025;09;30;15;55;45;1,397;0,128;-0,069;21,159;17,272;19,783;-861,451;-481,107;15872,37;9,02
13;2025;09;30;15;55;46;1,272;0,168;-0,165;21,893;18,752;20,167;-852,714;-575,073;15829,19;9,02
13;2025;09;30;15;55;46;1,427;0,179;-0,108;19,891;20,74;19,173;-789,011;-549,242;15837,64;9,02
13;2025;09;30;15;55;47;1,362;0,142;-0,224;19,824;17,758;19,963;-1031,303;-374,302;15894,04;9,02
13;2025;09;30;15;55;47;1,257;0,195;0,101;17,666;17,648;19,489;-945,761;-302,338;15849,1;9,02
13;2025;09;30;15;55;48;1,705;0,041;-0,515;19,446;19,414;21,16;-817,925;-523,586;15826,01;9,02
13;2025;09;30;15;55;48;1,493;0,185;0,016;18,378;19,635;20,844;-896,062;-350,153;15876;9,02
13;2025;09;30;15;55;49;0,908;0,152;0,17;18,422;21,424;19,376;-898,151;-388,377;15869,25;9,02
13;2025;09;30;15;55;49;1,209;0,158;-0,045;20,002;20,254;20,776;-689,411;-650,119;15821,52;9,02
13;2025;09;30;15;55;50;1,187;0,125;-0,246;20,224;19,238;19,625;-816,89;-357,801;15884,78;9,02
13;2025;09;30;15;55;50;1,312;0,196;-0,147;22,916;21,667;22,741;-914,199;-3,096;15731,77;9,02
13;2025;09;30;15;55;51;1,345;0,176;-0,074;17,799;18,421;23,215;-796,487;-286,441;15741,79;9,02
13;2025;09;30;15;55;51;1,335;0,162;-0,197;19,935;19,348;24,299;-812,783;-213,173;15761,61;9,02
13;2025;09;30;15;55;52;1,427;0,228;-0,113;19,98;18,531;19,85;-824,53;-399,761;15727,79;9,02
13;2025;09;30;15;55;52;1,365;0,236;-0,147;21,426;21,027;23,599;-725,778;-468,562;15748,24;9,02
13;2025;09;30;15;55;53;1,319;0,159;-0,112;23,228;17,537;25,383;-992,664;-367,026;15841,36;9,02
13;2025;09;30;15;55;53;1,207;0,209;-0,063;19,49;17,89;19,308;-879,267;-429,065;15795,41;9,02
13;2025;09;30;15;55;54;1,318;0,161;0,169;19,512;22,197;19,896;-747,256;-255,967;15814,44;9,02
13;2025;09;30;15;55;54;1,111;0,224;-0,038;18,044;19,989;18,541;-848,103;-461,809;15806,03;9,02
13;2025;09;30;15;55;55;1,376;0,252;-0,401;20,558;22,462;21,138;-825,004;-321,905;15861,27;9,02
13;2025;09;30;15;55;55;1,367;0,207;-0,074;19,913;18,376;21,364;-863,82;-470,221;15814,16;9,02
13;2025;09;30;15;55;56;1,378;0,237;-0,353;18,867;20,077;21,951;-878,117;-306,862;15783,23;9,02
13;2025;09;30;15;55;56;1,135;0,098;0,009;22,538;18,178;21,341;-743,115;-373,483;15726,53;9,02
13;2025;09;30;15;55;57;1,099;0,073;-0,113;18,578;21,712;18,473;-801,102;-350,551;15747,5;9,02
13;2025;09;30;15;55;57;0,888;0,178;-0,001;19,223;16,786;20,347;-852,739;-272,314;15778,64;9,02
13;2025;09;30;15;55;58;0,941;0,162;-0,159;18,667;20,563;22,944;-716,212;-488,822;15779,76;9,02
13;2025;09;30;15;55;58;1,368;0,114;-0,225;19,802;18,708;22,899;-913,259;-373,195;15852,4;9,02
13;2025;09;30;15;55;59;1,329;0,163;-0,209;21,76;16,786;19,15;-695,464;-624,361;15834,78;9,02
13;2025;09;30;15;55;59;1,321;0,209;-0,016;19,735;20,165;20,076;-831,332;-598,141;15872,48;9,02
13;2025;09;30;15;56;00;1,299;0,136;0,028;21,737;21,137;20,415;-965,045;-502,691;15875,81;9,02
13;2025;09;30;15;56;00;1,265;0,178;0,015;20,158;19,194;20,663;-872,771;-557,182;15781,7;9,02
13;2025;09;30;15;56;01;1,234;0,198;-0,07;20,024;20,961;21,86;-755,577;-540,96;15883,53;9,02
13;2025;09;30;15;56;01;1,086;0,164;-0,05;18,4;19,172;20,709;-942,316;-286,924;15920,84;9,02
13;2025;09;30;15;54;29;0,96;-0,024;0,171;24,318;23,677;22,944;-326,985;-254,918;15608,75;9,02
13;2025;09;30;15;54;29;1,056;0,007;0,057;18,934;16,344;19,037;-400,05;-340,41;15672,23;9,02
13;2025;09;30;15;54;30;0,707;0,072;0,238;20,313;23,28;23,193;-548,692;-112,495;15645,17;9,02
13;2025;09;30;15;54;30;0,682;0,076;1,133;20,091;20,099;21,341;-727,309;-82,94;15825,38;9,02
13;2025;09;30;15;54;31;0,511;0,003;-0,09;18,689;18,266;18,676;-474,811;-524,379;15748,6;9,02
13;2025;09;30;15;54;31;0,686;-0,07;-0,211;17,443;19,26;21,431;-797,39;-196,411;15885,35;9,02
13;2025;09;30;15;54;32;0,326;0,001;0,554;19,312;20,74;19,647;-639,005;-473,456;15848,14;9,02
13;2025;09;30;15;54;32;1,382;-0,122;-0,484;18,689;21,424;20,573;-863,875;-182,914;15763,03;9,02
13;2025;09;30;15;54;33;1,128;-0,032;-0,104;20,647;18,708;22,335;-415,111;-335,18;15722,41;9,02
13;2025;09;30;15;54;33;0,909;0,149;1,089;18,133;22,551;21,251;-1083,643;-24,435;16102,07;9,02
13;2025;09;30;15;54;34;0,986;-0,041;-0,022;16,264;18,73;25,428;-763,62;342,302;15659,73;9,02
13;2025;09;30;15;54;34;0,891;0,075;-0,097;18,889;22,065;27,709;-611,135;-256,519;15740,56;9,02
13;2025;09;30;15;54;35;0,809;0,05;-0,141;18,978;23,545;22,448;-60,614;-202,453;15414,02;9,02
13;2025;09;30;15;54;35;0,995;0,01;-0,331;19,557;20,143;19,512;-553,179;-369,003;15828,63;9,02
13;2025;09;30;15;54;36;1,007;-0,01;-0,016;19,512;19,9;19,918;-776,592;-921,705;16123,49;9,02
13;2025;09;30;15;54;36;0,827;0,089;0,066;19,668;20,188;20,212;-905,618;-364,494;16100,29;9,02
13;2025;09;30;15;54;37;0,829;-0,09;0,229;17,043;18,509;21,386;-391,323;-34,414;15609,62;9,02
13;2025;09;30;15;54;37;0,806;0,01;-0,071;18,422;18,641;20,483;-233,845;-570,869;15554,46;9,02
13;2025;09;30;15;54;38;0,615;-0,056;-0,017;20,781;20,364;26,264;-954,489;-1524,825;16387,85;9,02
13;2025;09;30;15;54;38;0,754;0,068;0,059;19,379;20,099;17,795;-478,545;-556,902;15808,04;9,02
13;2025;09;30;15;54;39;0,818;0,127;-0,237;18,511;18,156;19,783;-1140,883;-381,41;16095,24;9,02
13;2025;09;30;15;54;39;0,777;0,028;0,001;21,381;19,856;18,97;-418,301;-276,628;15693,08;9,02
13;2025;09;30;15;54;40;0,309;-0,099;0,151;17,532;18,421;19,444;-666,614;-599,542;15886,94;9,02
13;2025;09;30;15;54;40;0,849;-0,013;-0,595;20,469;17,493;20,957;-727,128;-88,328;15859,48;9,02
13;2025;09;30;15;54;41;0,628;0,033;-0,048;21,915;21,071;23,057;-534,104;-595,305;15864,12;9,02
13;2025;09;30;15;54;41;0,735;0,009;-0,395;16,487;18,133;22,989;-321,566;-295,175;15585,47;9,02
13;2025;09;30;15;54;42;0,614;0,049;0,418;19,134;21,248;22,786;-567,523;-1535,923;16159,77;9,02
13;2025;09;30;15;54;42;0,829;-0,068;-0,111;21,715;19,635;23,215;-728,361;-1196,553;16121,29;9,02
13;2025;09;30;15;54;43;0,761;-0,038;-0,529;21,893;19,061;20,528;-364,453;-475,346;15715,81;9,02
13;2025;09;30;15;54;43;0,547;0,088;-0,181;17,621;19,083;19,986;-886,043;-637,039;16043,16;9,02
13;2025;09;30;15;54;44;0,616;0,049;-0,001;19,69;18,133;17,953;-723,871;-204,594;15699,24;9,02
13;2025;09;30;15;54;44;0,59;0,05;-0,078;23,74;17,537;23,012;-438,267;-792,24;15776,27;9,02
13;2025;09;30;15;54;45;0,792;-0,026;0,385;20,247;18,421;16,26;-392,081;-600,412;15683,73;9,02
13;2025;09;30;15;54;45;0,536;-0,044;-0,139;18,355;23,744;25,948;-319,682;-62,79;15481,31;9,02
13;2025;09;30;15;54;46;0,815;-0,02;-0,173;19,579;21,226;21,16;-540,926;515,45;15439,66;9,02
13;2025;09;30;15;54;46;0,82;-0,009;-0,548;20,892;19,878;20,889;-574,188;-454,493;15790,13;9,02
13;2025;09;30;15;54;47;0,672;-0,036;-0,04;20,647;18,2;21,431;-1086,804;-358,443;16122,31;9,02
13;2025;09;30;15;54;47;1,016;-0,101;-0,146;19,935;19,613;20,618;-617,17;-542,11;15899,67;9,02
13;2025;09;30;15;54;48;0,856;0,15;0,181;17,91;17,603;20,799;-539,836;-496,441;15775,48;9,02
13;2025;09;30;15;54;49;0,841;0,044;0,23;18,622;19,039;22,538;-522,511;-158,262;15688,87;9,02
13;2025;09;30;15;54;49;1,003;-0,011;-0,013;20,558;19,127;22,877;-601,833;-98,759;15878,06;9,02
13;2025;09;30;15;54;49;0,904;-0,027;0,042;19,757;17,736;20,28;-1108,089;388,967;15874,64;9,02
13;2025;09;30;15;54;50;0,925;0,038;0,077;20,491;19,172;22,538;-443,873;-362,446;15661,15;9,02
13;2025;09;30;15;54;51;0,588;0,067;-0,146;21,693;21,38;19,15;-928,543;978,597;15476,21;9,02
13;2025;09;30;15;54;51;0,984;0,078;-0,164;18,956;17,913;21,657;-812,279;-423,424;15787,66;9,02
13;2025;09;30;15;54;52;1,068;0,121;0,429;18,978;20,916;21,973;-551;-259,627;15784,67;9,02
13;2025;09;30;15;54;52;0,804;0,043;0,086;18,467;16,852;23,441;-282,656;-67,03;15491,42;9,02
13;2025;09;30;15;54;53;0,861;-0,04;-0,053;20,981;17,162;23,373;-485,283;-536,271;15855,67;9,02
13;2025;09;30;15;54;53;0,676;0,001;0,228;18,889;19,768;23,102;-821,466;-227,371;15896,17;9,02
13;2025;09;30;15;54;54;0,737;0,108;-0,03;21,96;22,374;22,131;-586,424;66,779;15638,8;9,02
13;2025;09;30;15;54;54;1,11;0,021;0,162;19,423;19,989;18,834;-176,198;-167,467;15422,44;9,02
13;2025;09;30;15;54;55;1,203;-0,005;-0,558;19,779;18,862;21,499;-170,64;-146,069;15344,91;9,02
13;2025;09;30;15;54;55;1,084;0,032;-0,593;19,045;18,178;20,234;-588,866;-467,411;15704,05;9,02
13;2025;09;30;15;54;56;0,753;0,022;0,123;19,579;18,244;22,719;-233,94;-1197,514;15769,67;9,02
13;2025;09;30;15;54;56;0,731;0,053;-0,029;21,203;21,645;26,851;-450,453;-435,771;15667,03;9,02
13;2025;09;30;15;54;57;1,011;0,009;-0,279;16,531;16,698;19,015;-1051,143;-151,497;15984,34;9,02
13;2025;09;30;15;54;57;1,157;0,015;-0,369;20,425;18,531;20,663;-817,413;246,006;15624,83;9,02
13;2025;09;30;15;54;58;0,812;-0,079;-0,3;18,467;19,172;24,841;-1129,898;210,836;16029,82;9,02
13;2025;09;30;15;54;58;0,825;0,122;0,12;19,29;24,936;21,906;-549,252;-358,667;15823,3;9,02
13;2025;09;30;15;54;59;0,787;-0,033;-0,041;20,336;19,017;18,541;-624,875;-836,228;15920,92;9,02
14;2025;09;30;15;57;17;0,843;0,159;-0,254;19,423;18,133;24,367;-818,084;-62,326;15812,93;9,02
14;2025;09;30;15;57;17;0,964;0,018;-0,061;17,821;18,818;20,641;-785,532;-20,63;15842,22;9,02
14;2025;09;30;15;57;18;1,148;0,08;0,047;19,401;20,254;23,667;-553,459;23,155;15693,04;9,02
14;2025;09;30;15;57;18;0,504;0,086;-0,14;17,465;19,613;20,189;-769,245;29,499;15703,31;9,02
14;2025;09;30;15;57;19;0,956;-0,018;-0,197;21,114;19,68;22,741;-699,493;77,695;15831,39;9,02
14;2025;09;30;15;57;19;1,179;0,095;-0,433;18,645;20,961;21,567;-211,655;-291,429;15691,52;9,02
14;2025;09;30;15;57;20;1,224;0,113;-0,123;19,512;22,374;21,431;-680,827;-127,622;15697,91;9,02
14;2025;09;30;15;57;20;0,617;-0,003;-0,524;18,111;19,017;19,534;-511,093;-84,221;15665,56;9,02
14;2025;09;30;15;57;21;0,807;-0,061;0,146;19,713;20,188;19,444;-999,206;-376,851;15944,4;9,02
14;2025;09;30;15;57;21;0,569;0,138;0,229;17,087;15,638;19,918;-835,931;-124,336;15850,02;9,02
14;2025;09;30;15;57;22;0,748;0,052;0,013;18,934;21,314;18,292;-982,08;-539,019;15924,45;9,02
14;2025;09;30;15;57;22;1,011;0,09;-0,015;18,978;20,386;19,196;-877,064;193,188;15778,31;9,02
14;2025;09;30;15;57;23;0,996;0,095;-0,052;17,132;19,922;20,618;-771,085;-228,831;15843,66;9,02
14;2025;09;30;15;57;23;0,958;0,1;0,022;18,645;20,916;20,686;-563,908;-347,548;15706,22;9,02
14;2025;09;30;15;57;24;0,692;0,047;-0,028;19,935;21,8;21,499;-711,74;-420,512;15753,4;9,02
14;2025;09;30;15;57;24;1,018;0,182;-0,285;20,091;15,35;21,318;-585,251;-195,656;15735,49;9,02
14;2025;09;30;15;57;25;0,639;0,015;0,044;16,954;18,266;20,302;-540,3;39,337;15676,76;9,02
14;2025;09;30;15;57;25;1,022;0,06;-0,364;16,442;22,043;18,563;-597,061;-372,436;15722,63;9,02
14;2025;09;30;15;57;26;0,751;0,019;-0,324;22,071;19,061;22,493;-927,85;-325,062;16014,41;9,02
14;2025;09;30;15;57;26;1,23;0,054;-0,245;20,291;19,9;20,957;-564,381;-335,023;15848,02;9,02
14;2025;09;30;15;57;27;0,736;0,202;0,202;18,622;23,28;20,415;-598,763;-838,335;15831,82;9,02
14;2025;09;30;15;57;27;1,004;0,072;-0,128;19,601;19,039;24,661;-883,357;-485,198;16022,45;9,02
14;2025;09;30;15;57;28;0,815;-0,007;-0,183;20,469;20,894;20,054;-863,566;-527,391;15958,64;9,02
14;2025;09;30;15;57;28;0,952;0,024;-0,085;17,643;18,686;21,68;-652,615;-386,21;15732,83;9,02
14;2025;09;30;15;57;29;0,803;0,031;-0,201;21,025;17,625;21,431;-617,191;-508,749;15878,5;9,02
14;2025;09;30;15;57;29;0,704;0,067;-0,07;19,779;17,14;19,015;-928,943;-268,697;15906,53;9,02
14;2025;09;30;15;57;30;1,023;0,052;-0,168;18,355;20,673;21,002;-930,736;-242,146;15923,77;9,02
14;2025;09;30;15;57;30;0,604;0,05;-0,31;20,914;17,537;20,505;-635,397;93,54;15664,28;9,02
14;2025;09;30;15;57;31;0,745;0,011;0,155;16,197;22,33;23,441;-693,914;-211,466;15767,97;9,02
14;2025;09;30;15;57;31;0,949;0,212;0,084;20,847;19,304;20,731;-867,885;-468,97;15892,15;9,02
14;2025;09;30;15;57;32;0,806;0,137;-0,187;17,354;20,673;25,157;-695,662;230,47;15668,64;9,02
14;2025;09;30;15;57;32;0,646;0,019;0,369;19,735;19,746;19,602;-779,657;-531,263;15929,34;9,02
14;2025;09;30;15;57;33;0,804;0,074;-0,247;19,579;20,651;23,69;-918,837;-777,809;16006,49;9,02
14;2025;09;30;15;57;33;0,833;0,039;0,039;20,291;21,049;21,544;-623,292;-252,443;15768,48;9,02
14;2025;09;30;15;57;34;0,726;0,019;0,05;20,758;18,398;21,635;-808,724;-394,756;15848,87;9,02
14;2025;09;30;15;57;34;0,715;0,15;0,021;19,134;23,059;22,064;-443,186;-193,82;15559,56;9,02
14;2025;09;30;15;57;35;0,763;0,052;-0,081;21,114;18,664;23,78;-912,183;-314,059;15831,34;9,02
14;2025;09;30;15;57;35;0,77;0,058;0,037;15,663;19,061;21,093;-903,163;-433,404;15935,49;9,02
14;2025;09;30;15;57;36;1,096;0,097;0,245;19,156;17,714;22,877;-769,472;-274,754;15830,76;9,02
14;2025;09;30;15;57;36;1,189;0,085;0,104;19,156;18,774;20,212;-549,132;-26,921;15698,51;9,02
14;2025;09;30;15;57;37;0,968;0,031;-0,142;17,02;19,039;16,847;-778,436;-475,895;15857,2;9,02
14;2025;09;30;15;57;37;0,471;-0,068;-0,305;21,648;19,216;23,78;-860,502;-336,401;15791,78;9,02
14;2025;09;30;15;57;38;0,874;0,049;-0,106;17,844;20,762;20,076;-782,327;-103,127;15731,67;9,02
14;2025;09;30;15;57;38;0,773;0,082;-0,018;19,357;16,455;19,534;-832,413;-53,074;15798,75;9,02
14;2025;09;30;15;57;39;1,061;-0,009;-0,258;19,268;16,897;19,512;-608,861;-680,821;15833,57;9,02
14;2025;09;30;15;57;39;1,103;0,101;-0,206;18,912;17,272;21,07;-973,234;-33,178;15956,3;9,02
14;2025;09;30;15;57;40;1,04;0,024;-0,232;19,824;18,906;20,663;-845,884;-117,483;15821,03;9,02
14;2025;09;30;15;57;40;0,845;0,039;0,072;16,776;18,111;19,67;-939,322;-543,971;15979,44;9,02
14;2025;09;30;15;57;41;1,084;0,123;-0,11;17,933;17,935;21,567;-673,733;-591,135;15731,33;9,02
14;2025;09;30;15;57;41;1,203;0,13;-0,065;20,291;19,702;18,631;-737,014;-148,81;15854,55;9,02
14;2025;09;30;15;57;42;0,972;0,221;0,335;20,803;20,497;22,086;-1071,399;248,454;15748,01;9,02
14;2025;09;30;15;57;42;0,893;0,075;-0,143;22,761;21,049;22,335;-575,748;-66,05;15577,17;9,02
14;2025;09;30;15;57;43;0,925;-0,044;0,155;20,825;18,752;17,682;-615,506;-425,713;15785,58;9,02
14;2025;09;30;15;57;43;0,851;-0,004;-0,329;21,559;19,9;23,012;-921,186;-89,808;15821,33;9,02
14;2025;09;30;15;57;44;0,866;0,075;-0,14;22,049;17,648;19,941;-1128,698;-663,968;16132,3;9,02
14;2025;09;30;15;57;44;1,028;0,1;-0,025;22,783;20,983;24,254;-665,194;-141,826;15768,47;9,02
14;2025;09;30;15;57;45;1,2;0,083;-0,012;16,842;19,922;21,364;-671,786;-59,152;15671,55;9,02
14;2025;09;30;15;57;45;0,942;0,024;-0,325;18,177;20,74;19,986;-714,817;-382,316;15848,73;9,02
14;2025;09;30;15;57;46;0,831;0,09;-0,001;19,401;21,181;17,728;-866,166;-256,257;15775,48;9,02
14;2025;09;30;15;57;46;0,564;0,017;-0,207;19,49;19,878;19,805;-1133,996;-643,552;16165,08;9,02
15;2025;09;30;15;58;55;0,832;0,124;-0,358;19,535;21,115;18,879;-844,671;-282,454;15803,4;8,998
15;2025;09;30;15;58;56;0,9;0,205;-0,079;21,849;21,579;22,335;-872,837;-327,543;15863,62;8,987
15;2025;09;30;15;58;56;1,021;0,197;-0,191;18,533;22,286;23,238;-567,335;-167,908;15653;8,993
15;2025;09;30;15;58;57;1,083;0,045;-0,597;18,444;21,049;22,425;-678,847;-208,299;15659,63;9,006
15;2025;09;30;15;58;57;0,865;0,142;0,211;17,955;20,254;24,006;-672,346;-566,218;15842,9;9,004
15;2025;09;30;15;58;58;0,807;0,104;-0,111;21,849;20,254;25,293;-713,114;-259,237;15788,53;9,006
15;2025;09;30;15;58;58;0,896;0,108;-0,076;20,069;16,609;23,667;-806,052;-340,311;15818,18;8,998
15;2025;09;30;15;58;59;1,079;0,128;-0,119;18,756;18,73;21,318;-766,268;-627,517;15893,07;8,996
15;2025;09;30;15;58;59;1,246;0,138;-0,188;20,736;17,846;20,867;-789,312;-556,884;15826,63;8,993
15;2025;09;30;15;59;00;1,166;0,203;0,017;19,223;19,657;18,428;-695,292;-253,503;15738,43;8,996
15;2025;09;30;15;59;00;1,25;0,107;-0,24;17,554;19,105;21,747;-811,625;-246,627;15823,37;9,004
15;2025;09;30;15;59;01;1,146;0,118;-0,006;20,469;18,884;21,567;-934,673;-276,616;15922,67;9,01
15;2025;09;30;15;59;01;0,939;0,125;-0,119;21,025;19,922;21,386;-807,922;-352,096;15802,39;9,004
15;2025;09;30;15;59;02;1,103;0,155;-0,155;23,717;20,386;25,225;-839,309;-599,349;15932,51;8,996
15;2025;09;30;15;59;02;1,088;0,115;-0,133;20,002;18,862;19,625;-788,493;-515,204;15853,32;9,004
15;2025;09;30;15;59;03;0,949;0,145;0,353;20,936;18,509;20,257;-710,215;-513,215;15795,06;9,01
15;2025;09;30;15;59;03;0,913;0,092;-0,112;19,802;21,645;25,022;-827,756;-373,454;15798,18;8,993
15;2025;09;30;15;59;04;0,917;0,184;-0,158;21,315;19,105;24,209;-770,806;-383,243;15794,69;9,01
15;2025;09;30;15;59;04;0,494;-0,083;-0,698;16,509;20,055;22,493;-668,702;-212,338;15669,71;9,009
15;2025;09;30;15;59;05;1,066;0,115;-0,013;19,557;21,469;21,228;-738,098;-231,171;15727,99;9,015
15;2025;09;30;15;59;05;0,958;0,149;-0,296;21,315;19,724;18,947;-702,298;-494,541;15816,45;9,009
15;2025;09;30;15;59;06;1,318;0,176;0,16;18,4;21,689;21,612;-852,214;-631,101;15973,07;9,006
15;2025;09;30;15;59;06;0,87;0,177;-0,051;23,384;18,575;21,341;-816,072;-511,434;15862,38;9,009
15;2025;09;30;15;59;07;0,853;0,079;0,06;19,001;22,485;19,399;-815,132;-375,293;15878,52;9,01
15;2025;09;30;15;59;07;0,728;0,162;-0,135;19,09;20,629;21,657;-867,316;-354,138;15804,66;9,004
15;2025;09;30;15;59;08;0,821;0,069;-0,22;19,757;16,897;20,889;-673,93;-291,664;15689,12;9,01
15;2025;09;30;15;59;08;0,748;0,15;-0,158;22,872;21,424;23,802;-794,477;-343,703;15733,67;9,014
15;2025;09;30;15;59;09;0,873;0,03;-0,063;15,997;19,37;20,596;-724,535;-447,365;15811,88;9,01
15;2025;09;30;15;59;09;0,749;0,087;-0,129;17,71;21,292;22,967;-724,536;-447,34;15813,31;9,004
15;2025;09;30;15;59;10;0,905;0,168;-0,391;17,643;17,603;21,454;-646,976;-375,865;15740,66;9,01
15;2025;09;30;15;59;10;0,667;0,2;0,634;20,647;23,456;22,47;-654,051;-304,479;15733,09;9,009
15;2025;09;30;15;59;11;1,005;0,146;-0,303;19,646;18,001;22,967;-591,269;-194,866;15679,47;9,01
15;2025;09;30;15;59;11;1,026;0,093;-0,019;20,158;21,601;23,554;-644,289;-256,564;15707,1;9,02
15;2025;09;30;15;59;12;1,028;0,118;-0,258;21,47;21,932;21,273;-760,396;-395,348;15880,93;9,02
15;2025;09;30;15;59;12;0,753;0,128;0,154;19,223;18,973;18,947;-864,921;-488,686;15951,09;9,009
15;2025;09;30;15;59;13;0,687;0,017;-0,081;20,959;22,661;20,144;-828,614;-447,512;15895,8;9,015
15;2025;09;30;15;59;13;1,034;0,141;0,235;21,915;19,967;22,809;-875,728;-636,642;15885,13;9,02
15;2025;09;30;15;59;14;0,996;0,139;-0,5;22,56;21,093;24,457;-909,71;-531,428;15839,22;9,02
15;2025;09;30;15;59;14;1,101;0,197;0,011;20,024;18,973;21,86;-828,455;-353,347;15772,67;9,02
15;2025;09;30;15;59;15;1,352;0,1;-0,369;22,716;19,216;21,476;-993,799;-302,628;15927,08;9,02
15;2025;09;30;15;59;15;0,951;0,164;-0,194;21,96;16,919;23,419;-532,464;-314,712;15689,94;9,02
15;2025;09;30;15;59;16;0,929;0,131;0,189;18,645;19,856;27,348;-797,65;-359,781;15816,25;9,02
15;2025;09;30;15;59;16;0,553;0,175;0,151;22,516;22,065;25,722;-1028,176;-594,537;15980,27;9,014
15;2025;09;30;15;59;17;0,774;0,11;0,085;19,757;19,083;23,531;-753,043;-605,114;15888,68;9,02
15;2025;09;30;15;59;17;1,007;0,236;-0,05;22,983;21,822;21,725;-908,776;-607,501;15916,59;9,014
15;2025;09;30;15;59;18;0,919;0,061;-0,236;20,402;22,109;22,854;-860,986;-380,438;15904,58;9,02
15;2025;09;30;15;59;18;0,992;0,113;0,339;20,158;19,37;25,858;-766,773;-416,847;15810,44;9,02
15;2025;09;30;15;59;19;1,049;0,009;-0,18;18,022;20,673;25,248;-731,86;-409,641;15809,2;9,02
15;2025;09;30;15;59;19;0,995;0,157;-0,619;20,981;19,569;21,657;-643,583;-80,826;15683,39;9,02
15;2025;09;30;15;59;20;0,971;0,106;-0,137;18,333;18,288;19,85;-685,388;-250,19;15680,37;9,02
15;2025;09;30;15;59;20;0,749;0,139;-0,298;18,177;21,226;22,086;-679,977;-348,101;15775;9,02
15;2025;09;30;15;59;21;0,857;0,184;0,142;23,005;18,178;20,686;-868,208;-345,389;15863,94;9,015
15;2025;09;30;15;59;21;1,237;0,147;-0,072;20,469;19,216;22,944;-651,723;-305,295;15682,81;9,02
15;2025;09;30;15;59;22;1,187;0,14;0,117;18,645;22,86;23,396;-740,841;-439,754;15933,75;9,02
15;2025;09;30;15;59;22;0,958;0,049;0,174;21,226;22,087;24,503;-776,025;-218,183;15809,17;9,014
15;2025;09;30;15;59;23;0,838;0,019;-1,126;21,515;23,103;19,105;-748,85;-267,707;15832,65;9,02
15;2025;09;30;15;59;23;0,976;0,164;-0,151;23,74;22,175;21,002;-982,731;-521,156;16029,29;9,02
15;2025;09;30;15;59;24;1,08;0,277;0,523;21,893;18,244;19,579;-781,369;-81,798;15771,3;9,02
15;2025;09;30;15;59;24;0,807;0,027;-0,129;18,467;18,752;18,947;-1015,595;-561,999;15984,27;9,02
15;2025;09;30;15;59;25;0,432;0,232;0,458;22,649;22,131;23,825;-907,988;-581,319;15956,13;9,02
16;2025;09;30;16;00;10;1,012;0,179;-0,091;21,359;19,348;26,083;-708,286;-110,822;15683,87;8,982
16;2025;09;30;16;00;11;0,892;0,146;0,039;19,334;20,585;24,751;-838,827;-212,835;15831,6;8,982
16;2025;09;30;16;00;11;0,846;0,135;0,044;19,156;20,475;21,318;-754,964;-297,154;15828,89;8,982
16;2025;09;30;16;00;12;0,752;0,104;-0,085;23,806;22,043;24,819;-871,436;-538,983;15901,4;8,982
16;2025;09;30;16;00;12;0,968;0,115;-0,204;20,18;18,752;22,493;-963,278;-357,706;15921,23;8,982
16;2025;09;30;16;00;13;0,958;0,134;0,166;18,088;18,376;20,438;-833,22;-429,559;15789,46;8,982
16;2025;09;30;16;00;13;0,873;0,142;0,096;23,072;19,9;21,928;-834,94;-299,427;15858,58;8,982
16;2025;09;30;16;00;14;0,822;0,044;-0,177;20,269;20,894;19,963;-692,067;-516,974;15773,14;8,982
16;2025;09;30;16;00;14;0,759;0,025;-0,149;19,023;19,414;25,27;-623,448;-394,631;15748,44;8,982
16;2025;09;30;16;00;15;0,661;0,112;-0,186;17,777;23,456;24,367;-887,365;-313,082;15917,36;8,982
16;2025;09;30;16;00;15;0,96;0,042;0,099;18,622;20,011;20,934;-852,024;-268,583;15826,01;8,982
16;2025;09;30;16;00;16;1,016;0,149;0,177;18,489;19,9;21,77;-930,315;-457,617;15865,89;8,982
16;2025;09;30;16;00;16;1,045;0,113;-0,103;19,757;20,386;21,07;-524,405;-414,393;15728,31;8,982
16;2025;09;30;16;00;17;0,708;0,082;0,311;18,622;18,774;22,538;-886,321;-170,873;15808,8;8,982
16;2025;09;30;16;00;17;0,978;0,125;0,114;17,844;19,437;22,335;-898,653;-439,764;15938,75;8,982
16;2025;09;30;16;00;18;0,95;-0,006;-0,707;21,448;18,686;26,016;-516,755;-150,878;15642,74;8,982
16;2025;09;30;16;00;18;1,128;0,102;-0,396;21,137;21,932;20,528;-604,438;-284,404;15735,06;8,982
16;2025;09;30;16;00;19;1,085;0,121;-0,42;18,511;16,698;22,335;-854,602;-334,193;15903,76;8,982
16;2025;09;30;16;00;19;0,985;0,118;-0,264;20,558;19,525;19,85;-636,231;-290,664;15703,14;8,982
16;2025;09;30;16;00;20;1,013;0,11;0,028;20,603;18,398;23,125;-725,862;-409,466;15807,2;8,982
16;2025;09;30;16;00;20;1,05;0,242;-0,151;16,576;19,878;25,18;-915,046;-298,397;15945,36;8,982
16;2025;09;30;16;00;21;0,94;0,084;0,082;18,511;19,834;19,376;-1062,63;-279,816;15882,61;8,982
16;2025;09;30;16;00;21;0,897;0,164;0,252;20,936;22,573;20,663;-924,437;-226,04;15916,63;8,982
16;2025;09;30;16;00;22;1,003;0,05;-0,318;22,382;17,515;23,644;-811,306;-312,595;15795,39;8,982
16;2025;09;30;16;00;22;0,844;0,152;0,042;20,313;19,746;21,815;-403,537;-141,953;15504,08;8,982
16;2025;09;30;16;00;23;0,754;0,109;0,065;18,734;22,308;22,673;-634,31;-394,858;15773,01;8,982
16;2025;09;30;16;00;23;0,657;0,041;-0,042;22,716;21,093;21,77;-706,215;-382,75;15807,6;8,982
16;2025;09;30;16;00;24;0,563;0,005;-0,23;19,957;20,055;22,56;-756,242;-456,338;15820,01;8,982
16;2025;09;30;16;00;24;0,894;0,146;0,086;19,935;20,21;25,067;-670,553;-356,223;15814,01;8,987
16;2025;09;30;16;00;25;0,96;0,092;-0,178;19,112;20,806;22,47;-682,353;-223;15739,9;8,982
16;2025;09;30;16;00;25;0,885;0,036;0,249;19,512;19,437;18,902;-845,688;-318,792;15820,05;8,982
16;2025;09;30;16;00;26;0,841;0,056;-0,225;19,401;17,382;24,638;-1028,046;-296,075;15912,93;8,982
16;2025;09;30;16;00;26;0,742;0,101;0,064;19,067;20,143;22,493;-1046,98;-318,948;15950,19;8,982
16;2025;09;30;16;00;27;0,73;0,212;0,176;19,023;17,868;21,228;-853,586;-362,349;15782,24;8,982
16;2025;09;30;16;00;27;0,815;0,035;-0,028;17,688;21,601;22,673;-742,651;-387,009;15768,78;8,982
16;2025;09;30;16;00;28;0,774;0,137;-0,216;22,494;21,689;21,386;-760,985;-92,588;15799,51;8,982
16;2025;09;30;16;00;28;0,938;0,105;-0,164;19,891;20,74;19,85;-863,755;-325,592;15859,02;8,982
16;2025;09;30;16;00;29;1,035;0,112;-0,26;23,272;20,033;18,337;-801,605;-419,231;15969,33;8,987
16;2025;09;30;16;00;29;1,018;0,15;-0,03;20,224;20,298;22,628;-986,571;-214,988;15888,95;8,982
16;2025;09;30;16;00;30;0,724;0,149;0,015;19,624;18,708;20,867;-802,486;-450,67;15891,88;8,982
16;2025;09;30;16;00;30;0,849;0,021;-0,434;20,491;17,957;21,115;-845,421;-392,367;15926,52;8,982
16;2025;09;30;16;00;31;0,849;0,105;0,052;22,738;21,8;23,215;-968,214;-176,031;15904,84;8,982
16;2025;09;30;16;00;31;0,788;0,048;-0,324;18,645;18,862;24,028;-1182,036;-381,505;16042,63;8,987
16;2025;09;30;16;00;32;0,643;0,113;0,144;17,132;17,36;24,073;-925,996;-352,739;15902,03;8,987
16;2025;09;30;16;00;32;0,71;0,069;0,038;22,205;21,248;22,38;-662,783;-512,307;15768,79;8,987
16;2025;09;30;16;00;33;0,695;0,048;0,097;24,296;21,712;21,454;-808,269;-342,252;15809,93;8,982
16;2025;09;30;16;00;33;1,192;-0,089;-0,522;26,677;22,308;21,115;-507,199;-383,491;15759,77;8,982
16;2025;09;30;16;00;34;0,95;0,096;0,194;23,161;24,914;27,619;-1006,023;-353,401;15909,97;8,987
16;2025;09;30;16;00;34;0,865;0,112;0,055;21,404;21,623;20,934;-682,584;-142,997;15737,04;8,982
16;2025;09;30;16;00;35;0,877;0,037;-0,152;23,206;21,292;21,16;-1106,948;-500,862;16032,54;8,982
16;2025;09;30;16;00;35;0,973;0,11;-0,304;21,559;21,888;23,848;-928,214;-379,303;15923,93;8,993
16;2025;09;30;16;00;36;0,881;0,122;-0,083;21,782;21,535;19,896;-837,966;-294,592;15847,06;8,987
16;2025;09;30;16;00;36;0,767;0,071;0,086;21,404;18,2;20,167;-1089,086;-553,918;16068,65;8,987
16;2025;09;30;16;00;37;0,853;-0,014;-0,121;20,38;20,011;21,364;-654,198;-112,534;15705,95;8,987
16;2025;09;30;16;00;37;0,982;0,013;-0,029;19,779;21,446;24,051;-685,489;-190,753;15758,47;8,982
16;2025;09;30;16;00;38;0,786;0,099;-0,075;18,088;20,143;20,302;-819,393;-253,637;15862,35;8,982
16;2025;09;30;16;00;38;0,848;0,111;-0,102;24,34;18,641;26,061;-769,493;-339,234;15806,77;9,004
16;2025;09;30;16;00;39;0,929;-0,006;-0,373;21,315;19,569;25,293;-776,141;-173,8;15764,94;8,991
16;2025;09;30;16;00;39;0,959;0,229;0,49;21,203;20,077;23,825;-659,636;-340,977;15749,74;8,987
16;2025;09;30;16;00;40;1,006;0,162;0,08;16,731;19,702;25,564;-727,054;-261,333;15810,56;8,982
17;2025;09;30;16;01;31;0,751;0,116;-0,305;21,626;22,551;22,222;-766,103;-289,036;15793,01;8,982
17;2025;09;30;16;01;32;1,023;0,095;-0,203;22,85;22,904;21,793;-777,745;-413,608;15789,22;8,982
17;2025;09;30;16;01;32;0,773;0,142;-0,089;21,849;19,922;25,812;-910,457;-298,032;15828,77;8,982
17;2025;09;30;16;01;33;0,704;0,141;-0,14;22,093;21,91;25,27;-863,611;-362,057;15818,24;8,982
17;2025;09;30;16;01;33;0,962;0,097;-0,177;21,671;20,784;21,612;-883,712;-474,236;15900,52;8,982
17;2025;09;30;16;01;34;0,971;0,14;-0,117;23,028;17,648;23,961;-806,766;-442,209;15813,71;8,982
17;2025;09;30;16;01;34;1,042;0,08;-0,128;21,671;18,023;18,97;-836,462;-451,999;15900,16;8,982
17;2025;09;30;16;01;35;0,695;0,116;0,005;21,359;18,244;24,615;-911,524;-308,676;15875,25;8,982
17;2025;09;30;16;01;35;0,651;0,117;-0,082;21,493;22,065;23,238;-723,158;-356,066;15797,96;8,982
17;2025;09;30;16;01;36;0,75;0,053;-0,23;20,959;18,664;21,883;-807,688;-301,856;15829,21;8,982
17;2025;09;30;16;01;36;0,684;0,193;-0,007;22,271;20,894;23,193;-915,393;-222,538;15838,85;8,982
17;2025;09;30;16;01;37;0,792;0,116;-0,223;20,069;18,973;23,644;-782,31;-340,27;15757,91;8,982
17;2025;09;30;16;01;37;0,569;0,049;0,101;22,049;18,951;21,07;-816,895;-357,066;15797,9;8,982
17;2025;09;30;16;01;38;0,798;0,159;-0,18;18,912;18,973;21,002;-773,408;-194,392;15727,31;8,982
17;2025;09;30;16;01;38;0,776;0,08;-0,013;23,094;21,91;25,27;-822,863;-448,051;15838,38;8,982
17;2025;09;30;16;01;39;0,762;0,141;0;20,58;15,373;26,874;-922,965;-324,906;15885,53;8,982
17;2025;09;30;16;01;39;0,633;0,061;-0,065;25,675;22,44;26,106;-807,541;-232,029;15736,24;8,982
17;2025;09;30;16;01;40;0,613;0,141;0,392;21,626;18,597;20,889;-933,64;-248,317;15824,15;8,982
17;2025;09;30;16;01;40;0,944;0,125;-0,101;22,316;21,027;22,131;-845,5;-323,931;15788,14;8,982
17;2025;09;30;16;01;41;0,781;0,195;-0,031;18,378;17,957;25,361;-923,261;-315,484;15741,34;8,982
17;2025;09;30;16;01;41;0,855;0,157;0,039;22,716;20,386;24,006;-854,395;-265,604;15741,37;8,982
17;2025;09;30;16;01;42;0,857;0,143;0,048;22,027;20,121;20,799;-833,165;-488,048;15764,5;8,982
17;2025;09;30;16;01;42;0,844;0,135;0,085;19,512;22,462;23,78;-818,373;-314,568;15746,85;8,982
17;2025;09;30;16;01;43;0,818;0,123;-0,445;26,298;21,535;24,683;-1000,066;-294,487;15834,92;8,982
17;2025;09;30;16;01;43;0,787;0,119;-0,324;22,983;21,888;22,222;-919,652;-296,517;15803,59;8,982
17;2025;09;30;16;01;44;0,898;0,173;-0,148;21,96;22,153;24,57;-828,819;-441,053;15809,67;8,982
17;2025;09;30;16;01;44;0,859;0,064;-0,361;21,915;17,913;22,967;-893,799;-446,741;15794,86;8,982
17;2025;09;30;16;01;45;0,867;0,201;-0,029;21,982;19,216;23,69;-790,013;-348,794;15744,05;8,982
17;2025;09;30;16;01;45;0,883;0,099;-0,249;22,382;20,364;21,115;-754,709;-369,219;15763,88;8,982
17;2025;09;30;16;01;46;0,76;0,194;-0,211;23,717;20,828;22,56;-920,03;-237,192;15859,97;8,982
17;2025;09;30;16;01;46;0,801;0,097;-0,029;18,489;19,569;22,244;-799,429;-398,963;15851,24;8,982
17;2025;09;30;16;01;47;0,708;0,099;0,5;16,086;19,238;22,719;-923,723;-359,984;15828,15;8,982
17;2025;09;30;16;01;47;0,82;0,153;-0,166;20,58;21,248;18,744;-840,183;-410,437;15801,12;8,982
17;2025;09;30;16;01;48;0,904;0,038;-0,127;23,673;21,778;18,992;-895,374;-484,011;15888,4;8,982
17;2025;09;30;16;01;48;0,498;0,251;0,295;21,359;23,898;26,016;-857,907;-426,862;15812,83;8,982
17;2025;09;30;16;01;49;0,867;0,186;-0,229;23,228;21,027;22,47;-926,872;-498,943;15898,64;8,982
17;2025;09;30;16;01;49;0,964;0,113;-0,219;21,27;19,017;20,528;-744,302;-339,657;15733,64;8,982
17;2025;09;30;16;01;50;0,82;0,105;-0,059;24,585;19,127;21,228;-858,054;-292,117;15800,99;8,982
17;2025;09;30;16;01;50;0,641;0,11;-0,009;21,381;24,229;22,628;-718,652;-485,069;15866,56;8,982
17;2025;09;30;16;01;51;0,382;0,098;-0,146;18,734;20,916;21,68;-735,438;-307,077;15731,35;8,982
17;2025;09;30;16;01;51;0,737;0,119;0,097;18,578;21,226;22,56;-962,391;-316,147;15685,02;8,982
17;2025;09;30;16;01;52;0,797;0,082;-0,043;22,338;21,645;22,967;-730,837;-496,394;15880,76;8,982
17;2025;09;30;16;01;52;0,797;0,141;-0,029;19,713;22,948;21,544;-599,5;-491,019;15811,91;8,982
17;2025;09;30;16;01;53;0,908;0,143;-0,097;23,406;20,961;25,09;-985,668;-363,049;15890,16;8,982
17;2025;09;30;16;01;53;0,78;0,069;0,027;21,359;20,43;20,099;-766,728;-287,317;15762,41;8,982
17;2025;09;30;16;01;54;0,951;0,103;-0,118;21,181;19,127;22,041;-815,23;-314,805;15791,43;8,982
17;2025;09;30;16;01;54;0,82;0,098;0,077;23,295;18,465;21,883;-811,524;-445,326;15840,63;8,982
17;2025;09;30;16;01;55;0,773;0,113;-0,168;22,605;24,583;21,86;-852,662;-389,15;15848,73;8,982
17;2025;09;30;16;01;55;0,73;0,125;-0,111;20,514;19,945;23,983;-808,559;-398,793;15750,64;8,982
17;2025;09;30;16;01;56;0,597;0,074;-0,224;22,649;18,597;20,212;-780,622;-388,376;15750,77;8,982
17;2025;09;30;16;01;56;1,082;0,155;-0,105;19,846;19,37;21,973;-974,926;-286;15860,5;8,982
17;2025;09;30;16;01;57;0,608;0,064;-0,076;19,468;20,342;20,257;-822,656;-445,946;15859,77;8,982
17;2025;09;30;16;01;57;0,469;0,14;0,11;23,295;21,093;22,899;-835,063;-295,634;15815,08;8,982
17;2025;09;30;16;01;58;0,803;0,069;0,188;20,825;19,304;23,215;-785,286;-312,433;15753,41;8,982
17;2025;09;30;16;01;58;0,526;0,085;0,094;22,227;21,866;26,016;-619,113;-191,774;15699,1;8,982
17;2025;09;30;16;01;59;0,638;0,099;-0,041;24,874;18,973;21,364;-877,352;-426,711;15811,38;8,982
17;2025;09;30;16;01;59;0,786;0,187;-0,167;21,092;18,862;26,309;-812,849;-277,418;15894,78;8,982
17;2025;09;30;16;02;00;0,571;0,023;0,048;19,223;17,957;22,448;-725,536;-361,611;15796,34;8,982
17;2025;09;30;16;02;00;0,406;0,116;-0,062;20,981;23,478;21,973;-755,653;-342,791;15836,56;8,982
17;2025;09;30;16;02;01;0,778;0,097;-0,23;21,96;15,858;23,938;-723,341;-424,599;15851,48;8,982
18;2025;09;30;16;03;16;0,751;-0,048;-0,206;23,45;21,579;27,19;-866,009;-350,565;15794,02;8,982
18;2025;09;30;16;03;16;0,954;0,077;-0,21;23,428;21,513;26,106;-807,667;-359,096;15762,22;8,982
18;2025;09;30;16;03;17;0,694;0,074;-0,014;21,448;20,983;27,009;-698,923;-264,278;15766,63;8,982
18;2025;09;30;16;03;17;0,749;-0,008;0,073;26,365;22,418;22,448;-797,857;-467,98;15810,18;8,982
18;2025;09;30;16;03;18;0,57;0,053;0,069;20,536;20,276;24,683;-862,213;-565,402;15877,02;8,982
18;2025;09;30;16;03;18;0,625;0,07;-0,067;26,766;21,248;21,138;-822,914;-495,763;15872,66;8,982
18;2025;09;30;16;03;19;0,833;-0,044;0,016;23,94;22,087;25,338;-843,909;-304,478;15849,52;8,982
18;2025;09;30;16;03;19;0,769;0,06;0,019;22,093;21,027;20,957;-844,739;-329,488;15811,67;8,982
18;2025;09;30;16;03;20;0,729;0,063;-0,223;19,601;24,428;25,316;-888,364;-471,419;15811,31;8,982
18;2025;09;30;16;03;20;0,366;0,195;0,608;19,601;19,834;22,56;-933,743;-531,27;15895,21;8,982
18;2025;09;30;16;03;21;0,487;-0,014;0,142;21,604;21,778;23,577;-721,517;-468,101;15797,68;8,982
18;2025;09;30;16;03;21;0,785;0,039;-0,469;21,226;19,989;21,499;-701,083;-144,906;15666,48;8,982
18;2025;09;30;16;03;22;0,728;0,111;-0,274;22,649;24,804;26,603;-881,147;-220,317;15767,97;8,982
18;2025;09;30;16;03;22;0,767;0,063;0,003;23,117;22,529;24,661;-830,555;-277,289;15792,75;8,982
18;2025;09;30;16;03;23;0,834;0,061;0,028;22,872;27,83;25,045;-822,222;-270,356;15796,35;8,982
18;2025;09;30;16;03;23;0,808;0,068;-0,105;22,605;23,434;23,464;-892,507;-508,494;15856,83;8,982
18;2025;09;30;16;03;24;0,641;0,039;0,269;19,601;22,794;22,831;-791,992;-415,199;15824,1;8,982
18;2025;09;30;16;03;24;0,834;-0,067;-0,228;24,407;24,428;27,777;-882,084;-292,03;15852,98;8,982
18;2025;09;30;16;03;25;0,72;0,061;-0,01;22,338;21,932;25,609;-789,92;-343,298;15747,38;8,982
18;2025;09;30;16;03;25;0,953;0,043;0,001;26,454;24,671;26,129;-902,432;-282,524;15864,79;8,982
18;2025;09;30;16;03;26;0,745;0,015;-0,012;22,049;26,239;29,177;-816,612;-299,887;15796,88;8,982
18;2025;09;30;16;03;26;0,767;0,03;-0,077;23,228;21,005;23,757;-747,088;-317,882;15821,55;8,982
18;2025;09;30;16;03;27;1,042;0,05;-0,127;22,939;21,402;26,49;-839,539;-429,402;15890,61;8,982
18;2025;09;30;16;03;27;0,852;-0,013;-0,387;22,939;21,866;26,083;-877,535;-250,352;15824,23;8,982
18;2025;09;30;16;03;28;0,69;0,045;0,155;22,16;21,137;25,316;-860,346;-160,949;15721,21;8,982
18;2025;09;30;16;03;28;0,646;0,071;0,052;22,761;23,92;23,983;-933,199;-318,083;15839,39;8,982
18;2025;09;30;16;03;29;0,414;-0,14;0,015;21,826;22,396;20,189;-915,7;-213,688;15822,69;8,982
18;2025;09;30;16;03;29;0,705;0,02;0,147;23,829;21,049;22,922;-690,903;-436,253;15807,71;8,982
18;2025;09;30;16;03;30;0,582;0,036;0,086;21,292;20,629;21,77;-774,317;-332,216;15824,92;8,982
18;2025;09;30;16;03;30;0,448;0,05;0,065;20,425;19,613;24,119;-858,12;-290,19;15796,95;8,982
18;2025;09;30;16;03;31;0,527;0,11;0,067;23,139;26,018;27,551;-883,564;-413,019;15869,71;8,982
18;2025;09;30;16;03;31;0,537;0,039;0,13;17,866;20,497;19,128;-833,839;-183,54;15781,07;8,982
18;2025;09;30;16;03;32;1,11;-0,041;-0,701;23,183;20,143;21,228;-884,411;-388,589;15830,41;8,982
18;2025;09;30;16;03;32;0,811;0,078;0,008;26,009;23,191;25,112;-765,2;-371,649;15760,48;8,982
18;2025;09;30;16;03;33;0,657;0,032;-0,141;20,135;25,709;26,083;-780,272;-357,946;15804,8;8,982
18;2025;09;30;16;03;33;0,635;0,032;-0,013;22,516;20,961;24,073;-742,145;-344,436;15782,02;8,982
18;2025;09;30;16;03;34;0,651;0,121;0,066;24,318;25,113;28,613;-733,51;-321,842;15813,34;8,982
18;2025;09;30;16;03;34;0,609;0,033;-0,163;21,96;23,523;25,27;-789,074;-319,104;15835,54;8,982
18;2025;09;30;16;03;35;0,645;0,011;-0,22;22,227;27,3;25,27;-800,187;-246,553;15805,08;8,982
18;2025;09;30;16;03;35;0,778;0,082;0,207;23,295;19,613;22,515;-760,243;-399,059;15784,98;8,982
18;2025;09;30;16;03;36;1,01;0,034;-0,093;23,851;20,828;23,712;-743,848;-353,443;15857,33;8,982
18;2025;09;30;16;03;36;1,001;-0,013;-0,447;23,005;19,304;23,757;-691,308;-310,424;15793,46;8,982
18;2025;09;30;16;03;37;0,601;0,039;-0,291;20,113;24,296;24,457;-814,434;-296,993;15826,55;8,982
18;2025;09;30;16;03;37;0,578;0,047;0,216;21,871;23,169;25,112;-723,389;-423,064;15825,45;8,982
18;2025;09;30;16;03;38;0,669;0,012;-0,141;19,446;21,954;23,351;-824,469;-271,823;15846,67;8,982
18;2025;09;30;16;03;38;0,666;0,058;0,181;22,093;23,213;25,903;-680,687;-327,989;15797,78;8,982
18;2025;09;30;16;03;39;0,716;0,06;-0,21;24,496;24,494;21,386;-764,448;-287,156;15766,98;8,982
18;2025;09;30;16;03;39;0,69;0,034;-0,057;23,539;20,607;26,422;-761,788;-355,022;15788,19;8,982
18;2025;09;30;16;03;40;0,368;-0,022;-0,06;24,852;26,792;28,884;-839,9;-418,798;15844,7;8,982
18;2025;09;30;16;03;40;0,584;0,008;0,108;24,963;21,491;24,774;-733,649;-358,359;15770,27;8,982
18;2025;09;30;16;03;41;0,715;0,043;-0,029;25,475;24,715;22,267;-745,52;-240,144;15800,45;8,982
18;2025;09;30;16;03;41;0,57;0,083;0,185;20,536;24,605;21,838;-794,791;-155,802;15800,61;8,982
18;2025;09;30;16;03;42;0,624;0,045;0,147;21,671;22,485;27,009;-713,412;-307,825;15790,25;8,982
18;2025;09;30;16;03;42;0,668;0,039;-0,111;22,605;25,002;24,435;-818,118;-347,242;15886,02;8,982
18;2025;09;30;16;03;43;0,731;-0,003;0,24;22,382;21,932;22,109;-789,512;-225,067;15834,43;8,982
18;2025;09;30;16;03;43;0,678;0,022;-0,016;21,292;24,561;21,996;-708,221;-284,755;15806,99;8,982
18;2025;09;30;16;03;44;0,527;-0,02;0,183;25,186;24,229;24,028;-847,395;-270,299;15848,9;8,982
18;2025;09;30;16;03;44;0,568;0,068;-0,107;23,539;23,059;21,522;-802,809;-327,089;15863,67;8,982
18;2025;09;30;16;03;45;0,663;0,091;-0,027;22,427;19,812;22,335;-851,945;-270,826;15828,33;8,982
18;2025;09;30;16;03;45;0,542;-0,025;-0,178;26,41;26,792;24,932;-847,21;-259,15;15832,42;8,982
19;2025;09;30;16;04;29;0,59;-0,029;0,012;22,783;22,683;26,445;-799,027;-410,423;15849,16;8,982
19;2025;09;30;16;04;30;0,79;-0,086;-0,285;26,054;20,651;23,712;-739,923;-464,77;15764,17;8,982
19;2025;09;30;16;04;30;0,772;-0,002;-0,116;20,936;20,74;23,057;-713,383;-504,404;15798,33;8,982
19;2025;09;30;16;04;31;0,65;0,101;0,116;20,158;25,201;24,977;-700,473;-506,013;15842,95;8,982
19;2025;09;30;16;04;31;0,543;0,089;-0,127;23,584;20,408;23,148;-701,314;-457,51;15838,65;8,982
19;2025;09;30;16;04;32;0,466;0,052;0,18;23,361;25,82;22,267;-661,956;-462,894;15828,21;8,982
19;2025;09;30;16;04;32;0,766;-0,023;-0,143;22,316;21,115;25,474;-714,553;-536,337;15805,76;8,982
19;2025;09;30;16;04;33;0,49;0,029;0,028;22,783;20,983;19,15;-707,491;-362,694;15812,38;8,982
19;2025;09;30;16;04;33;0,703;0,061;-0,025;23,161;25,047;23,486;-696,285;-405,106;15817,15;8,982
19;2025;09;30;16;04;34;0,508;0,006;-0,051;26,41;22,617;26,332;-672,127;-401,15;15831,1;8,982
19;2025;09;30;16;04;34;0,682;0,049;-0,133;23,94;25,798;25,79;-759,937;-416,24;15831,01;8,982
19;2025;09;30;16;04;35;0,521;0,047;-0,067;25,764;23,324;25,135;-710,71;-384,995;15802,77;8,982
19;2025;09;30;16;04;35;0,694;0,098;0,022;19,401;22,109;22,018;-704,108;-442,663;15778,95;8,982
19;2025;09;30;16;04;36;0,864;0,06;-0,174;22,249;22,131;24,999;-750,47;-278,34;15800,84;8,982
19;2025;09;30;16;04;36;0,584;0,045;0,11;20,336;22,573;24,006;-745,719;-365,228;15841,54;8,982
19;2025;09;30;16;04;37;0,72;0,067;-0,125;23,072;19,922;24,954;-668,599;-501,573;15804,89;8,982
19;2025;09;30;16;04;37;0,603;0,028;-0,069;23,094;24,362;23,193;-733,77;-249,043;15791,47;8,982
19;2025;09;30;16;04;38;0,591;0,028;-0,004;25,364;20,673;25,519;-758,843;-324,869;15789,66;8,982
19;2025;09;30;16;04;38;0,641;0,004;-0,095;20,558;20,607;24,909;-697,01;-384,469;15821,35;8,982
19;2025;09;30;16;04;39;0,642;-0,013;0,058;19,512;19,834;22,131;-640,067;-344,859;15782,12;8,982
19;2025;09;30;16;04;39;0,704;0,13;0,494;23,806;24,097;23,102;-765,993;-308,811;15838,23;8,982
19;2025;09;30;16;04;40;0,741;0,033;0,096;21,782;22,617;25,248;-730,397;-337,306;15821,91;8,982
19;2025;09;30;16;04;40;0,758;-0,028;-0,162;20,58;20,276;26,174;-741,52;-289,373;15853,91;8,982
19;2025;09;30;16;04;41;0,581;0,045;-0,052;22,427;22,772;25,835;-713,404;-365,188;15796,42;8,982
19;2025;09;30;16;04;41;0,814;0,063;-0,2;24,007;20,232;25,09;-736,401;-369,884;15818,77;8,982
19;2025;09;30;16;04;42;0,715;0,039;-0,583;22,427;21,071;23,599;-739,13;-373,629;15822,55;8,982
19;2025;09;30;16;04;42;0,658;0,085;-0,107;25,431;25,422;28,68;-687,834;-320,037;15824,78;8,982
19;2025;09;30;16;04;43;0,462;0,094;0,334;22,227;20,762;24,683;-788,295;-341,266;15825,93;8,982
19;2025;09;30;16;04;43;0,293;0,154;0,092;21,203;21,292;23,757;-664,895;-321,846;15806,54;8,982
19;2025;09;30;16;04;44;0,58;0,052;0,061;25,965;20,983;23,125;-723,154;-315,436;15799,52;8,982
19;2025;09;30;16;04;44;0,859;0,096;0,153;23,895;22,617;25,948;-720,904;-289,835;15787,64;8,982
19;2025;09;30;16;04;45;0,633;-0,018;-0,073;20,58;22,97;23,915;-759,317;-425,896;15849,47;8,982
19;2025;09;30;16;04;45;0,497;0,068;0,073;22,138;20,85;24,864;-791,263;-305,491;15817,58;8,982
19;2025;09;30;16;04;46;0,649;0,009;-0,386;20,736;20,762;22,967;-746,784;-269,564;15836,69;8,982
19;2025;09;30;16;04;46;0,686;-0,001;0,045;27,033;24,782;26,512;-729,084;-383,021;15837,3;8,982
19;2025;09;30;16;04;47;0,557;0,083;0,109;19,112;26,637;23,938;-795,215;-372,022;15798,47;8,982
19;2025;09;30;16;04;47;0,691;0,076;0,004;23,673;23,103;25,18;-805,287;-362,417;15859,73;8,982
19;2025;09;30;16;04;48;0,846;-0,025;-0,226;22,382;21,292;26,061;-798,772;-442,464;15895,74;8,982
19;2025;09;30;16;04;48;0,584;0,106;0,158;23,873;24,163;25,903;-803,289;-419,434;15865,32;8,982
19;2025;09;30;16;04;49;0,751;-0,1;-0,278;18,422;22,75;21,386;-800,284;-399,105;15860,96;8,982
19;2025;09;30;16;04;49;0,537;0,077;0,176;23,295;21,358;23,87;-848,805;-360,267;15809,36;8,982
19;2025;09;30;16;04;50;0,352;0,042;0,119;22,761;20,629;20,551;-780,679;-273,039;15820,72;8,982
19;2025;09;30;16;04;50;0,5;0,012;0,171;20,113;18,862;22,38;-763,218;-322,639;15827,05;8,982
19;2025;09;30;16;04;51;0,558;0,072;0,201;20,313;19,635;21,341;-740,625;-387,974;15806,8;8,982
19;2025;09;30;16;04;51;0,877;0,049;0,337;25,853;21,446;22,583;-830,238;-368,192;15841,52;8,982
19;2025;09;30;16;04;52;0,532;0,085;0,11;21,448;23,611;24,164;-782,561;-390,766;15844,82;8,982
19;2025;09;30;16;04;52;0,539;0,037;-0,277;22,36;20,961;25,112;-765,063;-334,954;15781,55;8,982
19;2025;09;30;16;04;53;0,751;0,018;-0,226;19,868;20,453;23,87;-796,592;-447,247;15847,82;8,982
19;2025;09;30;16;04;53;0,769;-0,005;-0,043;22,227;25,599;24,57;-812,496;-352,134;15809,24;8,982
19;2025;09;30;16;04;54;0,546;0,02;-0,097;22,805;20,607;21,928;-799,622;-246,262;15788,22;8,982
19;2025;09;30;16;04;54;0,679;-0,016;-0,465;22,471;22,507;28,003;-776,393;-272,955;15817,01;8,982
19;2025;09;30;16;04;55;0,765;0,049;-0,248;22,205;21,513;26,942;-883,816;-242,461;15830,08;8,982
19;2025;09;30;16;04;55;0,71;0,108;-0,049;25,364;20,143;22,448;-853,37;-360,509;15804,79;8,982
19;2025;09;30;16;04;56;0,653;0,045;-0,422;26,12;22,926;23,87;-805,488;-250,255;15800,29;8,982
19;2025;09;30;16;04;56;0,641;0,05;0,067;19,846;21,999;19,579;-823,062;-246,701;15841,65;8,982
19;2025;09;30;16;04;57;0,786;-0,011;-0,039;23,45;20,74;21,499;-792,257;-285,343;15826,93;8,982
19;2025;09;30;16;04;57;0,447;0,048;-0,025;25,853;22,264;26,241;-715,356;-382,989;15812,17;8,982
19;2025;09;30;16;04;58;0,696;0,029;-0,053;22,36;20,938;25,406;-822,153;-288,714;15808,96;8,982
19;2025;09;30;16;04;58;0,517;-0,008;-0,024;19,668;23,28;27,461;-762,08;-224,513;15811,58;8,982
19;2025;09;30;16;04;59;0,698;-0,012;-0,51;20,024;25,157;22,606;-806,638;-389,18;15868,78;8,982
20;2025;09;30;16;05;53;0,27;-0,017;0,096;22,316;18,862;22,131;-821,981;-342,748;15841,07;8,982
20;2025;09;30;16;05;54;0,51;0,098;-0,062;23,784;17,979;22,289;-801,677;-473,438;15848,28;8,982
20;2025;09;30;16;05;54;0,436;0,112;0,08;19,557;21,027;24,073;-719,357;-399,3;15803,31;8,982
20;2025;09;30;16;05;55;0,286;0,077;0,27;19,112;19,194;22,651;-865,457;-423,721;15843,34;8,982
20;2025;09;30;16;05;55;0,6;0,069;0,136;24,051;20,563;21,838;-825,304;-443,645;15833,73;8,982
20;2025;09;30;16;05;56;0,659;-0,001;-0,206;22,249;22,551;24,999;-792,547;-391,295;15834,82;8,982
20;2025;09;30;16;05;56;0,502;0,066;0,043;24,518;21,469;23,938;-835,703;-472,717;15763,37;8,982
20;2025;09;30;16;05;57;0,657;0,117;-0,032;23,806;22,705;27,935;-885,954;-466,852;15822,08;8,982
20;2025;09;30;16;05;57;0,61;0,091;0,038;20,825;18,465;24,119;-800,4;-371,351;15862,18;8,982
20;2025;09;30;16;05;58;0,594;0,127;-0,117;20,558;20,85;23,035;-828,467;-336,957;15809,82;8,982
20;2025;09;30;16;05;58;0,502;0,092;-0,109;17,243;23,324;23,848;-933,948;-280,398;15837,58;8,982
20;2025;09;30;16;05;59;0,477;0,089;-0,128;20,669;20,342;21,883;-906,509;-394,075;15790,76;8,982
20;2025;09;30;16;05;59;0,455;0,035;-0,101;23,094;24,318;23,577;-879,507;-332,963;15861,42;8,982
20;2025;09;30;16;06;00;0,585;0,107;-0,083;24,296;18,664;24,028;-835,488;-422,421;15857,34;8,982
20;2025;09;30;16;06;00;0,492;0,095;-0,001;24,162;19,79;20,076;-822,208;-336,181;15824,96;8,982
20;2025;09;30;16;06;01;0,652;0,064;-0,074;19,69;18,2;25,541;-788,824;-383,268;15828,68;8,982
20;2025;09;30;16;06;01;0,558;0,057;-0,143;20,491;23,898;28,59;-779,86;-369,611;15791,29;8,982
20;2025;09;30;16;06;02;0,617;0,109;-0,042;20,714;24,892;23,825;-819,58;-362,264;15832,28;8,982
20;2025;09;30;16;06;02;0,502;0,166;-0,117;24,808;23,302;24,661;-768,826;-358,688;15868,84;8,982
20;2025;09;30;16;06;03;0,668;0,059;-0,002;21,426;22,44;23,622;-790,801;-326,99;15845,68;8,982
20;2025;09;30;16;06;03;0,343;0,11;0,209;21,537;21,071;21,093;-759,319;-368,523;15811,87;8,982
20;2025;09;30;16;06;04;0,358;0,1;-0,104;20,336;24,693;25,045;-801,369;-425,226;15857,42;8,982
20;2025;09;30;16;06;04;0,618;0,113;0,016;21,092;22,286;28,432;-728,077;-346,479;15832,08;8,982
20;2025;09;30;16;06;05;0,781;0,11;0,035;23,984;23,037;23,148;-742,06;-347,291;15846,08;8,982
20;2025;09;30;16;06;05;0,517;0,099;0,022;21,159;20,254;25,519;-724,455;-319,197;15815,59;8,982
20;2025;09;30;16;06;06;0,524;0,13;-0,107;20,981;20,188;23,554;-784,815;-383,377;15814,68;8,982
20;2025;09;30;16;06;06;0,671;0,072;0,036;22,827;20,806;22,041;-831,349;-336,42;15829,52;8,982
20;2025;09;30;16;06;07;0,498;0,077;-0,029;19,334;18,929;21,138;-780,298;-341,021;15823,93;8,982
20;2025;09;30;16;06;07;0,526;0,086;-0,217;20,914;22,308;21,115;-866,53;-246,224;15825,6;8,982
20;2025;09;30;16;06;08;0,613;0,163;0,102;24,162;23,523;22,989;-821,29;-370,507;15822,42;8,982
20;2025;09;30;16;06;08;0,367;0,087;-0,244;27,544;22,595;26,287;-830,705;-354,773;15825,28;8,982
20;2025;09;30;16;06;09;0,648;0,134;-0,185;24,029;24,384;21,047;-847,816;-299,011;15843,13;8,982
20;2025;09;30;16;06;09;0,339;0,166;-0,047;26,766;19,746;26,829;-768,062;-314,601;15774,32;8,982
20;2025;09;30;16;06;10;0,625;0,135;-0,044;23,384;21,999;24,841;-828,503;-336,208;15851,81;8,982
20;2025;09;30;16;06;10;0,38;0,086;-0,065;16,709;20,718;22,312;-753,296;-279,292;15801,14;8,982
20;2025;09;30;16;06;11;0,554;0,142;-0,092;22,783;24,715;19,286;-768,095;-346,596;15824,04;8,982
20;2025;09;30;16;06;11;0,443;0,108;0,042;26,699;25,974;22,448;-817,749;-333,126;15859,2;8,982
20;2025;09;30;16;06;12;0,144;0,111;0,292;21,092;19,039;23,102;-798,084;-290,157;15793,01;8,982
20;2025;09;30;16;06;12;0,558;0,025;-0,44;21,426;20,276;27,167;-744,614;-266,41;15864,92;8,982
20;2025;09;30;16;06;13;0,396;0,013;-0,15;24,986;20,85;25,496;-735,32;-425,305;15835,48;8,982
20;2025;09;30;16;06;13;0,621;0,073;-0,167;21,76;23,766;25,451;-803,707;-342,107;15841,08;8,982
20;2025;09;30;16;06;14;0,335;0,1;0,006;23,784;21,557;26,422;-783,134;-317,181;15819,5;8,982
20;2025;09;30;16;06;14;0,62;0,088;-0,166;20,959;19,105;23,464;-839,493;-365,453;15884,9;8,982
20;2025;09;30;16;06;15;0,724;0,093;-0,131;22,16;21,093;24,164;-846,991;-265,324;15822,52;8,982
20;2025;09;30;16;06;15;0,635;0,148;-0,076;22,427;22,264;21,002;-738,639;-306,015;15813,06;8,982
20;2025;09;30;16;06;16;0,609;0,039;-0,174;22,761;20,828;23,554;-785,566;-419,134;15831,32;8,982
20;2025;09;30;16;06;16;0,532;0,09;0,05;25,408;21,446;24,525;-871,368;-238,921;15859,75;8,982
20;2025;09;30;16;06;17;0,716;0,097;-0,102;22,36;22,639;26,354;-793,034;-377,377;15830,57;8,982
20;2025;09;30;16;06;17;0,503;0,133;-0,109;21,114;21,844;27,89;-742,487;-326,73;15813,42;8,982
20;2025;09;30;16;06;18;0,59;0,099;-0,126;23,361;25,179;24,909;-757,881;-409,802;15851,18;8,982
20;2025;09;30;16;06;18;0,458;0,089;-0,011;23,762;22,33;24,728;-725,689;-349,172;15804,69;8,982
20;2025;09;30;16;06;19;0,664;0,101;-0,076;24,785;25,312;25,293;-756,895;-380,54;15806,66;8,982
20;2025;09;30;16;06;19;0,523;0,102;-0,146;26,499;26,306;26,264;-771,666;-277,322;15819,38;8,982
20;2025;09;30;16;06;20;0,665;0,104;-0,213;21,96;25,533;24,661;-764,778;-326,899;15799,69;8,982
20;2025;09;30;16;06;20;0,591;0,04;-0,277;22,916;21,8;29,087;-754,214;-253,394;15844,11;8,982
20;2025;09;30;16;06;21;0,729;0,103;-0,308;22,894;22,462;24,322;-763,991;-292,427;15823,08;8,982
20;2025;09;30;16;06;21;0,546;0,028;-0,16;22,049;22,728;24,954;-796,101;-232,648;15807,13;8,982
20;2025;09;30;16;06;22;0,603;0,079;-0,109;24,452;21,314;27,122;-874,748;-329,969;15843,66;8,982
20;2025;09;30;16;06;22;0,56;0,104;-0,057;25,609;22,683;27,258;-863,697;-261,887;15839,59;8,982
20;2025;09;30;16;06;23;0,372;0,076;-0,179;22,16;25,709;25,88;-758,32;-340,072;15833,94;8,982
21;2025;09;30;16;07;41;0,45;0,072;-0,111;26,276;24,252;23,757;-831,91;-320,433;15829,24;8,982
21;2025;09;30;16;07;42;0,517;0,019;0,046;23,272;25,157;27,98;-917,399;-311,955;15815,29;8,982
21;2025;09;30;16;07;42;0,764;0,027;0,016;24,34;24,34;27,664;-814,344;-299,481;15815,16;8,982
21;2025;09;30;16;07;43;0,675;0,062;-0,114;23,25;25,51;22,989;-796,162;-287,946;15800,97;8,982
21;2025;09;30;16;07;43;0,726;-0,008;-0,102;29,569;26,063;27,348;-786,036;-323,97;15797,33;8,982
21;2025;09;30;16;07;44;0,664;0,01;-0,115;23,695;27,057;27,167;-823,661;-302,773;15809,21;8,982
21;2025;09;30;16;07;44;0,539;0,091;-0,055;22,961;24,207;29,2;-877,394;-327,459;15781,32;8,982
21;2025;09;30;16;07;45;0,459;0,096;0,169;20,692;20,74;25,248;-846,354;-397,576;15812,88;8,982
21;2025;09;30;16;07;45;0,449;0,027;-0,128;20,024;22,396;23,87;-875,811;-372,77;15802,7;8,982
21;2025;09;30;16;07;46;0,561;0,055;-0,078;25,942;26,46;25,767;-838,86;-325,745;15785,6;8,982
21;2025;09;30;16;07;46;0,626;-0,009;-0,065;25,542;21,601;23,125;-768,437;-238,784;15793,54;8,982
21;2025;09;30;16;07;47;0,695;0,057;-0,097;25,297;25,179;27,371;-829,678;-302,02;15751,18;8,982
21;2025;09;30;16;07;47;0,669;0,033;-0,186;27,856;23,766;28,974;-808,59;-333,254;15834,06;8,982
21;2025;09;30;16;07;48;0,536;0;-0,008;23,272;25,798;28,951;-806,267;-342,253;15805,93;8,982
21;2025;09;30;16;07;48;0,638;0,108;0,021;24,808;25,201;26,987;-779,64;-245,587;15818,8;8,982
21;2025;09;30;16;07;49;0,705;-0,033;-0,136;24,274;22,507;24,186;-813,52;-363,91;15840,32;8,982
21;2025;09;30;16;07;49;0,615;-0,001;-0,274;25,787;22,794;23,012;-791,676;-424,254;15828,84;8,982
21;2025;09;30;16;07;50;0,635;0,076;-0,169;22,694;24,605;25,474;-813,898;-296;15833,1;8,982
21;2025;09;30;16;07;50;0,63;-0,039;-0,23;24,096;25,179;24,954;-780,752;-344,243;15804,56;8,982
21;2025;09;30;16;07;51;0,489;0,047;0,033;24,852;27,763;31,368;-831,591;-248,169;15856,24;8,982
21;2025;09;30;16;07;51;0,566;0,064;-0,364;26,41;24,428;25,925;-770,664;-371,126;15816,48;8,982
21;2025;09;30;16;07;52;0,545;0,019;-0,017;22,627;18,133;24,593;-730,735;-384,911;15846,76;8,982
21;2025;09;30;16;07;52;0,695;0,027;-0,585;26,521;32,335;27,325;-680,526;-267,43;15810,13;8,982
21;2025;09;30;16;07;53;0,607;0,072;0,045;23,072;23,412;27,551;-792,247;-399,681;15812,97;8,982
21;2025;09;30;16;07;53;0,764;0,133;0,279;22,805;24,561;27,913;-875,308;-322,036;15824,66;8,982
21;2025;09;30;16;07;54;0,524;0,023;-0,018;23,25;24,207;26,061;-889,104;-262,834;15820,44;8,982
21;2025;09;30;16;07;55;0,449;0,014;-0,062;20,87;21,513;28,477;-787,545;-280,819;15782,85;8,982
21;2025;09;30;16;07;55;0,456;0,032;0,494;19,802;23,059;23,509;-838,507;-278,997;15824,78;8,982
21;2025;09;30;16;07;55;0,623;-0,016;-0,3;19,535;25,378;28,59;-894,541;-295,31;15821,88;8,982
21;2025;09;30;16;07;56;0,25;0,064;-0,063;21,737;24,34;23,486;-825,536;-306,519;15827,28;8,982
21;2025;09;30;16;07;56;0,45;0,018;-0,037;23,517;23,037;26,309;-829,742;-382,222;15823,48;8,982
21;2025;09;30;16;07;57;0,339;0,003;-0,255;21,47;21,292;26,038;-810,536;-277,766;15838,78;8,982
21;2025;09;30;16;07;57;0,514;0,009;0,092;19,646;24,605;22,628;-826,273;-285,607;15846,91;8,982
21;2025;09;30;16;07;58;0,481;-0,016;-0,066;20,825;22,021;21,747;-775,137;-316,936;15817,51;8,982
21;2025;09;30;16;07;58;0,639;-0,002;-0,072;22,116;25,113;25,587;-846,33;-300,48;15822,01;8,982
21;2025;09;30;16;07;59;0,726;0,026;-0,05;23,784;27,454;27,642;-736,544;-275,958;15794,8;8,982
21;2025;09;30;16;07;59;0,644;0,054;0,098;25,141;24,693;28,929;-809,065;-319,673;15826,96;8,982
21;2025;09;30;16;08;00;0,553;-0,008;-0,034;24,719;27,145;23,531;-781,642;-359,577;15796,26;8,982
21;2025;09;30;16;08;00;0,523;0,048;-0,12;22,983;26,593;29,674;-747,406;-251,603;15802,94;8,982
21;2025;09;30;16;08;01;0,577;0,08;0,057;21,604;25,51;25,383;-804,316;-283,837;15822,89;8,982
21;2025;09;30;16;08;01;0,571;0,007;-0,201;25,23;25,886;28,251;-789,223;-428,904;15819,78;8,982
21;2025;09;30;16;08;02;0,406;0,07;0,087;25,364;26,306;27,009;-805,145;-317,452;15847,5;8,982
21;2025;09;30;16;08;02;0,441;0,033;-0,08;22,116;23,302;27,755;-803,431;-349,693;15800,06;8,982
21;2025;09;30;16;08;03;0,593;0,02;0,02;24,407;23,81;22,041;-798,841;-325,807;15815,64;8,982
21;2025;09;30;16;08;04;0,634;0,04;-0,036;26,232;23,898;29,064;-706,059;-387,236;15812,25;8,982
21;2025;09;30;16;08;04;0,519;0,065;-0,233;27,188;18,686;26,783;-810,479;-336,291;15811,82;8,982
21;2025;09;30;16;08;04;0,623;0,025;-0,159;24,897;21,38;25,022;-824,206;-344,704;15863,97;8,982
21;2025;09;30;16;08;05;0,384;0;0,172;24,719;20,453;23,306;-811,14;-374,474;15804,5;8,982
21;2025;09;30;16;08;06;0,568;0,056;-0,111;22,872;25,201;26,625;-789,673;-350,925;15832,1;8,982
21;2025;09;30;16;08;06;0,51;0,065;-0,139;20,135;27,94;23,961;-784,666;-387,553;15804,76;8,982
21;2025;09;30;16;08;06;0,563;0,032;0,29;25,453;25,533;25,248;-742,64;-322,326;15804,2;8,982
21;2025;09;30;16;08;07;0,663;0,01;-0,427;25,475;22,683;24,073;-746,873;-438,108;15813,69;8,982
21;2025;09;30;16;08;08;0,527;0,007;-0,141;21,648;28,89;29,922;-710,983;-376,915;15759,48;8,982
21;2025;09;30;16;08;08;0,467;0,101;-0,046;23,606;23,236;26,648;-745,65;-358,601;15780,27;8,982
21;2025;09;30;16;08;08;0,564;0,013;-0,09;24,652;24,384;24,796;-736,022;-445,782;15794,98;8,982
21;2025;09;30;16;08;09;0,493;0,054;-0,072;25,72;30,348;25,27;-759,093;-432,177;15833,58;8,982
21;2025;09;30;16;08;10;0,651;0,072;0,002;23,317;23,059;24,638;-776,574;-398,406;15837,53;8,982
21;2025;09;30;16;08;10;0,505;-0,01;-0,206;22,16;22,948;21,996;-738,491;-391,793;15812,87;8,982
21;2025;09;30;16;08;11;0,519;0,026;0,282;26,276;23,699;26,241;-863,085;-344,475;15825,07;8,982
21;2025;09;30;16;08;11;0,394;0,112;0,087;22,516;26,173;27,461;-769,173;-372,86;15812,51;8,982
22;2025;09;30;16;09;10;0,571;0,007;-0,054;24,874;25,798;21,047;-821,134;-301,638;15835,77;8,977
22;2025;09;30;16;09;11;0,508;0,015;0,02;25,319;18,862;22,741;-823,383;-310,731;15811,35;8,982
22;2025;09;30;16;09;11;0,347;0,041;-0,01;23,072;26,306;26,603;-822,977;-379,534;15832,58;8,971
22;2025;09;30;16;09;12;0,459;0,017;-0,016;24,763;21,027;29,155;-810,3;-341,644;15847,92;8,982
22;2025;09;30;16;09;12;0,429;0,007;0,118;23,094;22,639;22,877;-839,888;-419,043;15830,99;8,982
22;2025;09;30;16;09;13;0,576;0,032;-0,124;23,072;24,87;23,599;-810,094;-347,568;15852,03;8,977
22;2025;09;30;16;09;13;0,577;-0,031;-0,086;22,383;24,76;26,151;-767,368;-465,053;15802,15;8,971
22;2025;09;30;16;09;14;0,586;0,006;0,025;22,672;24,428;21,589;-788,016;-349,224;15828,07;8,977
22;2025;09;30;16;09;14;0,475;0,014;-0,032;22,427;21,005;24,796;-815,794;-388,634;15821,32;8,977
22;2025;09;30;16;09;15;0,652;0,028;0,03;22,36;23,103;27,529;-827,387;-310,729;15819,35;8,973
22;2025;09;30;16;09;15;0,621;-0,003;0,012;24,518;25,643;25,361;-759,833;-354,126;15850,47;8,977
22;2025;09;30;16;09;16;0,589;-0,027;-0,115;22,182;19,238;24,706;-773,617;-360,474;15842,29;8,968
22;2025;09;30;16;09;16;0,599;-0,014;0;22,271;24,737;22,425;-780,327;-291,265;15824,19;8,971
22;2025;09;30;16;09;17;0,727;-0,016;-0,158;22,939;21,491;21,228;-771,789;-298,418;15839,18;8,977
22;2025;09;30;16;09;17;0,547;0,06;0,098;26,565;26,416;26,422;-819,916;-336,264;15815,81;8,982
22;2025;09;30;16;09;18;0,425;0,022;0,258;22,516;25,621;23,893;-821,158;-374,325;15832,49;8,973
22;2025;09;30;16;09;18;0,66;-0,063;-0,162;23,094;24,031;23,938;-773,663;-350,773;15809,25;8,977
22;2025;09;30;16;09;19;0,56;-0,007;0,102;22,916;24,318;26,354;-820,292;-227,907;15847,88;8,977
22;2025;09;30;16;09;19;0,594;0,023;0,046;21,359;22,396;28,613;-769,737;-332,3;15811,21;8,982
22;2025;09;30;16;09;20;0,555;0,023;-0,182;21,826;22,595;23,69;-800,311;-397,998;15810,93;8,982
22;2025;09;30;16;09;20;0,556;-0,01;-0,06;25,408;24,163;25,541;-811,663;-310,739;15819,94;8,971
22;2025;09;30;16;09;21;0,601;-0,01;-0,055;23,206;18,818;24,638;-775,367;-367,325;15798,4;8,977
22;2025;09;30;16;09;21;0,459;0,043;-0,173;22,004;24,318;25,79;-733,821;-378,45;15846,36;8,977
22;2025;09;30;16;09;22;0,723;-0,012;-0,111;22,494;26,217;25,677;-766,009;-406,228;15843,11;8,982
22;2025;09;30;16;09;22;0,627;-0,002;-0,137;24,363;23,258;28,026;-761,905;-294,947;15837,99;8,977
22;2025;09;30;16;09;23;0,616;0,01;-0,039;20,558;23,324;24,774;-756,792;-269,629;15852,68;8,982
22;2025;09;30;16;09;23;0,541;0,025;-0,098;22,383;26,858;21,657;-774,298;-332,623;15802,07;8,982
22;2025;09;30;16;09;24;0,374;0,027;-0,216;22,227;21,623;25,79;-784,287;-341,34;15813,93;8,977
22;2025;09;30;16;09;24;0,456;-0,014;0,086;18,622;22,948;24,232;-741,736;-283,011;15826,36;8,982
22;2025;09;30;16;09;25;0,43;0,018;-0,093;22,36;18,001;21,228;-696,158;-343,681;15846,06;8,982
22;2025;09;30;16;09;25;0,463;-0,004;-0,009;24,34;22,197;23,531;-726,134;-336,815;15857,05;8,982
22;2025;09;30;16;09;26;0,389;0,024;0,106;22,738;22,286;25,745;-728,588;-389,016;15836,84;8,977
22;2025;09;30;16;09;26;0,535;0,004;0,085;22,138;24,76;28,071;-690,335;-379,294;15841,84;8,982
22;2025;09;30;16;09;27;0,5;0,013;-0,007;22,471;22,639;24,209;-714,209;-342,491;15836,02;8,982
22;2025;09;30;16;09;27;0,469;-0,005;0,013;22,583;21,469;23,08;-678,257;-397,491;15823,89;8,982
22;2025;09;30;16;09;28;0,546;-0,041;-0,125;20,425;25,422;27,935;-697,441;-364,056;15828,42;8,982
22;2025;09;30;16;09;28;0,624;0,025;-0,128;26,432;23,456;27,19;-676,13;-327,997;15868,37;8,982
22;2025;09;30;16;09;29;0,6;0,042;-0,11;24,407;22,242;20,709;-685,431;-363,993;15808,42;8,982
22;2025;09;30;16;09;29;0,494;0,013;-0,024;21,537;22,551;22,38;-753,167;-348,747;15882,39;8,982
22;2025;09;30;16;09;30;0,54;-0,001;-0,357;21,381;25,135;25,225;-650,85;-436,993;15799,75;8,982
22;2025;09;30;16;09;30;0,387;-0,001;-0,009;22,583;23,545;23,531;-709,592;-352,079;15866,48;8,982
22;2025;09;30;16;09;31;0,569;0,045;-0,047;20,669;19,657;28,003;-752,48;-335,544;15851,86;8,982
22;2025;09;30;16;09;31;0,651;0,015;-0,143;22,338;20,32;25,09;-688,741;-424,81;15851,8;8,982
22;2025;09;30;16;09;32;0,514;0,029;0,07;24,385;22,22;26,761;-722,621;-330,852;15831,8;8,982
22;2025;09;30;16;09;32;0,525;0,013;0,062;24,029;21,734;24,774;-686,801;-349,565;15834,45;8,982
22;2025;09;30;16;09;33;0,331;0,023;-0,247;25,987;23,589;23,238;-706,065;-346,386;15826,09;8,977
22;2025;09;30;16;09;33;0,413;0,018;0,092;24,296;22,661;23,17;-714,74;-400,771;15839,91;8,982
22;2025;09;30;16;09;34;0,476;0,001;-0,131;20,18;19,569;21,296;-673,068;-317,181;15827,6;8,982
22;2025;09;30;16;09;34;0,646;-0,025;-0,024;23,406;23,964;23,057;-719,945;-382,741;15835,02;8,982
22;2025;09;30;16;09;35;0,619;-0,012;-0,101;26,12;23,523;27,032;-722,52;-390,84;15834,87;8,982
22;2025;09;30;16;09;35;0,659;0,101;0,054;21,96;22,087;25,406;-711,955;-414,802;15817,31;8,982
22;2025;09;30;16;09;36;0,347;0,002;0,259;25,675;21,866;23,848;-720,794;-382,919;15826,73;8,982
22;2025;09;30;16;09;36;0,351;0,004;-0,028;22,36;22,595;21,928;-735,232;-403,491;15855,95;8,982
22;2025;09;30;16;09;37;0,663;-0,032;-0,186;25,342;27,079;20,325;-753,998;-349,389;15864,11;8,982
22;2025;09;30;16;09;37;0,695;-0,065;-0,186;20,936;27,145;25,112;-791,602;-295,948;15840,27;8,982
22;2025;09;30;16;09;38;0,585;0,003;-0,129;24,674;24,141;20,167;-733,88;-351,935;15794,16;8,982
22;2025;09;30;16;09;38;0,593;-0,036;0,012;21,27;19,702;19,738;-682,485;-407,195;15801,2;8,982
22;2025;09;30;16;09;39;0,317;0,07;0,145;21,693;22,485;28,613;-721,633;-358,973;15824,3;8,982
22;2025;09;30;16;09;39;0,609;-0,078;-0,104;25,408;22,352;23,577;-731,368;-383,101;15837,3;8,982
22;2025;09;30;16;09;40;0,659;-0,008;-0,13;22,583;26,792;25,248;-721,915;-350,944;15826,16;8,982
23;2025;09;30;16;10;41;0,632;-0,052;-0,04;30,882;26,107;27,664;-893,54;-307,403;15799,23;8,949
23;2025;09;30;16;10;42;0,548;-0,095;-0,106;20,113;24,649;27,416;-899,039;-264,933;15834,48;8,944
23;2025;09;30;16;10;42;0,44;-0,078;-0,091;25,297;25,4;30,013;-881,364;-345,034;15829,63;8,95
23;2025;09;30;16;10;43;0,443;0,037;-0,032;25,052;23,169;23,215;-895,487;-309,079;15821,26;8,954
23;2025;09;30;16;10;43;0,561;-0,03;-0,034;21,137;22,44;24,503;-851,892;-337,467;15811,24;8,944
23;2025;09;30;16;10;44;0,54;-0,039;0,13;23,005;23,434;31,21;-823,294;-370,47;15828,42;8,949
23;2025;09;30;16;10;44;0,597;-0,053;-0,079;22,538;28,139;28,703;-821,331;-361,223;15829,97;8,944
23;2025;09;30;16;10;45;0,586;-0,038;-0,022;22,805;23,589;28,342;-837,512;-364,072;15766,29;8,949
23;2025;09;30;16;10;45;0,428;-0,039;0,05;19,601;23,015;28,771;-856,238;-344,112;15831,92;8,944
23;2025;09;30;16;10;46;0,531;-0,058;0,089;23,161;23,876;22,56;-808,866;-382,291;15810,64;8,944
23;2025;09;30;16;10;46;0,349;-0,039;-0,104;25,186;21,689;29,132;-831,167;-406,976;15849,07;8,95
23;2025;09;30;16;10;47;0,496;-0,015;0,116;23,539;27,322;25,519;-740,32;-396,467;15778,95;8,944
23;2025;09;30;16;10;47;0,542;-0,01;0,131;22,071;21,491;22,583;-724,572;-381,066;15809,84;8,95
23;2025;09;30;16;10;48;0,611;-0,064;-0,142;23,895;24,472;25,519;-804,884;-381,83;15828,64;8,954
23;2025;09;30;16;10;48;0,492;-0,045;-0,12;22,382;22,595;25,654;-727,529;-427,109;15799,22;8,95
23;2025;09;30;16;10;49;0,596;-0,047;-0,037;24,318;23,964;25,564;-736,306;-397,219;15840,98;8,944
23;2025;09;30;16;10;49;0,682;-0,101;-0,102;20,625;25,466;25,27;-724,658;-378,66;15816,65;8,955
23;2025;09;30;16;10;50;0,566;-0,007;0,064;24,963;23,986;26,874;-729,553;-418,707;15857,37;8,949
23;2025;09;30;16;10;50;0,59;-0,026;0,022;27,122;25,753;24,615;-764,284;-357,345;15807,09;8,944
23;2025;09;30;16;10;51;0,597;-0,101;-0,111;22,16;20,651;24,232;-753,233;-313,917;15831,47;8,949
23;2025;09;30;16;10;51;0,567;-0,039;-0,096;22,494;21,005;28,003;-857,554;-371,763;15823,27;8,944
23;2025;09;30;16;10;52;0,591;-0,055;-0,268;23,183;25,643;26,422;-884,94;-381,921;15868,58;8,944
23;2025;09;30;16;10;52;0,464;-0,034;0,115;28,123;25,069;23,102;-907,692;-311,656;15829,01;8,95
23;2025;09;30;16;10;53;0,547;-0,023;0,317;24,318;20,165;30,058;-855,855;-355,175;15852,12;8,949
23;2025;09;30;16;10;53;0,503;-0,018;0,042;22,716;20,85;25,745;-778,336;-348,16;15836,64;8,95
23;2025;09;30;16;10;54;0,553;-0,026;0,021;26,098;22,816;23,26;-813,336;-312,023;15831,39;8,949
23;2025;09;30;16;10;54;0,61;-0,054;0,01;30,103;27,41;22,018;-847,912;-320,749;15842,95;8,944
23;2025;09;30;16;10;55;0,607;-0,052;-0,13;21,582;22,551;23,373;-842,544;-335,128;15827,77;8,958
23;2025;09;30;16;10;55;0,537;-0,021;-0,05;21,671;19,657;24,435;-800,528;-367,436;15825,53;8,955
23;2025;09;30;16;10;56;0,616;-0,072;-0,122;22,116;24,737;22,515;-840,415;-338,841;15839,84;8,958
23;2025;09;30;16;10;56;0,578;-0,054;-0,098;19,535;25,665;26,603;-798,55;-358,505;15809,37;8,955
23;2025;09;30;16;10;57;0,342;0,052;0,187;25,208;22,021;25,067;-821,105;-432,779;15809,53;8,968
23;2025;09;30;16;10;57;0,516;-0,019;-0,093;21,025;20,43;22,267;-850,985;-298,234;15828,82;8,955
23;2025;09;30;16;10;58;0,499;-0,06;-0,125;25,431;22,75;26,038;-839,939;-295,197;15817,06;8,954
23;2025;09;30;16;10;58;0,477;-0,017;0,01;27,455;22,242;24,774;-879,37;-401,97;15839,79;8,955
23;2025;09;30;16;10;59;0,487;-0,032;-0,087;22,605;23,434;28,59;-853,4;-367,845;15810,35;8,963
23;2025;09;30;16;10;59;0,484;0,035;0,011;27,233;25,687;25,18;-885,414;-425,212;15831,06;8,966
23;2025;09;30;16;11;00;0,308;-0,02;-0,053;22,382;19,591;21,68;-802,486;-335,975;15813,82;8,958
23;2025;09;30;16;11;00;0,451;-0,041;-0,047;22,227;21,734;24,141;-896,839;-295,105;15837,87;8,966
23;2025;09;30;16;11;01;0,504;-0,052;-0,054;25,364;25,886;23,577;-902,076;-349,435;15815,98;8,958
23;2025;09;30;16;11;01;0,493;-0,033;-0,075;25,965;22,993;23,193;-854,287;-399,539;15798,62;8,971
23;2025;09;30;16;11;02;0,441;-0,004;0,071;20,425;21,977;23,328;-840,681;-445,292;15819,74;8,973
23;2025;09;30;16;11;02;0,639;-0,054;-0,363;24,518;24,737;25,587;-908,68;-348,605;15811,39;8,982
23;2025;09;30;16;11;03;0,422;-0,016;0,099;23,117;24,428;28,861;-912,876;-383,865;15814,58;8,977
23;2025;09;30;16;11;03;0,463;-0,031;0,009;26,743;19,856;23,396;-854,865;-383,184;15818,91;8,971
23;2025;09;30;16;11;04;0,607;-0,015;-0,042;25,586;22,021;22,402;-839,906;-353,223;15818,1;8,968
23;2025;09;30;16;11;04;0,558;-0,074;0,118;23,94;23,456;25,451;-980,774;-314,545;15810,71;8,96
23;2025;09;30;16;11;05;0,454;-0,024;-0,059;26,209;22,926;21,025;-899,208;-317,142;15825,4;8,977
23;2025;09;30;16;11;05;0,476;-0,034;0,019;21,693;20,563;28,319;-900,453;-257,01;15800,61;8,982
23;2025;09;30;16;11;06;0,423;-0,025;-0,037;25,075;19,702;20,618;-878,612;-390,775;15808,73;8,968
23;2025;09;30;16;11;06;0,485;-0,05;0,038;27,055;26,085;29,99;-918,834;-385,263;15828,03;8,977
23;2025;09;30;16;11;07;0,608;-0,086;-0,178;25,52;20,828;20,505;-951,378;-313,147;15815,29;8,973
23;2025;09;30;16;11;07;0,575;-0,048;0,036;23,272;22,816;24,751;-914,513;-312,548;15792,45;8,971
23;2025;09;30;16;11;08;0,317;0,019;0,281;26,254;25,842;24,186;-906,373;-341,189;15837,83;8,968
23;2025;09;30;16;11;08;0,64;-0,037;0,012;21,537;25,842;25,835;-931,164;-294,43;15814,97;8,977
23;2025;09;30;16;11;09;0,548;0,001;-0,024;21,849;25,842;25,632;-908,175;-289,622;15814,9;8,963
23;2025;09;30;16;11;09;0,395;-0,055;-0,134;24,452;21,623;26,106;-906,667;-275,481;15803,22;8,971
23;2025;09;30;16;11;10;0,335;-0,002;0,055;21,76;20,85;22,402;-915,743;-302,036;15807,12;8,973
23;2025;09;30;16;11;10;0,488;-0,048;-0,083;21,982;20,894;24,119;-916,577;-319,073;15815,42;8,982
23;2025;09;30;16;11;11;0,444;-0,025;0,02;23,317;21,888;24,186;-905,088;-263,502;15814,44;8,973
24;2025;09;30;16;11;57;0,421;-0,007;-0,549;23,984;24,649;23,915;-847,11;-319,102;15837,49;8,944
24;2025;09;30;16;11;57;0,409;-0,061;-0,037;23,851;18,951;22,515;-811,378;-367,908;15836,39;8,944
24;2025;09;30;16;11;58;0,462;-0,039;-0,034;19,112;19,26;19,467;-843,141;-391,552;15839,64;8,944
24;2025;09;30;16;11;58;0,375;0,043;0,121;23,272;19,105;23,283;-820,629;-332,323;15829,74;8,944
24;2025;09;30;16;11;59;0,251;-0,072;-0,047;23,45;27,034;24,661;-828,372;-290,785;15817,28;8,944
24;2025;09;30;16;11;59;0,452;-0,024;0,034;20,269;21,27;26,783;-827,591;-304,876;15811,25;8,944
24;2025;09;30;16;12;00;0,344;-0,013;0,321;26,387;20,673;22,177;-852,372;-323,764;15810,99;8,944
24;2025;09;30;16;12;00;0,465;-0,047;-0,083;21,915;21,093;24,254;-877,02;-322,188;15835,51;8,944
24;2025;09;30;16;12;01;0,416;0,015;0,158;21,715;24,274;23,848;-873,189;-317,266;15831,43;8,944
24;2025;09;30;16;12;01;0,39;-0,064;0,043;21,737;17,537;19,196;-924,185;-346,566;15795,9;8,944
24;2025;09;30;16;12;02;0,372;0,018;-0,042;19,156;17,449;17,411;-915,499;-415,078;15817,14;8,944
24;2025;09;30;16;12;02;0,429;-0,033;-0,002;23,806;21,513;20,167;-877,976;-408,868;15803,05;8,944
24;2025;09;30;16;12;03;0,398;-0,021;-0,316;21,826;18,708;25,858;-903,967;-352,687;15829,75;8,944
24;2025;09;30;16;12;03;0,389;-0,002;-0,138;24,229;24,229;23,554;-881,803;-356,835;15810,12;8,944
24;2025;09;30;16;12;04;0,324;-0,11;0,056;19,156;23,589;23,396;-847,406;-334,982;15813,48;8,944
24;2025;09;30;16;12;04;0,422;0,028;-0,141;24,696;22,573;23,599;-893,89;-297,411;15799,05;8,949
24;2025;09;30;16;12;05;0,402;-0,042;-0,163;21,114;24,561;28,522;-824,382;-274,27;15837,56;8,944
24;2025;09;30;16;12;05;0,687;0,022;-0,085;22,538;25,4;20,054;-779,28;-312,973;15823,43;8,944
24;2025;09;30;16;12;06;0,483;-0,015;-0,042;23,873;22,043;22,989;-763,613;-311,341;15819,99;8,944
24;2025;09;30;16;12;06;0,432;0,005;-0,018;29,814;22,175;22,606;-832,821;-326,962;15817,64;8,944
24;2025;09;30;16;12;07;0,567;-0,001;-0,048;21,226;21,601;20,054;-852,162;-330,004;15845,39;8,944
24;2025;09;30;16;12;07;0,532;-0,012;-0,158;17,243;25,621;22,335;-816,502;-335,966;15841,81;8,944
24;2025;09;30;16;12;08;0,439;-0,042;-0,217;23,873;22,617;22,222;-815,347;-336,104;15815,81;8,944
24;2025;09;30;16;12;08;0,358;-0,039;-0,02;17,332;22,44;25,293;-828,019;-406,866;15817,07;8,944
24;2025;09;30;16;12;09;0,506;-0,033;0,152;17,732;24,715;24,615;-847,003;-346,443;15811,4;8,944
24;2025;09;30;16;12;09;0,471;-0,035;-0,373;23,628;24,185;24,006;-867,704;-302,317;15809,16;8,944
24;2025;09;30;16;12;10;0,481;-0,012;0,062;28,189;25,93;29,2;-864,901;-358,014;15839,02;8,944
24;2025;09;30;16;12;10;0,508;-0,016;-0,099;20,625;21,712;23,102;-808,706;-329,904;15829,71;8,944
24;2025;09;30;16;12;11;0,347;-0,001;0,027;23,361;21,645;20,302;-807,662;-424,896;15824,26;8,944
24;2025;09;30;16;12;11;0,423;-0,059;0,024;19,045;22,948;24,57;-857,579;-305,785;15819,24;8,949
24;2025;09;30;16;12;12;0,402;0,018;-0,174;23,028;20,165;22,222;-781,83;-378,704;15798,31;8,944
24;2025;09;30;16;12;12;0,313;-0,035;0,199;19,913;22,705;28,997;-807,092;-375,94;15826,53;8,944
24;2025;09;30;16;12;13;0,284;0,006;0,012;21,826;23,28;25,812;-796,494;-417,358;15840,14;8,944
24;2025;09;30;16;12;13;0,278;-0,054;0,194;21,582;21,932;21,973;-805,1;-375,727;15834,53;8,944
24;2025;09;30;16;12;14;0,196;-0,047;-0,157;23,028;22,22;24,322;-822,753;-386,06;15850,99;8,944
24;2025;09;30;16;12;14;0,465;0,011;0,246;18,756;21,645;24,593;-818,065;-348,348;15824,03;8,949
24;2025;09;30;16;12;15;0,471;-0,055;-0,01;23,339;26,284;20,528;-807,68;-358,989;15800,23;8,944
24;2025;09;30;16;12;15;0,494;0,028;-0,242;23,05;25,555;22,944;-827,884;-410,756;15823,14;8,949
24;2025;09;30;16;12;16;0,615;-0,004;-0,057;21,849;21,535;24,999;-815,757;-324,481;15827,04;8,944
24;2025;09;30;16;12;16;0,37;0,046;0,099;21,404;20,121;25,09;-747,715;-299,968;15817,23;8,944
24;2025;09;30;16;12;17;0,39;-0,059;-0,026;21,426;22,175;24,615;-758,187;-335,815;15847,86;8,944
24;2025;09;30;16;12;17;0,437;0,009;-0,427;20,469;24,34;25,812;-772,808;-440,59;15837,72;8,944
24;2025;09;30;16;12;18;0,618;-0,01;-0,159;20,247;21,999;21,228;-749,231;-395,406;15823,79;8,944
24;2025;09;30;16;12;18;0,049;-0,134;-0,272;24,452;20,386;24,954;-756,475;-392,531;15806,87;8,949
24;2025;09;30;16;12;19;0,281;0,059;0,167;18,778;17,338;18,608;-702,468;-424,23;15783,19;8,955
24;2025;09;30;16;12;19;0,334;-0,003;0,033;23,339;21,623;25,361;-730,134;-344,943;15842,05;8,954
24;2025;09;30;16;12;20;0,403;0,006;-0,014;18,222;25,002;22,335;-738,705;-369,556;15841,62;8,944
24;2025;09;30;16;12;20;0,56;-0,048;-0,135;19,913;20,188;23,012;-749,266;-369,947;15824,48;8,949
24;2025;09;30;16;12;21;0,539;0,034;0,053;19,379;23,368;25,135;-780,969;-403,42;15821,62;8,95
24;2025;09;30;16;12;21;0,325;-0,042;-0,125;24,652;21,093;19,534;-778,435;-451,184;15815,9;8,949
24;2025;09;30;16;12;22;0,288;-0,047;-0,105;21,47;20,629;24,977;-782,064;-437,515;15835,94;8,944
24;2025;09;30;16;12;22;0,698;-0,053;-0,299;25,141;22,816;20,641;-783,741;-471,165;15828,25;8,954
24;2025;09;30;16;12;23;0,485;-0,025;-0,135;23,117;23,986;23,012;-750,76;-351,848;15832,15;8,95
24;2025;09;30;16;12;23;0,443;-0,01;-0,126;24,229;17,802;21,138;-758,798;-440,491;15815,72;8,949
24;2025;09;30;16;12;24;0,609;-0,05;-0,131;19,446;20,938;24,999;-790,114;-403,577;15830,76;8,95
24;2025;09;30;16;12;24;0,397;-0,039;-0,144;23,606;22,286;22,109;-772,4;-394,983;15812,9;8,944
24;2025;09;30;16;12;25;0,508;-0,035;-0,021;20,625;23,81;23,238;-764,69;-345,803;15813,75;8,955
24;2025;09;30;16;12;25;0,493;-0,071;-0,205;21,537;20,961;23,125;-766,472;-392,81;15810,87;8,958
24;2025;09;30;16;12;26;0,303;0,065;-0,121;17,51;20,188;28,793;-793,039;-385,386;15830,43;8,944
24;2025;09;30;16;12;26;0,359;-0,039;-0,137;25,831;27,609;24,548;-764,839;-382,427;15828,68;8,944
25;2025;09;30;16;13;12;0,433;-0,019;-0,016;30,259;22,728;25,496;-812,559;-334,148;15823,78;8,944
25;2025;09;30;16;13;12;0,411;0,011;-0,128;23,984;25,908;22,222;-808,429;-223,703;15835,82;8,944
25;2025;09;30;16;13;13;0,526;-0,008;-0,091;26,387;25,356;21,296;-713,098;-316,839;15797,27;8,944
25;2025;09;30;16;13;13;0,403;0,019;0,084;24,385;21,358;21,409;-710,464;-334,928;15803,88;8,944
25;2025;09;30;16;13;14;0,268;0,032;0,089;22,405;23,567;28,071;-652,034;-362,516;15809,57;8,944
25;2025;09;30;16;13;14;0,356;0,087;0,175;26,832;28,183;25,993;-675,483;-419,491;15819,42;8,944
25;2025;09;30;16;13;15;0,422;0,045;0,085;26,12;25,753;28,161;-701,971;-373,373;15812,01;8,944
25;2025;09;30;16;13;15;0,452;-0,067;-0,195;24,029;29,287;30,51;-719,254;-312,726;15831,48;8,944
25;2025;09;30;16;13;16;0,356;0,061;0,125;26,832;27,653;28,477;-707,534;-279,892;15805,76;8,944
25;2025;09;30;16;13;16;0,168;0,017;-0,009;24,385;28,271;26,625;-721,989;-348,874;15830,12;8,944
25;2025;09;30;16;13;17;0,407;-0,005;-0,126;27,567;24,362;23,373;-674,174;-383,505;15830,5;8,944
25;2025;09;30;16;13;17;0,369;-0,07;-0,2;24,986;26,151;26,512;-702,778;-326,048;15837,73;8,944
25;2025;09;30;16;13;18;0,411;0,059;0,19;22,316;23,346;28,026;-632,619;-459,798;15831,9;8,944
25;2025;09;30;16;13;18;0,429;-0,062;-0,085;21,359;25,025;25,045;-665,348;-366,361;15860,49;8,944
25;2025;09;30;16;13;19;0,403;-0,038;-0,186;26,321;18,84;21,522;-693,89;-343,035;15829,76;8,944
25;2025;09;30;16;13;19;0,413;-0,034;-0,018;23,473;22,529;25,112;-639,448;-305,819;15837,43;8,944
25;2025;09;30;16;13;20;0,647;-0,046;-0,297;24,919;24,207;26,129;-685,844;-376,891;15839,51;8,944
25;2025;09;30;16;13;20;0,405;0,056;0,02;25,408;25,069;27,89;-669,335;-195,245;15811,43;8,944
25;2025;09;30;16;13;21;0,422;0,062;0,011;26,588;26,151;22,312;-659,938;-332,861;15820,46;8,944
25;2025;09;30;16;13;21;0,483;0,018;-0,075;20,736;22,772;23,486;-660,398;-278,934;15814,93;8,944
25;2025;09;30;16;13;22;0,428;0,022;-0,109;26,076;24,163;21,973;-629,91;-406,74;15851,53;8,944
25;2025;09;30;16;13;22;0,529;0,052;-0,046;20,669;22,33;21,815;-697,079;-374,298;15814,6;8,944
25;2025;09;30;16;13;23;0,478;0,04;0,279;22,961;23,788;21,747;-693,547;-287,732;15851,63;8,944
25;2025;09;30;16;13;23;0,381;0,133;0,143;27,878;24,826;26,038;-722,086;-288,957;15823,05;8,944
25;2025;09;30;16;13;24;0,265;0,04;0,095;27,722;22,926;27,619;-676,789;-374,246;15841,76;8,944
25;2025;09;30;16;13;24;0,387;0,041;0,03;20,247;23,545;23,531;-738,683;-329,379;15833,76;8,944
25;2025;09;30;16;13;25;0,471;0,064;-0,195;20,758;24,097;23,893;-705,274;-409,75;15830,94;8,944
25;2025;09;30;16;13;25;0,316;0,051;0,098;25,186;20,165;23,735;-680,865;-380,019;15798,71;8,944
25;2025;09;30;16;13;26;0,487;0,043;-0,185;27,433;23,368;32,926;-674,04;-322,003;15815,68;8,944
25;2025;09;30;16;13;26;0,43;0,074;-0,005;26,254;22,264;25,112;-683,438;-307,004;15857,42;8,944
25;2025;09;30;16;13;27;0,484;0,044;-0,106;23,206;25,488;26,106;-685,604;-318,203;15795,03;8,944
25;2025;09;30;16;13;27;0,434;0,057;-0,001;24,073;19,922;24,548;-694,009;-347,822;15834,13;8,944
25;2025;09;30;16;13;28;0,42;0,061;0,081;26,343;27,454;27,551;-697,416;-372,927;15828;8,944
25;2025;09;30;16;13;28;0,5;0,064;-0,115;27,122;27,079;32,226;-676,557;-331,703;15805,85;8,944
25;2025;09;30;16;13;29;0,46;0,039;-0,211;24,207;21,954;27,258;-738,075;-322,084;15808,77;8,944
25;2025;09;30;16;13;29;0,443;0,07;0,096;25,52;23,39;28,297;-697,563;-303,64;15849,34;8,944
25;2025;09;30;16;13;30;0,485;0,013;0,027;24,073;23,478;24,119;-695,936;-349,926;15832,17;8,944
25;2025;09;30;16;13;30;0,6;-0,047;-0,214;27,9;26,792;27,258;-709,914;-350,702;15816,17;8,944
25;2025;09;30;16;13;31;0,583;0,04;0,025;25,431;19,945;25,293;-762,404;-345,764;15811,46;8,944
25;2025;09;30;16;13;31;0,3;0,049;-0,021;24,874;24,185;21,567;-749,891;-352,068;15818,16;8,944
25;2025;09;30;16;13;32;0,337;0,043;0,107;20,091;25,776;20,98;-736,67;-427,348;15803,79;8,944
25;2025;09;30;16;13;32;0,491;0,024;0,001;22,916;21,712;22,38;-712,42;-279,079;15796,88;8,944
25;2025;09;30;16;13;33;0,414;0,074;-0,066;25,564;24,34;26,919;-732,073;-362,872;15818,65;8,944
25;2025;09;30;16;13;33;0,508;0,024;-0,028;23,495;23,655;25,948;-713,354;-366,758;15820,45;8,944
25;2025;09;30;16;13;34;0,662;0,036;-0,09;25,942;23,81;27,032;-728,924;-387,589;15837,38;8,944
25;2025;09;30;16;13;34;0,331;0,072;0,447;23,072;19,194;22,018;-689,977;-405,742;15833,17;8,944
25;2025;09;30;16;13;35;0,586;-0,029;-0,281;23,695;25,974;24,435;-644,338;-386,624;15853,44;8,944
25;2025;09;30;16;13;35;0,344;0,024;0,014;26,832;23,721;25,316;-617,092;-429,592;15811,65;8,944
25;2025;09;30;16;13;36;0,469;-0,033;-0,109;23,295;20,961;27,913;-649,17;-444,371;15831,61;8,944
25;2025;09;30;16;13;36;0,476;0,032;-0,102;22,738;22,485;26,761;-561,686;-411,642;15811,38;8,944
25;2025;09;30;16;13;37;0,432;0,049;0,517;21,582;25,93;28,545;-598,945;-506,884;15819,05;8,944
25;2025;09;30;16;13;37;0,539;0,018;0,055;22,783;24,958;27,122;-681,117;-487,29;15844,63;8,944
25;2025;09;30;16;13;38;0,705;-0,007;-0,14;21,893;29,552;24,299;-707,164;-421,127;15838;8,944
25;2025;09;30;16;13;38;0,486;0,041;0,035;22,85;25,268;20,234;-663,955;-462,964;15828,21;8,944
25;2025;09;30;16;13;39;0,502;0,041;-0,148;18,511;25,555;23,17;-743,887;-417,555;15853,91;8,944
25;2025;09;30;16;13;39;0,418;0,031;-0,093;25,876;25,201;23,802;-706,134;-458,547;15822,09;8,944
25;2025;09;30;16;13;40;0,457;0,07;-0,104;22,961;24,406;25,157;-805,867;-280,481;15837,69;8,944
25;2025;09;30;16;13;40;0,283;0,032;0,078;20,269;26,195;24,186;-759,005;-320,408;15815,58;8,944
25;2025;09;30;16;13;41;0,363;0,093;0,048;25,141;22,153;22,493;-710,6;-387,967;15780,25;8,944
25;2025;09;30;16;13;41;0,473;0,08;0,012;24,096;23,766;24,435;-843,525;-363,926;15786,28;8,944
26;2025;09;30;16;14;48;0,247;-0,108;-0,202;22,071;21,756;18,044;-885,885;-346,173;15774,78;8,944
26;2025;09;30;16;14;49;0,196;-0,027;0,026;22,205;23,103;26,987;-892,969;-380,952;15826,55;8,944
26;2025;09;30;16;14;49;0,171;-0,06;0,021;25,119;20,762;23,983;-921,158;-318,988;15829,13;8,944
26;2025;09;30;16;14;50;-0,008;0,024;0,019;23,517;25,069;25,474;-887,036;-378,886;15818,52;8,944
26;2025;09;30;16;14;50;0,097;-0,01;0,046;26,12;24,826;29,516;-883,103;-360,776;15848,2;8,944
26;2025;09;30;16;14;51;0,183;-0,028;-0,085;22,116;23,236;25,135;-885,75;-358,582;15832,16;8,944
26;2025;09;30;16;14;51;0,195;-0,057;0,113;24,34;24,075;25,225;-871,2;-374,12;15846,16;8,944
26;2025;09;30;16;14;52;0,173;0,046;0,181;23,806;19,945;24,525;-822,375;-282,469;15822,85;8,944
26;2025;09;30;16;14;52;0,25;-0,076;0,097;25,475;22,75;25,88;-827,059;-393,52;15825,97;8,944
26;2025;09;30;16;14;53;0,224;-0,087;0,074;22,271;23,699;25,09;-845,017;-321,53;15809,53;8,944
26;2025;09;30;16;14;53;0,29;0,01;0,047;19,735;23,589;26,964;-854,144;-273,313;15821,52;8,944
26;2025;09;30;16;14;54;0,149;-0,01;0,083;27,01;27,079;27,755;-850,872;-325,773;15807,6;8,944
26;2025;09;30;16;14;54;0,234;-0,031;-0,081;22,338;22,507;25,677;-842,452;-345,916;15831,97;8,944
26;2025;09;30;16;14;55;0,194;-0,033;0,074;24,14;22,352;26,671;-822,318;-398,341;15834,92;8,944
26;2025;09;30;16;14;55;0,247;-0,068;-0,11;20,981;23,92;27,258;-868,943;-307,929;15833,55;8,944
26;2025;09;30;16;14;56;0,22;-0,03;-0,104;24,251;25,709;23,373;-838,416;-338,771;15839,84;8,944
26;2025;09;30;16;14;56;0,28;-0,055;-0,012;25,609;26,239;22,967;-850,106;-323,316;15831,56;8,944
26;2025;09;30;16;14;57;0,121;-0,013;-0,024;22,138;19,194;19,625;-892,816;-328,423;15853,62;8,944
26;2025;09;30;16;14;57;-0,012;0,002;0,03;22,872;25,621;25,97;-856,062;-349,006;15813,72;8,944
26;2025;09;30;16;14;58;0,14;-0,041;0,041;25,297;20,673;23,17;-841,17;-317,179;15821,45;8,944
26;2025;09;30;16;14;58;0,385;-0,013;0,1;25,253;23,501;26,761;-834,869;-366,435;15820,91;8,944
26;2025;09;30;16;14;59;0,336;-0,074;-0,13;26,677;26,725;29,155;-861,366;-311,92;15819,34;8,944
26;2025;09;30;16;14;59;0,576;0,008;0,228;31,037;27,145;28,455;-842,54;-343,469;15841,07;8,944
26;2025;09;30;16;15;00;0,116;-0,067;-0,065;26,387;26,968;30,374;-837,071;-377,027;15824,53;8,944
26;2025;09;30;16;15;00;0,417;-0,049;-0,311;23,005;20,607;23,554;-759,473;-364,077;15804,93;8,944
26;2025;09;30;16;15;01;0,093;-0,021;0,191;21,737;26,482;23,464;-837,185;-259,442;15796,42;8,944
26;2025;09;30;16;15;01;0,263;-0,104;-0,35;21,159;22,794;30,6;-848,468;-304,842;15838,09;8,944
26;2025;09;30;16;15;02;0,228;-0,062;-0,117;23,005;22,529;25,383;-798,882;-267,603;15824,61;8,944
26;2025;09;30;16;15;02;0,215;-0,036;-0,119;24,207;23,324;25,248;-810,562;-342,307;15843,36;8,944
26;2025;09;30;16;15;03;0,216;-0,019;0,018;24,541;16,764;20,483;-821,34;-312,125;15841,38;8,944
26;2025;09;30;16;15;03;0,267;0,001;-0,044;21,048;22,33;26,851;-807,169;-308,417;15813,04;8,944
26;2025;09;30;16;15;04;0,253;-0,075;-0,113;22,872;24,494;27,913;-797,348;-254,079;15794,36;8,944
26;2025;09;30;16;15;04;0,111;-0,001;0,125;24,207;23,478;22,538;-791,44;-300,556;15838,06;8,944
26;2025;09;30;16;15;05;0,279;0,055;0,248;25,141;25,864;27,845;-808,964;-322,374;15803,57;8,944
26;2025;09;30;16;15;05;0,313;-0,01;0,027;22,338;25,4;27,529;-747,558;-247,199;15793,71;8,944
26;2025;09;30;16;15;06;0,201;-0,083;-0,239;22,538;17,758;25,27;-819,396;-310,377;15823,35;8,944
26;2025;09;30;16;15;06;0,111;-0,029;0,139;25,386;19,547;27,213;-826,406;-281,61;15814,83;8,944
26;2025;09;30;16;15;07;0,081;-0,028;0,094;26,61;28,581;26,354;-804,036;-291,831;15823,04;8,944
26;2025;09;30;16;15;07;0,319;-0,045;-0,013;22,383;22,97;26,806;-778,015;-291,756;15792,19;8,944
26;2025;09;30;16;15;08;0,173;0,007;0,008;24,007;19,768;24,615;-785,09;-261,331;15812,5;8,944
26;2025;09;30;16;15;08;0,205;-0,057;0,138;18,111;20,32;26,512;-733,482;-257,526;15828,2;8,944
26;2025;09;30;16;15;09;0,253;0,013;0,049;23,628;21,137;26,129;-766,522;-277,081;15790,8;8,944
26;2025;09;30;16;15;09;0,156;-0,047;-0,189;21,626;22,396;25,112;-757,132;-365,792;15832,4;8,944
26;2025;09;30;16;15;10;0,216;-0,012;0,114;24,051;23,169;22,899;-805,383;-253,539;15840,35;8,944
26;2025;09;30;16;15;10;0,294;-0,03;-0,124;21,982;24,627;25,88;-789,997;-341,708;15836,51;8,944
26;2025;09;30;16;15;11;0,198;0,001;0,038;18,734;21,822;27,98;-814,201;-287,542;15858,96;8,944
26;2025;09;30;16;15;11;0,264;-0,082;-0,151;22,004;25,731;27,755;-789,015;-369,564;15811,86;8,944
26;2025;09;30;16;15;12;0,044;0,01;0,066;22,649;20,629;16,915;-782,316;-283,351;15806,9;8,944
26;2025;09;30;16;15;12;0,078;0,026;0,015;22,093;20,983;26,603;-753,64;-269,667;15828,4;8,944
26;2025;09;30;16;15;13;0,179;-0,022;-0,005;23,428;20,563;22,425;-745,585;-303,716;15827,3;8,944
26;2025;09;30;16;15;13;0,475;-0,036;-0,152;23,695;20,32;25,18;-757,41;-292,626;15831,09;8,944
26;2025;09;30;16;15;14;0,197;-0,069;-0,023;23,762;20,938;28,093;-727,536;-304,87;15839,34;8,944
26;2025;09;30;16;15;14;0,005;0,027;0,119;21,493;21,049;23,735;-794,168;-353,247;15839;8,944
26;2025;09;30;16;15;15;0,228;-0,051;-0,127;26,476;22,153;27,145;-821,919;-352,556;15820,1;8,944
26;2025;09;30;16;15;15;0,112;-0,005;-0,066;24,563;21,8;25,316;-767,863;-320,596;15822,44;8,944
26;2025;09;30;16;15;16;0,291;-0,053;0,451;21,248;23,655;28,793;-738,501;-391,579;15824,87;8,944
26;2025;09;30;16;15;16;0,205;0,028;0,011;19,601;18,398;25,203;-756,297;-324,438;15840,8;8,944
26;2025;09;30;16;15;17;0,221;-0,012;0,1;23,851;26,659;28,093;-782,372;-396,333;15868,92;8,944
26;2025;09;30;16;15;17;0,122;-0,049;0,088;20,224;22,926;23,531;-776,938;-322,834;15843,04;8,944
26;2025;09;30;16;15;18;0,209;-0,013;-0,066;24,407;28,271;28,635;-755,924;-408,305;15819,15;8,944
27;2025;09;30;16;16;11;0,359;0,022;-0,117;23,673;22,33;21,093;-712,103;-288,393;15835,05;8,944
27;2025;09;30;16;16;11;0,527;-0,01;-0,007;25,253;23,876;21,476;-723,136;-373,14;15818,55;8,944
27;2025;09;30;16;16;12;0,438;0,016;0,156;21,938;21,535;24,096;-693,568;-286,671;15783,03;8,944
27;2025;09;30;16;16;12;0,497;0,007;0,011;21,648;25,665;27,822;-757,297;-312,13;15827,44;8,944
27;2025;09;30;16;16;13;0,39;-0,031;-0,13;24,63;21,645;22,899;-766,192;-302,816;15790,12;8,944
27;2025;09;30;16;16;13;0,316;0,006;0,169;23,339;23,478;28,138;-729,815;-296,946;15839,19;8,944
27;2025;09;30;16;16;14;0,285;0,013;0,09;26,143;24,782;24,683;-784,38;-371,402;15827,9;8,944
27;2025;09;30;16;16;14;0,334;0,029;0,017;24,096;20,21;23,351;-748,915;-379,939;15824,65;8,944
27;2025;09;30;16;16;15;0,387;0,018;-0,13;18,934;24,87;25,519;-779,655;-375,729;15832,55;8,944
27;2025;09;30;16;16;15;0,471;-0,033;-0,067;22,271;24,737;25,203;-758,676;-329,973;15839,76;8,944
27;2025;09;30;16;16;16;0,602;0,008;-0,183;22,783;26,88;26,49;-727,85;-353,046;15848,2;8,944
27;2025;09;30;16;16;16;0,365;-0,029;-0,037;26,098;20,673;22,628;-753,459;-307,601;15849,36;8,944
27;2025;09;30;16;16;17;0,466;0,018;-0,138;25,764;20,629;22,809;-707,492;-346,288;15802,37;8,944
27;2025;09;30;16;16;17;0,39;0,016;0,072;25,008;21,181;25,88;-754,582;-332,366;15809,8;8,944
27;2025;09;30;16;16;18;0,344;-0,021;-0,127;26,61;21,822;26,309;-799,11;-212,091;15811,33;8,944
27;2025;09;30;16;16;18;0,333;0,013;0,005;24,007;25,731;27,958;-759,405;-366,193;15830,4;8,944
27;2025;09;30;16;16;19;0,369;0,01;-0,119;27,589;26,217;21,996;-804,938;-241,696;15830,14;8,944
27;2025;09;30;16;16;19;0,477;0,021;-0,022;21,114;21,8;28,929;-807,137;-317,665;15839,5;8,944
27;2025;09;30;16;16;20;0,379;0,012;-0,205;21,671;20,276;23,69;-781,144;-268,099;15842,06;8,944
27;2025;09;30;16;16;20;0,441;-0,019;-0,139;22,627;24,097;23,419;-785,359;-310,935;15837,39;8,944
27;2025;09;30;16;16;21;0,468;-0,003;-0,087;26,387;25,555;24,48;-781,795;-380,05;15850,92;8,944
27;2025;09;30;16;16;21;0,462;-0,04;-0,188;21,537;24,406;27,551;-775,141;-316,865;15821,51;8,944
27;2025;09;30;16;16;22;0,499;0,005;-0,111;23,295;25,974;26,558;-786,83;-366,792;15834,67;8,944
27;2025;09;30;16;16;22;0,443;0,008;0,03;26,098;19,414;27,619;-815,612;-304,17;15827,25;8,944
27;2025;09;30;16;16;23;0,458;-0,035;-0,056;20,402;23,633;26,4;-791,371;-367,523;15802,68;8,944
27;2025;09;30;16;16;23;0,383;-0,01;-0,029;28,056;24,119;24,322;-769,987;-292,638;15823,08;8,944
27;2025;09;30;16;16;24;0,471;-0,009;-0,116;24,429;20,232;21,793;-808,713;-395,001;15835,16;8,944
27;2025;09;30;16;16;24;0,478;0,019;0,059;22,004;21,336;25,406;-849,346;-369,418;15826,38;8,944
27;2025;09;30;16;16;25;0,399;-0,041;-0,062;23,918;23,986;26,49;-828,41;-354,897;15813,85;8,944
27;2025;09;30;16;16;25;0,43;0,017;0,054;19,312;24,252;28,613;-815,491;-364,551;15808,32;8,944
27;2025;09;30;16;16;26;0,312;-0,014;0,121;24,407;25,157;21,454;-780,071;-363,983;15850,63;8,944
27;2025;09;30;16;16;26;0,169;-0,069;0,21;20,002;28,581;22,177;-778,336;-396,978;15824,93;8,944
27;2025;09;30;16;16;27;0,42;-0,027;-0,199;27,322;25,93;25,632;-780,266;-423,609;15842,55;8,944
27;2025;09;30;16;16;27;0,266;-0,036;-0,114;22,694;24,76;18,45;-802,423;-337,831;15821,86;8,944
27;2025;09;30;16;16;28;0,325;-0,005;0,099;21,893;23,81;22,177;-771,89;-401,264;15796,44;8,944
27;2025;09;30;16;16;28;0,342;-0,008;-0,056;23,873;20,894;24,028;-764,079;-346,848;15802,05;8,944
27;2025;09;30;16;16;29;0,497;-0,008;-0,097;26,187;25,952;22,199;-833,79;-332,014;15824,87;8,944
27;2025;09;30;16;16;29;0,478;-0,065;-0,122;22,983;25,179;28,906;-873,951;-352,487;15814,05;8,944
27;2025;09;30;16;16;30;0,312;-0,023;0,075;19,112;24,782;31,142;-846,363;-364,714;15811,73;8,944
27;2025;09;30;16;16;30;0,47;-0,059;-0,131;20,981;24,318;23,735;-828,576;-390,95;15812,78;8,944
27;2025;09;30;16;16;31;0,238;0,008;-0,027;19,846;18,156;22,764;-803,767;-340,231;15818,18;8,944
27;2025;09;30;16;16;31;0,541;0,038;-0,125;22,516;22,507;24,096;-752,233;-342,288;15809,98;8,944
27;2025;09;30;16;16;32;0,4;0,001;-0,219;22,783;21,954;31,865;-795,153;-390,238;15819,08;8,944
27;2025;09;30;16;16;32;0,314;-0,017;-0,024;24,941;28,316;25,474;-769,002;-320,687;15819,58;8,944
27;2025;09;30;16;16;33;0,418;0,013;0,003;19,557;22,22;23,667;-802,512;-310,704;15803,94;8,944
27;2025;09;30;16;16;33;0,394;-0,029;-0,104;19,001;23,832;23,464;-814,866;-382,43;15814,64;8,944
27;2025;09;30;16;16;34;0,372;-0,003;-0,052;19,045;22,507;26,783;-817,641;-335,98;15827,24;8,944
27;2025;09;30;16;16;34;0,417;-0,019;-0,188;22,249;21,402;23,802;-786,648;-331,168;15827,75;8,944
27;2025;09;30;16;16;35;0,466;-0,059;-0,083;23,806;26,88;25,406;-781,02;-336,82;15836,43;8,944
27;2025;09;30;16;16;35;0,441;-0,022;-0,054;24,318;20,762;26,129;-775,959;-350,695;15834,11;8,944
27;2025;09;30;16;16;36;0,346;-0,066;-0,174;21,07;21,049;20,325;-709,722;-348,122;15832,12;8,944
27;2025;09;30;16;16;36;0,323;-0,016;0,001;20,892;19,547;24,796;-781,011;-320,787;15837,57;8,944
27;2025;09;30;16;16;37;0,505;0,025;0,128;22,383;23,015;24,841;-866,775;-304,178;15783,2;8,944
27;2025;09;30;16;16;37;0,25;0,001;-0,033;22,983;24,45;25,383;-775,868;-353,121;15810,15;8,944
27;2025;09;30;16;16;38;0,203;-0,006;0,045;25,097;19,459;23,102;-772,32;-389,233;15830,52;8,944
27;2025;09;30;16;16;38;0,515;-0,015;-0,134;22,138;21,049;26,648;-828,423;-338,421;15839,85;8,944
27;2025;09;30;16;16;39;0,405;0,001;-0,052;22,182;24,848;27,529;-753,38;-342,466;15850,27;8,944
27;2025;09;30;16;16;39;0,425;-0,029;0,008;22,761;20,055;27,28;-820,93;-323,901;15853,6;8,944
27;2025;09;30;16;16;40;0,555;0,026;0,019;22,649;23,964;23,215;-850,164;-321,481;15806,38;8,944
27;2025;09;30;16;16;40;0,41;-0,012;-0,034;20,269;20,165;23,464;-824,585;-390,667;15820,78;8,944
28;2025;09;30;16;17;50;0,428;0,043;0,086;24,363;22,595;25,18;-875,676;-246,285;15824,16;8,944
28;2025;09;30;16;17;50;0,375;0,06;0,15;20,87;20,055;22,222;-878,266;-286,537;15816,88;8,944
28;2025;09;30;16;17;51;0,371;-0,008;0,012;21,203;17,117;23,441;-851,826;-339,466;15827,27;8,944
28;2025;09;30;16;17;51;0,383;0,067;0,033;19,423;23,876;22,312;-906,658;-275,741;15804,66;8,944
28;2025;09;30;16;17;52;0,439;0,025;0,02;25,431;25,113;26,919;-926,861;-221,348;15799,95;8,944
28;2025;09;30;16;17;52;0,346;0,005;-0,007;22,249;20,651;22,018;-920,606;-277,695;15834,68;8,944
28;2025;09;30;16;17;53;0,414;0,032;0,088;18,378;21,734;24,141;-949,669;-288,422;15803,42;8,944
28;2025;09;30;16;17;53;0,471;0,004;-0,075;20,113;22,175;23,735;-908,237;-230,454;15765,84;8,944
28;2025;09;30;16;17;54;0,425;0,009;-0,022;19,757;17,802;24,344;-963,032;-233,6;15825,29;8,944
28;2025;09;30;16;17;54;0,428;0,015;-0,013;20,447;23,876;22,854;-977,153;-320,017;15817,39;8,944
28;2025;09;30;16;17;55;0,511;0,009;-0,087;22,516;17,913;28,861;-939,052;-265,101;15807,58;8,944
28;2025;09;30;16;17;55;0,496;0;0,082;22,56;18,398;19,85;-920,171;-289,971;15818,9;8,944
28;2025;09;30;16;17;56;0,397;0,018;0,063;19,112;21,999;25,361;-958,347;-301,998;15828,8;8,944
28;2025;09;30;16;17;56;0,426;0,024;-0,146;19,112;18,376;19,715;-911,874;-298,148;15793,05;8,944
28;2025;09;30;16;17;57;0,431;0,039;-0,055;22,205;21,181;24,615;-913,333;-215,932;15820,44;8,944
28;2025;09;30;16;17;57;0,43;-0,02;-0,049;18,778;18,973;22,199;-920,809;-271,842;15826,58;8,944
28;2025;09;30;16;17;58;0,407;0,032;-0,061;22,738;20,364;22,899;-947,448;-221,498;15831,94;8,944
28;2025;09;30;16;17;58;0,411;0,029;0,133;19,824;23,059;25,699;-879,101;-320,01;15849,48;8,944
28;2025;09;30;16;17;59;0,374;0,029;-0,147;18,311;16,72;22,854;-913,103;-222,58;15831,99;8,944
28;2025;09;30;16;17;59;0,477;0,036;0,001;18,066;17,625;23,486;-831,969;-294,382;15847,06;8,944
28;2025;09;30;16;18;00;0,378;0,014;-0,064;20,002;23,942;22,831;-909,229;-267,935;15846,52;8,944
28;2025;09;30;16;18;00;0,281;0,036;-0,062;20,158;20,961;18,992;-868,972;-266,202;15816,52;8,944
28;2025;09;30;16;18;01;0,302;0,018;-0,18;18,667;17,316;22,38;-868,137;-200,423;15831,64;8,944
28;2025;09;30;16;18;01;0,426;0,013;0,003;22,761;19,392;21,973;-874,49;-280,151;15830,77;8,944
28;2025;09;30;16;18;02;0,463;0,004;0;23,094;18,045;21,635;-912,226;-247,622;15837,01;8,944
28;2025;09;30;16;18;02;0,469;0,032;-0,055;18,2;19,127;22,989;-901,38;-255,19;15824,3;8,944
28;2025;09;30;16;18;03;0,45;-0,038;-0,059;18,8;18,862;18,586;-910,737;-224,825;15829,75;8,944
28;2025;09;30;16;18;03;0,406;0,035;0,071;22,716;22,33;22,944;-910,114;-291,476;15826,94;8,944
28;2025;09;30;16;18;04;0,427;0,053;-0,079;24,474;22,197;20,46;-919,255;-242,968;15855,21;8,944
28;2025;09;30;16;18;04;0,349;-0,017;-0,069;19,713;22,772;22,222;-883,011;-322,505;15829,51;8,944
28;2025;09;30;16;18;05;0,388;0,002;-0,144;20,069;21,336;19,783;-886,612;-260,567;15830,41;8,944
28;2025;09;30;16;18;05;0,405;-0,009;-0,054;19,98;20,254;22,989;-838,031;-235,353;15802;8,944
28;2025;09;30;16;18;06;0,429;0,043;0,059;18,912;22,705;27,98;-867,253;-225,628;15827,52;8,944
28;2025;09;30;16;18;06;0,35;0,025;-0,009;19,913;18,465;22,38;-908,538;-279,38;15828,72;8,944
28;2025;09;30;16;18;07;0,433;0,057;-0,003;18,889;20,408;20,663;-904,178;-281,519;15844,48;8,944
28;2025;09;30;16;18;07;0,512;0,053;0,027;21,826;17,449;21,386;-900,651;-218,969;15833,65;8,944
28;2025;09;30;16;18;08;0,332;0,029;0,038;24,83;20,143;23,983;-880,338;-178,433;15806,09;8,944
28;2025;09;30;16;18;08;0,295;0,048;0,15;22,36;18,708;20,776;-902,355;-227,318;15817,8;8,944
28;2025;09;30;16;18;09;0,472;0,008;-0,035;19,802;22,131;22,741;-830,225;-238,01;15830,05;8,944
28;2025;09;30;16;18;09;0,442;-0,007;-0,062;20,291;19,702;23,283;-762,144;-288,111;15837,01;8,944
28;2025;09;30;16;18;10;0,425;0,036;0,02;18,845;19,414;19,873;-826,259;-155,466;15833,16;8,944
28;2025;09;30;16;18;10;0,419;0,024;-0,073;19,223;20,298;21,793;-758,34;-168,173;15820,87;8,944
28;2025;09;30;16;18;11;0,265;0,013;0,309;19,223;18,222;24,254;-777,638;-172,259;15822,07;8,944
28;2025;09;30;16;18;11;0,43;0,034;-0,069;20,291;18,133;22,673;-798,71;-215,466;15829,68;8,944
28;2025;09;30;16;18;12;0,512;0,053;0,063;18,489;21,579;22,673;-815,655;-262,326;15848,79;8,944
28;2025;09;30;16;18;12;0,408;0,039;-0,048;17,666;16,543;21,747;-787,049;-262,793;15846,54;8,944
28;2025;09;30;16;18;13;0,403;0,033;-0,019;27,188;19,768;19,263;-788,091;-265,77;15858,02;8,944
28;2025;09;30;16;18;13;0,342;0,017;0,008;24,34;19,967;21,296;-813,481;-193,795;15839,28;8,944
28;2025;09;30;16;18;14;0,447;0,049;-0,089;18,088;22,485;22,809;-810,346;-152,662;15830,83;8,944
28;2025;09;30;16;18;14;0,479;0,04;0,01;19,646;22,816;20,709;-833,83;-241,066;15810,1;8,944
28;2025;09;30;16;18;15;0,424;0,029;0,077;24,607;17,36;19,286;-861,495;-259,482;15841,84;8,944
28;2025;09;30;16;18;15;0,453;0,019;-0,287;21,715;19,812;21,747;-812,227;-286,401;15806,93;8,944
28;2025;09;30;16;18;16;0,396;0,007;-0,082;21,871;27,454;25,157;-840,409;-208,516;15836,38;8,944
28;2025;09;30;16;18;16;0,418;0,025;-0,109;22,672;23,037;22,922;-837,57;-248,736;15836,24;8,944
28;2025;09;30;16;18;17;0,429;0,008;-0,016;21,626;17,382;20,957;-829,54;-192,291;15826,95;8,944
28;2025;09;30;16;18;17;0,464;-0,002;-0,201;19,646;19,481;24,48;-844,626;-275,567;15804,71;8,944
28;2025;09;30;16;18;18;0,483;0,04;-0,051;16,553;20,011;18,405;-833,599;-272,307;15837,52;8,944
28;2025;09;30;16;18;18;0,357;0,039;0,03;19,824;19,039;20,167;-859,554;-249,543;15834,23;8,944
28;2025;09;30;16;18;19;0,436;-0,002;-0,049;21,626;19,414;21,928;-816,928;-225,946;15838,99;8,944
28;2025;09;30;16;18;19;0,199;-0,017;0,046;21,448;17,559;20,596;-844,309;-284,882;15842,88;8,944
29;2025;09;30;16;19;46;0,239;-0,022;0,049;27,989;25,091;24,841;-72,306;-328,347;15816,32;8,944
29;2025;09;30;16;19;47;0,27;-0,019;0,029;26,321;24,517;28,5;-72,306;-328,347;15816,32;8,944
29;2025;09;30;16;19;47;0,149;0,021;0,003;22,405;22,242;27,484;-72,306;-328,347;15816,32;8,944
29;2025;09;30;16;19;48;0,189;-0,022;-0,022;21,737;21,579;26,716;-72,306;-328,347;15816,32;8,944
29;2025;09;30;16;19;48;0,223;-0,02;0,058;26,832;26,858;31,21;-72,306;-328,347;15816,32;8,944
29;2025;09;30;16;19;49;0,146;0,003;0,057;22,538;23,501;24,638;-72,306;-328,347;15816,32;8,944
29;2025;09;30;16;19;49;0,133;-0,018;0,125;22,605;19,591;26,061;-72,306;-328,347;15816,32;8,944
29;2025;09;30;16;19;50;0,167;0,001;0,167;22,338;21,446;25,112;-72,306;-328,347;15816,32;8,944
29;2025;09;30;16;19;50;0,292;-0,018;-0,001;25,342;22,264;25,293;-72,306;-328,347;15816,32;8,944
29;2025;09;30;16;19;51;0,173;0,01;-0,113;24,63;25,709;28,613;-72,306;-328,347;15816,32;8,944
29;2025;09;30;16;19;51;0,223;-0,027;0,05;25,008;27,167;29,2;-72,306;-328,347;15816,32;8,944
29;2025;09;30;16;19;52;0,202;0,018;-0,024;19,045;21,204;24,661;-72,306;-328,347;15816,32;8,944
29;2025;09;30;16;19;52;0,216;-0,006;0,09;26,61;25,268;27,325;-72,306;-328,347;15816,32;8,944
29;2025;09;30;16;19;53;0,226;-0,059;-0,057;19,98;19,481;24,977;-72,306;-328,347;15816,32;8,944
29;2025;09;30;16;19;53;0,338;-0,017;-0,139;20,425;22,639;27,032;-72,306;-328,347;15816,32;8,944
29;2025;09;30;16;19;54;0,158;-0,022;0,223;19,067;21,623;25,903;-72,306;-328,347;15816,32;8,944
29;2025;09;30;16;19;54;0,271;0;0,123;20,781;20,32;23,757;-72,306;-328,347;15816,32;8,944
29;2025;09;30;16;19;55;0,239;-0,024;0,016;25,52;24,892;27,913;-72,306;-328,347;15816,32;8,944
29;2025;09;30;16;19;55;0,253;-0,024;0,248;25,386;23,125;27,913;-72,306;-328,347;15816,32;8,944
29;2025;09;30;16;19;56;0,16;-0,006;-0,069;22,627;21,181;27,348;-72,306;-328,347;15816,32;8,944
29;2025;09;30;16;19;56;0,26;0,023;0,132;21,003;17,758;22,493;-72,306;-328,347;15816,32;8,944
29;2025;09;30;16;19;57;0,202;-0,052;-0,056;30,192;27,918;31,819;-72,306;-328,347;15816,32;8,944
29;2025;09;30;16;19;57;0,36;0,005;0,113;20,158;21,027;22,131;-72,306;-328,347;15816,32;8,944
29;2025;09;30;16;19;58;0,201;0,026;-0,136;16,553;15,13;20,822;-72,306;-328,347;15816,32;8,944
29;2025;09;30;16;19;58;0,227;-0,002;0,033;22,294;23,434;25,925;-72,306;-328,347;15816,32;8,944
29;2025;09;30;16;19;59;0,402;-0,007;0,13;18,177;18,708;23,983;-72,306;-328,347;15816,32;8,944
29;2025;09;30;16;19;59;0,272;0,028;0,196;15,663;17,095;21,386;-72,306;-328,347;15816,32;8,944
29;2025;09;30;16;20;00;0,099;0;0,137;20,825;21,336;27,664;-72,306;-328,347;15816,32;8,944
29;2025;09;30;16;20;00;0,237;0;-0,049;26,454;24,362;26,174;-72,306;-328,347;15816,32;8,944
29;2025;09;30;16;20;01;0,237;-0,013;0,2;19,957;19,635;22,809;-72,306;-328,347;15816,32;8,944
29;2025;09;30;16;20;01;0,243;-0,005;0,098;23,028;21,535;27,303;-72,306;-328,347;15816,32;8,944
29;2025;09;30;16;20;02;0,201;-0,057;0,024;27,366;24,737;27,1;-72,306;-328,347;15816,32;8,944
29;2025;09;30;16;20;02;0,208;-0,004;-0,181;23,829;24,053;29,155;-72,306;-328,347;15816,32;8,944
29;2025;09;30;16;20;03;0,234;0,001;-0,138;31,416;27,3;30,352;-72,306;-328,347;15816,32;8,944
29;2025;09;30;16;20;03;0,157;0,019;0,183;25,876;23,125;29,358;-72,306;-328,347;15816,32;8,944
29;2025;09;30;16;20;04;0,137;-0,023;-0,266;24,941;26,968;29,064;-72,306;-328,347;15816,32;8,944
29;2025;09;30;16;20;04;0,193;0,012;-0,136;23,339;23,898;25,361;-72,306;-328,347;15816,32;8,944
29;2025;09;30;16;20;05;0,259;-0,026;-0,062;25,609;26,902;27,913;-72,306;-328,347;15816,32;8,944
29;2025;09;30;16;20;05;0,242;0,024;-0,118;27,077;24,715;27,325;-72,306;-328,347;15816,32;8,944
29;2025;09;30;16;20;06;0,204;0,059;0,456;20,135;17,294;23,373;-72,306;-328,347;15816,32;8,944
29;2025;09;30;16;20;06;0,211;-0,008;0,004;22,071;19,834;26,693;-72,306;-328,347;15816,32;8,944
29;2025;09;30;16;20;07;0,246;-0,002;-0,016;29,035;28,779;33,671;-72,306;-328,347;15816,32;8,944
29;2025;09;30;16;20;07;0,287;-0,004;0,041;24,941;26,018;28,455;-72,306;-328,347;15816,32;8,944
29;2025;09;30;16;20;08;0,302;-0,026;0,155;27,945;26,814;29,471;-72,306;-328,347;15816,32;8,944
29;2025;09;30;16;20;08;0,255;0,005;0,063;22,36;21,491;24,209;-72,306;-328,347;15816,32;8,944
29;2025;09;30;16;20;09;0,23;0,017;-0,104;18,533;19,856;23,915;-72,306;-328,347;15816,32;8,944
29;2025;09;30;16;20;09;0,196;0,029;0,05;27,478;27,741;28,884;-72,306;-328,347;15816,32;8,944
29;2025;09;30;16;20;10;0,217;0,002;0,138;19,868;20,011;24,028;-72,306;-328,347;15816,32;8,944
29;2025;09;30;16;20;10;0,209;-0,023;-0,057;23,295;23,302;27,98;-72,306;-328,347;15816,32;8,944
29;2025;09;30;16;20;11;0,183;-0,002;0,133;23,072;21,027;26,445;-72,306;-328,347;15816,32;8,944
29;2025;09;30;16;20;11;0,187;0,032;-0,045;27,567;22,661;27,98;-72,306;-328,347;15816,32;8,944
29;2025;09;30;16;20;12;0,24;0,038;0,029;25,942;26,482;32,407;-72,306;-328,347;15816,32;8,944
29;2025;09;30;16;20;12;0,205;-0,026;-0,109;20,469;20,541;25,474;-72,306;-328,347;15816,32;8,944
29;2025;09;30;16;20;13;0,243;-0,03;-0,089;24,63;25,223;26,309;-72,306;-328,347;15816,32;8,944
29;2025;09;30;16;20;13;0,226;-0,026;-0,141;24,763;23,213;25,903;-72,306;-328,347;15816,32;8,944
29;2025;09;30;16;20;14;0,186;-0,013;-0,012;26,966;26,703;29,787;-72,306;-328,347;15816,32;8,944
29;2025;09;30;16;20;14;0,247;-0,039;-0,171;20,247;20,497;25,383;-72,306;-328,347;15816,32;8,944
29;2025;09;30;16;20;15;0,23;0,017;0,2;23,74;23,191;25,496;-72,306;-328,347;15816,32;8,944
29;2025;09;30;16;20;15;0,174;0,025;0,204;21,493;21,446;29,764;-72,306;-328,347;15816,32;8,944
29;2025;09;30;16;20;16;0,344;0,029;0,002;24,696;24,737;29,742;-72,306;-328,347;15816,32;8,944
