Desktop_Software_Build_Version,1.7,,,,,,,,,,,,,,,,,,,
#,Year,Month,Day,Hour,Minute,Second,VelX,VelY,VelZ,SNR1,SNR2,SNR3,AccX,AccY,AccZ,Temp,STD X,STD Y,STD Z,
(),(),(),(),(),(),(),(m/s),(m/s),(m/s),(dB),(dB),(dB),(cnts),(cnts),(cnts),(°C),0.179045796683772,0.067317756793782,0.301985685541802,0.045886394700526
0,2022,3,30,13,49,17,-1.161,0.139,-0.598,43.519,42.738,43.201,58.303,-661.065,15758.36,10.147,0.178994455309782,0.091896742239196,0.381884408044627,0.066905963578504
0,2022,3,30,13,49,17,-1.084,0.074,-0.324,42.629,43.357,44.556,-244.03,-568.367,15938.47,10.147,,,,
0,2022,3,30,13,49,18,-1.143,0.032,-0.297,41.183,43.445,44.172,-127.128,-201.108,16003.74,10.147,,,,
0,2022,3,30,13,49,18,-0.84,0.103,-0.491,41.917,43.6,44.421,-7.944,-394.479,15797.55,10.147,,,,
0,2022,3,30,13,49,19,-0.82,0.07,-0.198,46.211,43.511,45.708,-61.242,-383.576,15904.18,10.147,,,,
0,2022,3,30,13,49,19,-0.797,0.001,0.022,44.609,43.313,44.218,-89.884,-512.797,15945.61,10.147,,,,
0,2022,3,30,13,49,20,-0.817,0.092,-0.259,44.164,42.363,43.585,237.84,-432.098,15674.41,10.147,,,,
0,2022,3,30,13,49,20,-0.999,-0.082,0.076,42.918,43.18,44.985,324.737,-350.944,15789.06,10.147,,,,
0,2022,3,30,13,49,21,-1.222,0.16,-0.402,43.92,43.666,43.111,-163.059,-285.099,15982.35,10.147,,,,
0,2022,3,30,13,49,21,-1.057,0.033,-0.269,43.185,42.628,43.585,27.118,-424.478,15842.12,10.147,,,,
0,2022,3,30,13,49,22,-1.047,0.126,-0.761,42.473,41.833,45.098,-7.309,-551.681,15863.79,10.147,,,,
0,2022,3,30,13,49,22,-1.029,0.056,-0.291,44.543,42.981,44.24,137.623,-493.673,15785.44,10.147,,,,
0,2022,3,30,13,49,23,-1.027,0.052,0.17,44.498,43.732,44.398,71.67,-391.412,15973.02,10.147,,,,
0,2022,3,30,13,49,23,-0.964,0.066,-0.074,43.208,43.114,44.534,283.471,-314.66,15660.36,10.147,,,,
0,2022,3,30,13,49,24,-0.662,-0.01,-0.202,42.229,44.505,43.63,46.883,-464.233,15530.8,10.147,,,,
0,2022,3,30,13,49,24,-1.095,0.112,-0.418,44.431,43.18,44.805,72.24,-628.096,16007.82,10.147,,,,
0,2022,3,30,13,49,25,-1.03,0.222,-0.752,42.318,41.855,44.669,409.86,-446.158,15702.25,10.147,,,,
0,2022,3,30,13,49,25,-1.255,0.157,-0.822,42.651,43.224,45.527,159.694,-209.556,15736.39,10.147,,,,
0,2022,3,30,13,49,26,-0.983,0.144,-0.506,42.14,42.716,45.731,-114.324,-565.764,15925.68,10.147,,,,
0,2022,3,30,13,49,26,-1.192,0.221,-0.52,43.697,42.827,44.443,92.185,-452.819,15696.66,10.152,,,,
0,2022,3,30,13,49,27,-0.772,0.137,-0.609,42.407,43.909,44.601,238.604,-258.196,15675.88,10.147,,,,
0,2022,3,30,13,49,27,-0.915,0.126,-0.362,42.496,43.71,45.821,244.151,-449.813,15790.75,10.157,,,,
0,2022,3,30,13,49,28,-1.413,0.273,0.753,43.586,43.202,45.098,-53.594,-406.053,15911.45,10.153,,,,
0,2022,3,30,13,49,28,-0.922,0.044,-0.237,42.941,43.114,44.24,23.17,-425.653,15784.13,10.166,,,,
0,2022,3,30,13,49,29,-1.256,0.166,-0.475,44.32,43.644,43.111,126.431,-256.493,15863.22,10.158,,,,
0,2022,3,30,13,49,29,-1.106,0.022,-1.059,44.565,43.71,44.014,-115.889,-284.997,15975.53,10.175,,,,
0,2022,3,30,13,49,30,-1.051,0.137,-0.537,45.41,42.098,45.189,367.505,-672.847,15644.53,10.174,,,,
0,2022,3,30,13,49,30,-1.075,0.036,-0.187,42.674,41.634,44.172,-126.142,-336.237,16152.46,10.175,,,,
0,2022,3,30,13,49,31,-1.015,0.114,0.156,42.985,43.357,44.489,125.201,-547.444,15840.97,10.185,,,,
0,2022,3,30,13,49,31,-1.066,0.115,-0.651,44.387,42.606,46.792,130.072,-162.895,15605.51,10.175,,,,
0,2022,3,30,13,49,32,-1.224,0.177,-0.712,42.651,42.76,43.834,482.044,-678.672,15733.89,10.185,,,,
0,2022,3,30,13,49,32,-1.251,0.069,-0.528,43.875,42.473,43.495,116.37,-516.749,15991.87,10.18,,,,
0,2022,3,30,13,49,33,-1.196,0.183,-0.514,43.141,43.313,44.285,-91.817,-489.962,15899.2,10.179,,,,
0,2022,3,30,13,49,33,-1.135,0.08,-0.511,42.918,41.038,45.234,-0.792,-484.877,15877.18,10.185,,,,
0,2022,3,30,13,49,34,-1.111,0.069,-0.257,42.651,41.259,43.788,-318.522,-744.103,16074.99,10.185,,,,
0,2022,3,30,13,49,34,-1.396,0.118,-0.871,43.564,43.754,43.066,80.521,-519.579,15679.84,10.185,,,,
0,2022,3,30,13,49,35,-1.277,0.095,-0.851,42.585,42.54,44.014,178.41,-630.025,15851.63,10.185,,,,
0,2022,3,30,13,49,35,-1.345,0.096,-0.423,43.208,42.672,43.698,-320.884,-659.959,16004.05,10.18,,,,
0,2022,3,30,13,49,36,-1.272,0.159,-0.449,43.608,42.12,43.427,-192.03,-370.44,15743.81,10.185,,,,
0,2022,3,30,13,49,36,-1.227,0.111,-0.425,44.454,41.811,45.076,156.608,-521.878,15849.97,10.185,,,,
0,2022,3,30,13,49,37,-1.239,0.175,-0.725,43.096,41.987,44.579,83.34,-528.494,15959.47,10.185,,,,
0,2022,3,30,13,49,37,-1.303,0.137,-0.708,43.986,41.943,43.924,-84.951,-367.665,15881.02,10.185,,,,
0,2022,3,30,13,49,38,-1.165,0.11,-0.58,42.763,43.357,44.511,108.562,-595.11,15894.39,10.185,,,,
0,2022,3,30,13,49,38,-1.035,0.121,-0.595,42.518,42.827,45.098,83.266,-598.876,15829.28,10.185,,,,
0,2022,3,30,13,49,39,-1.356,0.04,-0.671,42.095,41.325,41.395,-572.594,-281.735,16077.95,10.185,,,,
0,2022,3,30,13,49,39,-1.225,0.16,-0.836,44.276,42.937,46.792,142.422,-516.694,15831.86,10.185,,,,
0,2022,3,30,13,49,40,-1.187,0.195,-0.719,43.475,40.817,43.947,290.874,-771.332,15787.96,10.185,,,,
0,2022,3,30,13,49,40,-0.965,0.076,-0.537,42.206,42.76,45.031,434.493,-512.743,15704.03,10.185,,,,
0,2022,3,30,13,49,41,-1.248,0.181,-0.651,42.095,42.871,44.15,419.135,-384.417,15682.86,10.185,,,,
0,2022,3,30,13,49,41,-1.07,0.124,-0.505,43.208,43.511,44.872,289.747,-609.716,15937.67,10.185,,,,
0,2022,3,30,13,49,42,-1.25,0.113,-0.633,42.718,43.997,44.94,69.474,-850.841,15997.22,10.185,,,,
0,2022,3,30,13,49,42,-1.188,0.081,-0.642,44.031,42.694,44.443,43.308,-544.394,15932.29,10.185,,,,
0,2022,3,30,13,49,43,-1.227,0.155,-0.418,42.852,42.915,45.979,227.421,-527.567,15856.71,10.185,,,,
0,2022,3,30,13,49,43,-0.867,0.065,-0.654,43.141,42.783,45.731,-89.09,-192.302,15845.88,10.185,,,,
0,2022,3,30,13,49,44,-0.96,0.075,-0.161,44.231,43.799,45.482,540.771,-592.289,15716.4,10.185,,,,
0,2022,3,30,13,49,44,-0.467,0.003,0.107,44.164,43.6,44.511,303.939,-499.24,15707.67,10.185,,,,
0,2022,3,30,13,49,45,-1.059,0.108,-0.665,43.986,43.865,44.714,2.002,-425.135,15758.67,10.185,,,,
0,2022,3,30,13,49,45,-1.058,0.125,-0.667,44.098,42.915,44.714,341.525,-830.609,15907.65,10.185,,,,
0,2022,3,30,13,49,46,-1.043,0.237,-0.456,42.318,43.224,45.55,260.488,-623.268,15940.74,10.185,,,,
0,2022,3,30,13,49,46,-1.041,0.208,-0.534,43.875,43.578,44.33,147.768,-554.881,15812.55,10.185,,,,
0,2022,3,30,13,49,47,-0.832,0.082,-0.573,43.096,42.297,43.292,436.347,-354.248,15801.22,10.185,,,,
0,2022,3,30,13,49,47,-1.1,0.112,-0.904,43.942,43.136,46.385,-107.239,-245.855,15908.83,10.185,,,,
0,2022,3,30,13,49,48,-1.129,0.213,-0.886,42.095,42.849,43.766,297.184,-494.577,15773.88,10.185,,,,
0,2022,3,30,13,49,48,-1.027,0.152,-0.441,45.588,44.019,44.15,72.65,-467.831,15902.94,10.185,,,,
0,2022,3,30,13,49,49,-0.862,0.075,-0.288,44.231,42.451,44.827,346.658,-470.383,15750.63,10.185,,,,
0,2022,3,30,13,49,49,-1.19,0.033,-0.222,42.429,42.275,44.692,-13.592,-461.993,15838.76,10.185,,,,
0,2022,3,30,13,49,50,-0.869,0.092,-0.386,45.277,44.086,43.721,98.849,-774.471,15861,10.185,,,,
0,2022,3,30,13,49,50,-1.191,0.121,-0.624,43.764,43.003,43.698,227.355,-427.106,15750.33,10.185,,,,
0,2022,3,30,13,49,51,-0.823,0.156,-0.678,43.764,42.716,43.969,45.354,-357.666,15864.95,10.185,,,,
0,2022,3,30,13,49,51,-0.972,0.007,-0.465,44.52,40.751,43.901,353.146,-648.262,15896.4,10.185,,,,
0,2022,3,30,13,49,52,-1.227,0.115,-0.165,42.407,42.142,43.224,213.104,-642.732,16096.5,10.185,,,,
0,2022,3,30,13,49,52,-1.357,0.076,-0.53,42.54,42.805,44.15,619.349,-419.33,15640.51,10.185,,,,
0,2022,3,30,13,49,53,-1.111,0.301,-1.037,42.251,42.805,43.653,439.031,-496.668,15890.63,10.185,,,,
0,2022,3,30,13,49,53,-0.78,-0.01,0.129,43.43,41.789,45.392,185.681,-665.817,15802.56,10.185,,,,
0,2022,3,30,13,49,54,-0.91,0.058,-0.182,43.052,42.341,43.676,294.455,-220.793,15739.27,10.185,,,,
0,2022,3,30,13,49,54,-1.057,0.078,-0.615,42.006,41.479,43.585,128.586,-750.892,15970.05,10.185,,,,
0,2022,3,30,13,49,55,-1.009,0.157,-0.451,43.497,43.578,44.195,109.196,-612.606,15810.12,10.185,,,,
0,2022,3,30,13,49,55,-0.965,0.087,-0.07,43.074,43.843,43.834,313.763,-266.54,15829.55,10.185,,,,
0,2022,3,30,13,49,56,-0.919,0.027,-0.38,43.808,45.234,43.088,-66.41,-496.748,15853.62,10.185,,,,
0,2022,3,30,13,49,56,-0.771,0.034,-0.316,43.897,43.158,45.189,338.351,-567.637,15732.93,10.185,,,,
1,2022,3,30,13,55,5,-1.153,-0.454,1.648,45.299,43.511,44.556,5.195,-142.046,15897.07,10.259,,,,
1,2022,3,30,13,55,5,-1.181,-0.501,1.855,42.607,43.578,44.127,238.121,-105.797,15676.59,10.259,,,,
1,2022,3,30,13,55,6,-1.116,-0.498,1.886,44.231,43.843,45.843,-102.589,-379.023,15984.08,10.259,,,,
1,2022,3,30,13,55,6,-1.244,-0.463,1.77,43.141,43.003,45.708,-153.756,-174.453,15851.51,10.259,,,,
1,2022,3,30,13,55,7,-1.201,-0.506,1.818,43.074,42.517,44.421,-19.364,185.088,15642.61,10.259,,,,
1,2022,3,30,13,55,7,-1.185,-0.479,1.863,42.34,43.6,43.495,-273.058,145.905,15867.69,10.259,,,,
1,2022,3,30,13,55,8,-1.16,-0.41,1.459,42.407,41.899,42.704,-274.429,674.903,15775.38,10.259,,,,
1,2022,3,30,13,55,8,-1.133,-0.457,1.64,44.231,42.473,44.963,-53.322,-584.263,15794.89,10.259,,,,
1,2022,3,30,13,55,9,-1.237,-0.458,1.719,43.675,42.385,43.472,54.98,-175.246,15813.7,10.259,,,,
1,2022,3,30,13,55,9,-1.171,-0.465,1.709,43.653,43.644,43.992,-232.08,519.189,15731.05,10.259,,,,
1,2022,3,30,13,55,10,-1.126,-0.504,1.841,42.985,43.114,39.52,-535.411,-168.135,16089.67,10.259,,,,
1,2022,3,30,13,55,10,-1.333,-0.513,2.012,42.629,42.871,42.411,42.345,227.065,15646.48,10.259,,,,
1,2022,3,30,13,55,11,-1.285,-0.478,1.743,44.431,44.726,44.082,-122.48,254.935,15785.29,10.259,,,,
1,2022,3,30,13,55,11,-1.148,-0.557,2.004,44.075,42.208,43.585,-408.768,191.456,15994.78,10.259,,,,
1,2022,3,30,13,55,12,-1.266,-0.49,1.859,43.23,42.517,43.788,-296.12,54.146,15770.44,10.259,,,,
1,2022,3,30,13,55,12,-1.253,-0.475,1.731,43.408,42.65,44.601,-117.618,-121.912,16032.63,10.259,,,,
1,2022,3,30,13,55,13,-1.167,-0.507,1.739,44.142,42.186,41.575,-687.607,193.92,16039.65,10.259,,,,
1,2022,3,30,13,55,13,-1.34,-0.475,1.866,43.719,42.23,43.766,-102.581,-321.119,15832.16,10.259,,,,
1,2022,3,30,13,55,14,-1.168,-0.503,2.001,43.386,43.821,43.179,94.021,-48.351,15669.73,10.259,,,,
1,2022,3,30,13,55,14,-1.117,-0.481,1.66,42.14,43.909,44.33,-348.663,246.873,15953.84,10.259,,,,
1,2022,3,30,13,55,15,-1.266,-0.337,1.407,44.098,46.118,44.534,-298.712,-395.822,16068.79,10.259,,,,
1,2022,3,30,13,55,15,-1.137,-0.535,1.868,43.808,43.114,43.337,78.747,559.778,15488.55,10.259,,,,
1,2022,3,30,13,55,16,-1.354,-0.48,1.822,42.874,43.401,42.727,-101.665,52.47,15807.21,10.259,,,,
1,2022,3,30,13,55,17,-1.337,-0.489,1.852,43.742,44.196,44.263,-220.829,368.408,15895.77,10.259,,,,
1,2022,3,30,13,55,17,-1.243,-0.435,1.866,43.052,42.849,44.872,175.418,-282.748,15705.99,10.259,,,,
1,2022,3,30,13,55,17,-1.199,-0.415,1.231,43.452,42.893,43.269,-146.264,12.108,15748.17,10.259,,,,
1,2022,3,30,13,55,18,-1.335,-0.44,1.698,44.053,44.108,44.195,-308.369,10.351,16031.82,10.259,,,,
1,2022,3,30,13,55,19,-1.172,-0.413,1.531,43.586,42.297,42.998,77.668,74.77,15791.25,10.259,,,,
1,2022,3,30,13,55,19,-1.034,-0.451,1.633,42.407,41.877,43.856,-286.721,763.697,15904.1,10.259,,,,
1,2022,3,30,13,55,20,-1.138,-0.496,1.844,43.03,43.268,44.872,-73.917,-226.143,15938.51,10.259,,,,
1,2022,3,30,13,55,20,-1.18,-0.514,1.901,42.384,42.893,43.337,157.929,280.161,15878.81,10.259,,,,
1,2022,3,30,13,55,21,-1.36,-0.486,1.933,42.562,43.776,43.021,233.257,547.722,15518.91,10.259,,,,
1,2022,3,30,13,55,21,-1.179,-0.486,1.881,42.852,42.009,40.943,339.818,-208.096,15464.76,10.259,,,,
1,2022,3,30,13,55,22,-1.189,-0.373,1.574,42.117,43.489,45.076,441.023,-357.014,15781.27,10.259,,,,
1,2022,3,30,13,55,22,-0.998,-0.512,1.736,43.141,41.855,44.263,-97.892,74.735,15893.69,10.259,,,,
1,2022,3,30,13,55,23,-1.25,-0.425,1.667,42.963,42.009,44.24,-192.525,-211.257,15996.15,10.259,,,,
1,2022,3,30,13,55,23,-1.03,-0.497,1.396,42.718,42.981,44.579,-136.769,-382.59,15979.54,10.259,,,,
1,2022,3,30,13,55,24,-1.134,-0.372,1.468,43.541,43.291,41.011,245.672,-93.598,15784.4,10.259,,,,
1,2022,3,30,13,55,24,-1.288,-0.521,1.955,42.607,43.6,43.201,-262.56,270.931,15803.17,10.259,,,,
1,2022,3,30,13,55,25,-1.198,-0.534,1.662,42.184,43.931,44.014,1.37,368.158,15669.93,10.259,,,,
1,2022,3,30,13,55,25,-1.022,-0.515,1.756,43.03,44.152,43.043,273.7,-84.479,15599.66,10.259,,,,
1,2022,3,30,13,55,26,-1.358,-0.421,1.56,43.319,42.827,43.043,-146.57,363.614,15705.89,10.259,,,,
1,2022,3,30,13,55,26,-1.364,-0.519,1.844,44.276,42.297,43.63,325.605,-390.31,15536.58,10.259,,,,
1,2022,3,30,13,55,27,-1.29,-0.502,1.899,43.141,41.303,43.201,367.718,22.875,15566.39,10.259,,,,
1,2022,3,30,13,55,27,-1.337,-0.492,1.879,42.829,43.357,43.224,40.72,-288.41,15525.37,10.259,,,,
1,2022,3,30,13,55,28,-1.123,-0.488,1.692,42.941,43.423,43.653,-581.411,492.042,16017.27,10.259,,,,
1,2022,3,30,13,55,28,-1.209,-0.542,1.937,42.429,42.385,44.308,233.137,28.028,15702.78,10.259,,,,
1,2022,3,30,13,55,29,-0.98,-0.459,1.681,42.295,42.915,44.85,-143.631,-63.226,15783.52,10.259,,,,
1,2022,3,30,13,55,29,-1.185,-0.398,1.602,42.206,43.843,46.634,-484.027,-68.085,16083.36,10.259,,,,
1,2022,3,30,13,55,30,-1.094,-0.328,1.357,43.831,43.799,41.869,163.904,-330.713,15892.58,10.259,,,,
1,2022,3,30,13,55,30,-1.045,-0.477,2.084,42.362,42.451,44.398,-49.406,62.633,15761.35,10.259,,,,
1,2022,3,30,13,55,31,-1.351,-0.438,1.482,42.496,40.463,42.659,-236.593,306.933,15510.79,10.259,,,,
1,2022,3,30,13,55,31,-1.236,-0.463,1.576,43.942,43.688,43.856,-210.679,-35.022,15861.26,10.259,,,,
1,2022,3,30,13,55,32,-1.288,-0.48,1.703,43.475,41.855,41.056,-150.113,-336.827,16054.44,10.259,,,,
1,2022,3,30,13,55,32,-1.372,-0.485,1.864,41.784,42.805,42.411,151.021,-173.309,15605.71,10.259,,,,
1,2022,3,30,13,55,33,-1.328,-0.512,1.842,42.073,42.76,42.84,-1021.361,711.117,16034.99,10.259,,,,
1,2022,3,30,13,55,33,-1.35,-0.532,1.905,41.939,42.363,43.834,-544.511,26.124,16097.63,10.259,,,,
1,2022,3,30,13,55,34,-1.254,-0.513,1.917,43.386,42.12,44.105,124.543,-5.696,15676.71,10.259,,,,
1,2022,3,30,13,55,34,-1.23,-0.444,1.823,41.717,42.694,42.704,-128.967,-212.28,15766.19,10.259,,,,
1,2022,3,30,13,55,35,-1.262,-0.425,1.56,41.65,42.606,44.263,-176.175,123.754,15670.14,10.259,,,,
1,2022,3,30,13,55,35,-1.2,-0.495,1.647,43.63,45.013,40.853,-102.123,0.186,15826.43,10.259,,,,
1,2022,3,30,13,55,36,-1.185,-0.518,1.815,42.34,42.252,44.105,9.223,-827.931,15925.32,10.259,,,,
1,2022,3,30,13,55,36,-1.151,-0.45,1.603,42.785,44.218,46.092,390.118,-209.15,15691.14,10.259,,,,
1,2022,3,30,13,55,37,-1.176,-0.532,1.859,43.363,42.186,41.214,276.794,-924.456,15823.25,10.259,,,,
1,2022,3,30,13,55,37,-1.365,-0.431,1.765,44.431,43.268,44.376,-274.76,357.196,15918.21,10.259,,,,
1,2022,3,30,13,55,38,-1.224,-0.445,1.631,42.696,41.457,43.788,-552.98,767.735,15708.33,10.259,,,,
1,2022,3,30,13,55,38,-1.181,-0.481,1.658,42.206,44.019,41.959,36.469,418.212,15777.94,10.259,,,,
1,2022,3,30,13,55,39,-1.564,-0.447,1.925,43.475,42.517,43.834,-300.48,-156.158,15819.05,10.259,,,,
1,2022,3,30,13,55,39,-1.178,-0.426,1.527,42.651,42.12,43.608,-22.21,723.437,15564.42,10.259,,,,
1,2022,3,30,13,55,40,-1.17,-0.447,1.536,42.006,43.931,44.059,-617.262,87.281,16062.47,10.259,,,,
1,2022,3,30,13,55,40,-1.232,-0.428,1.693,42.429,41.501,40.649,-224.575,297.376,15672.43,10.259,,,,
1,2022,3,30,13,55,41,-1.185,-0.439,1.669,43.942,43.158,41.959,20.589,162.524,15661.62,10.259,,,,
1,2022,3,30,13,55,41,-1.307,-0.433,1.657,42.629,43.754,43.811,-191.011,253.185,15693.82,10.259,,,,
1,2022,3,30,13,55,42,-1.062,-0.491,1.654,44.053,44.837,44.059,68.639,-638.085,15791.96,10.259,,,,
1,2022,3,30,13,55,42,-1.322,-0.477,1.865,43.564,42.009,43.879,-293.406,105.858,15970.69,10.259,,,,
1,2022,3,30,13,55,43,-1.034,-0.468,1.679,43.63,43.556,44.059,92.382,-58.775,15681.63,10.259,,,,
1,2022,3,30,13,55,43,-1.101,-0.45,1.5,44.098,43.533,44.059,-240.625,102.072,15783.35,10.259,,,,
1,2022,3,30,13,55,44,-1.102,-0.416,1.407,42.407,42.429,44.263,-86.351,359.33,15572,10.259,,,,
1,2022,3,30,13,55,44,-1.27,-0.512,1.868,42.451,41.811,44.579,-49.523,-260.13,15748.82,10.259,,,,
1,2022,3,30,13,55,45,-1.328,-0.472,1.778,42.963,41.943,42.772,-47.703,-345.779,15912.66,10.259,,,,
2,2022,3,30,13,59,57,-1.181,-0.431,1.394,42.34,43.799,44.714,-38.632,278.7,15542.62,10.259,,,,
2,2022,3,30,13,59,57,-0.733,-0.493,2.219,43.497,41.435,44.421,-107.417,-128.057,16116.76,10.259,,,,
2,2022,3,30,13,59,58,-0.706,-0.4,1.821,43.074,43.622,45.572,-23.648,-740.38,16216.92,10.259,,,,
2,2022,3,30,13,59,58,-1.183,-0.624,2.054,43.03,44.527,47.695,123.755,-154.827,15733.38,10.259,,,,
2,2022,3,30,13,59,59,-0.78,-0.518,2.134,43.185,44.572,45.347,349.26,-739.639,15654.85,10.259,,,,
2,2022,3,30,13,59,59,-1.297,-0.474,1.517,45.121,43.379,45.234,-127.675,625.645,15435.19,10.259,,,,
2,2022,3,30,14,0,0,-0.978,-0.488,1.596,43.697,42.076,44.985,600.165,-394.893,15765.51,10.259,,,,
2,2022,3,30,14,0,0,-1.329,-0.632,2.297,41.784,42.716,44.511,-91.556,-295.756,16221.78,10.259,,,,
2,2022,3,30,14,0,1,-1.082,-0.523,1.723,41.895,43.975,43.676,496.432,-304.733,15510.05,10.259,,,,
2,2022,3,30,14,0,1,-1.161,-0.5,1.698,42.852,42.098,44.511,-9.967,290.797,15843.33,10.259,,,,
2,2022,3,30,14,0,2,-1.212,-0.534,2.047,41.539,44.262,46.679,-661.171,615.813,15787.53,10.259,,,,
2,2022,3,30,14,0,2,-1.282,-0.355,1.52,42.473,43.379,44.714,237.977,-332.761,16080.71,10.259,,,,
2,2022,3,30,14,0,3,-0.975,-0.629,2.466,43.853,44.351,45.663,339.38,64.992,15514.75,10.259,,,,
2,2022,3,30,14,0,3,-0.532,-0.442,1.983,44.009,43.092,44.398,-85.284,212.123,15956.69,10.259,,,,
2,2022,3,30,14,0,4,-0.795,-0.562,1.618,43.007,43.489,45.008,146.171,354.763,15852.33,10.259,,,,
2,2022,3,30,14,0,4,-1.026,-0.435,1.805,43.163,43.578,45.053,117.436,481.884,15758.02,10.259,,,,
2,2022,3,30,14,0,5,-0.965,-0.498,1.867,42.362,43.997,44.511,-148.056,-191.674,16060.71,10.259,,,,
2,2022,3,30,14,0,5,-1.242,-0.573,1.961,43.341,45.433,47.04,267.762,-382.24,15941.59,10.259,,,,
2,2022,3,30,14,0,6,-1.166,-0.409,1.537,41.695,44.086,46.566,681.114,-679.901,15530.62,10.259,,,,
2,2022,3,30,14,0,6,-0.86,-0.356,1.514,45.855,43.246,43.924,533.946,-322.208,15418.67,10.259,,,,
2,2022,3,30,14,0,7,-1.536,-0.461,2.236,42.985,43.533,44.037,398.736,-522.663,16051.08,10.259,,,,
2,2022,3,30,14,0,7,-0.818,-0.444,1.841,41.717,43.489,45.956,438.1,-329.176,15552.73,10.259,,,,
2,2022,3,30,14,0,8,-1.445,-0.55,1.94,42.273,41.833,45.256,495.239,-138.292,15225.89,10.259,,,,
2,2022,3,30,14,0,8,-1.111,-0.457,1.589,43.319,42.716,43.879,-269.607,-353.272,16040.63,10.259,,,,
2,2022,3,30,14,0,9,-0.866,-0.4,1.715,42.918,41.59,44.511,-544.285,-437.956,16240.79,10.259,,,,
2,2022,3,30,14,0,9,-1.058,-0.358,1.547,42.785,43.18,44.737,-696.544,-106.335,16135.87,10.259,,,,
2,2022,3,30,14,0,10,-1.338,-0.422,1.899,42.896,44.019,45.618,1152.72,-560.056,15167.69,10.259,,,,
2,2022,3,30,14,0,10,-0.967,-0.505,1.494,41.917,43.688,45.753,-269.776,52.192,15881.37,10.259,,,,
2,2022,3,30,14,0,11,-1.054,-0.5,2.101,43.163,43.865,45.143,-625.013,-25.17,15945.31,10.259,,,,
2,2022,3,30,14,0,11,-1.033,-0.46,1.725,44.743,42.473,44.76,-301.097,376.562,15613.51,10.259,,,,
2,2022,3,30,14,0,12,-1.084,-0.4,1.689,42.384,44.704,45.527,-85.566,115.063,15822.11,10.265,,,,
2,2022,3,30,14,0,12,-1.246,-0.496,1.792,42.518,44.196,45.143,-280.425,414.411,15674.87,10.264,,,,
2,2022,3,30,14,0,13,-0.942,-0.476,2.026,42.318,41.943,45.46,772.712,-289.372,15187.68,10.27,,,,
2,2022,3,30,14,0,13,-1.269,-0.545,1.803,42.829,42.672,44.353,521.522,89.366,15401.31,10.269,,,,
2,2022,3,30,14,0,14,-0.821,-0.448,2.239,41.383,42.871,45.505,-218.325,-536.252,16117.09,10.27,,,,
2,2022,3,30,14,0,14,-1.024,-0.43,1.616,43.831,44.13,46.769,-321.018,199.142,16140.74,10.283,,,,
2,2022,3,30,14,0,15,-0.973,-0.461,1.659,43.964,42.562,43.834,849.043,-509.246,15150.52,10.275,,,,
2,2022,3,30,14,0,15,-0.866,-0.55,1.909,42.295,42.363,45.347,-305.678,-236.805,15908.5,10.283,,,,
2,2022,3,30,14,0,16,-1.204,-0.481,2.373,43.63,42.893,44.285,252.006,-51.674,15429.89,10.286,,,,
2,2022,3,30,14,0,16,-0.823,-0.524,1.951,42.852,43.158,46.092,-175.808,-115.985,15806.44,10.292,,,,
2,2022,3,30,14,0,17,-0.847,-0.356,1.515,43.274,43.246,45.572,38.885,283.868,15807.78,10.286,,,,
2,2022,3,30,14,0,17,-0.97,-0.389,1.106,44.876,44.108,44.353,-327.426,156.718,15683.42,10.283,,,,
2,2022,3,30,14,0,18,-1.433,-0.435,1.305,43.163,43.335,44.692,-937.562,1128.319,15695.85,10.291,,,,
2,2022,3,30,14,0,18,-0.747,-0.274,1.242,43.808,42.54,44.872,-148.748,-319.807,16220.16,10.283,,,,
2,2022,3,30,14,0,19,-0.928,-0.544,1.794,43.341,44.527,46.702,-105.702,-486.12,16013.42,10.286,,,,
2,2022,3,30,14,0,19,-1.129,-0.47,1.657,42.829,42.164,44.218,374.112,126.253,15514.54,10.283,,,,
2,2022,3,30,14,0,20,-1.089,-0.405,1.336,41.873,42.032,44.782,308,45.803,15654.52,10.291,,,,
2,2022,3,30,14,0,20,-1.059,-0.528,2.285,43.297,43.114,45.211,467.893,-610.973,15965.85,10.292,,,,
2,2022,3,30,14,0,21,-0.968,-0.526,1.382,43.942,43.291,45.189,232.559,-84.819,15533.33,10.291,,,,
2,2022,3,30,14,0,21,-1.366,-0.488,1.734,42.829,42.672,44.85,497.67,-89.015,15770.53,10.292,,,,
2,2022,3,30,14,0,22,-1.136,-0.525,1.108,44.743,42.65,48.237,181.723,-399.11,15966.4,10.297,,,,
2,2022,3,30,14,0,22,-0.984,-0.42,1.364,42.117,43.423,46.34,490.401,-507.925,15527.96,10.297,,,,
2,2022,3,30,14,0,23,-1.082,-0.424,1.7,42.006,43.268,43.924,506.204,264.766,15486.18,10.297,,,,
2,2022,3,30,14,0,23,-1.194,-0.524,1.717,42.74,42.606,45.031,-747.487,434.768,15938.14,10.297,,,,
2,2022,3,30,14,0,24,-1.059,-0.457,1.392,40.671,42.827,45.482,167.816,-328.014,15875.96,10.291,,,,
2,2022,3,30,14,0,24,-0.998,-0.383,1.518,43.497,42.716,45.234,223.601,136.769,15726.26,10.292,,,,
2,2022,3,30,14,0,25,-0.901,-0.444,1.639,43.608,44.837,45.708,-268.016,752.918,15776.28,10.297,,,,
2,2022,3,30,14,0,25,-1.068,-0.455,1.386,42.318,44.549,45.572,-632.719,529.511,15862.54,10.292,,,,
2,2022,3,30,14,0,26,-0.665,-0.507,1.935,42.607,42.407,46.589,17.208,54.8,15704.4,10.297,,,,
2,2022,3,30,14,0,26,-1.321,-0.468,1.518,42.718,42.363,45.234,-52.076,-392.203,15899.49,10.297,,,,
2,2022,3,30,14,0,27,-1.116,-0.54,2.226,42.807,43.754,45.572,-634.514,-540.389,16446,10.297,,,,
2,2022,3,30,14,0,27,-1.147,-0.483,1.822,42.54,43.003,47.086,375.907,188.987,15549.43,10.292,,,,
2,2022,3,30,14,0,28,-1.017,-0.468,1.607,43.586,41.413,44.579,-78.466,-545.804,16076.23,10.297,,,,
2,2022,3,30,14,0,28,-1.037,-0.523,1.954,43.007,43.533,45.234,1.621,18.901,15614.15,10.297,,,,
2,2022,3,30,14,0,29,-1.117,-0.397,1.398,41.984,42.915,45.031,-673.38,375.195,16043.29,10.297,,,,
2,2022,3,30,14,0,29,-0.706,-0.528,1.663,42.451,41.016,44.466,-265.85,-4.624,16166.43,10.297,,,,
2,2022,3,30,14,0,30,-1.002,-0.414,1.625,41.561,43.644,44.037,200.291,-145.527,15911.59,10.297,,,,
2,2022,3,30,14,0,30,-1.284,-0.516,1.994,43.475,42.716,43.856,770.609,-622.872,15490.25,10.297,,,,
2,2022,3,30,14,0,31,-0.592,-0.484,1.625,42.985,42.606,44.985,18.89,267.731,15712.03,10.297,,,,
2,2022,3,30,14,0,31,-1.124,-0.456,1.687,41.027,42.252,44.737,383.144,-532.301,15718.33,10.297,,,,
2,2022,3,30,14,0,32,-1.097,-0.539,1.963,42.941,42.628,44.963,-206.383,-160.315,16265.85,10.291,,,,
2,2022,3,30,14,0,32,-1.119,-0.518,1.765,42.985,43.313,42.795,-152.453,-102.122,16536.33,10.297,,,,
2,2022,3,30,14,0,33,-0.8,-0.413,1.864,41.917,43.401,44.918,738.345,-419.533,15395.72,10.297,,,,
2,2022,3,30,14,0,33,-1.366,-0.575,1.957,43.052,43.732,44.872,-247.638,508.602,15393.17,10.297,,,,
2,2022,3,30,14,0,34,-0.876,-0.644,1.713,42.629,43.666,44.421,63.861,158.074,15887.77,10.297,,,,
2,2022,3,30,14,0,34,-0.977,-0.535,1.819,43.252,42.716,44.895,176.144,63.823,15657.51,10.297,,,,
2,2022,3,30,14,0,35,-1.222,-0.509,1.611,42.852,43.644,44.556,105.149,-41.263,15916.51,10.297,,,,
2,2022,3,30,14,0,35,-1.237,-0.428,2.352,42.629,44.284,44.895,-187.336,40.54,15963.66,10.297,,,,
2,2022,3,30,14,0,36,-0.979,-0.563,1.889,42.785,42.959,43.45,252.797,-793.983,15747.18,10.297,,,,
2,2022,3,30,14,0,36,-1.171,-0.596,2.339,42.184,43.246,44.579,906.334,-1015.578,15985.45,10.297,,,,
3,2022,3,30,14,5,30,-0.984,-0.129,0.325,43.208,43.335,42.795,366.024,-215.078,15694.66,10.297,,,,
3,2022,3,30,14,5,30,-1.025,-0.174,0.553,42.473,42.65,43.382,314.012,-272.784,15703.64,10.297,,,,
3,2022,3,30,14,5,31,-1.11,-0.222,0.842,42.585,41.016,43.585,166.932,-498.816,15920.15,10.297,,,,
3,2022,3,30,14,5,31,-0.966,-0.314,0.832,41.828,43.202,36.494,-43.544,-635.693,15921.84,10.297,,,,
3,2022,3,30,14,5,32,-1.269,-0.124,0.895,43.252,43.357,28.138,-56.522,-451.443,15681.36,10.297,,,,
3,2022,3,30,14,5,32,-1.041,-0.241,0.772,42.896,41.656,41.124,-326.243,-620.95,15957.34,10.297,,,,
3,2022,3,30,14,5,33,-1.011,-0.189,0.553,45.343,41.546,34.394,-245.298,-744.149,15928.75,10.297,,,,
3,2022,3,30,14,5,33,-0.953,-0.147,0.472,42.629,43.865,44.443,-219.603,-692.997,15748.68,10.297,,,,
3,2022,3,30,14,5,34,-1.046,-0.267,0.962,42.985,41.546,32.384,63.896,-624.077,15641.11,10.297,,,,
3,2022,3,30,14,5,34,-1.112,-0.231,0.795,42.451,43.799,44.353,3.587,-379.569,15601.26,10.297,,,,
3,2022,3,30,14,5,35,-1.101,-0.213,0.728,43.408,44.549,41.575,-433.905,-518.575,15993.14,10.297,,,,
3,2022,3,30,14,5,35,-1.135,-0.209,0.692,43.319,43.224,42.637,-121.628,-577.26,15872.72,10.297,,,,
3,2022,3,30,14,5,36,-0.981,-0.267,0.761,43.119,43.931,31.029,-33.846,-381.024,15737.28,10.297,,,,
3,2022,3,30,14,5,36,-1.053,-0.261,1.082,44.009,40.596,41.169,-212.16,-507.079,15945.4,10.297,,,,
3,2022,3,30,14,5,37,-1.125,-0.151,0.622,43.719,42.76,30.758,-131.959,-453.597,15836.79,10.297,,,,
3,2022,3,30,14,5,37,-1.093,-0.183,0.786,43.297,44.064,42.75,-82.504,-436.397,15726.22,10.297,,,,
3,2022,3,30,14,5,38,-1.061,-0.225,0.815,43.497,42.495,36.042,-232.714,-450.147,15843.5,10.297,,,,
3,2022,3,30,14,5,38,-1.096,-0.204,0.729,44.365,42.783,44.285,-71.39,-525.369,15765.82,10.297,,,,
3,2022,3,30,14,5,39,-1.037,-0.25,0.844,42.874,42.959,33.016,-184.885,-509.191,15773.73,10.297,,,,
3,2022,3,30,14,5,39,-1.074,-0.248,0.905,43.408,43.379,34.665,-166.818,-601.64,15941.13,10.297,,,,
3,2022,3,30,14,5,40,-1.011,-0.206,1.042,43.475,41.767,37.104,-31.396,-385.634,15730.5,10.297,,,,
3,2022,3,30,14,5,40,-0.982,-0.204,0.703,42.518,40.574,46.747,-48.698,-430.531,15764.15,10.297,,,,
3,2022,3,30,14,5,41,-1.117,-0.188,0.61,41.85,42.495,44.285,-291.31,-606.679,16031.41,10.297,,,,
3,2022,3,30,14,5,41,-1.305,-0.22,0.798,40.983,42.915,43.495,-3.835,-396.658,15667.57,10.297,,,,
3,2022,3,30,14,5,42,-1.267,-0.213,0.762,41.984,42.451,44.782,-62.213,-289.16,15685.32,10.297,,,,
3,2022,3,30,14,5,42,-1.088,-0.211,0.685,43.43,43.467,29.945,-187.76,-345.509,15754.51,10.297,,,,
3,2022,3,30,14,5,43,-1.064,-0.154,0.549,43.141,43.357,36.223,-114.92,-286.271,15694.37,10.297,,,,
3,2022,3,30,14,5,43,-1.031,-0.239,0.806,41.161,44.019,39.633,-280.773,-490.976,15973.06,10.297,,,,
3,2022,3,30,14,5,44,-1.04,-0.126,0.54,42.006,44.638,45.392,-128.746,-545.159,15827,10.297,,,,
3,2022,3,30,14,5,44,-1.007,-0.184,0.559,42.028,43.291,44.985,-336.505,-443.157,16070.18,10.297,,,,
3,2022,3,30,14,5,45,-1.03,-0.249,0.843,41.984,43.445,40.13,-48.003,-369.025,15796.49,10.297,,,,
3,2022,3,30,14,5,45,-1.189,-0.28,0.947,42.051,43.025,44.376,-365.605,-411.699,15983.58,10.297,,,,
3,2022,3,30,14,5,46,-1.09,-0.233,0.807,42.34,43.114,40.943,-306.934,-552.426,16025.86,10.297,,,,
3,2022,3,30,14,5,46,-0.931,-0.166,0.628,41.205,40.751,43.179,-134.74,-431.046,15792.09,10.297,,,,
3,2022,3,30,14,5,47,-1.09,-0.281,0.969,42.117,41.833,37.014,13.823,-174.607,15674.2,10.297,,,,
3,2022,3,30,14,5,47,-1.172,-0.238,0.755,43.052,42.672,43.63,162.029,-503.716,15623.62,10.297,,,,
3,2022,3,30,14,5,48,-1.182,-0.194,0.784,40.248,42.76,43.879,-343.026,-306.028,16060.3,10.297,,,,
3,2022,3,30,14,5,48,-1.07,-0.2,0.831,43.63,42.805,44.647,-272.932,-371.719,15910.93,10.297,,,,
3,2022,3,30,14,5,49,-1.047,-0.221,1.032,44.298,42.871,40.672,-44.672,-332.606,15651.82,10.297,,,,
3,2022,3,30,14,5,49,-1.009,-0.199,0.688,43.986,42.981,45.979,-31.523,-349.678,15774.73,10.297,,,,
3,2022,3,30,14,5,50,-1.096,-0.234,0.682,42.318,44.196,43.54,-162.634,-361.936,15906,10.297,,,,
3,2022,3,30,14,5,50,-0.933,-0.148,0.546,43.897,43.423,41.214,-130.225,-388.655,15803.34,10.297,,,,
3,2022,3,30,14,5,51,-1.147,-0.255,0.85,40.805,42.628,42.998,-248.242,-268.69,15915.69,10.297,,,,
3,2022,3,30,14,5,51,-0.974,-0.222,0.745,42.985,43.467,44.059,-30.564,-434.004,15758.23,10.297,,,,
3,2022,3,30,14,5,52,-1.002,-0.216,1.119,43.208,42.805,43.134,26.462,-404.799,15696.6,10.297,,,,
3,2022,3,30,14,5,52,-0.97,-0.254,0.824,41.606,42.783,43.608,-50.446,-380.641,15759.26,10.297,,,,
3,2022,3,30,14,5,53,-1.039,-0.276,1.09,42.429,41.789,42.704,-162.138,-441.506,15932.56,10.297,,,,
3,2022,3,30,14,5,53,-1.141,-0.244,0.907,42.74,42.319,43.314,-168.701,-490.513,15891.14,10.297,,,,
3,2022,3,30,14,5,54,-1.014,-0.153,0.57,44.765,43.556,44.94,-181.723,-273.912,15876.98,10.297,,,,
3,2022,3,30,14,5,54,-1.159,-0.24,0.926,42.629,43.357,32.678,-119.948,-395.798,15719.46,10.297,,,,
3,2022,3,30,14,5,55,-1.106,-0.191,0.794,42.206,42.893,42.366,47.87,-428.549,15733.62,10.297,,,,
3,2022,3,30,14,5,55,-1.118,-0.214,0.713,41.272,43.799,43.653,-127.052,-651.055,15898.04,10.297,,,,
3,2022,3,30,14,5,56,-1.139,-0.245,0.918,44.809,44.284,45.347,23.936,-397.986,15698.77,10.297,,,,
3,2022,3,30,14,5,56,-0.98,-0.189,0.689,40.782,41.656,43.495,-87.827,-399.245,15799.57,10.297,,,,
3,2022,3,30,14,5,57,-0.988,-0.265,0.754,42.718,42.275,41.372,-89.28,-692.985,15925.68,10.297,,,,
3,2022,3,30,14,5,57,-1.057,-0.188,0.5,42.251,42.628,43.992,37.029,-420.773,15694.04,10.297,,,,
3,2022,3,30,14,5,58,-1.059,-0.212,0.698,40.649,42.893,41.485,-14.635,-603.268,15807.55,10.297,,,,
3,2022,3,30,14,5,58,-1.028,-0.196,0.713,41.717,41.17,39.859,-50.359,-440.344,15778.33,10.297,,,,
3,2022,3,30,14,5,59,-1.113,-0.218,0.727,41.472,43.467,40.153,-176.777,-415.15,15900.07,10.297,,,,
3,2022,3,30,14,5,59,-1.115,-0.247,0.912,42.095,42.76,43.743,-28.413,-552.876,15822.36,10.297,,,,
3,2022,3,30,14,6,0,-0.968,-0.22,0.842,42.785,43.445,42.772,-112.953,-408.829,15872.58,10.297,,,,
3,2022,3,30,14,6,0,-1.007,-0.187,0.786,43.719,42.385,44.895,-31.674,-460.162,15864.71,10.297,,,,
3,2022,3,30,14,6,1,-1.069,-0.241,0.694,42.206,42.694,43.427,-94.608,-605.622,15832.68,10.297,,,,
3,2022,3,30,14,6,1,-1.128,-0.259,1.093,42.896,43.511,43.63,-73.103,-362.605,15804.93,10.297,,,,
3,2022,3,30,14,6,2,-0.837,-0.205,0.744,43.564,42.385,39.385,-0.555,-548.137,15792.87,10.297,,,,
3,2022,3,30,14,6,2,-0.964,-0.225,0.99,43.074,43.887,39.859,8.518,-464.327,15776.81,10.297,,,,
3,2022,3,30,14,6,3,-0.993,-0.214,0.747,42.518,41.457,43.698,-69.618,-601.275,15898.92,10.297,,,,
3,2022,3,30,14,6,3,-1.071,-0.225,0.479,42.518,41.744,36.268,48.069,-623.441,15979.71,10.297,,,,
3,2022,3,30,14,6,4,-1.178,-0.238,0.922,42.696,43.114,42.411,184.853,-421.542,15729.04,10.297,,,,
3,2022,3,30,14,6,4,-0.882,-0.103,0.395,42.117,41.7,42.795,-9.148,-303.444,15853.93,10.297,,,,
3,2022,3,30,14,6,5,-1.157,-0.234,0.898,41.739,42.959,42.795,205.038,-343.779,15560.79,10.297,,,,
3,2022,3,30,14,6,5,-1.083,-0.231,0.85,41.695,41.899,41.914,-81.841,-456.168,15850.59,10.297,,,,
3,2022,3,30,14,6,6,-1.143,-0.176,0.823,42.206,44.505,37.917,46.178,-315.455,15793.33,10.297,,,,
3,2022,3,30,14,6,6,-1.144,-0.19,0.824,42.162,42.252,42.095,-68.639,-318.607,15794.14,10.297,,,,
3,2022,3,30,14,6,7,-0.935,-0.296,0.762,43.497,44.152,45.437,143.509,-285.337,15623.71,10.297,,,,
3,2022,3,30,14,6,7,-1.15,-0.171,0.729,41.205,43.114,39.791,-130.405,-441.184,15888.29,10.297,,,,
3,2022,3,30,14,6,8,-1.121,-0.169,0.737,43.653,41.634,42.93,-123.355,-372.932,15853.65,10.297,,,,
3,2022,3,30,14,6,8,-1.125,-0.25,0.803,42.874,42.385,35.162,-137.91,-398.107,15849.51,10.297,,,,
3,2022,3,30,14,6,9,-1.072,-0.198,0.762,42.251,43.025,40.424,-26.704,-389.267,15774.01,10.297,,,,
3,2022,3,30,14,6,9,-1.01,-0.263,0.826,43.541,42.871,38.685,17.611,-266.704,15729.28,10.297,,,,
4,2022,3,30,14,8,4,-1.293,-0.19,0.583,42.785,42.959,36.359,-264.679,-452.859,16010.4,10.297,,,,
4,2022,3,30,14,8,5,-1.144,-0.045,0.142,43.653,42.252,33.829,-8.013,-393.052,15877.54,10.297,,,,
4,2022,3,30,14,8,5,-0.825,-0.067,0.15,43.63,43.268,39.565,83.498,-337.667,16013.22,10.297,,,,
4,2022,3,30,14,8,6,-1.177,-0.125,-0.056,42.451,42.451,36.178,65.945,-390.531,15873.55,10.297,,,,
4,2022,3,30,14,8,6,-1.187,-0.054,0.335,43.096,41.524,43.472,374.066,-403.801,15710.6,10.297,,,,
4,2022,3,30,14,8,7,-1.152,-0.172,0.601,42.028,43.291,41.259,339.329,-482.528,15901.44,10.297,,,,
4,2022,3,30,14,8,7,-1.154,-0.113,0.3,43.719,43.776,38.752,556.045,-440.175,15622.25,10.297,,,,
4,2022,3,30,14,8,8,-1.285,-0.163,0.505,44.298,43.622,34.575,177.649,-437.066,15850.48,10.297,,,,
4,2022,3,30,14,8,8,-0.988,-0.04,-0.099,44.276,43.025,26.219,416.05,-361.657,15682.46,10.297,,,,
4,2022,3,30,14,8,9,-1.166,-0.172,0.555,43.43,42.827,39.611,529.45,-309.287,15590.46,10.297,,,,
4,2022,3,30,14,8,9,-1.206,-0.113,0.515,43.23,42.009,38.775,429.54,-289.274,15610.31,10.297,,,,
4,2022,3,30,14,8,10,-1.309,-0.206,0.768,43.096,40.552,27.371,360.369,-680.56,15530.93,10.297,,,,
4,2022,3,30,14,8,10,-1.047,-0.101,0.332,44.387,44.527,40.988,487.752,-447.47,15347.99,10.297,,,,
4,2022,3,30,14,8,11,-1.261,-0.155,0.583,43.92,42.76,38.865,-222.42,-671.763,16046.35,10.297,,,,
4,2022,3,30,14,8,11,-0.989,-0.169,0.57,43.564,44.13,38.278,70.413,-548.835,15614.63,10.297,,,,
4,2022,3,30,14,8,12,-1.229,-0.21,0.902,42.14,42.805,43.292,136.826,-356.996,15819.01,10.297,,,,
4,2022,3,30,14,8,12,-1.282,-0.157,0.199,42.896,43.092,37.781,78.603,-261.764,15790.11,10.297,,,,
4,2022,3,30,14,8,13,-0.977,-0.08,0.23,42.54,42.142,38.459,-30.405,-496.848,15937.38,10.297,,,,
4,2022,3,30,14,8,13,-1.306,-0.192,0.597,42.006,43.622,41.666,97.326,-599.955,15773.3,10.297,,,,
4,2022,3,30,14,8,14,-1.296,-0.06,0.388,44.498,45.124,31.481,101.478,-546.071,15612.32,10.297,,,,
4,2022,3,30,14,8,14,-1.307,-0.203,-0.181,41.962,43.224,34.123,-108.937,-654.35,15950.12,10.297,,,,
4,2022,3,30,14,8,15,-1.005,-0.134,0.297,42.941,44.991,41.033,-178.842,-544.607,16020.12,10.297,,,,
4,2022,3,30,14,8,15,-1.214,-0.077,0.911,42.073,42.893,41.643,-188.179,-547.65,16060.17,10.297,,,,
4,2022,3,30,14,8,16,-1.367,-0.203,0.991,42.807,42.23,33.649,-335.735,-578.728,15986.58,10.297,,,,
4,2022,3,30,14,8,16,-0.929,-0.127,0.362,43.497,39.955,44.782,-115.91,-258.252,15728.16,10.297,,,,
4,2022,3,30,14,8,17,-1.269,-0.162,0.455,43.92,42.297,43.224,-447.715,-182.436,16093.43,10.297,,,,
4,2022,3,30,14,8,17,-1.136,-0.02,0.049,43.653,42.893,38.391,-239.37,-194.835,15806.93,10.297,,,,
4,2022,3,30,14,8,18,-1.11,0.021,-0.123,43.452,43.533,36.652,-136.757,26.377,15743.92,10.297,,,,
4,2022,3,30,14,8,18,-1.25,-0.24,0.46,43.43,44.064,33.355,-110.482,-349.572,15983.55,10.297,,,,
4,2022,3,30,14,8,19,-1.162,-0.087,0.711,43.096,43.489,25.27,-159.201,38.917,15705.67,10.297,,,,
4,2022,3,30,14,8,19,-1.164,-0.098,0.392,42.34,42.54,44.918,-268.201,-89.594,15736.45,10.297,,,,
4,2022,3,30,14,8,20,-1.286,-0.142,0.65,44.276,43.003,45.121,-355.257,-478.224,15936.77,10.297,,,,
4,2022,3,30,14,8,20,-1.095,-0.191,0.416,43.942,42.716,39.136,-571.332,-317.258,16007.72,10.297,,,,
4,2022,3,30,14,8,21,-1.197,-0.09,0.611,43.541,43.202,41.937,-262.108,-451.376,15800.34,10.297,,,,
4,2022,3,30,14,8,21,-1.376,-0.016,0.153,41.873,43.048,34.575,-370.701,-428.85,15897.87,10.297,,,,
4,2022,3,30,14,8,22,-1.233,-0.046,0.206,42.829,42.738,41.891,-575.207,-370.025,16038.66,10.297,,,,
4,2022,3,30,14,8,22,-1.156,-0.102,0.498,44.009,42.275,33.22,-239.9,-376.079,15906.18,10.297,,,,
4,2022,3,30,14,8,23,-1.135,-0.042,0.487,43.675,43.533,33.536,-298.839,-144.274,15584.8,10.297,,,,
4,2022,3,30,14,8,23,-1.109,-0.075,0.407,43.408,43.136,41.756,-191.914,-568.812,15651.33,10.297,,,,
4,2022,3,30,14,8,24,-1.253,-0.159,0.909,43.208,44.019,32.881,-485.691,-410.407,15843.43,10.297,,,,
4,2022,3,30,14,8,24,-1.025,-0.153,0.154,42.963,43.975,36.313,-505.873,-227.495,16038.18,10.297,,,,
4,2022,3,30,14,8,25,-1.139,-0.139,0.789,45.032,43.732,44.624,-370.779,-434.962,15923.98,10.297,,,,
4,2022,3,30,14,8,25,-1.229,-0.042,0.307,42.874,43.003,43.043,-105.76,-481.141,15524.11,10.297,,,,
4,2022,3,30,14,8,26,-1.022,-0.061,0.31,42.34,43.423,41.891,-242.839,-429.763,15739.97,10.297,,,,
4,2022,3,30,14,8,26,-1.018,-0.129,0.174,43.63,43.423,43.224,-331.796,-495.149,15951.66,10.297,,,,
4,2022,3,30,14,8,27,-1.145,-0.098,0.518,43.274,43.092,27.913,-249.727,-291.334,15883.51,10.297,,,,
4,2022,3,30,14,8,27,-1.267,-0.146,0.59,42.651,42.672,41.846,-348.946,-5.405,15869.75,10.297,,,,
4,2022,3,30,14,8,28,-1.394,-0.12,0.466,43.274,42.032,35.455,-168.787,-372.928,15751.02,10.297,,,,
4,2022,3,30,14,8,28,-1.039,-0.019,0.054,42.496,42.495,31.368,-178.518,-364.698,15782.58,10.297,,,,
4,2022,3,30,14,8,29,-0.996,-0.158,0.375,42.051,44.792,42.569,-475.049,-316.455,16151.81,10.297,,,,
4,2022,3,30,14,8,29,-1.282,-0.09,0.27,43.831,43.688,39.701,-310.255,-391.817,15931.55,10.297,,,,
4,2022,3,30,14,8,30,-1.168,-0.052,0.089,44.187,44.307,39.475,-238.048,-281.134,15759.32,10.297,,,,
4,2022,3,30,14,8,30,-1.099,-0.022,0.486,45.366,42.584,36.02,93.985,-372.786,15563.5,10.297,,,,
4,2022,3,30,14,8,31,-0.866,-0.169,0.596,43.719,43.6,33.31,-227.689,-291.633,15823.53,10.297,,,,
4,2022,3,30,14,8,31,-1.008,-0.163,-0.049,43.831,42.937,39.272,-569.181,-443.608,15973.4,10.297,,,,
4,2022,3,30,14,8,32,-1.154,-0.106,0.42,44.031,43.909,34.755,-220.25,-332.248,15776.25,10.297,,,,
4,2022,3,30,14,8,32,-1.22,-0.139,0.557,43.808,44.262,37.736,-305.583,-263.35,15814.96,10.297,,,,
4,2022,3,30,14,8,33,-1.203,-0.181,0.427,40.916,44.019,35.275,-300.289,-275.884,15839.19,10.297,,,,
4,2022,3,30,14,8,33,-1.51,-0.076,0.08,43.586,42.738,41.643,-146.953,-220.139,15617.72,10.297,,,,
4,2022,3,30,14,8,34,-1.139,-0.028,0.293,43.764,44.572,34.281,102.732,-408.751,15341.83,10.297,,,,
4,2022,3,30,14,8,34,-1.386,-0.168,0.604,44.009,42.297,44.24,-117.914,-462.007,15722.65,10.297,,,,
4,2022,3,30,14,8,35,-1.086,-0.074,0.498,41.339,44.616,41.372,-362.086,-511.407,15885.34,10.297,,,,
4,2022,3,30,14,8,35,-1.144,-0.156,0.833,43.897,42.783,39.588,-412.465,-542.977,15993.6,10.297,,,,
4,2022,3,30,14,8,36,-1.022,-0.198,0.528,43.23,43.423,41.891,-342.043,-226.218,15788.26,10.297,,,,
4,2022,3,30,14,8,36,-1.049,-0.026,0.373,43.742,44.24,44.601,-324.175,-385.363,15807.97,10.297,,,,
4,2022,3,30,14,8,37,-1.193,-0.106,0.097,42.74,41.943,42.004,-328.005,-456.08,15890.39,10.297,,,,
4,2022,3,30,14,8,37,-1.087,-0.068,0.093,43.764,44.108,35.975,-353.335,-336.975,15884.81,10.297,,,,
4,2022,3,30,14,8,38,-1.099,-0.092,0.201,42.496,44.108,46.295,-457.06,-486.223,16024.83,10.297,,,,
4,2022,3,30,14,8,38,-1.239,-0.137,0.292,43.452,42.186,34.349,-261.72,-338.787,15603.74,10.297,,,,
4,2022,3,30,14,8,39,-1.294,-0.106,0.972,43.007,43.688,38.73,-211.851,-457.761,15792.5,10.297,,,,
4,2022,3,30,14,8,39,-1.203,-0.119,0.442,42.451,41.612,41.891,-321.874,-188.377,15562.14,10.297,,,,
4,2022,3,30,14,8,40,-1.276,-0.177,0.644,40.604,40.684,38.956,-157.772,-516.642,15863.61,10.297,,,,
4,2022,3,30,14,8,40,-1.18,-0.138,0.378,43.007,44.638,35.862,-357.385,-417.806,15977.69,10.297,,,,
4,2022,3,30,14,8,41,-1.393,-0.185,0.726,41.895,41.501,33.468,-237.263,-418.669,15901.8,10.297,,,,
4,2022,3,30,14,8,41,-1.291,-0.225,0.88,42.896,43.931,37.397,-163.812,-195.821,15603.55,10.297,,,,
4,2022,3,30,14,8,42,-1.152,-0.092,0.349,44.031,43.313,36.833,-197.266,-187.77,15639.67,10.297,,,,
4,2022,3,30,14,8,42,-1.148,-0.135,0.481,41.094,41.767,32.678,-87.541,-284.005,15639.49,10.297,,,,
4,2022,3,30,14,8,43,-1.144,-0.117,0.414,42.896,43.6,39.407,49.97,-217.727,15494.4,10.297,,,,
4,2022,3,30,14,8,43,-1.03,-0.126,-0.07,42.896,41.855,41.011,-308.492,-506.379,15789.57,10.297,,,,
4,2022,3,30,14,8,44,-1.351,-0.081,0.786,44.365,43.18,41.733,-40.352,-495.948,15559.29,10.297,,,,
5,2022,3,30,14,13,51,-0.626,-0.258,1.05,46.367,45.455,47.808,-314.576,-463.266,15781.94,10.302,,,,
5,2022,3,30,14,13,52,-0.495,-0.304,1.153,46.367,45.808,47.921,-225.211,-419.462,15833.81,10.315,,,,
5,2022,3,30,14,13,52,-0.677,-0.252,1.077,45.388,45.72,46.634,-233.993,-348.104,15795.96,10.302,,,,
5,2022,3,30,14,13,53,-0.474,-0.156,0.659,45.01,45.897,49.073,-281.441,-356.975,15856.65,10.32,,,,
5,2022,3,30,14,13,53,-0.656,-0.233,0.962,46.144,46.581,47.605,-328.557,-391.274,15869.8,10.307,,,,
5,2022,3,30,14,13,54,-0.647,-0.241,0.927,45.388,45.013,47.786,-250.022,-396.642,15815.38,10.306,,,,
5,2022,3,30,14,13,54,-0.652,-0.272,0.952,44.654,45.19,47.492,-266.545,-463.461,15804.84,10.318,,,,
5,2022,3,30,14,13,55,-0.661,-0.282,1.021,45.544,46.029,46.792,-268.311,-445.662,15796.24,10.311,,,,
5,2022,3,30,14,13,55,-0.613,-0.164,0.674,45.699,46.449,48.079,-206.505,-545.353,15840.65,10.318,,,,
5,2022,3,30,14,13,56,-0.602,-0.216,0.792,45.677,46.979,47.718,-263.211,-477.105,15818.81,10.325,,,,
5,2022,3,30,14,13,56,-0.671,-0.235,0.858,44.298,44.726,48.124,-226.014,-445.501,15834.28,10.334,,,,
5,2022,3,30,14,13,57,-0.598,-0.248,0.871,44.565,45.455,46.634,-265.257,-418.865,15833.77,10.329,,,,
5,2022,3,30,14,13,57,-0.642,-0.218,0.829,46.567,45.808,48.373,-220.41,-409.37,15797.06,10.323,,,,
5,2022,3,30,14,13,58,-0.652,-0.227,0.95,46.923,44.24,48.26,-189.94,-454.885,15798.47,10.315,,,,
5,2022,3,30,14,13,58,-0.601,-0.268,0.92,46.167,46.449,46.318,-298.143,-541.175,15870.21,10.313,,,,
5,2022,3,30,14,13,59,-0.627,-0.228,1.017,46.167,44.77,46.544,-174.499,-552.709,15782.23,10.334,,,,
5,2022,3,30,14,13,59,-0.709,-0.242,1.092,46.367,46.427,47.831,-261.789,-533.979,15817.54,10.329,,,,
5,2022,3,30,14,14,0,-0.569,-0.205,0.751,45.054,46.427,48.26,-248.35,-558.55,15824.27,10.325,,,,
5,2022,3,30,14,14,0,-0.523,-0.243,0.937,47.435,45.3,49.434,-206.104,-556.773,15840.85,10.329,,,,
5,2022,3,30,14,14,1,-0.554,-0.231,0.896,45.21,44.991,46.566,-170.309,-558.208,15802.33,10.334,,,,
5,2022,3,30,14,14,1,-0.605,-0.205,0.803,44.765,46.118,47.718,-207.345,-456.158,15841.34,10.334,,,,
5,2022,3,30,14,14,2,-0.53,-0.228,0.869,46.456,46.206,47.944,-176.954,-540.039,15824,10.334,,,,
5,2022,3,30,14,14,2,-0.577,-0.173,0.757,44.832,45.72,49.412,-208.879,-477.405,15807.43,10.329,,,,
5,2022,3,30,14,14,3,-0.57,-0.271,1.034,45.076,45.433,48.237,-192.025,-566.758,15814.47,10.334,,,,
5,2022,3,30,14,14,3,-0.595,-0.282,1.062,46.456,46.228,48.147,-86.15,-585.603,15784.32,10.334,,,,
5,2022,3,30,14,14,4,-0.605,-0.263,0.935,45.366,43.887,47.65,-200.947,-540.738,15832,10.334,,,,
5,2022,3,30,14,14,4,-0.647,-0.23,0.914,44.031,44.969,49.254,-144.252,-625.044,15867.27,10.334,,,,
5,2022,3,30,14,14,5,-0.606,-0.198,0.802,46.478,46.073,47.131,-141.604,-634.987,15817.73,10.334,,,,
5,2022,3,30,14,14,5,-0.672,-0.242,0.9,45.699,47.112,46.521,-153.864,-546.243,15815.56,10.334,,,,
5,2022,3,30,14,14,6,-0.619,-0.241,0.762,45.922,45.654,46.024,-196.338,-500.844,15815.29,10.334,,,,
5,2022,3,30,14,14,6,-0.54,-0.228,0.824,45.366,44.638,48.124,-184.589,-583.378,15845.92,10.334,,,,
5,2022,3,30,14,14,7,-0.645,-0.274,0.991,45.076,45.698,46.905,-204.423,-612.857,15835.28,10.334,,,,
5,2022,3,30,14,14,7,-0.649,-0.201,0.829,45.633,44.483,49.547,-159.555,-514.388,15817.28,10.334,,,,
5,2022,3,30,14,14,8,-0.529,-0.251,0.979,45.566,45.654,49.118,-143.352,-585.097,15812.83,10.334,,,,
5,2022,3,30,14,14,8,-0.573,-0.226,0.945,45.744,44.439,48.079,-116.358,-572.288,15820.63,10.334,,,,
5,2022,3,30,14,14,9,-0.546,-0.22,0.82,46.189,44.903,48.734,-146.364,-613.322,15807.33,10.334,,,,
5,2022,3,30,14,14,9,-0.559,-0.214,0.901,46.834,45.323,48.26,-177.72,-649.004,15872.24,10.334,,,,
5,2022,3,30,14,14,10,-0.636,-0.177,0.818,45.41,46.626,47.74,-184.536,-552.168,15832.21,10.334,,,,
5,2022,3,30,14,14,10,-0.611,-0.231,0.943,45.877,47.266,47.628,-174.667,-540.031,15820.01,10.334,,,,
5,2022,3,30,14,14,11,-0.553,-0.253,0.947,46.879,45.543,49.141,-135.361,-584.745,15816.84,10.334,,,,
5,2022,3,30,14,14,11,-0.546,-0.232,0.831,46.5,44.218,47.831,-183.247,-556.257,15824.86,10.334,,,,
5,2022,3,30,14,14,12,-0.54,-0.182,0.692,46.523,47.509,49.095,-123.465,-638.567,15805.8,10.334,,,,
5,2022,3,30,14,14,12,-0.481,-0.201,0.535,45.455,45.786,49.163,-143.157,-525.41,15808.34,10.334,,,,
5,2022,3,30,14,14,13,-0.488,-0.192,0.681,46.812,43.754,48.35,-129.547,-636.458,15823.76,10.334,,,,
5,2022,3,30,14,14,13,-0.54,-0.22,0.82,47.346,47.045,48.802,-86.37,-644.698,15805.95,10.334,,,,
5,2022,3,30,14,14,14,-0.533,-0.217,0.928,46.167,45.853,46.973,-20.18,-559.161,15790.47,10.334,,,,
5,2022,3,30,14,14,14,-0.589,-0.191,0.79,43.341,44.881,47.673,-97.082,-534.983,15822.27,10.334,,,,
5,2022,3,30,14,14,15,-0.586,-0.2,0.805,44.743,44.66,46.747,-146.981,-538.81,15834.01,10.334,,,,
5,2022,3,30,14,14,15,-0.561,-0.187,0.743,46.968,48.569,48.463,-51.87,-519.8,15815.18,10.334,,,,
5,2022,3,30,14,14,16,-0.456,-0.195,0.772,46.968,45.521,47.786,-25.978,-622.465,15843.61,10.334,,,,
5,2022,3,30,14,14,16,-0.436,-0.18,0.698,46.411,45.477,48.373,-92.611,-597.712,15887.4,10.334,,,,
5,2022,3,30,14,14,17,-0.415,-0.218,0.823,46.478,45.455,49.254,-168.694,-375.961,15805.08,10.334,,,,
5,2022,3,30,14,14,17,-0.596,-0.227,0.836,46.856,45.632,47.311,-129.909,-446.787,15829.81,10.334,,,,
5,2022,3,30,14,14,18,-0.526,-0.215,0.846,47.079,45.102,46.408,-66.928,-596.031,15835.1,10.334,,,,
5,2022,3,30,14,14,18,-0.535,-0.217,0.844,46.278,46.118,48.463,-26.945,-578.382,15816.25,10.334,,,,
5,2022,3,30,14,14,19,-0.417,-0.169,0.7,45.299,46.272,46.453,-93.137,-590.625,15852.98,10.334,,,,
5,2022,3,30,14,14,19,-0.569,-0.222,0.879,45.9,43.732,47.424,-110.256,-681.307,15852.3,10.334,,,,
5,2022,3,30,14,14,20,-0.547,-0.172,0.762,44.965,45.102,47.786,-171.98,-510.459,15789.48,10.334,,,,
5,2022,3,30,14,14,20,-0.401,-0.237,0.781,45.477,45.875,47.582,-166.084,-523.845,15812.87,10.334,,,,
5,2022,3,30,14,14,21,-0.537,-0.227,0.906,44.498,45.61,46.702,-257.683,-520.717,15831.59,10.334,,,,
5,2022,3,30,14,14,21,-0.591,-0.252,0.968,45.944,45.543,46.476,-228.535,-569.238,15827.34,10.334,,,,
5,2022,3,30,14,14,22,-0.5,-0.211,0.718,45.388,44.837,47.628,-336.075,-567.843,15812.36,10.334,,,,
5,2022,3,30,14,14,22,-0.465,-0.174,0.773,44.365,45.057,47.244,-389.531,-544.052,15888.47,10.334,,,,
5,2022,3,30,14,14,23,-0.609,-0.228,0.889,45.655,46.029,46.273,-356.094,-453.207,15770.29,10.334,,,,
5,2022,3,30,14,14,23,-0.561,-0.237,0.951,46.233,45.764,46.318,-348.847,-529.885,15833.39,10.334,,,,
5,2022,3,30,14,14,24,-0.576,-0.223,0.895,44.543,44.704,48.373,-367.239,-592.446,15840.78,10.334,,,,
5,2022,3,30,14,14,24,-0.464,-0.214,0.767,45.188,44.24,45.098,-370.063,-576.895,15804.49,10.334,,,,
5,2022,3,30,14,14,25,-0.581,-0.209,0.883,45.388,46.25,47.131,-370.452,-614.854,15825.17,10.334,,,,
5,2022,3,30,14,14,25,-0.603,-0.2,0.83,45.032,45.853,46.86,-336.456,-557.055,15824.74,10.334,,,,
5,2022,3,30,14,14,26,-0.583,-0.182,0.772,45.21,44.152,46.611,-320.958,-599.434,15806.94,10.334,,,,
5,2022,3,30,14,14,26,-0.565,-0.221,0.87,45.432,44.174,47.153,-369.071,-540.027,15817.55,10.334,,,,
5,2022,3,30,14,14,27,-0.56,-0.191,0.782,45.432,43.931,45.731,-351.502,-470.303,15812.61,10.334,,,,
5,2022,3,30,14,14,27,-0.553,-0.205,0.79,44.187,46.604,48.373,-352.884,-479.881,15823.35,10.334,,,,
5,2022,3,30,14,14,28,-0.532,-0.199,0.883,44.365,46.206,47.176,-329.768,-519.457,15819.5,10.334,,,,
5,2022,3,30,14,14,28,-0.564,-0.221,0.774,45.566,44.527,46.702,-359.834,-542.398,15794.74,10.334,,,,
5,2022,3,30,14,14,29,-0.453,-0.139,0.652,45.366,45.831,48.011,-362.311,-504.555,15821.21,10.334,,,,
5,2022,3,30,14,14,29,-0.56,-0.189,0.777,44.587,43.556,46.521,-314.787,-522.566,15792.14,10.334,,,,
5,2022,3,30,14,14,30,-0.577,-0.201,0.821,45.633,43.379,46.205,-320.171,-564.963,15830.33,10.334,,,,
5,2022,3,30,14,14,30,-0.59,-0.225,0.863,43.942,43.865,46.544,-334.517,-612.237,15805.15,10.334,,,,
5,2022,3,30,14,14,31,-0.629,-0.229,0.898,45.254,43.997,47.334,-355.392,-530.574,15807.68,10.334,,,,
6,2022,3,30,14,16,46,-0.233,-0.244,0.996,45.877,45.146,46.905,-106.196,-275.118,15837.34,10.334,,,,
6,2022,3,30,14,16,46,-0.212,-0.234,0.864,46.901,45.234,48.079,-66.66,-203.986,15820.1,10.334,,,,
6,2022,3,30,14,16,47,-0.176,-0.202,0.899,46.278,45.19,47.56,-65.494,-327.251,15864.31,10.334,,,,
6,2022,3,30,14,16,47,-0.184,-0.202,0.871,45.521,44.329,47.063,-47.386,-297.174,15831.78,10.334,,,,
6,2022,3,30,14,16,48,-0.184,-0.201,0.859,46.1,44.704,48.124,-72.999,-308.975,15877.7,10.334,,,,
6,2022,3,30,14,16,48,-0.196,-0.161,0.646,44.454,46.537,45.798,-33.603,-290.724,15829.68,10.334,,,,
6,2022,3,30,14,16,49,-0.202,-0.154,0.687,45.833,44.969,47.131,-55.576,-283.822,15842.97,10.334,,,,
6,2022,3,30,14,16,49,-0.132,-0.183,0.822,48.214,48.503,47.74,-23.112,-304.505,15821.94,10.334,,,,
6,2022,3,30,14,16,50,-0.231,-0.261,1.001,45.232,45.521,47.74,-61.314,-315.916,15850.4,10.334,,,,
6,2022,3,30,14,16,50,-0.212,-0.212,0.873,44.431,45.985,46.927,-35.45,-295.041,15815.75,10.334,,,,
6,2022,3,30,14,16,51,-0.194,-0.287,1.071,45.989,47.995,49.299,3.476,-206.657,15821.07,10.334,,,,
6,2022,3,30,14,16,51,-0.133,-0.286,1.147,43.808,45.345,46.521,-21.288,-242.378,15822.83,10.334,,,,
6,2022,3,30,14,16,52,-0.203,-0.216,0.869,46.545,43.533,46.182,-19.93,-321.856,15820.82,10.334,,,,
6,2022,3,30,14,16,52,-0.194,-0.175,0.694,44.587,44.395,48.192,-4.915,-309.834,15824.05,10.334,,,,
6,2022,3,30,14,16,53,-0.14,-0.197,0.75,44.743,44.373,45.776,39.163,-376.626,15840.13,10.334,,,,
6,2022,3,30,14,16,53,-0.204,-0.154,0.609,45.099,44.218,45.572,8.583,-295.283,15827.8,10.334,,,,
6,2022,3,30,14,16,54,-0.223,-0.247,0.978,45.877,46.648,46.137,47.747,-230.014,15835.24,10.334,,,,
6,2022,3,30,14,16,54,-0.105,-0.203,0.499,45.076,46.051,44.466,1.621,-325.184,15848.33,10.334,,,,
6,2022,3,30,14,16,55,-0.17,-0.231,0.775,47.346,43.644,48.147,-7.609,-282.059,15847.55,10.334,,,,
6,2022,3,30,14,16,55,-0.246,-0.18,0.738,44.342,45.389,48.328,3.804,-387.35,15837.44,10.334,,,,
6,2022,3,30,14,16,56,-0.295,-0.151,0.697,47.301,46.493,48.983,17.673,-416.091,15849.97,10.334,,,,
6,2022,3,30,14,16,56,-0.29,-0.172,0.752,44.231,45.676,47.65,1.078,-309.553,15828.05,10.334,,,,
6,2022,3,30,14,16,57,-0.263,-0.22,0.933,45.655,45.3,46.837,-2.753,-289.729,15792.83,10.334,,,,
6,2022,3,30,14,16,57,-0.212,-0.243,1.005,44.298,44.572,47.921,13.022,-307.562,15804.02,10.334,,,,
6,2022,3,30,14,16,58,-0.209,-0.228,0.947,46.968,45.057,45.708,76.762,-274.773,15833.78,10.334,,,,
6,2022,3,30,14,16,58,-0.261,-0.246,0.992,44.765,45.786,47.424,53.931,-275.828,15819.49,10.334,,,,
6,2022,3,30,14,16,59,-0.34,-0.23,0.932,45.455,44.13,44.895,69.18,-254.294,15842.55,10.334,,,,
6,2022,3,30,14,16,59,-0.282,-0.218,0.9,45.188,46.537,48.486,47.564,-265.618,15843.31,10.334,,,,
6,2022,3,30,14,17,0,-0.295,-0.215,0.918,45.655,45.919,46.363,32.163,-242.117,15828.59,10.334,,,,
6,2022,3,30,14,17,0,-0.275,-0.205,0.769,44.498,45.499,47.763,58.369,-231.295,15838.7,10.334,,,,
6,2022,3,30,14,17,1,-0.23,-0.204,0.788,42.874,42.297,47.899,59.088,-227.33,15835.2,10.334,,,,
6,2022,3,30,14,17,1,-0.187,-0.204,0.82,46.167,45.61,50.947,56.598,-180.942,15859.81,10.334,,,,
6,2022,3,30,14,17,2,-0.212,-0.224,0.878,46.189,46.14,43.969,135.946,-201.604,15843.95,10.334,,,,
6,2022,3,30,14,17,2,-0.222,-0.258,0.976,45.099,44.572,44.805,176.652,-237.26,15832.91,10.334,,,,
6,2022,3,30,14,17,3,-0.198,-0.178,0.683,45.366,42.672,48.508,136.099,-140.469,15808.57,10.334,,,,
6,2022,3,30,14,17,3,-0.28,-0.223,0.683,47.012,46.029,47.086,150.287,-284.348,15825.73,10.334,,,,
6,2022,3,30,14,17,4,-0.257,-0.209,0.811,46.567,45.698,45.527,152.152,-272.293,15824.66,10.334,,,,
6,2022,3,30,14,17,4,-0.188,-0.225,0.82,46.122,45.543,46.815,146.609,-236.491,15822.87,10.334,,,,
6,2022,3,30,14,17,5,-0.253,-0.187,0.773,44.898,43.533,48.124,115.523,-271.29,15824.61,10.334,,,,
6,2022,3,30,14,17,5,-0.206,-0.216,0.856,45.633,43.401,48.26,139.351,-314.853,15820.26,10.334,,,,
6,2022,3,30,14,17,6,-0.318,-0.197,0.819,43.63,43.224,47.831,103.748,-196.322,15818.69,10.334,,,,
6,2022,3,30,14,17,6,-0.408,-0.136,0.506,43.03,42.098,48.441,145.589,-207.157,15786.34,10.334,,,,
6,2022,3,30,14,17,7,-0.26,-0.104,0.475,47.012,45.102,49.615,121.101,-234.629,15817.1,10.334,,,,
6,2022,3,30,14,17,7,-0.195,-0.105,0.53,45.989,43.799,46.318,105.807,-214.197,15806.43,10.334,,,,
6,2022,3,30,14,17,8,-0.166,-0.136,0.578,45.343,46.515,46.047,149.764,-204.06,15807.43,10.334,,,,
6,2022,3,30,14,17,8,-0.159,-0.135,0.455,44.075,44.373,48.237,183.504,-261.352,15815.34,10.334,,,,
6,2022,3,30,14,17,9,-0.205,-0.234,0.928,45.432,44.064,45.889,127.315,-281.698,15859.09,10.334,,,,
6,2022,3,30,14,17,9,-0.263,-0.251,1.196,44.854,44.373,48.937,125.729,-268.952,15839.43,10.334,,,,
6,2022,3,30,14,17,10,-0.161,-0.311,1.153,44.787,44.726,47.537,159.048,-338.489,15818.98,10.334,,,,
6,2022,3,30,14,17,10,-0.114,-0.174,0.604,44.654,45.654,47.56,116.089,-279.366,15835.61,10.334,,,,
6,2022,3,30,14,17,11,-0.143,-0.104,0.649,43.341,42.893,47.74,120.375,-344.419,15819.06,10.334,,,,
6,2022,3,30,14,17,11,-0.087,-0.144,0.632,43.942,44.66,50.721,93.563,-264.577,15811.32,10.334,,,,
6,2022,3,30,14,17,12,-0.114,-0.162,0.749,44.031,43.467,48.147,98.67,-312.634,15848.19,10.334,,,,
6,2022,3,30,14,17,12,-0.187,-0.151,0.607,45.499,43.048,45.64,54.948,-304.556,15778,10.334,,,,
6,2022,3,30,14,17,13,-0.163,-0.201,0.882,44.965,44.461,46.724,75.934,-316.29,15816.23,10.334,,,,
6,2022,3,30,14,17,13,-0.214,-0.194,0.786,43.675,44.373,45.731,22.477,-349.035,15816.77,10.334,,,,
6,2022,3,30,14,17,14,-0.206,-0.211,0.762,45.143,45.499,45.595,28.066,-386.244,15835.72,10.334,,,,
6,2022,3,30,14,17,14,-0.176,-0.204,0.862,44.632,45.853,48.102,68.354,-401.702,15803.74,10.334,,,,
6,2022,3,30,14,17,15,-0.203,-0.162,0.681,46.5,44.483,49.818,49.893,-291.354,15854.63,10.334,,,,
6,2022,3,30,14,17,15,-0.17,-0.228,0.873,45.054,43.865,47.131,41.242,-370.495,15811.17,10.334,,,,
6,2022,3,30,14,17,16,-0.278,-0.18,0.713,44.187,45.499,47.921,21.213,-386.484,15835.72,10.334,,,,
6,2022,3,30,14,17,16,-0.219,-0.199,0.859,42.496,43.025,46.25,15.451,-377.044,15831.26,10.334,,,,
6,2022,3,30,14,17,17,-0.136,-0.28,1.077,44.098,45.3,46.408,24.567,-351.78,15851.11,10.334,,,,
6,2022,3,30,14,17,17,-0.252,-0.203,1.167,46.767,44.77,47.311,-5.946,-451.757,15836.58,10.334,,,,
6,2022,3,30,14,17,18,-0.247,-0.319,1.325,44.098,44.726,45.979,26.186,-397.825,15831.36,10.334,,,,
6,2022,3,30,14,17,19,-0.175,-0.265,0.971,45.388,43.379,47.334,17.076,-423.294,15816.09,10.334,,,,
6,2022,3,30,14,17,19,-0.291,-0.282,1.13,45.099,43.6,47.176,21.421,-327.144,15827.81,10.334,,,,
6,2022,3,30,14,17,20,-0.307,-0.309,1.309,44.965,45.146,47.944,22.298,-401.029,15819.7,10.334,,,,
6,2022,3,30,14,17,20,-0.221,-0.211,0.739,47.079,42.076,48.644,20.646,-370.374,15842.29,10.334,,,,
6,2022,3,30,14,17,20,-0.16,-0.185,0.847,46.723,47.642,48.35,14.208,-284.653,15851.62,10.334,,,,
6,2022,3,30,14,17,21,-0.226,-0.151,0.538,46.612,46.626,50.292,49.464,-344.251,15839.57,10.334,,,,
6,2022,3,30,14,17,22,-0.281,-0.122,0.552,48.792,46.339,46.544,23.902,-332.692,15832.48,10.334,,,,
6,2022,3,30,14,17,22,-0.176,-0.181,0.744,44.476,43.202,46.882,7.397,-384.069,15869.96,10.334,,,,
6,2022,3,30,14,17,23,-0.188,-0.243,0.899,47.769,43.975,45.482,47.358,-316.506,15796.21,10.334,,,,
6,2022,3,30,14,17,23,-0.166,-0.222,0.842,47.346,45.256,47.763,50.669,-378.591,15835.61,10.334,,,,
6,2022,3,30,14,17,24,-0.188,-0.203,0.767,43.675,44.373,46.002,-18.295,-442.042,15844.4,10.334,,,,
6,2022,3,30,14,17,24,-0.22,-0.134,0.682,45.566,45.565,48.531,21.823,-469.031,15823.48,10.334,,,,
6,2022,3,30,14,17,25,-0.212,-0.228,0.896,46.367,45.345,47.018,3.761,-443.27,15844.44,10.334,,,,
6,2022,3,30,14,17,25,-0.187,-0.231,0.872,45.432,42.827,45.64,3.409,-335.085,15802.79,10.334,,,,
6,2022,3,30,14,17,26,-0.233,-0.207,0.861,45.744,46.316,47.899,1.596,-381.46,15835.33,10.334,,,,
7,2022,3,30,14,20,33,-0.432,-0.231,1.008,45.165,45.632,44.466,-149.014,-366.696,15836.94,10.325,,,,
7,2022,3,30,14,20,33,-0.481,-0.204,0.93,44.209,44.881,47.763,-73.368,-412.28,15825.82,10.315,,,,
7,2022,3,30,14,20,34,-0.272,-0.051,0.385,44.387,42.827,46.318,-46.395,-284.399,15792.7,10.307,,,,
7,2022,3,30,14,20,34,-0.367,-0.064,0.249,44.098,45.08,46.724,-76.25,-330.129,15836.35,10.32,,,,
7,2022,3,30,14,20,35,-0.389,-0.097,0.271,45.477,47.531,45.798,-116.595,-500.59,15865.07,10.318,,,,
7,2022,3,30,14,20,35,-0.427,-0.135,0.895,44.921,43.136,45.008,-155.016,-480.922,15840.97,10.315,,,,
7,2022,3,30,14,20,36,-0.675,-0.261,0.986,44.231,43.357,47.447,-84.036,-319.857,15802.44,10.329,,,,
7,2022,3,30,14,20,36,-0.496,-0.3,1.197,44.943,46.692,46.295,-177.619,-349.869,15826.61,10.325,,,,
7,2022,3,30,14,20,37,-0.46,-0.098,0.477,45.01,46.427,46.363,-130.388,-368.197,15876.42,10.323,,,,
7,2022,3,30,14,20,37,-0.652,-0.089,0.385,44.231,44.594,45.618,-97.973,-395.349,15813.49,10.329,,,,
7,2022,3,30,14,20,38,-0.52,-0.279,1.048,46.945,45.411,45.053,-161.382,-397.255,15847.19,10.329,,,,
7,2022,3,30,14,20,38,-0.667,-0.268,1.04,45.477,45.742,44.511,-134.567,-379.481,15877.18,10.325,,,,
7,2022,3,30,14,20,39,-0.716,-0.297,0.953,45.41,44.417,46.273,-95.012,-333.227,15843.82,10.329,,,,
7,2022,3,30,14,20,39,-0.533,-0.176,0.669,45.054,45.985,47.176,-71.552,-349.974,15836.71,10.325,,,,
7,2022,3,30,14,20,40,-0.485,-0.059,0.214,45.41,44.461,47.357,-54.361,-318.367,15827.59,10.334,,,,
7,2022,3,30,14,20,40,-0.428,-0.159,0.421,44.854,43.533,47.74,-28.294,-328.162,15852.36,10.334,,,,
7,2022,3,30,14,20,41,-0.352,-0.069,0.37,46.389,47.443,45.798,10.186,-398.182,15842.78,10.334,,,,
7,2022,3,30,14,20,41,-0.491,-0.138,0.425,44.387,45.72,47.266,-37.949,-280.908,15827.5,10.334,,,,
7,2022,3,30,14,20,42,-0.354,-0.121,0.549,44.609,44.218,48.644,-87.143,-427.076,15824.92,10.334,,,,
7,2022,3,30,14,20,42,-0.414,-0.283,0.884,44.12,45.588,45.392,-55.764,-457.719,15824.64,10.334,,,,
7,2022,3,30,14,20,43,-0.483,-0.331,1.422,44.053,44.66,48.757,-30.115,-422.789,15824.9,10.334,,,,
7,2022,3,30,14,20,43,-0.419,-0.259,0.724,45.277,44.417,45.889,-72.696,-488.47,15817.17,10.334,,,,
7,2022,3,30,14,20,44,-0.502,-0.111,1.337,44.743,45.19,48.305,-89.377,-428.828,15859.24,10.334,,,,
7,2022,3,30,14,20,44,-0.43,-0.168,0.566,44.854,45.035,46.227,-81.384,-526.255,15847.85,10.334,,,,
7,2022,3,30,14,20,45,-0.408,-0.13,0.478,45.032,44.991,46.024,-158.662,-474.869,15850.86,10.334,,,,
7,2022,3,30,14,20,45,-0.388,-0.089,0.187,45.01,44.859,46.453,-115.576,-407.257,15853.69,10.334,,,,
7,2022,3,30,14,20,46,-0.383,-0.159,0.8,47.279,45.521,47.763,-67.752,-458.329,15830.07,10.329,,,,
7,2022,3,30,14,20,46,-0.356,-0.172,0.763,43.764,44.903,46.34,-91.113,-476.931,15826.95,10.334,,,,
7,2022,3,30,14,20,47,-0.401,-0.1,0.608,44.609,44.417,47.695,-57.9,-478.441,15837.3,10.334,,,,
7,2022,3,30,14,20,47,-0.403,-0.135,0.504,44.698,44.439,45.979,-64.54,-549.962,15832.28,10.334,,,,
7,2022,3,30,14,20,48,-0.398,-0.133,0.496,45.41,44.947,48.305,-56.299,-524.12,15838.11,10.334,,,,
7,2022,3,30,14,20,48,-0.585,-0.13,0.693,45.677,45.565,44.669,-44.499,-493.555,15813.29,10.334,,,,
7,2022,3,30,14,20,49,-0.535,-0.095,0.326,43.052,45.411,45.843,-46.035,-425.43,15836.36,10.334,,,,
7,2022,3,30,14,20,49,-0.589,-0.028,0.199,45.788,44.262,48.508,-75.33,-585.141,15900.91,10.334,,,,
7,2022,3,30,14,20,50,-0.48,-0.112,0.455,44.654,45.654,46.34,-119.699,-542.35,15838.38,10.334,,,,
7,2022,3,30,14,20,50,-0.307,-0.216,0.805,43.03,43.865,48.17,-110.668,-604.031,15809.2,10.334,,,,
7,2022,3,30,14,20,51,-0.493,-0.242,0.907,42.651,45.323,47.582,-44.835,-590.116,15834.73,10.334,,,,
7,2022,3,30,14,20,51,-0.628,-0.098,0.411,46.5,47.112,46.453,-86.801,-542.846,15826.13,10.334,,,,
7,2022,3,30,14,20,52,-0.555,-0.044,0.235,45.254,45.057,46.431,-74.267,-533.611,15854.27,10.334,,,,
7,2022,3,30,14,20,52,-0.513,-0.133,0.375,43.274,45.234,46.927,-20.969,-480.01,15853.07,10.334,,,,
7,2022,3,30,14,20,53,-0.657,-0.284,1.303,44.387,45.853,45.911,-103.336,-487.099,15825.98,10.334,,,,
7,2022,3,30,14,20,53,-0.57,-0.087,0.466,42.006,43.909,46.002,-42.436,-552.153,15778.33,10.334,,,,
7,2022,3,30,14,20,54,-0.577,-0.205,0.748,45.855,44.572,46.927,-118.56,-574.693,15818.39,10.334,,,,
7,2022,3,30,14,20,54,-0.62,-0.222,0.6,46.211,46.339,48.124,9.996,-563.785,15808.59,10.334,,,,
7,2022,3,30,14,20,55,-0.517,-0.312,1.221,45.366,43.003,47.402,22.551,-555.29,15859.31,10.334,,,,
7,2022,3,30,14,20,55,-0.588,-0.214,0.93,46.189,44.108,46.792,-39.961,-623.134,15833.61,10.334,,,,
7,2022,3,30,14,20,56,-0.462,-0.303,0.303,45.299,47.222,45.076,-48.306,-491.335,15864.97,10.334,,,,
7,2022,3,30,14,20,56,-0.449,-0.212,0.718,44.075,45.3,48.847,-18.237,-443.791,15858.43,10.334,,,,
7,2022,3,30,14,20,57,-0.368,-0.129,0.524,46.389,43.732,48.689,45.483,-360.969,15807.86,10.334,,,,
7,2022,3,30,14,20,57,-0.445,-0.136,0.476,44.164,44.019,46.114,71.013,-306.636,15854.06,10.334,,,,
7,2022,3,30,14,20,58,-0.745,-0.227,1.067,46.1,45.521,47.944,-14.962,-268.188,15870.16,10.334,,,,
7,2022,3,30,14,20,58,-0.516,-0.301,1.266,45.588,44.991,47.786,34.777,-357.715,15866.94,10.334,,,,
7,2022,3,30,14,20,59,-0.712,-0.142,0.48,44.409,46.051,46.498,65.388,-341.691,15823.53,10.334,,,,
7,2022,3,30,14,20,59,-0.409,-0.229,1.098,44.075,44.064,45.256,69.241,-427.182,15832.21,10.334,,,,
7,2022,3,30,14,21,0,-0.324,-0.07,0.37,45.811,45.345,46.702,-7.897,-404.043,15806.29,10.334,,,,
7,2022,3,30,14,21,0,-0.439,-0.135,0.441,43.653,42.142,46.95,-52.576,-491.587,15827.25,10.334,,,,
7,2022,3,30,14,21,1,-0.462,-0.082,0.117,45.165,43.158,48.937,-25.487,-424.505,15847.79,10.334,,,,
7,2022,3,30,14,21,1,-0.359,0.015,-0.118,44.365,45.013,47.402,-106.445,-439.273,15836.27,10.334,,,,
7,2022,3,30,14,21,2,-0.512,-0.079,0.4,44.787,43.843,45.46,-98.167,-569.282,15825.17,10.334,,,,
7,2022,3,30,14,21,2,-0.312,-0.062,0.137,45.01,42.783,46.024,-154.054,-394.385,15865.43,10.334,,,,
7,2022,3,30,14,21,3,-0.535,-0.087,0.384,43.185,44.947,47.153,-90.635,-523.201,15828.92,10.334,,,,
7,2022,3,30,14,21,3,-0.422,-0.108,0.43,43.452,43.953,46.566,-92.62,-548.373,15864.23,10.334,,,,
7,2022,3,30,14,21,4,-0.426,-0.119,0.563,44.431,43.644,47.74,-73.763,-482.264,15782.49,10.334,,,,
7,2022,3,30,14,21,4,-0.409,-0.098,0.514,45.432,47.443,48.305,-80.49,-608.69,15825.31,10.334,,,,
7,2022,3,30,14,21,5,-0.542,-0.231,1.042,45.099,45.013,47.921,-77.629,-503.226,15897.16,10.334,,,,
7,2022,3,30,14,21,5,-0.485,-0.218,0.897,46.589,45.897,49.073,-69.702,-574.011,15840.71,10.334,,,,
7,2022,3,30,14,21,6,-0.583,-0.309,1.106,43.964,48.105,46.634,60.975,-541.692,15776.8,10.334,,,,
7,2022,3,30,14,21,6,-0.634,-0.268,1.017,45.054,44.815,46.86,-5.713,-743.846,15843.79,10.334,,,,
7,2022,3,30,14,21,7,-0.532,-0.384,1.288,44.142,44.572,46.679,-52.321,-572.248,15825.26,10.334,,,,
7,2022,3,30,14,21,7,-0.816,-0.331,1.411,45.076,45.61,45.663,-102.233,-559.358,15828.41,10.334,,,,
7,2022,3,30,14,21,8,-0.382,-0.107,0.396,44.387,44.505,46.769,-32.12,-496.077,15823.92,10.334,,,,
7,2022,3,30,14,21,8,-0.403,-0.162,0.479,44.142,44.616,45.979,-34.405,-439.034,15820.33,10.334,,,,
7,2022,3,30,14,21,9,-0.433,-0.085,0.153,44.209,44.461,47.853,-61.575,-439.083,15870.88,10.334,,,,
7,2022,3,30,14,21,9,-0.609,-0.057,0.254,45.477,44.196,45.211,-59.189,-531.444,15849.96,10.334,,,,
7,2022,3,30,14,21,10,-0.49,-0.218,0.919,43.653,45.61,45.843,-96.292,-427.151,15838.63,10.334,,,,
7,2022,3,30,14,21,10,-0.432,-0.249,0.937,44.409,45.013,47.357,-54.868,-540.19,15800.11,10.334,,,,
7,2022,3,30,14,21,11,-0.56,-0.076,0.621,44.164,42.407,47.447,-82.906,-548.002,15833.94,10.334,,,,
7,2022,3,30,14,21,11,-0.451,-0.109,0.409,43.808,45.72,47.108,-123.094,-478.052,15826.95,10.334,,,,
7,2022,3,30,14,21,12,-0.443,-0.159,0.581,44.164,45.146,47.04,-70.293,-581.657,15845.99,10.334,,,,
7,2022,3,30,14,21,12,-0.393,-0.212,0.897,45.232,43.423,45.437,-135.334,-528.504,15827.83,10.334,,,,
8,2022,3,30,14,23,40,-0.837,-0.519,2.001,45.677,45.323,46.973,-1.18,-758.622,15792.05,10.297,,,,
8,2022,3,30,14,23,40,-1,-0.414,1.849,44.409,46.073,50.586,-117.461,-865.139,15547.81,10.297,,,,
8,2022,3,30,14,23,41,-1.12,-0.389,2,45.811,44.13,46.205,-1367.097,-459.165,17052.02,10.297,,,,
8,2022,3,30,14,23,41,-1.224,-0.551,2.177,44.187,45.61,47.402,-957.232,-1527.72,17527.22,10.297,,,,
8,2022,3,30,14,23,42,-1.041,-0.245,-0.115,45.277,46.228,46.95,-383.273,-331.123,15886.97,10.297,,,,
8,2022,3,30,14,23,42,-0.909,-0.477,1.836,45.343,45.433,48.192,324.85,-466.886,15573.09,10.297,,,,
8,2022,3,30,14,23,43,-1.11,-0.477,1.973,46.122,44.439,45.076,754.838,-887.495,15033.74,10.297,,,,
8,2022,3,30,14,23,43,-1.171,-0.438,2.054,45.877,46.051,48.576,-136.107,-105.054,15556.24,10.297,,,,
8,2022,3,30,14,23,44,-0.902,-0.363,1.563,45.254,46.294,48.824,-354.94,-422.294,15977.78,10.297,,,,
8,2022,3,30,14,23,44,-0.924,-0.568,2.356,45.21,44.925,48.282,-275.959,-686.896,16200.6,10.297,,,,
8,2022,3,30,14,23,45,-1.207,-0.588,2.444,45.944,46.294,47.921,29.701,-499.421,16027.49,10.297,,,,
8,2022,3,30,14,23,45,-1.05,-0.615,1.703,44.809,45.808,47.537,-293.496,-756.971,16121.82,10.297,,,,
8,2022,3,30,14,23,46,-0.954,-0.395,1.302,45.499,44.815,48.824,-528.511,-690.662,16021.28,10.297,,,,
8,2022,3,30,14,23,46,-0.836,-0.495,2.35,44.809,44.373,45.166,-298.596,-1181.522,16007.37,10.297,,,,
8,2022,3,30,14,23,47,-0.937,-0.353,1.197,45.277,44.218,48.282,-680.903,-454.997,16195.25,10.297,,,,
8,2022,3,30,14,23,47,-0.739,-0.533,1.908,45.254,43.843,47.718,-419.957,-458.018,15738.32,10.297,,,,
8,2022,3,30,14,23,48,-0.888,-0.514,1.731,43.742,46.559,47.876,-285.547,-247.416,15771.25,10.297,,,,
8,2022,3,30,14,23,48,-0.993,-0.509,2.075,45.922,45.654,46.34,31.687,-496.244,15625.37,10.297,,,,
8,2022,3,30,14,23,49,-1.013,-0.496,1.736,46.055,44.704,47.086,325.164,-377.421,15490.63,10.297,,,,
8,2022,3,30,14,23,49,-1.11,-0.467,2.023,44.698,46.604,46.431,-661.508,-533.91,15997.5,10.297,,,,
8,2022,3,30,14,23,50,-1.232,-0.509,2.253,44.876,44.439,47.989,-66.923,-871.835,15601.98,10.297,,,,
8,2022,3,30,14,23,50,-1.187,-0.189,1.54,45.254,45.013,46.453,-329.545,-697.208,15840.68,10.297,,,,
8,2022,3,30,14,23,51,-0.87,-0.532,1.776,45.677,46.891,47.018,-405.186,-423.607,15874.88,10.297,,,,
8,2022,3,30,14,23,51,-1.038,-0.378,1.221,45.521,45.963,47.379,-842.127,-752.872,16755.38,10.297,,,,
8,2022,3,30,14,23,52,-1.349,-0.347,1.586,43.964,45.19,46.747,-483.79,-1252.042,16520.55,10.297,,,,
8,2022,3,30,14,23,52,-0.954,-0.534,1.959,45.544,46.25,46.566,-343.581,-1268.031,15958.87,10.297,,,,
8,2022,3,30,14,23,53,-1.046,-0.574,1.966,44.609,47.642,45.595,-228.11,-449.455,15617.17,10.297,,,,
8,2022,3,30,14,23,53,-1.063,-0.192,1.098,45.054,44.108,49.615,-195.834,171.943,15493.23,10.297,,,,
8,2022,3,30,14,23,54,-1.057,-0.391,1.384,44.053,46.073,47.673,-524.356,-874.804,16077.15,10.297,,,,
8,2022,3,30,14,23,54,-0.955,-0.562,2.26,45.566,43.6,49.05,-17.914,-850.787,15595.65,10.297,,,,
8,2022,3,30,14,23,55,-1.088,-0.488,2.329,45.61,44.616,46.95,-1005.858,-318.853,16130.82,10.297,,,,
8,2022,3,30,14,23,55,-1.256,-0.63,2.542,44.009,45.588,47.198,-554.514,-559.244,15826.02,10.297,,,,
8,2022,3,30,14,23,56,-1.382,-0.621,2.827,44.609,45.3,47.424,-274.517,-170.872,15808.76,10.297,,,,
8,2022,3,30,14,23,56,-0.516,-0.39,0.741,45.188,44.108,47.198,-154.94,-766.479,15542.02,10.297,,,,
8,2022,3,30,14,23,57,-0.744,-0.297,1.188,46.033,46.14,46.995,794.104,-314.061,15428.18,10.297,,,,
8,2022,3,30,14,23,57,-1.216,-0.646,2.635,44.698,44.704,48.395,299.099,-761.529,15824.37,10.297,,,,
8,2022,3,30,14,23,58,-0.96,-0.457,1.473,45.566,46.007,48.441,-220.126,-808.481,15735.6,10.297,,,,
8,2022,3,30,14,23,58,-1.105,-0.388,1.49,45.299,45.124,46.634,63.359,-543.906,15696.26,10.297,,,,
8,2022,3,30,14,23,59,-0.82,-0.44,1.775,44.52,44.284,47.966,-292.81,-1543.034,16118.99,10.297,,,,
8,2022,3,30,14,23,59,-0.999,-0.462,1.628,43.808,46.383,47.74,-245.328,-302.256,15823.7,10.297,,,,
8,2022,3,30,14,24,0,-0.984,-0.581,2.308,45.677,44.13,46.476,131.667,-1253.212,15759.84,10.297,,,,
8,2022,3,30,14,24,0,-0.704,-0.362,0.801,45.655,45.234,48.057,-422.668,-381.078,15792.95,10.297,,,,
8,2022,3,30,14,24,1,-1.115,-0.518,2.054,45.966,44.196,45.866,-395.288,533.992,15807.51,10.297,,,,
8,2022,3,30,14,24,1,-0.806,-0.592,2.347,44.943,46.096,48.576,-17.769,-742.41,15835.75,10.297,,,,
8,2022,3,30,14,24,2,-0.883,-0.404,1.468,44.298,46.073,47.108,-433.77,-458.338,16163.52,10.297,,,,
8,2022,3,30,14,24,2,-1.053,-0.432,1.862,44.565,45.831,46.634,56.728,-1041.614,15971.18,10.297,,,,
8,2022,3,30,14,24,3,-0.98,-0.524,2.171,44.654,45.831,46.747,-184.385,-588.843,15795.72,10.297,,,,
8,2022,3,30,14,24,3,-0.958,-0.513,2.107,44.965,47.112,48.124,-54,-678.33,15684.55,10.297,,,,
8,2022,3,30,14,24,4,-1.182,-0.455,1.312,46.478,44.505,49.75,350.653,-778.506,15525.24,10.297,,,,
8,2022,3,30,14,24,4,-1.275,-0.546,2.109,45.054,43.799,47.018,-686.802,-668.179,15925.87,10.297,,,,
8,2022,3,30,14,24,5,-0.842,-0.593,2.122,45.121,45.3,47.628,245.261,-448.008,15665.56,10.297,,,,
8,2022,3,30,14,24,5,-1.058,-0.58,2.206,45.388,45.035,46.227,-96.177,-1016.926,15748.57,10.297,,,,
8,2022,3,30,14,24,6,-1.014,-0.685,2.709,44.098,45.853,46.973,761.791,-760.785,15198.37,10.297,,,,
8,2022,3,30,14,24,6,-1.043,-0.519,1.971,44.365,45.698,46.792,747.256,-982.497,15236.6,10.297,,,,
8,2022,3,30,14,24,7,-0.882,-0.527,1.833,46.055,44.24,47.469,-460.999,-1116.571,16120.38,10.297,,,,
8,2022,3,30,14,24,7,-1.009,-0.496,2.12,44.498,44.881,47.74,217.787,-152.281,15467.37,10.297,,,,
8,2022,3,30,14,24,8,-0.717,-0.48,1.814,44.987,45.499,46.882,-262.979,-825.746,15749.59,10.297,,,,
8,2022,3,30,14,24,8,-1.101,-0.577,2.125,45.499,46.626,47.131,91.895,-957.987,15653.66,10.297,,,,
8,2022,3,30,14,24,9,-0.92,-0.469,2.193,45.722,45.433,47.176,402.985,-444.684,15542.19,10.297,,,,
8,2022,3,30,14,24,9,-0.917,-0.492,1.682,46.678,45.19,48.124,79.788,-442.677,15840.49,10.297,,,,
8,2022,3,30,14,24,10,-0.864,-0.452,1.544,45.477,47.553,47.221,475.022,-149.863,15386.11,10.297,,,,
8,2022,3,30,14,24,10,-0.993,-0.603,2.224,44.231,45.676,47.131,384.21,10.303,15390.6,10.297,,,,
8,2022,3,30,14,24,11,-0.79,-0.524,1.85,44.654,44.815,47.447,-55.945,-535.827,16078.36,10.297,,,,
8,2022,3,30,14,24,11,-0.81,-0.577,1.803,43.541,45.102,46.182,279.788,-837.419,15647.67,10.297,,,,
8,2022,3,30,14,24,12,-1.181,-0.46,2.182,44.943,45.146,48.237,-356.466,-378.165,15890.12,10.297,,,,
8,2022,3,30,14,24,12,-1.078,-0.387,1.623,45.21,46.073,48.373,109.027,-648.496,15802.18,10.297,,,,
8,2022,3,30,14,24,13,-1.145,-0.548,2.151,44.565,45.256,45.189,340.921,-893.838,15746.75,10.297,,,,
8,2022,3,30,14,24,13,-1.132,-0.506,2.11,45.143,44.859,47.108,107.49,-2091.204,16163.97,10.297,,,,
8,2022,3,30,14,24,14,-1.169,-0.553,1.951,44.187,44.152,48.17,-211.46,-405.177,16014.17,10.297,,,,
8,2022,3,30,14,24,14,-0.94,-0.429,0.682,44.543,44.616,47.424,350.022,-557.259,15618.73,10.297,,,,
8,2022,3,30,14,24,15,-1.1,-0.543,2.321,44.142,45.455,48.599,-128.731,-283.937,15724.03,10.297,,,,
8,2022,3,30,14,24,15,-1.181,-0.552,1.685,45.143,46.957,46.114,-255.364,-644.156,15863.8,10.297,,,,
8,2022,3,30,14,24,16,-0.938,-0.477,1.814,43.675,44.373,48.034,-1186.542,-974.053,16558.42,10.297,,,,
8,2022,3,30,14,24,16,-1.052,-0.68,2.511,46.968,44.483,46.95,-527.553,-130.211,15924.41,10.297,,,,
8,2022,3,30,14,24,17,-1.03,-0.518,2.013,44.876,43.843,46.905,-2496.594,-1708.458,17073.33,10.297,,,,
8,2022,3,30,14,24,17,-0.747,-0.518,2.671,44.342,45.455,47.131,199.082,-476.69,15719.18,10.297,,,,
8,2022,3,30,14,24,18,-0.827,-0.299,1.546,46.078,45.919,49.366,677.499,-576.226,15451.04,10.297,,,,
8,2022,3,30,14,24,18,-1.017,-0.596,2.307,44.209,44.881,48.057,-117.409,-582.794,15778.81,10.297,,,,
8,2022,3,30,14,24,19,-1.034,-0.498,1.943,44.454,44.947,46.182,-80.73,-739.769,15723.06,10.297,,,,
8,2022,3,30,14,24,19,-0.961,-0.569,2.096,45.01,44.218,46.25,632.542,-508.766,15426.08,10.297,,,,
9,2022,3,30,14,27,18,0.023,0.028,-0.331,47.012,44.041,49.321,-182.574,-510.294,15835.47,10.334,,,,
9,2022,3,30,14,27,19,-0.377,0.159,-0.646,47.413,43.489,46.634,-137.541,-522.615,15825.73,10.32,,,,
9,2022,3,30,14,27,19,0.002,0.131,-0.554,44.32,44.505,49.976,-164.834,-494.196,15805.48,10.313,,,,
9,2022,3,30,14,27,20,-0.128,0.074,-0.493,48.881,46.051,47.786,-171.954,-511.53,15841.5,10.325,,,,
9,2022,3,30,14,27,20,-0.122,0.042,-0.514,47.012,44.527,46.295,-190.4,-482.883,15848.69,10.323,,,,
9,2022,3,30,14,27,21,-0.08,0.113,-0.402,45.966,47.377,46.747,-158.804,-487.058,15841.08,10.32,,,,
9,2022,3,30,14,27,21,-0.147,-0.064,-0.8,46.612,45.543,48.824,-137.983,-477.247,15805.2,10.318,,,,
9,2022,3,30,14,27,22,-0.14,0.104,-0.319,47.835,46.184,49.479,-198.034,-566.719,15828.46,10.329,,,,
9,2022,3,30,14,27,22,-0.555,0.111,-0.633,45.722,45.013,46.611,-111.409,-517.6,15799.08,10.323,,,,
9,2022,3,30,14,27,23,-0.259,0.14,-0.088,42.941,43.533,46.047,-130.737,-488.361,15825.12,10.334,,,,
9,2022,3,30,14,27,23,-0.247,0.136,-0.814,45.788,46.847,46.905,-146.435,-431.849,15802.1,10.329,,,,
9,2022,3,30,14,27,24,-0.17,0.193,-1.065,46.322,46.206,47.266,-102.628,-433.744,15802.17,10.329,,,,
9,2022,3,30,14,27,24,-0.516,0.177,-0.656,44.876,43.821,47.266,-182.334,-517.146,15835.59,10.334,,,,
9,2022,3,30,14,27,25,-0.314,0.135,-0.554,46.99,47.023,47.176,-186.121,-621.433,15879.46,10.329,,,,
9,2022,3,30,14,27,25,-0.34,0.085,-0.125,46.1,46.891,47.357,-134.776,-503.8,15849.11,10.329,,,,
9,2022,3,30,14,27,26,-0.236,0.223,-1.017,44.654,45.941,46.973,-145.221,-474.826,15826.87,10.334,,,,
9,2022,3,30,14,27,26,-0.42,0.155,-0.145,45.677,46.339,48.305,-175.385,-519.516,15817.35,10.329,,,,
9,2022,3,30,14,27,27,-0.213,0.17,-0.793,46.478,44.196,45.302,-127.643,-462.383,15816.66,10.329,,,,
9,2022,3,30,14,27,27,-0.288,0.083,-0.435,45.788,44.837,47.244,-140.455,-472.189,15837.11,10.334,,,,
9,2022,3,30,14,27,28,-0.422,0.079,-0.472,45.699,45.676,47.198,-139.659,-576.463,15840.69,10.334,,,,
9,2022,3,30,14,27,28,-0.442,0.038,-0.691,44.587,46.383,48.689,-77.712,-500.248,15807.95,10.334,,,,
9,2022,3,30,14,27,29,-0.598,0.029,-0.092,44.342,45.831,49.502,-135.975,-510.304,15839.51,10.334,,,,
9,2022,3,30,14,27,29,-0.659,0.185,-0.785,45.61,46.073,46.047,-136.279,-526.312,15872.37,10.329,,,,
9,2022,3,30,14,27,30,-0.432,0.043,0.007,45.722,45.764,48.824,-131.377,-584.32,15832.83,10.334,,,,
9,2022,3,30,14,27,30,-0.286,0.03,-0.051,47.034,46.449,47.808,-117.877,-528.934,15817.57,10.334,,,,
9,2022,3,30,14,27,31,-0.355,-0.002,-0.387,46.767,47.067,47.944,-69.604,-576.58,15808.75,10.334,,,,
9,2022,3,30,14,27,31,-0.338,0.033,-0.615,47.858,46.294,48.553,-154.838,-584.091,15875.67,10.334,,,,
9,2022,3,30,14,27,32,-0.279,-0.007,-0.081,46.122,46.758,47.108,-132.004,-566.405,15828.51,10.334,,,,
9,2022,3,30,14,27,32,-0.396,0.045,-0.505,47.969,47.045,49.366,-95.707,-508.556,15762.36,10.334,,,,
9,2022,3,30,14,27,33,-0.423,-0.039,-0.344,47.858,48.636,49.592,-97.829,-570.923,15844.63,10.334,,,,
9,2022,3,30,14,27,33,-0.438,0.11,-0.466,47.346,46.339,47.605,-23.234,-553.587,15788.37,10.334,,,,
9,2022,3,30,14,27,34,-0.233,0.008,-0.021,45.61,50.16,48.553,-71.588,-520.159,15833.74,10.334,,,,
9,2022,3,30,14,27,34,-0.389,0.108,-0.311,46.456,47.929,49.073,-89.952,-477.442,15828.11,10.334,,,,
9,2022,3,30,14,27,35,-0.057,0.122,-0.321,46.901,46.581,47.74,-108.323,-499.723,15817.34,10.334,,,,
9,2022,3,30,14,27,35,-0.145,-0.007,-0.069,47.969,46.692,47.966,-77.58,-438.705,15795.42,10.334,,,,
9,2022,3,30,14,27,36,-0.291,-0.126,0.428,47.991,46.604,50.541,-106.859,-541.548,15826.09,10.334,,,,
9,2022,3,30,14,27,36,-0.112,0.223,-0.96,46.656,47.112,50.338,-47.926,-436.155,15751.97,10.334,,,,
9,2022,3,30,14,27,37,-0.5,0.138,-0.656,47.524,47.089,50.089,-107.526,-465.465,15828.73,10.334,,,,
9,2022,3,30,14,27,37,-0.129,0.164,-0.858,46.723,47.907,50.067,-148.56,-502.037,15846.78,10.334,,,,
9,2022,3,30,14,27,38,-0.525,-0.039,0.282,44.342,45.963,49.75,-144.067,-564.827,15828.48,10.334,,,,
9,2022,3,30,14,27,38,-0.411,0.088,-0.606,48.147,47.487,48.937,-114.343,-499.204,15810.19,10.334,,,,
9,2022,3,30,14,27,39,-0.202,0.083,-0.844,47.123,46.692,49.592,-120.911,-426.095,15818.02,10.334,,,,
9,2022,3,30,14,27,39,-0.4,0.112,-0.197,47.123,45.897,49.705,-75.135,-443.193,15795.5,10.334,,,,
9,2022,3,30,14,27,40,-0.312,0.095,-0.64,45.299,49.32,51.602,-134.243,-388.367,15827.34,10.334,,,,
9,2022,3,30,14,27,40,-0.417,0.072,-0.125,46.589,45.764,48.644,-133.562,-407.877,15838.26,10.334,,,,
9,2022,3,30,14,27,41,-0.426,0.13,-0.038,46.189,46.648,49.57,-157.048,-422.967,15839.93,10.334,,,,
9,2022,3,30,14,27,41,-0.236,0.057,-0.192,49.059,47.134,47.244,-153.675,-486.495,15830.5,10.334,,,,
9,2022,3,30,14,27,42,-0.251,0.132,-0.694,45.811,47.84,50.947,-176.261,-559.881,15832.36,10.334,,,,
9,2022,3,30,14,27,42,-0.603,0.149,-0.425,47.301,47.664,49.615,-148.871,-623.532,15832.95,10.334,,,,
9,2022,3,30,14,27,43,-0.469,0.146,-0.454,47.502,47.708,49.863,-164.557,-493.941,15803.19,10.334,,,,
9,2022,3,30,14,27,43,-0.335,0.142,-0.58,46.634,45.632,47.56,-135.549,-481.531,15816.71,10.334,,,,
9,2022,3,30,14,27,44,-0.145,0.073,-0.698,45.722,46.073,47.695,-165.462,-525.416,15835.75,10.334,,,,
9,2022,3,30,14,27,44,-0.001,0.184,-0.745,48.458,44.041,46.25,-173.632,-569.6,15827.39,10.334,,,,
9,2022,3,30,14,27,45,-0.055,0.2,-0.754,44.965,45.588,47.989,-212.104,-507.685,15799.39,10.334,,,,
9,2022,3,30,14,27,45,-0.309,0.182,-0.78,46.211,46.692,46.295,-96.093,-432.535,15793.01,10.334,,,,
9,2022,3,30,14,27,46,-0.394,0.147,-1.056,49.593,46.272,55.825,-147.665,-519.182,15813.66,10.334,,,,
9,2022,3,30,14,27,46,-0.339,0.106,-0.858,46.478,45.654,48.441,-130.406,-497.644,15801,10.334,,,,
9,2022,3,30,14,27,47,-0.349,0.124,-0.732,45.321,44.925,44.669,-131.48,-524.296,15831.76,10.334,,,,
9,2022,3,30,14,27,47,-0.482,0.177,-0.929,45.566,40.728,46.634,-127.737,-508.658,15819.49,10.334,,,,
9,2022,3,30,14,27,48,0.005,0.123,-0.357,45.9,42.981,48.282,-171.737,-575.015,15872.64,10.334,,,,
9,2022,3,30,14,27,48,-0.132,0.083,-0.489,46.456,44.77,46.95,-124.59,-467.794,15795.9,10.334,,,,
9,2022,3,30,14,27,49,-0.233,-0.085,0.352,48.837,45.985,48.757,-122.776,-544.178,15822.12,10.334,,,,
9,2022,3,30,14,27,49,-0.201,-0.091,0.377,46.211,46.891,47.944,-119.843,-538.109,15820.02,10.334,,,,
9,2022,3,30,14,27,50,-0.216,-0.144,0.45,47.813,44.218,47.492,-134.807,-600.59,15825.12,10.334,,,,
9,2022,3,30,14,27,50,-0.246,-0.119,0.17,47.902,48.039,48.644,-210.202,-504.893,15807.92,10.334,,,,
9,2022,3,30,14,27,51,-0.074,-0.032,0.115,46.589,48.326,49.592,-164.673,-547.791,15814.15,10.334,,,,
9,2022,3,30,14,27,51,-0.239,0.117,-0.331,45.699,45.057,48.147,-139.357,-503.062,15771.37,10.334,,,,
9,2022,3,30,14,27,52,-0.282,0.159,-0.61,45.432,44.262,51.467,-211.487,-638.974,15731.72,10.334,,,,
9,2022,3,30,14,27,52,-0.309,-0.053,-0.103,45.499,46.383,48.418,-178.746,-684.525,15806.58,10.334,,,,
9,2022,3,30,14,27,53,-0.084,0.109,0.18,44.965,47.597,48.35,-238.674,-777.703,15862.2,10.334,,,,
9,2022,3,30,14,27,53,-0.518,0.021,-0.257,45.477,44.329,49.321,-88.326,-719.617,15841.57,10.334,,,,
9,2022,3,30,14,27,54,-0.558,-0.12,0.323,46.167,46.648,49.547,-88.252,-786.365,15754.46,10.334,,,,
9,2022,3,30,14,27,54,-0.195,-0.116,0.438,46.189,47.774,47.56,-11.059,-965.757,15740.87,10.334,,,,
9,2022,3,30,14,27,55,-0.928,0.192,0.26,46.434,46.339,48.486,178.992,-1160.133,15819.37,10.334,,,,
9,2022,3,30,14,27,55,-0.631,-0.106,0.348,47.123,47.951,48.644,-112.873,-1063.328,15856.83,10.334,,,,
9,2022,3,30,14,27,56,-0.491,0.174,-1.012,47.368,48.945,48.644,-196.872,-999.304,15812.18,10.334,,,,
9,2022,3,30,14,27,56,-0.36,0.172,-0.142,48.926,44.13,47.695,-67.241,-929.545,15829.33,10.334,,,,
9,2022,3,30,14,27,57,-0.572,0.069,-0.131,46.211,48.879,51.58,-51.241,-872.071,15814.03,10.334,,,,
9,2022,3,30,14,27,57,-0.447,0.046,-0.498,45.254,44.881,47.537,-80.756,-804.779,15797.38,10.334,,,,
9,2022,3,30,14,27,58,-0.446,-0.063,0.037,46.256,46.184,48.328,0.653,-696.673,15782.95,10.334,,,,
10,2022,3,30,14,30,16,-0.386,-0.177,0.48,43.764,43.07,46.408,-95.625,-974.852,15637.8,10.297,,,,
10,2022,3,30,14,30,16,-0.599,0.068,-0.046,44.943,44.66,44.647,-380.732,-1009.071,16186.25,10.297,,,,
10,2022,3,30,14,30,17,-0.071,-0.159,0.907,45.054,43.953,45.008,-545.197,-17.676,15824.08,10.297,,,,
10,2022,3,30,14,30,17,-0.172,-0.014,0.298,42.874,44.307,44.443,-229.665,-919.667,15740.72,10.297,,,,
10,2022,3,30,14,30,18,-0.562,-0.074,0.58,41.939,43.732,42.343,-31.139,-587.554,15567.22,10.297,,,,
10,2022,3,30,14,30,18,-0.368,-0.069,0.531,44.765,43.313,46.047,-572.16,-570.26,15916.22,10.297,,,,
10,2022,3,30,14,30,19,-0.099,0.001,-0.214,40.849,42.915,46.995,-349.964,-1084.667,15767.85,10.297,,,,
10,2022,3,30,14,30,19,-0.282,-0.15,0.676,43.564,43.821,43.427,-456.086,-570.299,15910.32,10.297,,,,
10,2022,3,30,14,30,20,-0.489,0.016,0.17,42.362,40.463,44.15,-424.832,-515.031,15789.62,10.297,,,,
10,2022,3,30,14,30,20,-0.25,-0.053,-0.928,43.808,43.975,47.402,-101.562,-691.752,15698.75,10.297,,,,
10,2022,3,30,14,30,21,-0.648,-0.034,0.726,43.897,44.572,44.714,-522.532,-208.56,15978.39,10.297,,,,
10,2022,3,30,14,30,21,-0.483,-0.012,0.34,41.962,43.776,45.279,-139.953,-852.707,15727.6,10.297,,,,
10,2022,3,30,14,30,22,-0.32,-0.034,0.07,41.138,41.965,43.517,-171.061,-903.131,15719.04,10.297,,,,
10,2022,3,30,14,30,22,-0.042,-0.177,0.868,42.785,45.808,43.337,-404.952,-1001.203,15890.04,10.297,,,,
10,2022,3,30,14,30,23,-0.975,0.09,0.241,45.61,42.628,44.556,-113.773,-1102.724,15830.1,10.297,,,,
10,2022,3,30,14,30,23,-0.704,0.023,0.311,42.874,44.351,44.082,-335.589,-581.189,15736.59,10.297,,,,
10,2022,3,30,14,30,24,0.382,-0.008,-0.671,43.986,42.893,44.601,-361.263,-632,15775.76,10.297,,,,
10,2022,3,30,14,30,24,-0.595,-0.031,0.416,43.452,43.776,45.979,-639.548,-704.074,16064.57,10.297,,,,
10,2022,3,30,14,30,25,-0.49,-0.162,0.752,43.608,43.909,45.753,-524.536,-279.97,15698.47,10.297,,,,
10,2022,3,30,14,30,25,0.05,-0.071,0.499,45.254,46.891,45.753,-526.62,-441.177,15769.93,10.297,,,,
10,2022,3,30,14,30,26,-0.427,0.111,-0.197,44.209,43.246,45.392,-453.092,-753.681,15931.02,10.297,,,,
10,2022,3,30,14,30,26,-0.533,-0.03,0.571,44.209,42.23,43.066,-445.045,-255.77,15680.68,10.297,,,,
10,2022,3,30,14,30,27,-0.347,-0.055,0.489,44.72,44.152,45.189,-431.384,-981.513,15939.68,10.297,,,,
10,2022,3,30,14,30,27,-0.376,-0.046,0.711,42.874,42.871,44.33,-498.375,-561.956,15788.11,10.297,,,,
10,2022,3,30,14,30,28,-0.645,-0.104,0.626,43.786,43.953,45.595,-313.212,-110.813,15789.37,10.297,,,,
10,2022,3,30,14,30,28,-0.175,-0.068,0.207,45.143,42.827,47.311,-283.188,-763.65,15839.9,10.297,,,,
10,2022,3,30,14,30,29,-0.56,0.033,0.273,44.654,43.136,47.673,-203.382,-765.507,15931.45,10.297,,,,
10,2022,3,30,14,30,29,-0.183,-0.033,0.721,43.808,42.606,44.872,-572.76,-495.568,15840.87,10.297,,,,
10,2022,3,30,14,30,30,-0.401,-0.126,0.26,43.586,47.332,46.408,-460.436,-543.394,15808.39,10.297,,,,
10,2022,3,30,14,30,30,-0.169,0.158,0.018,45.054,43.401,43.517,-374.76,-205.498,15667.84,10.297,,,,
10,2022,3,30,14,30,31,-0.845,-0.143,0.428,42.985,44.859,47.537,-291.707,-461.73,15567.04,10.297,,,,
10,2022,3,30,14,30,31,-0.534,-0.134,0.782,44.921,42.893,46.114,-554.836,-779.212,15949.96,10.297,,,,
10,2022,3,30,14,30,32,-0.462,-0.081,0.382,44.676,43.71,44.714,-64.599,-938.11,15600.88,10.297,,,,
10,2022,3,30,14,30,32,-0.456,-0.072,0.117,45.455,43.6,43.969,-85.223,-358.743,15708.83,10.297,,,,
10,2022,3,30,14,30,33,-0.502,-0.226,0.506,41.005,42.363,45.64,-3.997,-1298.15,15815.39,10.297,,,,
10,2022,3,30,14,30,33,-0.543,0.002,0.214,43.986,45.632,46.318,52.435,-1487.789,15653.08,10.297,,,,
10,2022,3,30,14,30,34,-0.496,-0.132,0.419,45.366,43.18,45.46,-433.86,-518.859,15849.12,10.297,,,,
10,2022,3,30,14,30,34,-0.503,0.038,0.319,42.896,44.549,45.663,-334.408,-1187.315,15977.44,10.297,,,,
10,2022,3,30,14,30,35,-0.653,-0.096,0.201,42.473,44.351,45.753,-390.486,-516.767,15881.13,10.297,,,,
10,2022,3,30,14,30,35,-0.592,-0.088,0.365,44.32,43.732,47.673,-244.772,-662.221,16064.16,10.297,,,,
10,2022,3,30,14,30,36,-0.335,-0.022,0.052,44.943,45.234,44.963,-93.434,-508.884,15867.53,10.297,,,,
10,2022,3,30,14,30,36,-0.601,0.019,0.02,45.277,44.439,46.069,-376.767,-606.822,15951.04,10.297,,,,
10,2022,3,30,14,30,37,-0.586,-0.017,-0.025,43.007,42.783,47.695,-206.776,-1123.912,15722.95,10.297,,,,
10,2022,3,30,14,30,37,-0.685,-0.263,0.698,43.119,45.323,45.437,187.86,-727.376,15713.64,10.297,,,,
10,2022,3,30,14,30,38,-0.559,-0.06,0.264,43.675,46.029,45.753,-358.655,-1032.458,15762.34,10.297,,,,
10,2022,3,30,14,30,38,-0.303,-0.076,0.393,43.63,43.025,43.653,-410.003,-399.5,15745.28,10.297,,,,
10,2022,3,30,14,30,39,-0.538,0.061,0.171,43.497,42.517,45.189,-284.125,-811.173,15966.49,10.297,,,,
10,2022,3,30,14,30,39,-0.319,0.048,-0.365,43.319,43.6,46.385,-604.906,-1063.417,15936.99,10.297,,,,
10,2022,3,30,14,30,40,-0.414,-0.039,0.674,44.387,44.527,44.534,-203.647,-690.707,15637.5,10.297,,,,
10,2022,3,30,14,30,40,-0.229,-0.048,0.05,45.655,45.433,46.453,-545.436,-304.524,15837.49,10.297,,,,
10,2022,3,30,14,30,41,-0.254,-0.031,0.023,44.743,43.467,44.579,-596.354,-319.688,15792.85,10.297,,,,
10,2022,3,30,14,30,41,-0.283,0.165,-0.456,43.719,43.799,44.601,-423.229,-650.149,15745.74,10.297,,,,
10,2022,3,30,14,30,42,-0.472,-0.02,0.162,43.875,42.893,45.685,-99.241,-1452.047,15838.63,10.297,,,,
10,2022,3,30,14,30,42,-0.46,-0.078,0.145,42.829,44.284,44.669,-240.022,-909.775,15754.53,10.297,,,,
10,2022,3,30,14,30,43,-0.266,-0.201,0.253,44.587,43.865,46.295,-380.962,-201.147,15859.5,10.297,,,,
10,2022,3,30,14,30,43,-0.504,0.091,0.039,44.365,47.31,44.127,-408.913,-660.223,15937.97,10.297,,,,
10,2022,3,30,14,30,44,-0.475,0.046,0.436,41.984,44.041,44.15,-148.024,-385.803,15693.83,10.297,,,,
10,2022,3,30,14,30,44,-0.445,0,0.09,42.941,41.524,48.937,-361.086,-654.472,15941.9,10.297,,,,
10,2022,3,30,14,30,45,0.043,0.06,0.015,42.807,44.748,46.792,42.344,-1314.493,15705.99,10.297,,,,
10,2022,3,30,14,30,45,-0.111,0.052,-0.106,43.007,43.799,44.76,-472.685,-782.156,15960.09,10.297,,,,
10,2022,3,30,14,30,46,-0.36,-0.07,0.147,45.232,43.622,42.817,-402.97,-879.001,15988.17,10.297,,,,
10,2022,3,30,14,30,46,0.122,0.066,1.591,41.739,43.666,45.482,-327.357,-359.728,15792.65,10.297,,,,
10,2022,3,30,14,30,47,-0.682,0,0.268,44.009,44.019,46.521,46.381,-1561.728,15943.58,10.297,,,,
10,2022,3,30,14,30,48,0.02,0.043,0,47.012,44.483,43.676,-234.948,-883.335,15768.07,10.297,,,,
10,2022,3,30,14,30,48,-0.301,0.072,-0.195,44.253,44.196,44.059,-176.963,-1127.194,15864.77,10.297,,,,
10,2022,3,30,14,30,49,-0.598,-0.036,0.364,43.92,43.025,44.489,-275.634,-978.697,15775.74,10.297,,,,
10,2022,3,30,14,30,49,-0.683,-0.019,0.369,43.408,42.385,47.492,-314.44,-858.054,15706.68,10.297,,,,
10,2022,3,30,14,30,50,-0.451,-0.141,0.152,43.297,42.562,44.737,-369.609,-695.683,15780.61,10.297,,,,
10,2022,3,30,14,30,50,-0.503,-0.203,0.824,46.3,43.357,45.414,-391.246,-756.29,15919.69,10.297,,,,
10,2022,3,30,14,30,51,-0.257,-0.066,0.338,45.766,44.483,43.879,100.554,-862.783,15699.98,10.297,,,,
10,2022,3,30,14,30,51,-0.348,-0.148,0.317,42.785,43.622,44.601,-269.256,-582.018,15832.1,10.297,,,,
10,2022,3,30,14,30,52,-0.128,-0.123,0.702,44.409,42.606,46.227,22.797,-1156.82,15751.17,10.297,,,,
10,2022,3,30,14,30,52,-0.214,-0.004,0.006,44.253,42.893,46.702,-462.587,-546.859,15746.72,10.297,,,,
10,2022,3,30,14,30,53,-0.29,-0.032,-0.253,44.075,44.461,45.392,-125.564,-1264.068,15864.97,10.297,,,,
10,2022,3,30,14,30,53,-1.072,-0.162,0.9,43.653,44.108,47.628,-65.426,-393.565,15737.47,10.297,,,,
10,2022,3,30,14,30,54,-0.264,-0.068,0.073,44.565,43.489,47.04,152.274,-1368.093,15771.05,10.297,,,,
10,2022,3,30,14,30,54,-0.575,-0.082,0.236,42.384,43.291,43.608,-419.221,-740.57,15830.23,10.297,,,,
10,2022,3,30,14,30,55,-0.414,0.024,0.151,43.297,44.351,43.834,-309.249,-990.702,15841.93,10.297,,,,
10,2022,3,30,14,30,55,-0.552,-0.115,0.038,44.276,45.08,47.695,-308.796,-889.543,15853.56,10.297,,,,
10,2022,3,30,14,30,56,-0.679,-0.113,0.194,42.918,42.805,45.053,-557.517,-645.531,15931.57,10.297,,,,
11,2022,3,30,14,33,29,-1.122,-0.22,1.922,41.628,41.634,45.821,-454.082,-55.317,15715.1,10.259,,,,
11,2022,3,30,14,33,29,-0.887,-0.391,2.378,42.896,42.562,44.782,191.982,-786.045,15446.65,10.259,,,,
11,2022,3,30,14,33,30,-1.032,-0.572,2.09,44.565,43.224,44.127,-625.63,-531.054,16182.94,10.259,,,,
11,2022,3,30,14,33,30,-0.494,-0.64,3.183,42.651,43.114,44.037,4.433,-461.005,15634.72,10.259,,,,
11,2022,3,30,14,33,31,-0.937,-0.247,2.273,42.273,42.076,44.082,-86.297,-844.092,16040.4,10.259,,,,
11,2022,3,30,14,33,31,-0.328,-0.44,2.261,42.273,44.373,44.466,-674.207,-686.816,16202.25,10.259,,,,
11,2022,3,30,14,33,32,-0.845,-0.192,1.327,43.363,41.855,45.46,-603.388,273.029,15693.11,10.259,,,,
11,2022,3,30,14,33,32,-1.236,-0.143,0.968,42.117,41.833,45.234,-96.255,-444.061,15772.35,10.259,,,,
11,2022,3,30,14,33,33,-0.654,-0.398,1.918,41.606,42.407,45.256,-317.539,-510.452,15963.38,10.259,,,,
11,2022,3,30,14,33,33,-0.229,-0.365,1.078,41.205,44.572,47.018,-289.927,56.523,15827.27,10.259,,,,
11,2022,3,30,14,33,34,0.084,-0.6,2.192,42.829,42.716,44.127,-493.483,-1233.314,16051.56,10.259,,,,
11,2022,3,30,14,33,34,-0.43,-0.5,2.907,43.208,41.413,44.172,-599.154,86.557,15762.45,10.259,,,,
11,2022,3,30,14,33,35,-0.696,-0.143,2.421,42.117,43.357,46.431,472.239,-788.087,15390.63,10.259,,,,
11,2022,3,30,14,33,35,-0.611,-0.002,1.09,43.007,44.019,45.46,28.206,60.887,15447.4,10.259,,,,
11,2022,3,30,14,33,36,-0.54,-0.33,2.785,43.719,44.527,43.969,-312.427,65.171,15395.31,10.259,,,,
11,2022,3,30,14,33,36,-0.718,-0.317,1.703,42.362,43.799,42.23,-556.312,-508.319,15879.12,10.259,,,,
11,2022,3,30,14,33,37,-0.771,-0.377,1.822,42.696,42.142,43.992,-576.75,-359.099,16109.05,10.259,,,,
11,2022,3,30,14,33,37,1.729,-0.276,1.172,43.319,42.981,45.505,61.446,26.071,15450.05,10.259,,,,
11,2022,3,30,14,33,38,-0.572,-0.389,2.565,41.517,42.252,44.489,-819.479,-678.648,16368.29,10.259,,,,
11,2022,3,30,14,33,38,-0.368,-0.151,2.148,42.54,43.799,43.563,-291.021,-540.108,15819.91,10.259,,,,
11,2022,3,30,14,33,39,0.337,-0.243,1.927,43.052,44.019,44.76,86.943,-431.509,15363.37,10.259,,,,
11,2022,3,30,14,33,39,-0.32,-0.59,2.536,41.539,42.032,45.505,-312.761,-490.276,15738.99,10.259,,,,
11,2022,3,30,14,33,40,-0.513,-0.363,2.512,41.873,42.716,43.54,-3.008,-216.399,15672.64,10.259,,,,
11,2022,3,30,14,33,40,-0.473,-0.49,3.118,41.027,43.18,44.353,54.417,-516.35,15575.74,10.259,,,,
11,2022,3,30,14,33,41,-0.876,-0.433,2.424,42.162,42.473,43.969,-996.141,-138.921,16068.18,10.259,,,,
11,2022,3,30,14,33,41,-0.947,-0.42,1.948,41.517,43.092,45.437,-1311.51,-262.778,16428.18,10.259,,,,
11,2022,3,30,14,33,42,-1.3,-0.62,2.648,42.451,44.351,46.318,-985.05,-325.8,16213.26,10.259,,,,
11,2022,3,30,14,33,42,-1.053,-0.418,2.991,42.562,41.921,43.45,-733.345,-539.43,15941.53,10.259,,,,
11,2022,3,30,14,33,43,-0.517,-0.408,1.87,41.873,42.54,45.798,-292.862,-168.168,15612.09,10.259,,,,
11,2022,3,30,14,33,43,-0.77,-0.478,2.062,42.051,43.732,45.753,-303.952,-285.696,15857.36,10.259,,,,
11,2022,3,30,14,33,44,-0.543,-0.1,2.099,42.429,43.313,46.25,-714.971,-394.735,15922.11,10.259,,,,
11,2022,3,30,14,33,44,-1.061,-0.306,1.886,43.452,41.524,44.376,-441.838,-690.355,15772.45,10.259,,,,
11,2022,3,30,14,33,45,-1.103,-0.43,2.848,42.518,42.981,46.408,-493.861,-306.703,15678.4,10.259,,,,
11,2022,3,30,14,33,45,-0.345,-0.272,1.871,42.117,41.965,43.924,-627.027,-375.451,15948.7,10.259,,,,
11,2022,3,30,14,33,46,-0.398,-0.222,1.923,42.896,41.524,44.918,-302.324,559.137,15496.24,10.259,,,,
11,2022,3,30,14,33,46,-0.646,-0.504,2.465,44.031,43.533,44.76,188.796,-866.907,15520.1,10.259,,,,
11,2022,3,30,14,33,47,-0.814,-0.303,2.183,43.252,41.678,44.692,-1222.04,-350.484,16192.92,10.259,,,,
11,2022,3,30,14,33,47,-0.507,-0.03,2.895,43.03,42.186,47.063,-253.483,-353.816,15642.59,10.259,,,,
11,2022,3,30,14,33,48,-1.127,-0.438,2.378,43.92,41.524,44.421,-98.839,301.008,15373,10.259,,,,
11,2022,3,30,14,33,48,-1.615,-0.26,2.473,41.272,42.849,43.337,-505.024,-543.181,15731.76,10.259,,,,
11,2022,3,30,14,33,49,-1.113,-0.447,2.847,43.341,41.789,43.901,-489.068,-902.927,16098.25,10.259,,,,
11,2022,3,30,14,33,49,-0.625,-0.432,2.192,41.939,42.54,43.472,-375.011,-427.501,15789.82,10.259,,,,
11,2022,3,30,14,33,50,-0.594,-0.542,1.172,41.962,41.965,45.64,-576.037,-835.128,15966.66,10.259,,,,
11,2022,3,30,14,33,50,-0.828,-0.236,2.44,42.763,41.789,44.082,-514.181,-395.935,15701.12,10.259,,,,
11,2022,3,30,14,33,51,-0.523,-0.236,1.585,41.984,41.369,44.827,-1410.199,-268.999,16385.62,10.259,,,,
11,2022,3,30,14,33,51,-0.665,-0.608,2.162,41.962,41.236,45.076,-475.937,-174.065,15721.2,10.259,,,,
11,2022,3,30,14,33,52,-0.821,-0.231,1.61,45.432,41.767,45.166,-1550.297,-1231.285,16446.11,10.259,,,,
11,2022,3,30,14,33,52,-0.14,-0.21,2.118,42.095,42.716,46.182,55.291,-83.909,15468.01,10.259,,,,
11,2022,3,30,14,33,53,-1.073,-0.147,1.453,42.006,41.987,45.098,-346.58,-268.544,15860.74,10.259,,,,
11,2022,3,30,14,33,53,-1.292,-0.45,0.76,42.651,43.953,45.369,-584.2,-226.168,15818.05,10.259,,,,
11,2022,3,30,14,33,54,-0.051,-0.366,1.192,42.74,41.325,45.302,-507.16,-515.998,15897.02,10.259,,,,
11,2022,3,30,14,33,54,-0.792,-0.362,1.874,41.494,42.937,43.63,-849.047,307.043,15822.31,10.259,,,,
11,2022,3,30,14,33,55,-0.724,-0.422,1.383,42.006,42.716,45.234,-469.506,-282.941,15552.27,10.259,,,,
11,2022,3,30,14,33,55,-0.822,-0.226,1.845,42.429,42.054,44.33,-319.638,-523.032,15823.58,10.259,,,,
11,2022,3,30,14,33,56,-1.31,-0.505,1.891,42.54,43.202,45.302,-398.192,-556.729,15708.09,10.259,,,,
11,2022,3,30,14,33,56,-0.378,-0.227,1.536,42.473,42.009,44.76,-306.583,-780.549,15724.17,10.259,,,,
11,2022,3,30,14,33,57,-1.237,-0.274,2.873,41.85,42.849,45.46,-968.166,-415.535,16150.87,10.259,,,,
11,2022,3,30,14,33,57,-0.706,-0.63,2.305,41.561,41.921,45.505,36.606,-1094.129,15760.06,10.259,,,,
11,2022,3,30,14,33,58,-1.685,-0.303,2.25,41.939,42.495,44.895,349.119,-275.435,15134.49,10.265,,,,
11,2022,3,30,14,33,58,-0.783,-0.412,2.48,42.184,42.716,43.54,-998.002,-11.25,15887.87,10.259,,,,
11,2022,3,30,14,33,59,-1.505,-0.183,2.338,43.274,41.236,43.156,-532.326,-971.7,15790.82,10.265,,,,
11,2022,3,30,14,33,59,-0.663,-0.345,1.36,42.006,41.148,44.172,-595.15,315.944,15598.34,10.259,,,,
11,2022,3,30,14,34,0,-0.469,-0.382,2.886,44.454,42.297,47.018,236.664,-1178.521,15253.37,10.259,,,,
11,2022,3,30,14,34,0,-1.573,-0.498,2.427,41.828,42.12,42.84,-579.501,-246.584,15898.43,10.259,,,,
11,2022,3,30,14,34,1,-1.17,-0.476,2.774,42.985,41.899,46.25,-165.046,-618.382,15768.83,10.265,,,,
11,2022,3,30,14,34,1,-0.262,-0.492,2.522,43.653,42.319,45.189,-400.157,-109.916,15802.13,10.259,,,,
11,2022,3,30,14,34,2,-0.8,-0.379,2.009,42.229,42.805,42.772,-716.527,-89.1,15875.5,10.259,,,,
11,2022,3,30,14,34,2,-0.994,-0.429,0.788,43.43,43.313,45.098,-685.49,-420.127,15915.44,10.259,,,,
11,2022,3,30,14,34,3,-1.821,-0.395,2.609,43.697,42.783,44.872,-1328.233,788.679,15889.03,10.259,,,,
11,2022,3,30,14,34,3,-0.59,-0.252,2.094,42.496,42.385,46.047,-575.027,255.407,15643.44,10.259,,,,
11,2022,3,30,14,34,4,-0.976,-0.491,2.441,42.095,42.032,44.014,-625.475,-403.807,16006.93,10.265,,,,
11,2022,3,30,14,34,4,-1.052,-0.306,2.877,42.451,42.341,45.595,485.858,-147.207,15113.46,10.259,,,,
11,2022,3,30,14,34,5,-0.644,-0.227,1.657,43.119,42.363,45.121,-13.941,227.46,15442.96,10.259,,,,
11,2022,3,30,14,34,5,-0.864,-0.625,1.98,42.251,43.092,45.505,-788.994,20.553,15913.49,10.264,,,,
11,2022,3,30,14,34,6,-0.474,-0.181,1.17,43.764,42.385,45.347,-667.933,-300.065,15751.29,10.259,,,,
11,2022,3,30,14,34,6,-0.946,-0.14,1.08,42.985,43.092,42.998,-393.752,-635.359,15843.52,10.264,,,,
11,2022,3,30,14,34,7,-0.966,-0.741,0.755,43.742,42.297,45.572,-1013.513,-99.594,15998.88,10.259,,,,
11,2022,3,30,14,34,7,-1.459,-0.396,2.462,42.674,42.893,43.337,-199.553,-66.08,15733.52,10.264,,,,
11,2022,3,30,14,34,8,-0.578,-0.558,2.317,43.007,42.341,44.714,23.567,-191.865,15713.38,10.265,,,,
11,2022,3,30,14,34,8,-0.751,-0.281,1.331,41.316,44.064,44.669,-405.855,-918.59,15922.57,10.259,,,,
12,2022,3,30,14,38,15,-1.184,-0.587,2.188,43.853,43.18,45.211,493.421,1351.881,14758.67,10.297,,,,
12,2022,3,30,14,38,15,-0.795,-0.647,1.794,44.009,43.732,46.769,-299.364,-74.974,15991.63,10.297,,,,
12,2022,3,30,14,38,16,-0.945,-0.603,2.177,43.341,44.483,46.544,-297.601,-687.222,15888.82,10.297,,,,
12,2022,3,30,14,38,16,-1.354,-0.623,2.084,42.674,43.799,44.534,-530.082,-1143.295,16024.49,10.297,,,,
12,2022,3,30,14,38,17,-0.926,-0.789,2.248,44.276,44.969,46.273,-972.003,672.009,16213.76,10.297,,,,
12,2022,3,30,14,38,17,-1.202,-0.736,2.141,43.697,44.019,44.692,-22.412,-1068.327,16087.6,10.297,,,,
12,2022,3,30,14,38,18,-1.048,-0.698,2.15,44.276,42.76,44.195,311.77,-778.196,15490.91,10.297,,,,
12,2022,3,30,14,38,18,-0.768,-0.403,2.225,43.541,45.168,43.54,-844.393,-170.653,16186.9,10.297,,,,
12,2022,3,30,14,38,19,-0.72,-0.536,1.806,43.297,44.638,45.347,-541.646,-1946.265,15931.65,10.297,,,,
12,2022,3,30,14,38,19,-1.185,-0.716,2.464,44.053,42.517,45.55,278.23,180.666,15163.44,10.297,,,,
12,2022,3,30,14,38,20,-1.393,-0.685,2.554,43.875,44.064,45.595,-702.042,148.618,16093.02,10.297,,,,
12,2022,3,30,14,38,20,-1.014,-0.606,2.242,42.629,43.224,45.302,-409.991,626.968,15838.99,10.297,,,,
12,2022,3,30,14,38,21,-0.92,-0.611,0.759,43.363,44.572,44.872,-268.648,-207.663,15786.56,10.297,,,,
12,2022,3,30,14,38,21,-0.775,-0.782,2.143,43.63,43.887,45.618,-66.435,-1465.838,15770.61,10.297,,,,
12,2022,3,30,14,38,22,-1.265,-0.743,2.598,43.742,42.672,45.076,-1718.885,-596.823,16311.19,10.297,,,,
12,2022,3,30,14,38,22,-1.148,-0.641,2.459,43.386,41.656,45.798,70.334,-1657.346,15874.16,10.297,,,,
12,2022,3,30,14,38,23,-1.303,-0.707,2.917,42.607,45.654,45.347,-1087.317,1680.057,15887.05,10.297,,,,
12,2022,3,30,14,38,23,-1.254,-0.7,2.173,42.651,43.644,45.776,35.466,-1518.862,15851.65,10.297,,,,
12,2022,3,30,14,38,24,-1.112,-0.728,3.215,43.23,43.268,45.279,509.803,32.255,15396.61,10.297,,,,
12,2022,3,30,14,38,24,-1.332,-0.614,2.114,43.786,42.54,45.031,-347.424,-2700.602,16108.44,10.297,,,,
12,2022,3,30,14,38,25,-1.16,-0.73,2.239,42.785,42.716,45.595,-1073.765,509.062,16127.42,10.297,,,,
12,2022,3,30,14,38,25,-1.076,-0.673,2.241,42.896,45.146,44.285,149.892,-155.984,15393.37,10.297,,,,
12,2022,3,30,14,38,26,-1.28,-0.664,2.532,43.942,42.473,45.911,-264.301,-986.231,16115.94,10.297,,,,
12,2022,3,30,14,38,26,-1.248,-0.667,1.416,43.007,44.903,45.031,-431.163,202.997,15900.54,10.297,,,,
12,2022,3,30,14,38,27,-1.021,-0.398,1.75,43.341,43.357,44.85,186.926,499.806,15440.57,10.297,,,,
12,2022,3,30,14,38,27,-1.27,-0.636,2.313,43.675,42.606,45.595,-553.379,320.518,15996.36,10.297,,,,
12,2022,3,30,14,38,28,-0.933,-0.573,1.64,44.921,44.572,46.431,164.792,-1219.015,15688.39,10.297,,,,
12,2022,3,30,14,38,28,-1.241,-0.786,2.565,42.651,43.202,44.624,-2227.827,241.627,16770.44,10.297,,,,
12,2022,3,30,14,38,29,-1.131,-0.669,2.328,42.073,41.501,43.901,1010.332,-476.845,14983.2,10.297,,,,
12,2022,3,30,14,38,29,-0.906,-0.625,1.967,42.852,43.754,45.324,-49.399,-353.199,15724.77,10.297,,,,
12,2022,3,30,14,38,30,-0.949,-0.573,2.055,43.452,44.483,45.008,-739.864,-402.346,15929.08,10.297,,,,
12,2022,3,30,14,38,30,-0.939,-0.588,1.991,44.342,44.24,46.092,509.693,-487.347,15521.61,10.297,,,,
12,2022,3,30,14,38,31,-0.881,-0.526,1.588,43.63,43.622,43.676,-398.975,-74.865,15281.14,10.297,,,,
12,2022,3,30,14,38,31,-0.897,-0.63,1.913,45.099,42.429,45.572,890.127,-1005.037,15263.13,10.297,,,,
12,2022,3,30,14,38,32,-1.145,-0.738,2.332,44.187,43.533,46.273,-846.695,100.915,15883.43,10.297,,,,
12,2022,3,30,14,38,32,-0.88,-0.757,2.06,42.896,43.644,46.069,331.942,-1466.95,15374.91,10.297,,,,
12,2022,3,30,14,38,33,-1.226,-0.718,2.645,43.853,43.224,43.088,173.909,-631.571,15773.93,10.297,,,,
12,2022,3,30,14,38,33,-1.147,-0.641,2.441,42.807,44.461,44.669,-305.185,-878.901,15929.96,10.297,,,,
12,2022,3,30,14,38,34,-1.157,-0.676,2.605,43.92,43.533,44.985,-840.495,-1644.803,16362.65,10.297,,,,
12,2022,3,30,14,38,34,-0.809,-0.7,2.464,43.964,42.385,45.505,382.745,224.742,15184.74,10.297,,,,
12,2022,3,30,14,38,35,-0.769,-0.539,2.087,42.251,43.511,45.979,1011.438,-1097.088,15218.3,10.297,,,,
12,2022,3,30,14,38,35,-1.168,-0.691,2.247,42.407,44.174,45.369,-645.048,137.937,16039.54,10.297,,,,
12,2022,3,30,14,38,36,-1.041,-0.599,1.612,44.52,45.168,45.347,-1300.876,-1299.515,16362.95,10.297,,,,
12,2022,3,30,14,38,36,-1.383,-0.9,2.969,42.874,44.505,45.256,192.581,224.435,15428.62,10.297,,,,
12,2022,3,30,14,38,37,-1.129,-0.742,2.243,45.099,44.041,45.211,809.552,-3497.293,15834.75,10.297,,,,
12,2022,3,30,14,38,37,-1.214,-0.71,2.282,41.917,43.136,44.963,-1340.541,1195.974,16016.06,10.297,,,,
12,2022,3,30,14,38,38,-1.116,-0.775,2.625,44.32,41.855,44.308,-303.846,146.937,15345.85,10.297,,,,
12,2022,3,30,14,38,38,-1.331,-0.699,2.461,43.742,43.6,44.33,-332.453,588.63,15221.64,10.297,,,,
12,2022,3,30,14,38,39,-0.987,-0.704,2.223,42.985,42.562,45.414,-264.874,-53.706,15690.09,10.297,,,,
12,2022,3,30,14,38,39,-1.147,-0.686,2.123,43.386,44.439,44.556,-585.605,-1046.874,16488.8,10.297,,,,
12,2022,3,30,14,38,40,-1.081,-0.681,2.36,43.03,43.025,45.347,-386.072,337.327,15664.72,10.297,,,,
12,2022,3,30,14,38,40,-1.224,-0.673,2.546,44.832,42.893,46.114,-41.276,-241.971,15660.78,10.297,,,,
12,2022,3,30,14,38,41,-0.623,-0.674,2.113,44.743,45.543,44.421,-542.022,-239.543,15946.92,10.297,,,,
12,2022,3,30,14,38,41,-1.484,-0.362,1.543,45.01,45.742,44.918,-364.097,-1367.009,15836.6,10.297,,,,
12,2022,3,30,14,38,42,-0.916,-0.505,1.536,42.829,43.313,44.014,-1613.439,766.757,16245.81,10.297,,,,
12,2022,3,30,14,38,42,-1.171,-0.584,2.202,43.341,44.395,46.521,-634.063,-862.596,16367.45,10.297,,,,
12,2022,3,30,14,38,43,-0.603,-0.416,0.803,44.253,45.455,44.895,-466.235,-443.143,15797.45,10.297,,,,
12,2022,3,30,14,38,43,-1.213,-0.628,2.349,44.342,43.6,45.008,10.985,436.99,15582.7,10.297,,,,
12,2022,3,30,14,38,44,-1.306,-0.741,2.559,43.475,42.495,45.211,-548.599,210.757,15685.13,10.297,,,,
12,2022,3,30,14,38,44,-1.347,-0.734,2.475,44.965,43.821,46.318,-624.515,-218.363,15885.89,10.297,,,,
12,2022,3,30,14,38,45,-1.149,-0.658,1.098,43.697,45.786,45.302,335.52,-2502.023,15880.6,10.297,,,,
12,2022,3,30,14,38,45,-0.858,-0.637,1.541,42.807,43.578,44.33,-508.807,2193.287,15310.88,10.297,,,,
12,2022,3,30,14,38,46,-1.99,-0.331,2.098,43.185,44.594,44.489,-783.057,242.801,15890.1,10.297,,,,
12,2022,3,30,14,38,46,-1.228,-0.679,2.543,42.362,44.019,46.137,-231.009,605.693,15305.44,10.297,,,,
12,2022,3,30,14,38,47,-1.212,-0.787,2.43,41.873,46.272,46.16,321.661,-994.478,15401.05,10.297,,,,
12,2022,3,30,14,38,47,-1.231,-0.736,2.363,43.03,43.489,45.911,195.754,72.872,16013.42,10.297,,,,
12,2022,3,30,14,38,48,-1.241,-0.609,2.165,42.496,42.584,44.85,-1007.852,1440.2,15237.58,10.297,,,,
12,2022,3,30,14,38,48,-0.946,-0.651,1.985,44.765,44.174,43.676,-960.172,907.351,15919.52,10.297,,,,
12,2022,3,30,14,38,49,-1.351,-0.645,2.615,44.053,43.821,45.482,-1044.684,1183.243,15651.34,10.297,,,,
12,2022,3,30,14,38,49,-1.353,-0.681,2.403,43.497,44.616,43.563,62.124,462.008,15650.31,10.297,,,,
12,2022,3,30,14,38,50,-1.277,-0.775,2.486,42.473,43.533,44.579,-944.335,1256.875,15606.68,10.297,,,,
12,2022,3,30,14,38,50,-0.947,-0.714,2.458,43.386,42.981,44.579,558.393,-1591.963,15663.38,10.297,,,,
12,2022,3,30,14,38,51,-1.125,-0.766,2.622,43.297,44.594,45.956,-646.013,119.343,15624.95,10.297,,,,
12,2022,3,30,14,38,52,-1.26,-0.725,2.757,44.164,43.423,44.308,-91.423,-353.636,15782.75,10.297,,,,
12,2022,3,30,14,38,52,-1.145,-0.685,2.048,42.206,42.252,44.985,-730.172,1671.14,15711.49,10.297,,,,
12,2022,3,30,14,38,52,-0.995,-0.774,1.76,42.585,42.517,44.94,-65.69,-571.406,15418.59,10.297,,,,
12,2022,3,30,14,38,53,-1.149,-0.7,2.37,43.096,42.385,47.108,-325.343,824.125,15521.21,10.297,,,,
12,2022,3,30,14,38,54,-1.301,-0.608,2.522,43.141,43.622,44.127,1038.809,-1765.171,15444.85,10.297,,,,
12,2022,3,30,14,38,54,-1.188,-0.671,2.286,43.363,44.594,46.114,-1636.479,-865.28,17127.61,10.297,,,,
12,2022,3,30,14,38,55,-1.136,-0.715,2.648,43.608,43.114,44.082,-1161.037,356.669,16075.2,10.297,,,,
13,2022,3,30,14,41,24,-0.944,-0.586,2.344,41.339,42.407,43.066,-859.312,-1304.042,16395.42,10.302,,,,
13,2022,3,30,14,41,25,-1.161,-0.558,1.867,41.428,41.59,43.382,-10.606,997.095,15382.66,10.297,,,,
13,2022,3,30,14,41,25,-1.108,-0.521,1.925,43.363,42.783,44.669,204.074,531.279,15632.05,10.302,,,,
13,2022,3,30,14,41,26,-1.143,-0.601,2.541,43.653,42.341,44.263,-1328.091,1812.226,15867.06,10.297,,,,
13,2022,3,30,14,41,26,-1.237,-0.617,2.237,44.409,42.186,43.292,-697.846,1270.009,15858.13,10.297,,,,
13,2022,3,30,14,41,27,-1.042,-0.626,2.1,42.318,43.158,43.992,-753.46,-820.37,15716.49,10.301,,,,
13,2022,3,30,14,41,27,-1.291,-0.652,2.626,43.319,43.909,43.292,-2358.324,350.915,16837.82,10.307,,,,
13,2022,3,30,14,41,28,-0.854,-0.694,2.021,43.386,43.246,43.676,-481.601,-1327.501,16037.82,10.301,,,,
13,2022,3,30,14,41,28,-0.976,-0.437,1.64,42.874,43.114,46.521,-254.929,-533.249,15716.94,10.302,,,,
13,2022,3,30,14,41,29,-1,-0.661,2.254,42.451,41.811,43.811,-288.447,1103.406,15156.49,10.311,,,,
13,2022,3,30,14,41,29,-1.092,-0.494,1.794,44.253,43.136,44.24,-460.1,-1142.061,16100.26,10.307,,,,
13,2022,3,30,14,41,30,-1.151,-0.427,2.085,44.253,42.672,44.489,561.687,-1001.079,15680.84,10.311,,,,
13,2022,3,30,14,41,30,-1.133,-0.446,1.496,43.319,43.246,44.737,-809.408,2172.223,15361.86,10.318,,,,
13,2022,3,30,14,41,31,-0.626,-0.54,1.46,43.252,42.429,44.376,-530.943,-1177.34,16249.13,10.32,,,,
13,2022,3,30,14,41,31,-0.984,-0.471,1.75,42.963,42.76,44.489,-822.87,-643.895,15887.59,10.323,,,,
13,2022,3,30,14,41,32,-1.179,-0.497,2.097,43.119,43.931,44.489,-695.289,-1284.684,16276.91,10.325,,,,
13,2022,3,30,14,41,32,-0.844,-0.496,1.614,42.206,42.319,45.098,-1338.484,-1663.977,16650.61,10.329,,,,
13,2022,3,30,14,41,33,-0.694,-0.536,1.899,43.497,42.451,45.55,546.772,-2515.934,15615.84,10.329,,,,
13,2022,3,30,14,41,33,-0.907,-0.466,1.771,43.185,43.268,45.437,-1129.248,-1102.555,15783.5,10.323,,,,
13,2022,3,30,14,41,34,-0.935,-0.565,2.046,42.251,42.672,44.263,-1030.855,928.168,15543.03,10.334,,,,
13,2022,3,30,14,41,34,-1.011,-0.412,1.876,43.274,43.025,43.856,8.427,-1002.109,16100.45,10.334,,,,
13,2022,3,30,14,41,35,-1.329,-0.551,1.772,42.384,43.622,46.385,-893.503,3294.733,14754.81,10.329,,,,
13,2022,3,30,14,41,35,-0.935,-0.726,2.305,40.983,41.722,43.472,6.124,-868.212,15661.42,10.334,,,,
13,2022,3,30,14,41,36,-0.865,-0.601,2.202,41.85,42.429,43.924,-1437.949,-1794.941,16621.43,10.334,,,,
13,2022,3,30,14,41,36,-1.156,-0.596,2.03,43.052,43.18,45.347,530.279,-1073.163,15324.9,10.334,,,,
13,2022,3,30,14,41,37,-0.96,-0.553,2.219,41.606,42.738,43.653,-619.148,-771.998,16031.79,10.334,,,,
13,2022,3,30,14,41,37,-1.238,-0.583,2.19,43.363,42.672,42.795,-453.735,115.385,15538.31,10.334,,,,
13,2022,3,30,14,41,38,-1.008,-0.555,2.098,43.074,41.811,43.969,-1252.181,-1325.004,16121.13,10.334,,,,
13,2022,3,30,14,41,38,-1.047,-0.443,1.65,44.854,43.6,43.676,-1327.799,-3207.406,16536.42,10.334,,,,
13,2022,3,30,14,41,39,-1.067,-0.519,1.989,43.541,43.092,43.382,-450.285,293.582,15630.87,10.334,,,,
13,2022,3,30,14,41,39,-1.102,-0.488,2.048,41.65,42.584,44.172,-720.656,-364.267,16102.16,10.334,,,,
13,2022,3,30,14,41,40,-1.201,-0.379,1.82,42.006,42.054,44.624,-811.015,21.603,15791.43,10.334,,,,
13,2022,3,30,14,41,40,-0.862,-0.495,1.199,43.942,42.208,45.956,-838.218,-399.344,15522.02,10.334,,,,
13,2022,3,30,14,41,41,-1.205,-0.506,2.021,43.074,42.385,44.172,422.084,533.188,14671.19,10.334,,,,
13,2022,3,30,14,41,41,-1.101,-0.561,2.123,43.096,41.524,44.918,789.499,1190.133,14998.99,10.334,,,,
13,2022,3,30,14,41,42,-0.998,-0.527,2.064,42.14,42.407,43.156,-1916.895,1254.909,15740.47,10.334,,,,
13,2022,3,30,14,41,42,-0.983,-0.333,1.405,43.653,42.473,45.189,2195.855,-1738.404,14897,10.334,,,,
13,2022,3,30,14,41,43,-0.598,-0.345,1.43,41.939,42.076,44.511,-612.078,-1776.026,16507.79,10.334,,,,
13,2022,3,30,14,41,43,-1.189,-0.552,2.082,42.384,42.871,43.246,-1110.234,313.938,15520.49,10.334,,,,
13,2022,3,30,14,41,44,-0.928,-0.536,2.341,43.608,42.959,43.834,861.282,-2984.302,16006.53,10.334,,,,
13,2022,3,30,14,41,44,-0.908,-0.589,1.963,42.674,42.716,44.782,118.2,-83.97,15421.2,10.334,,,,
13,2022,3,30,14,41,45,-1.12,-0.588,2.331,44.075,41.479,44.127,243.741,-1348.416,15348.71,10.334,,,,
13,2022,3,30,14,41,45,-0.698,-0.508,1.888,43.475,42.473,42.501,558.101,-3305.201,15812.82,10.334,,,,
13,2022,3,30,14,41,46,-0.773,-0.535,2.031,43.319,42.23,42.908,-534.424,412.579,15286.62,10.334,,,,
13,2022,3,30,14,41,46,-0.875,-0.466,1.588,43.764,43.379,43.563,-2474.896,-1413.645,17015.51,10.334,,,,
13,2022,3,30,14,41,47,-0.812,-0.528,1.735,44.431,42.451,44.918,-1574.299,615.589,15806.18,10.334,,,,
13,2022,3,30,14,41,47,-0.857,-0.544,2.018,43.23,42.032,44.737,-675.523,-1454.692,15925.05,10.334,,,,
13,2022,3,30,14,41,48,-1.039,-0.493,1.809,41.873,40.927,45.098,-847.785,-1441.065,15777.49,10.334,,,,
13,2022,3,30,14,41,48,-0.928,-0.564,1.455,43.697,42.959,44.963,-948.697,138.297,16127.29,10.334,,,,
13,2022,3,30,14,41,49,-0.893,-0.578,2.158,41.784,44.13,44.218,-863.638,-3044.635,15902.1,10.334,,,,
13,2022,3,30,14,41,49,-0.982,-0.65,2.604,43.096,42.65,45.324,-734.066,-633.023,15937.77,10.334,,,,
13,2022,3,30,14,41,50,-1.236,-0.623,2.794,42.117,42.252,43.743,198.323,-1193.83,15239.9,10.334,,,,
13,2022,3,30,14,41,50,-1.111,-0.73,2.781,42.229,42.429,44.511,-1420.206,-1287.365,16252.9,10.334,,,,
13,2022,3,30,14,41,51,-0.817,-0.562,1.119,43.185,40.751,43.314,-1640.185,551.645,16165.32,10.334,,,,
13,2022,3,30,14,41,51,-1.054,-0.701,2.546,43.386,42.937,44.827,-2096.076,53.64,15816.9,10.334,,,,
13,2022,3,30,14,41,52,-1.085,-0.622,2.311,42.184,41.744,45.505,-881.925,-2125.428,16189.73,10.334,,,,
13,2022,3,30,14,41,52,-0.955,-0.548,2.132,44.098,43.357,44.805,-646.771,206.213,15623.4,10.334,,,,
13,2022,3,30,14,41,53,-1.122,-0.475,1.258,43.786,42.429,43.856,-745.343,-79.321,15391.23,10.334,,,,
13,2022,3,30,14,41,53,-1.37,-0.745,3.015,43.964,41.06,44.489,-1449.21,1107.727,15931.24,10.334,,,,
13,2022,3,30,14,41,54,-1.228,-0.52,2.306,43.297,41.59,45.189,-432.525,-2613.581,16104.82,10.334,,,,
13,2022,3,30,14,41,54,-1.135,-0.701,2.703,43.03,42.628,44.556,-70.181,-381.688,14747.39,10.334,,,,
13,2022,3,30,14,41,55,-0.82,-0.682,2.416,43.185,43.821,45.482,-1143.862,-1329.747,15755.25,10.334,,,,
13,2022,3,30,14,41,55,-1.234,-0.526,2.344,41.428,41.479,43.111,-436.354,-2600.506,15851.97,10.334,,,,
13,2022,3,30,14,41,56,-1.086,-0.762,2.539,44.164,41.789,44.195,-661.066,-1286.88,15750.9,10.334,,,,
13,2022,3,30,14,41,56,-1.063,-0.399,1.471,44.142,43.335,44.511,-389.987,-2619.256,15991.79,10.334,,,,
13,2022,3,30,14,41,57,-1.484,-0.27,2.002,42.585,42.606,44.624,-705.823,732.684,15614.81,10.334,,,,
13,2022,3,30,14,41,57,-1.424,-0.467,2.052,42.763,43.666,44.082,-538.498,-2816.674,15604.27,10.334,,,,
13,2022,3,30,14,41,58,-1.194,-0.701,2.648,43.007,41.634,45.143,-1564.472,622.686,15512.02,10.334,,,,
13,2022,3,30,14,41,58,-0.861,-0.648,2.272,43.297,41.546,45.279,-509.948,-3370.456,15664.47,10.334,,,,
13,2022,3,30,14,41,59,-0.865,-0.591,2.225,42.429,42.517,43.382,-742.215,-456.025,15698,10.334,,,,
13,2022,3,30,14,41,59,-1.173,-0.452,2.23,42.006,41.855,42.501,-694.233,-2294.544,16454.38,10.334,,,,
13,2022,3,30,14,42,0,-1.159,-0.604,2.442,43.319,43.379,43.811,-110.523,-2549.625,15915.92,10.334,,,,
13,2022,3,30,14,42,0,-0.993,-0.679,2.704,40.738,44.196,43.608,192.435,-3444.201,15920.14,10.334,,,,
13,2022,3,30,14,42,1,-1.266,-0.565,2.278,42.54,43.202,44.285,-1575.555,-951.487,16488.24,10.334,,,,
13,2022,3,30,14,42,1,-0.786,-0.651,2.058,41.494,41.347,45.098,-1427.345,417.895,16071.59,10.334,,,,
13,2022,3,30,14,42,2,-0.858,-0.416,1.682,43.831,43.489,43.969,1.254,-197.39,15383.98,10.334,,,,
13,2022,3,30,14,42,2,-0.976,-0.632,1.916,41.717,42.076,42.298,11.155,-98.706,15702.56,10.334,,,,
13,2022,3,30,14,42,3,-0.984,-0.539,1.949,43.697,43.799,44.421,-163.126,-76.309,15537.7,10.334,,,,
13,2022,3,30,14,42,3,-1.186,-0.63,2.385,44.876,43.688,43.224,-1075.764,-1063.52,15942.87,10.334,,,,
13,2022,3,30,14,42,4,-1.058,-0.564,2.166,41.806,42.451,44.76,-1895.878,422.698,16395.44,10.334,,,,
14,2022,3,30,14,44,50,-0.887,-0.597,2.097,43.697,43.644,45.008,268.745,1365.265,15052.28,10.334,,,,
14,2022,3,30,14,44,51,-0.75,-0.436,1.891,43.519,42.893,43.947,-729.945,-116.157,14979.83,10.334,,,,
14,2022,3,30,14,44,51,-0.511,-0.475,1.562,43.163,42.76,45.392,-1364.446,649.386,15589.72,10.334,,,,
14,2022,3,30,14,44,52,-0.833,-0.466,1.839,43.92,44.439,45.234,-120.549,-721.395,15757.28,10.334,,,,
14,2022,3,30,14,44,52,-1.214,-0.516,2.183,41.205,43.533,43.924,-1358.275,-1488.347,16277.12,10.334,,,,
14,2022,3,30,14,44,53,-1.087,-0.497,2.174,44.031,42.407,45.934,-1545.452,-2038.105,16441.64,10.334,,,,
14,2022,3,30,14,44,53,-0.969,-0.552,2.099,42.407,42.937,44.692,-1487.926,320.625,15867.53,10.334,,,,
14,2022,3,30,14,44,54,-0.727,-0.482,1.661,42.562,42.716,45.414,-582.872,-1007.369,16006.02,10.334,,,,
14,2022,3,30,14,44,54,-0.769,-0.57,2.258,42.028,42.363,45.776,-599.742,39.54,15548.69,10.334,,,,
14,2022,3,30,14,44,55,-1.074,-0.4,1.55,42.985,42.694,45.392,-895.231,-1858.31,15930.92,10.334,,,,
14,2022,3,30,14,44,55,-0.74,-0.459,1.662,42.429,43.622,44.669,-458.113,42.587,15825.37,10.334,,,,
14,2022,3,30,14,44,56,-0.784,-0.463,1.964,42.985,43.467,44.398,-182.013,-1077.391,15333.51,10.334,,,,
14,2022,3,30,14,44,56,-1.109,-0.588,2.127,41.405,42.937,43.608,-9.796,-1330.244,16078.86,10.334,,,,
14,2022,3,30,14,44,57,-0.823,-0.495,2.088,42.562,43.268,43.811,-951.433,199.693,16176.2,10.334,,,,
14,2022,3,30,14,44,57,-0.911,-0.478,1.842,43.43,42.562,42.75,921.129,-1649.729,14807.44,10.334,,,,
14,2022,3,30,14,44,58,-1.278,-0.569,2.233,44.209,42.672,44.489,-1707.977,-424.639,15988.65,10.334,,,,
14,2022,3,30,14,44,58,-1.17,-0.548,1.944,43.408,42.341,45.211,-698.138,756.133,15903.88,10.334,,,,
14,2022,3,30,14,44,59,-0.818,-0.537,1.978,42.429,42.562,45.527,-98.049,-1536.298,16033.88,10.334,,,,
14,2022,3,30,14,44,59,-1.036,-0.493,2.093,43.23,41.921,46.25,-1073.93,1041.826,15219.49,10.334,,,,
14,2022,3,30,14,45,0,-0.957,-0.421,1.891,42.251,43.003,44.579,-13.552,-3088.615,15805.6,10.334,,,,
14,2022,3,30,14,45,0,-0.845,-0.581,2.093,43.408,39.801,44.082,-771.263,-157.091,15634.34,10.334,,,,
14,2022,3,30,14,45,1,-0.956,-0.433,1.812,42.295,42.186,45.143,-837.847,-67.664,15552.96,10.334,,,,
14,2022,3,30,14,45,1,-1.133,-0.5,2.047,44.12,44.24,44.218,-628.507,205.18,15913.77,10.334,,,,
14,2022,3,30,14,45,2,-1.167,-0.424,1.888,44.921,43.202,44.827,-592.097,-343.177,15782.13,10.334,,,,
14,2022,3,30,14,45,2,-1.048,-0.632,2.355,43.875,42.893,43.472,-97.715,-1164.069,15053.94,10.334,,,,
14,2022,3,30,14,45,3,-0.81,-0.49,1.74,42.384,43.136,44.421,-1372.157,955.721,16074.33,10.334,,,,
14,2022,3,30,14,45,3,-0.89,-0.459,1.718,42.429,44.284,46.385,-207.093,454.916,15109.54,10.334,,,,
14,2022,3,30,14,45,4,-1.009,-0.466,1.983,41.962,43.401,46.137,-1601.657,196.404,15923.65,10.334,,,,
14,2022,3,30,14,45,4,-1.008,-0.516,2.065,42.184,42.849,43.405,849.362,-583.269,15103.83,10.334,,,,
14,2022,3,30,14,45,5,-1.074,-0.507,1.797,43.252,42.738,45.414,-1609.796,1912.864,15891.02,10.334,,,,
14,2022,3,30,14,45,5,-1.02,-0.429,1.902,42.407,42.584,45.076,-1337.161,-1961.005,16411.3,10.334,,,,
14,2022,3,30,14,45,6,-0.861,-0.491,1.917,42.918,42.319,42.863,-500.327,-788.522,15322.08,10.334,,,,
14,2022,3,30,14,45,6,-0.938,-0.503,2.029,41.873,42.871,43.359,-1324.307,1263.4,15949.15,10.334,,,,
14,2022,3,30,14,45,7,-1.08,-0.482,1.895,42.941,42.495,45.911,105.53,-1117.761,15534.51,10.334,,,,
14,2022,3,30,14,45,7,-0.938,-0.398,1.657,42.651,43.07,44.692,-228.808,-2323.065,15865.49,10.334,,,,
14,2022,3,30,14,45,8,-1.078,-0.53,1.889,43.363,39.58,44.511,-585.632,-242.369,15810.34,10.334,,,,
14,2022,3,30,14,45,8,-0.928,-0.582,2.28,43.007,41.921,43.495,-1182.684,489.56,15377.84,10.334,,,,
14,2022,3,30,14,45,9,-0.981,-0.446,1.789,43.541,44.527,44.714,-295.544,-1385.185,16365.06,10.334,,,,
14,2022,3,30,14,45,9,-0.985,-0.494,2.017,44.276,42.363,45.392,-780.132,-232.904,16017.46,10.334,,,,
14,2022,3,30,14,45,10,-0.967,-0.497,1.939,43.119,43.622,45.911,-1733.074,-285.06,16792.27,10.334,,,,
14,2022,3,30,14,45,10,-0.921,-0.494,2.062,43.274,42.076,44.218,173.881,-169.079,15029.56,10.334,,,,
14,2022,3,30,14,45,11,-0.812,-0.51,1.928,43.452,42.805,44.15,121.888,-611.423,15163.43,10.334,,,,
14,2022,3,30,14,45,11,-1.114,-0.547,2.061,43.697,42.054,43.834,-506.869,-2087.356,15520.42,10.334,,,,
14,2022,3,30,14,45,12,-0.749,-0.582,1.986,43.163,42.76,47.063,-2339.321,284.917,16387.51,10.334,,,,
14,2022,3,30,14,45,12,-1.154,-0.471,1.847,43.341,44.439,46.137,-792.197,-1454.536,16034.68,10.334,,,,
14,2022,3,30,14,45,13,-1.064,-0.52,2.134,42.852,43.114,45.031,-340.103,1033.922,15401.72,10.334,,,,
14,2022,3,30,14,45,13,-0.899,-0.461,1.633,43.074,44.152,44.669,-514.865,-753.845,16042.99,10.334,,,,
14,2022,3,30,14,45,14,-1.04,-0.449,2.113,42.051,41.877,45.392,-694.758,-1183.727,15989.07,10.334,,,,
14,2022,3,30,14,45,14,-1.057,-0.496,1.58,41.828,41.877,44.579,283.391,-3039.155,16134.75,10.334,,,,
14,2022,3,30,14,45,15,-0.807,-0.521,2.044,41.25,40.574,45.46,-24.76,-996.665,15398.21,10.334,,,,
14,2022,3,30,14,45,15,-1.11,-0.485,2.009,42.807,42.23,46.476,-1396.887,-126.795,16380.81,10.334,,,,
14,2022,3,30,14,45,16,-1.17,-0.442,1.815,41.828,43.291,44.805,-750.375,232.503,15825.73,10.334,,,,
14,2022,3,30,14,45,16,-0.977,-0.357,1.295,43.163,42.407,44.963,481.961,439.708,14698.92,10.334,,,,
14,2022,3,30,14,45,17,-0.938,-0.497,1.9,42.473,41.811,44.985,-2726.738,-936.215,16240.94,10.334,,,,
14,2022,3,30,14,45,17,-0.934,-0.418,1.923,41.739,43.732,45.189,-434.962,-417.956,15225.51,10.334,,,,
14,2022,3,30,14,45,18,-0.988,-0.402,1.715,40.493,42.54,44.037,-418.67,-155.406,16205,10.334,,,,
14,2022,3,30,14,45,18,-0.793,-0.424,1.54,42.785,43.158,45.347,281.035,-3294.253,15560.92,10.334,,,,
14,2022,3,30,14,45,19,-1.07,-0.448,1.833,42.674,42.937,45.979,391.857,-662.093,15046.55,10.334,,,,
14,2022,3,30,14,45,19,-0.979,-0.378,1.521,42.229,44.77,44.285,-98.404,-1087.442,16271.05,10.334,,,,
14,2022,3,30,14,45,20,-1.222,-0.454,2.031,43.964,42.429,44.918,555.095,-1152.202,15189.45,10.334,,,,
14,2022,3,30,14,45,20,-1.017,-0.542,2.109,42.34,42.871,44.376,-1624.695,-215.105,15982.13,10.334,,,,
14,2022,3,30,14,45,21,-0.846,-0.519,2.058,42.696,43.821,43.811,342.445,-1421.955,15072.06,10.334,,,,
14,2022,3,30,14,45,21,-1.03,-0.523,1.859,42.384,42.23,44.624,-71.901,383.58,14948.62,10.334,,,,
14,2022,3,30,14,45,22,-1.024,-0.459,1.811,43.63,43.246,44.872,37.04,-1276.769,15619.3,10.334,,,,
14,2022,3,30,14,45,22,-0.818,-0.511,2.069,41.784,42.937,44.827,-1466.287,420.041,16012.08,10.334,,,,
14,2022,3,30,14,45,23,-1.032,-0.567,2.148,42.874,41.104,45.482,-354.572,-378.764,15228.88,10.334,,,,
14,2022,3,30,14,45,23,-1.036,-0.502,1.934,42.229,42.076,45.798,-2037.4,-1365.64,16795.56,10.334,,,,
14,2022,3,30,14,45,24,-1.051,-0.507,1.897,41.494,42.054,44.511,-1113.949,-989.256,16493.32,10.334,,,,
14,2022,3,30,14,45,24,-1.017,-0.487,1.851,42.54,42.959,46.114,-971.784,864.715,15732.53,10.334,,,,
14,2022,3,30,14,45,25,-1.203,-0.391,1.714,42.607,42.805,44.489,-469.994,-516.262,15937.34,10.334,,,,
14,2022,3,30,14,45,25,-1.077,-0.482,2.061,41.784,43.953,44.059,-971.85,541.544,15569.13,10.334,,,,
14,2022,3,30,14,45,26,-0.871,-0.526,1.831,43.096,43.092,43.947,-282.136,-49.253,15493.11,10.334,,,,
14,2022,3,30,14,45,26,-0.959,-0.43,1.608,42.829,42.783,44.33,113.23,-131.924,14539.63,10.334,,,,
14,2022,3,30,14,45,27,-1.077,-0.445,1.777,42.295,42.981,43.45,-1586.971,1834.02,15690.42,10.334,,,,
14,2022,3,30,14,45,27,-0.916,-0.526,2.076,41.561,41.767,44.624,-1644.75,-228.754,15769.75,10.334,,,,
14,2022,3,30,14,45,28,-0.846,-0.488,1.971,43.519,41.413,44.376,-2092.417,-252.103,16653.34,10.334,,,,
14,2022,3,30,14,45,28,-0.865,-0.608,2.216,42.874,41.943,44.737,422.175,-792.539,14983.75,10.334,,,,
14,2022,3,30,14,45,29,-0.861,-0.559,2.149,43.119,42.385,45.505,242.988,-2012.744,15472.58,10.334,,,,
14,2022,3,30,14,45,29,-0.885,-0.513,1.74,41.45,43.158,45.708,-227.751,717.781,15139.13,10.334,,,,
14,2022,3,30,14,45,30,-1.08,-0.394,1.575,42.941,42.562,44.15,-1182.564,-401.858,16456.77,10.334,,,,
15,2022,3,30,14,47,39,-0.463,-0.143,0.563,41.739,44.174,43.517,-389.604,-695.67,15708.58,10.334,,,,
15,2022,3,30,14,47,40,-0.596,-0.154,0.502,41.138,42.937,42.998,-484.767,-663.276,15579.9,10.334,,,,
15,2022,3,30,14,47,40,-0.77,-0.193,0.73,43.274,43.776,43.292,-698.471,-341.685,15658.28,10.334,,,,
15,2022,3,30,14,47,41,-0.676,-0.227,0.367,44.053,40.993,43.314,-278.124,-390.733,15305.17,10.334,,,,
15,2022,3,30,14,47,41,-0.701,-0.193,0.744,41.65,42.297,44.872,-219.55,-563.247,15632.92,10.334,,,,
15,2022,3,30,14,47,42,-0.717,-0.139,0.491,42.429,41.568,45.256,-729.278,-884.265,16013.7,10.334,,,,
15,2022,3,30,14,47,42,-0.685,-0.291,1.112,41.583,42.297,44.376,-414.496,-483.389,15747.92,10.334,,,,
15,2022,3,30,14,47,43,-0.67,-0.104,0.345,42.54,43.423,45.031,-304.96,-884.646,15832.04,10.334,,,,
15,2022,3,30,14,47,43,-0.815,-0.189,0.53,43.653,43.821,42.095,-432.444,-427.748,15696.62,10.334,,,,
15,2022,3,30,14,47,44,-0.313,-0.172,1.031,41.161,41.833,43.246,-793.811,-241.663,15922.16,10.334,,,,
15,2022,3,30,14,47,44,-0.565,-0.077,0.212,44.031,43.71,42.14,-344.182,-858.769,15852.98,10.334,,,,
15,2022,3,30,14,47,45,-0.972,-0.161,0.66,42.896,42.12,43.563,-723.661,-1101.739,16041.59,10.334,,,,
15,2022,3,30,14,47,45,-0.552,-0.025,0.134,43.297,43.07,45.279,-603.41,-901.791,15874.1,10.334,,,,
15,2022,3,30,14,47,46,-0.98,-0.147,0.479,42.718,43.511,43.947,-503.515,-757.404,15725.58,10.334,,,,
15,2022,3,30,14,47,46,-0.774,-0.216,0.599,42.963,41.656,44.353,-833.517,-732.145,15962.32,10.334,,,,
15,2022,3,30,14,47,47,-0.747,-0.263,0.975,42.273,42.23,43.088,-666.624,-900.792,15862.02,10.334,,,,
15,2022,3,30,14,47,47,-0.809,-0.126,0.36,40.938,41.568,43.834,-699.432,-706.864,15833.96,10.334,,,,
15,2022,3,30,14,47,48,-1.165,-0.171,0.8,43.808,42.363,45.031,-548.187,-568.062,15768.17,10.334,,,,
15,2022,3,30,14,47,48,-0.967,-0.142,0.698,42.518,43.887,43.721,-1028.206,-789.28,15963.17,10.334,,,,
15,2022,3,30,14,47,49,-0.695,-0.087,0.168,41.25,42.23,44.963,-779.264,-941.901,15910.67,10.334,,,,
15,2022,3,30,14,47,49,-0.702,-0.124,0.719,41.984,41.789,43.63,-625.62,-920.088,15789.82,10.334,,,,
15,2022,3,30,14,47,50,-0.897,-0.172,0.578,43.653,42.495,44.466,-1116.742,-791.516,15915.69,10.334,,,,
15,2022,3,30,14,47,50,-0.678,-0.186,0.593,43.942,42.783,46.024,-400.482,-359.455,15487.39,10.334,,,,
15,2022,3,30,14,47,51,-0.856,-0.172,0.682,40.827,44.13,42.546,-560.349,-1020.444,15790.24,10.334,,,,
15,2022,3,30,14,47,51,-0.785,-0.167,0.425,42.362,41.789,44.24,-736.21,-1094.124,15996.29,10.334,,,,
15,2022,3,30,14,47,52,-0.772,-0.166,0.846,43.92,43.224,42.637,-704.678,-614.352,15836.88,10.334,,,,
15,2022,3,30,14,47,52,-0.694,-0.161,0.831,42.34,43.202,44.285,-990.755,-749.908,16172.82,10.334,,,,
15,2022,3,30,14,47,53,-0.737,-0.165,0.919,43.274,41.17,43.721,-586.209,-797.284,15896.25,10.334,,,,
15,2022,3,30,14,47,53,-0.816,-0.075,0.308,43.408,42.252,40.265,-640.367,-760.41,15793.82,10.334,,,,
15,2022,3,30,14,47,54,-0.646,-0.198,0.666,42.718,42.783,45.076,-504.334,-962.705,15775.25,10.334,,,,
15,2022,3,30,14,47,54,-0.675,-0.191,0.696,40.271,41.325,41.214,-556.085,-1077.723,15920.71,10.334,,,,
15,2022,3,30,14,47,55,-0.593,-0.258,0.66,40.96,41.126,44.85,-652.285,-624.057,15751.08,10.334,,,,
15,2022,3,30,14,47,55,-0.778,-0.16,0.786,41.761,42.716,44.692,-559.893,-641.128,15654.59,10.334,,,,
15,2022,3,30,14,47,56,-0.602,-0.19,0.632,43.03,44.991,44.985,-569.19,-653.123,15641.65,10.334,,,,
15,2022,3,30,14,47,56,-0.598,-0.155,0.926,44.832,42.827,43.563,-584.564,-721.376,15820.6,10.334,,,,
15,2022,3,30,14,47,57,-0.55,-0.261,1.001,42.74,42.473,43.224,-839.906,-867.135,15845.27,10.334,,,,
15,2022,3,30,14,47,57,-0.712,-0.117,0.515,44.409,43.953,42.75,-553,-641.091,15515.15,10.334,,,,
15,2022,3,30,14,47,58,-0.665,-0.123,0.43,42.874,43.291,45.031,-837.35,-367.962,15660.34,10.334,,,,
15,2022,3,30,14,47,58,-0.755,-0.163,0.579,43.742,40.309,44.353,-1102.392,-499.013,15839.05,10.334,,,,
15,2022,3,30,14,47,59,-0.711,-0.166,0.519,43.519,43.423,43.246,-611.771,-923.273,15728.45,10.334,,,,
15,2022,3,30,14,47,59,-0.714,-0.224,0.833,42.451,42.827,44.15,-804.256,-914.305,15951.87,10.334,,,,
15,2022,3,30,14,48,0,-0.443,-0.28,0.667,41.561,41.524,44.353,-730.164,-400.577,15753.03,10.334,,,,
15,2022,3,30,14,48,0,-0.535,-0.146,0.454,42.852,41.833,45.798,-679.323,-628.164,15846.29,10.334,,,,
15,2022,3,30,14,48,1,-0.524,-0.193,0.267,42.518,42.628,44.218,-826.958,-1006.102,15547.71,10.334,,,,
15,2022,3,30,14,48,1,-0.711,-0.142,0.716,42.941,43.357,43.156,-739.369,-1134.131,15939.85,10.334,,,,
15,2022,3,30,14,48,2,-0.637,-0.1,0.381,42.073,42.805,42.704,39.168,-992.638,15274.18,10.334,,,,
15,2022,3,30,14,48,2,-0.562,-0.1,0.405,43.697,41.744,43.585,-988.994,-1058.518,15796.55,10.334,,,,
15,2022,3,30,14,48,3,-0.869,-0.162,0.738,42.585,43.18,44.263,-966.616,-506.233,15792.71,10.334,,,,
15,2022,3,30,14,48,3,-0.65,-0.24,1.042,41.917,43.776,44.127,-786.262,-578.297,15774.44,10.334,,,,
15,2022,3,30,14,48,4,-0.663,-0.301,1.261,43.408,41.855,43.382,-900.295,-629.393,15938.99,10.334,,,,
15,2022,3,30,14,48,4,-0.677,-0.281,1.033,40.983,43.6,44.24,-802.552,-832.289,15929.84,10.334,,,,
15,2022,3,30,14,48,5,-0.741,-0.141,0.351,42.295,41.767,42.343,-794.451,-221.285,15607.75,10.334,,,,
15,2022,3,30,14,48,5,-0.884,-0.228,1.129,40.404,42.562,43.472,-765.293,-653.475,15622.63,10.334,,,,
15,2022,3,30,14,48,6,-0.481,-0.279,0.963,44.72,42.959,44.285,-1023.218,-605.332,15958.46,10.334,,,,
15,2022,3,30,14,48,6,-0.647,-0.148,0.75,41.85,42.517,45.753,-766.607,-551.352,15707.68,10.334,,,,
15,2022,3,30,14,48,7,-0.894,-0.054,0.549,43.141,43.578,43.969,-783.655,-415.602,15689.24,10.334,,,,
15,2022,3,30,14,48,7,-0.834,-0.229,1.285,43.519,42.849,44.669,-976.581,-825.895,15860.99,10.334,,,,
15,2022,3,30,14,48,8,-0.622,-0.223,1.054,43.341,43.025,44.037,-1571.128,-561.548,16123.23,10.334,,,,
15,2022,3,30,14,48,8,-0.686,-0.116,0.483,43.564,42.893,41.891,-1041.735,-795.307,16036.42,10.334,,,,
15,2022,3,30,14,48,9,-0.769,-0.126,0.867,45.588,42.495,45.979,-1124.957,-100.204,15863.35,10.334,,,,
15,2022,3,30,14,48,9,-0.805,-0.238,0.966,42.985,40.861,44.985,-522.743,-785.852,15419.46,10.334,,,,
15,2022,3,30,14,48,10,-0.706,-0.154,0.6,43.23,42.716,42.885,-868.17,-460.333,15815.98,10.334,,,,
15,2022,3,30,14,48,10,-0.644,-0.185,0.857,42.985,44.24,43.766,-890.462,-607.676,15870.89,10.334,,,,
15,2022,3,30,14,48,11,-0.553,-0.199,0.738,42.273,42.473,43.269,-412.576,-323.735,15397.87,10.334,,,,
15,2022,3,30,14,48,11,-0.726,-0.041,0.082,42.807,43.07,44.466,-503.744,-481.945,15747.82,10.334,,,,
15,2022,3,30,14,48,12,-0.622,-0.149,0.165,44.253,42.849,42.546,-700.172,-399.74,15741.04,10.334,,,,
15,2022,3,30,14,48,12,-0.69,-0.219,0.482,43.875,42.495,46.927,-1006.519,28.791,15745.13,10.334,,,,
15,2022,3,30,14,48,13,-0.646,-0.095,0.627,42.451,40.574,42.614,-1097.627,-138.12,15928.06,10.334,,,,
15,2022,3,30,14,48,13,-0.684,-0.169,0.667,41.784,42.054,44.263,-1382.853,257.626,16104.21,10.334,,,,
15,2022,3,30,14,48,14,-0.807,-0.172,0.855,42.473,43.401,44.624,-956.464,-454.567,15975.83,10.334,,,,
15,2022,3,30,14,48,14,-1.038,-0.179,0.78,43.274,41.435,44.489,-404.232,-57.653,15614.6,10.334,,,,
15,2022,3,30,14,48,15,-0.843,-0.232,0.926,41.294,43.379,44.918,-738.206,-57.453,15816.91,10.334,,,,
15,2022,3,30,14,48,15,-0.657,-0.106,0.632,43.363,44.549,44.76,-545.4,52.676,15921.13,10.334,,,,
15,2022,3,30,14,48,16,-1.034,-0.168,1.064,43.964,39.249,45.234,-867.753,-73.035,15871.08,10.334,,,,
15,2022,3,30,14,48,16,-0.682,-0.363,1.297,43.007,42.032,42.004,-1212.984,-85.067,15923.01,10.334,,,,
15,2022,3,30,14,48,17,-0.27,-0.439,1.652,42.206,41.767,43.766,-888.221,-2.613,15819.8,10.334,,,,
15,2022,3,30,14,48,17,-0.583,-0.167,0.721,42.117,41.855,44.353,-716.92,-208.27,15863.91,10.334,,,,
15,2022,3,30,14,48,18,-0.909,-0.054,0.479,42.229,42.164,41.688,-1218.49,-340.771,15465.49,10.334,,,,
15,2022,3,30,14,48,18,-0.857,-0.238,0.912,43.897,43.533,43.879,-1918.966,156.914,15616.32,10.334,,,,
15,2022,3,30,14,48,19,-0.786,-0.162,0.99,44.854,43.291,42.975,-1143.155,-553.618,16175.47,10.334,,,,
16,2022,3,30,14,51,36,-0.079,0.148,-0.456,43.319,45.919,47.311,-193.068,-863.231,15818.9,10.297,,,,
16,2022,3,30,14,51,36,-0.319,-0.024,-0.026,44.654,42.694,46.544,-181.963,-796.653,15810.58,10.297,,,,
16,2022,3,30,14,51,37,-0.124,-0.021,0.272,46.745,46.051,44.872,-226.101,-834.416,15832.07,10.297,,,,
16,2022,3,30,14,51,37,-0.171,0.018,0.033,43.853,44.284,46.227,-184.59,-892.932,15804.29,10.297,,,,
16,2022,3,30,14,51,38,-0.097,0.063,-0.186,44.009,45.256,44.263,-169.262,-889.878,15817.11,10.297,,,,
16,2022,3,30,14,51,38,-0.136,0.042,-0.047,41.895,43.335,43.834,-175.858,-856.574,15805.65,10.297,,,,
16,2022,3,30,14,51,39,-0.223,-0.103,0.452,45.21,43.18,44.827,-191.524,-842.187,15841.38,10.297,,,,
16,2022,3,30,14,51,39,-0.266,-0.083,0.185,41.517,43.776,44.285,-190.524,-894.962,15814.32,10.297,,,,
16,2022,3,30,14,51,40,-0.152,-0.057,0.342,44.787,44.505,45.189,-202.288,-991.653,15818.89,10.297,,,,
16,2022,3,30,14,51,40,-0.025,-0.007,0.09,45.499,42.098,46.295,-166.409,-897.904,15826.4,10.301,,,,
16,2022,3,30,14,51,41,-0.098,-0.065,0.33,43.92,43.843,44.647,-128.787,-870.124,15819.08,10.297,,,,
16,2022,3,30,14,51,41,-0.076,-0.033,0.204,48.97,46.67,47.808,-168.641,-834.168,15813.26,10.297,,,,
16,2022,3,30,14,51,42,-0.208,-0.093,0.563,44.809,43.048,45.189,-136.208,-854.214,15827.93,10.297,,,,
16,2022,3,30,14,51,42,-0.208,-0.131,0.534,44.053,41.899,48.237,-144.227,-845.496,15803.48,10.297,,,,
16,2022,3,30,14,51,43,-0.089,-0.091,0.425,44.365,43.048,45.527,-160.879,-802.769,15810.99,10.297,,,,
16,2022,3,30,14,51,43,-0.094,-0.025,0.177,44.075,44.086,43.405,-186.073,-850.715,15817.54,10.297,,,,
16,2022,3,30,14,51,44,-0.276,-0.016,0.234,44.765,44.815,45.053,-147.969,-779.531,15806.01,10.297,,,,
16,2022,3,30,14,51,44,-0.202,-0.064,0.411,44.743,43.732,44.737,-137.058,-878.867,15826.08,10.297,,,,
16,2022,3,30,14,51,45,-0.311,0.066,-0.167,42.34,41.325,43.947,-140.603,-859.227,15812.01,10.297,,,,
16,2022,3,30,14,51,45,-0.25,0.078,-0.168,42.407,43.799,46.995,-129.885,-854.997,15803.66,10.297,,,,
16,2022,3,30,14,51,46,-0.209,0.099,-0.452,44.809,44.792,45.482,-181.625,-732.811,15798.29,10.297,,,,
16,2022,3,30,14,51,46,-0.164,-0.002,0.197,41.895,44.064,42.546,-149.991,-795.354,15820.58,10.297,,,,
16,2022,3,30,14,51,47,-0.141,-0.116,0.541,43.808,45.367,46.34,-136.376,-783.943,15792.39,10.302,,,,
16,2022,3,30,14,51,47,-0.046,-0.104,0.471,44.632,42.783,43.043,-136.221,-902.777,15830.51,10.301,,,,
16,2022,3,30,14,51,48,-0.165,-0.039,0.305,41.895,42.738,48.079,-144.431,-880.351,15789.53,10.313,,,,
16,2022,3,30,14,51,48,-0.1,0.001,0.12,43.942,46.029,47.04,-133.572,-806.962,15810.8,10.301,,,,
16,2022,3,30,14,51,49,-0.214,-0.024,0.097,42.718,42.606,44.805,-138.488,-854.375,15823.36,10.313,,,,
16,2022,3,30,14,51,49,-0.249,0.062,-0.112,44.454,43.048,45.392,-164.13,-905.828,15826.54,10.301,,,,
16,2022,3,30,14,51,50,-0.178,0.128,-0.496,40.938,44.947,48.328,-193.549,-979.954,15816.41,10.302,,,,
16,2022,3,30,14,51,50,-0.227,0.102,-0.363,42.006,41.524,44.714,-138.707,-888.929,15826.26,10.301,,,,
16,2022,3,30,14,51,51,-0.201,0.075,-0.109,43.341,44.991,45.437,-174.547,-869.564,15812.17,10.313,,,,
16,2022,3,30,14,51,51,-0.168,-0.015,0.069,42.006,41.744,44.985,-162.569,-836.063,15807.29,10.311,,,,
16,2022,3,30,14,51,52,-0.241,-0.007,0.17,42.963,46.78,46.679,-155.436,-958.037,15816.05,10.307,,,,
16,2022,3,30,14,51,52,-0.047,-0.054,0.475,43.475,44.748,42.321,-131.751,-858.922,15811.73,10.301,,,,
16,2022,3,30,14,51,53,-0.11,-0.08,0.359,44.876,46.559,46.86,-132.431,-896.305,15769.25,10.313,,,,
16,2022,3,30,14,51,53,-0.083,-0.029,0.067,43.163,42.915,43.901,-159.6,-863.757,15819.79,10.32,,,,
16,2022,3,30,14,51,54,-0.208,-0.043,0.393,44.587,41.877,43.021,-121.684,-876.94,15807.77,10.323,,,,
16,2022,3,30,14,51,54,-0.233,-0.126,0.448,42.384,41.833,44.579,-163.221,-817.649,15830.97,10.311,,,,
16,2022,3,30,14,51,55,-0.285,-0.068,0.29,41.583,41.855,43.698,-197.486,-867.755,15830.4,10.313,,,,
16,2022,3,30,14,51,55,-0.141,-0.081,0.362,43.23,42.297,45.302,-185.07,-879.157,15792.04,10.315,,,,
16,2022,3,30,14,51,56,-0.065,-0.013,0.148,43.319,45.168,45.324,-191.476,-843.166,15786.54,10.318,,,,
16,2022,3,30,14,51,56,-0.055,-0.062,0.303,44.231,42.716,45.663,-229.172,-876.916,15779.96,10.325,,,,
16,2022,3,30,14,51,57,-0.147,-0.044,0.145,44.431,43.291,42.704,-203.786,-883.82,15839.83,10.313,,,,
16,2022,3,30,14,51,57,-0.128,-0.07,0.292,40.515,41.833,44.353,-182.81,-886.688,15814.18,10.311,,,,
16,2022,3,30,14,51,58,-0.08,0.002,0.115,44.32,42.694,45.437,-163.947,-910.804,15787.77,10.318,,,,
16,2022,3,30,14,51,58,-0.263,0.009,-0.016,45.432,40.949,41.779,-155.463,-867.614,15819.87,10.32,,,,
16,2022,3,30,14,51,59,-0.237,0.05,-0.277,43.786,44.196,45.302,-181.96,-853.817,15811.88,10.323,,,,
16,2022,3,30,14,51,59,-0.226,-0.048,0.293,46.345,45.367,45.866,-165.632,-862.682,15779.76,10.315,,,,
16,2022,3,30,14,52,0,-0.197,-0.071,0.358,44.921,43.489,44.105,-195.908,-847.405,15814.04,10.329,,,,
16,2022,3,30,14,52,0,-0.206,-0.057,0.171,42.473,44.24,46.927,-155.828,-914.112,15794.69,10.329,,,,
16,2022,3,30,14,52,1,-0.214,-0.079,0.443,42.384,40.817,46.882,-140.774,-919.342,15776.51,10.313,,,,
16,2022,3,30,14,52,1,-0.265,-0.081,0.251,42.273,44.108,47.628,-188.22,-846.609,15827.46,10.32,,,,
16,2022,3,30,14,52,2,-0.412,-0.05,0.273,44.431,43.114,44.421,-189.77,-826.731,15806.82,10.334,,,,
16,2022,3,30,14,52,2,-0.358,-0.116,0.512,43.586,44.925,44.105,-185.039,-822.987,15799.04,10.32,,,,
16,2022,3,30,14,52,3,-0.202,-0.168,0.744,45.01,44.218,43.698,-227.052,-807.213,15820.16,10.323,,,,
16,2022,3,30,14,52,3,-0.282,-0.045,0.24,44.342,43.114,44.285,-190.923,-826.624,15831.1,10.325,,,,
16,2022,3,30,14,52,4,-0.158,0.026,0.054,41.116,41.369,42.75,-231.257,-752.478,15819.18,10.329,,,,
16,2022,3,30,14,52,4,-0.144,-0.015,0.148,44.32,44.439,45.527,-198.172,-791.04,15820.46,10.315,,,,
16,2022,3,30,14,52,5,-0.146,-0.086,0.564,43.007,42.981,46.566,-218.125,-800.652,15785.75,10.323,,,,
16,2022,3,30,14,52,5,-0.207,-0.015,0.146,45.477,40.728,46.114,-219.565,-865.824,15821.78,10.329,,,,
16,2022,3,30,14,52,6,-0.263,0.023,-0.119,42.384,43.401,42.795,-220.238,-740.617,15821.26,10.334,,,,
16,2022,3,30,14,52,6,-0.218,0.069,-0.401,42.295,43.291,43.856,-210.933,-769.513,15818.07,10.32,,,,
16,2022,3,30,14,52,7,0.029,-0.063,0.361,43.808,48.017,45.866,-206.381,-874.968,15828.24,10.323,,,,
16,2022,3,30,14,52,7,0.053,-0.059,0.149,43.363,43.71,45.302,-192.701,-832.903,15819.21,10.325,,,,
16,2022,3,30,14,52,8,-0.187,-0.012,0.165,41.272,43.313,44.285,-200.305,-852.377,15800.41,10.329,,,,
16,2022,3,30,14,52,8,-0.245,-0.059,0.196,45.277,42.23,44.76,-236.736,-832.625,15809.17,10.334,,,,
16,2022,3,30,14,52,9,-0.23,-0.057,0.303,44.053,43.776,45.369,-222.079,-818.554,15815.79,10.318,,,,
16,2022,3,30,14,52,9,-0.22,-0.208,0.835,43.341,42.319,45.956,-229.937,-798.264,15814.56,10.32,,,,
16,2022,3,30,14,52,10,0.224,-0.111,1.194,45.01,43.003,45.324,-224.041,-827.81,15813.67,10.334,,,,
16,2022,3,30,14,52,10,-0.051,-0.083,0.417,47.635,44.572,45.369,-223.512,-810.222,15804.78,10.325,,,,
16,2022,3,30,14,52,11,-0.051,-0.046,0.265,42.562,44.969,47.357,-277.288,-874.881,15844.18,10.318,,,,
16,2022,3,30,14,52,11,-0.278,-0.064,0.385,41.094,41.435,47.56,-185.521,-809.176,15788.79,10.325,,,,
16,2022,3,30,14,52,12,-0.191,-0.093,0.464,44.454,43.445,43.901,-244.976,-883.141,15830.64,10.334,,,,
16,2022,3,30,14,52,12,-0.135,-0.052,0.056,42.54,43.268,45.663,-200.495,-781.653,15790.29,10.325,,,,
16,2022,3,30,14,52,13,-0.111,0.013,0.04,44.009,45.035,46.25,-187.942,-813.437,15779.15,10.334,,,,
16,2022,3,30,14,52,13,-0.295,-0.095,0.542,43.252,41.767,43.653,-247.205,-819.307,15790.92,10.325,,,,
16,2022,3,30,14,52,14,-0.368,-0.093,0.228,41.873,42.517,43.992,-180.715,-824.086,15809.07,10.323,,,,
16,2022,3,30,14,52,14,-0.299,-0.115,0.385,44.965,42.54,42.366,-202.444,-783.293,15814.32,10.32,,,,
16,2022,3,30,14,52,15,-0.225,-0.137,0.505,41.539,43.754,46.544,-186.287,-860.87,15809.72,10.329,,,,
16,2022,3,30,14,52,15,-0.2,-0.043,0.155,43.475,41.568,45.64,-211.738,-803.628,15814.67,10.315,,,,
17,2022,3,30,14,54,11,-0.148,-0.033,0.166,44.365,43.556,46.318,260.541,-745.909,15766.04,10.273,,,,
17,2022,3,30,14,54,11,-0.183,-0.045,0.345,47.012,43.953,46.227,508.271,-675.768,15620.98,10.287,,,,
17,2022,3,30,14,54,12,0.11,0.17,-0.672,45.343,44.792,48.237,213.535,-783.966,15872.7,10.291,,,,
17,2022,3,30,14,54,12,-0.376,0.035,-0.418,44.12,44.329,46.769,228.931,-929.457,15861.31,10.287,,,,
17,2022,3,30,14,54,13,-0.571,0.039,-0.431,42.562,45.345,46.318,154.742,-672.384,15831.8,10.286,,,,
17,2022,3,30,14,54,13,-0.111,-0.176,0.574,45.076,45.588,47.853,30.283,-857.1,15819.84,10.287,,,,
17,2022,3,30,14,54,14,-0.124,-0.032,0.068,45.165,43.003,45.663,-32.693,-935.44,15687.73,10.286,,,,
17,2022,3,30,14,54,14,-0.121,0.01,-0.057,44.72,42.142,43.608,-1.459,-864.787,15787.94,10.287,,,,
17,2022,3,30,14,54,15,-0.056,-0.003,-0.371,44.52,44.616,46.476,-35.376,-859.866,15825.83,10.297,,,,
17,2022,3,30,14,54,15,-0.24,0.062,-0.428,44.921,46.206,47.447,-51.394,-981.947,15826,10.292,,,,
17,2022,3,30,14,54,16,-0.097,0.126,-0.596,47.502,45.808,46.656,-19.773,-978.598,15807.39,10.297,,,,
17,2022,3,30,14,54,16,-0.407,-0.103,0.149,44.543,44.837,44.782,-28.658,-888.037,15772.33,10.297,,,,
17,2022,3,30,14,54,17,-0.554,0.065,-0.716,45.165,43.887,45.279,-139.724,-949.85,15859.35,10.297,,,,
17,2022,3,30,14,54,17,-0.577,0.095,-0.537,45.388,43.6,45.505,-7.323,-754.693,15799.98,10.297,,,,
17,2022,3,30,14,54,18,-0.495,0.055,-0.447,44.253,44.549,46.273,35.823,-933.405,15795.2,10.297,,,,
17,2022,3,30,14,54,18,-0.383,0.104,-0.194,46.1,43.578,44.489,176.803,-868.435,15682.15,10.297,,,,
17,2022,3,30,14,54,19,-0.315,0.005,0.005,46.345,45.124,43.608,121.204,-824.078,15729.31,10.297,,,,
17,2022,3,30,14,54,19,-0.224,0.026,-0.223,44.454,43.18,47.582,133.026,-1047.157,15735.3,10.297,,,,
17,2022,3,30,14,54,20,-0.186,-0.109,0.326,44.387,44.13,46.25,108.689,-989.693,15830.56,10.297,,,,
17,2022,3,30,14,54,20,-0.084,-0.002,-0.032,44.187,45.963,46.205,120.794,-1040.976,15769.19,10.297,,,,
17,2022,3,30,14,54,21,-0.055,0.072,-0.25,44.409,43.291,46.002,150.869,-887.312,15716.75,10.297,,,,
17,2022,3,30,14,54,21,0.026,0.068,-0.21,47.168,43.776,46.86,201.421,-771.493,15682.44,10.292,,,,
17,2022,3,30,14,54,22,-0.084,0.226,-0.74,47.079,47.752,45.685,123.227,-947.164,15749.8,10.297,,,,
17,2022,3,30,14,54,22,-0.23,0.034,-0.1,45.722,45.831,46.634,147.01,-875.589,15788.26,10.297,,,,
17,2022,3,30,14,54,23,-0.317,0.08,-0.401,44.409,46.316,48.892,81.503,-931.681,15802.07,10.297,,,,
17,2022,3,30,14,54,23,-0.072,-0.047,0.07,42.896,43.511,45.211,-20.982,-822.166,15859.18,10.297,,,,
17,2022,3,30,14,54,24,-0.204,-0.055,-0.004,43.274,43.821,46.137,105.116,-953.067,15839.05,10.297,,,,
17,2022,3,30,14,54,24,0.013,0.113,-0.184,44.832,42.827,48.102,-9.456,-922.379,15828.97,10.297,,,,
17,2022,3,30,14,54,25,0.026,0.085,-0.215,44.053,44.77,47.131,-22.888,-1020.767,15885.87,10.297,,,,
17,2022,3,30,14,54,25,-0.292,0.085,-0.239,44.543,44.903,46.227,-2.481,-950.647,15913.49,10.297,,,,
17,2022,3,30,14,54,26,-0.024,0.057,-0.294,43.163,43.136,45.55,4.306,-817.436,15818.25,10.297,,,,
17,2022,3,30,14,54,26,0.028,-0.025,0.237,47.947,46.957,46.837,-74.41,-839.046,15803.42,10.297,,,,
17,2022,3,30,14,54,27,-0.154,-0.076,0.129,45.41,44.991,47.311,60.82,-1059.647,15850.05,10.297,,,,
17,2022,3,30,14,54,27,-0.05,-0.125,0.388,45.165,43.71,47.515,54.513,-862.968,15779.96,10.297,,,,
17,2022,3,30,14,54,28,-0.217,0.153,-0.847,43.719,43.776,45.934,201.897,-973.358,15793.77,10.297,,,,
17,2022,3,30,14,54,28,0.068,0.141,-0.498,43.452,43.909,46.16,205.938,-1072.114,15763.82,10.297,,,,
17,2022,3,30,14,54,29,-0.551,-0.008,-0.087,44.965,44.991,45.866,-7.045,-1080.811,15822.94,10.297,,,,
17,2022,3,30,14,54,29,-0.433,0.067,-0.398,43.519,43.799,45.234,149.516,-1003.988,15766.55,10.297,,,,
17,2022,3,30,14,54,30,-0.417,0.182,-0.535,42.963,42.65,46.815,125.602,-819.146,15740.66,10.297,,,,
17,2022,3,30,14,54,30,-0.362,0.01,-0.224,43.875,43.953,46.114,173.351,-998.937,15778.49,10.297,,,,
17,2022,3,30,14,54,31,-0.341,-0.003,-0.146,42.763,43.799,44.85,275.016,-905.704,15724.04,10.297,,,,
17,2022,3,30,14,54,31,-0.242,0.036,0.574,46.834,45.676,48.17,290.187,-1020.245,15700.95,10.297,,,,
17,2022,3,30,14,54,32,-0.278,0.119,-0.218,44.965,44.594,45.753,101.277,-974.599,15921.73,10.297,,,,
17,2022,3,30,14,54,32,-0.433,0.077,-0.499,42.362,42.562,43.834,242.876,-870.12,15794.25,10.297,,,,
17,2022,3,30,14,54,33,-0.363,0.094,-0.341,47.88,44.086,45.889,82.194,-1017.777,15975.06,10.297,,,,
17,2022,3,30,14,54,33,-0.159,0.039,-0.164,43.719,45.146,44.669,177.423,-544.337,15784.38,10.297,,,,
17,2022,3,30,14,54,34,-0.516,0.176,-0.748,43.096,42.451,45.731,417.048,-846.7,15675.11,10.297,,,,
17,2022,3,30,14,54,34,-0.103,0.045,-0.409,47.502,48.415,46.385,228.098,-676.264,15694.76,10.297,,,,
17,2022,3,30,14,54,35,-0.276,0.099,-0.679,42.229,43.335,46.769,303.958,-948.954,15807.14,10.297,,,,
17,2022,3,30,14,54,35,-0.208,-0.034,0.148,43.719,45.278,46.047,238.631,-977.639,15834.17,10.297,,,,
17,2022,3,30,14,54,36,0.029,0.008,-0.142,44.809,44.174,43.269,300.385,-912.328,15815.63,10.297,,,,
17,2022,3,30,14,54,36,-0.115,-0.012,-0.095,45.232,44.152,45.234,258.011,-844.721,15729.8,10.297,,,,
17,2022,3,30,14,54,37,-0.016,0.047,-0.266,47.457,44.549,44.059,113.227,-1052.543,15632.8,10.297,,,,
17,2022,3,30,14,54,37,-0.182,0.182,-0.797,45.944,44.218,47.04,38.095,-965.518,15785.77,10.297,,,,
17,2022,3,30,14,54,38,-0.487,-0.029,0.003,45.21,43.821,45.143,1.783,-941.132,15813.6,10.297,,,,
17,2022,3,30,14,54,38,-0.162,-0.147,0.83,44.543,45.013,48.824,11.241,-884.494,15780.3,10.297,,,,
17,2022,3,30,14,54,39,0.254,-0.203,0.777,44.365,45.764,46.995,20.848,-963.127,15825.44,10.297,,,,
17,2022,3,30,14,54,39,-0.009,0.117,-0.417,43.185,43.533,45.843,43.452,-947.144,15795.45,10.297,,,,
17,2022,3,30,14,54,40,-0.029,0.127,-0.337,43.208,42.849,44.827,-13.351,-1031.213,15794.62,10.297,,,,
17,2022,3,30,14,54,40,-0.124,0.015,-0.237,43.163,45.521,46.25,18.931,-818.373,15769.13,10.297,,,,
17,2022,3,30,14,54,41,-0.276,0.088,-0.733,43.297,42.65,47.515,-75.764,-1012.494,15812.52,10.297,,,,
17,2022,3,30,14,54,41,-0.34,0.15,-0.687,42.384,42.694,45.211,11.914,-903.908,15812.66,10.297,,,,
17,2022,3,30,14,54,42,-0.352,0.091,-0.445,41.183,43.268,45.437,55.819,-1047.082,15794.96,10.297,,,,
17,2022,3,30,14,54,42,-0.293,0.075,-0.314,44.454,44.704,46.273,-31.259,-985.386,15818.07,10.297,,,,
17,2022,3,30,14,54,43,-0.197,0.018,-0.24,44.32,46.847,46.86,-72.777,-706.168,15795.62,10.297,,,,
17,2022,3,30,14,54,43,-0.289,-0.011,0.049,43.564,44.792,46.544,10.704,-812.194,15795.02,10.297,,,,
17,2022,3,30,14,54,44,-0.018,0.081,-0.037,43.363,41.833,45.234,-17.942,-770.031,15826.53,10.297,,,,
17,2022,3,30,14,54,44,-0.331,-0.025,-0.226,43.052,44.925,44.353,40.078,-794.192,15848.73,10.297,,,,
17,2022,3,30,14,54,45,-0.318,0.063,-0.287,42.985,43.909,44.872,-32.991,-732.051,15805.27,10.297,,,,
17,2022,3,30,14,54,45,-0.167,0.117,0.021,43.03,43.533,45.279,-39.209,-873.007,15850.07,10.297,,,,
17,2022,3,30,14,54,46,-0.204,0.04,-0.18,45.566,46.316,46.453,-43.781,-880.987,15812.49,10.297,,,,
17,2022,3,30,14,54,46,-0.184,0.078,-0.279,44.565,42.915,44.827,0.974,-762.87,15774.12,10.297,,,,
17,2022,3,30,14,54,47,0.099,-0.136,0.448,43.564,43.71,46.047,-29.748,-759.338,15808.04,10.297,,,,
17,2022,3,30,14,54,47,0.113,-0.148,0.534,43.653,43.335,45.414,-14.957,-651.056,15790.12,10.297,,,,
17,2022,3,30,14,54,48,0.238,0.087,-0.428,43.519,43.357,47.379,-55.18,-751.409,15789.59,10.297,,,,
17,2022,3,30,14,54,48,0.066,0.107,-0.473,44.431,43.313,46.25,-21.2,-815.457,15787.04,10.297,,,,
17,2022,3,30,14,54,49,-0.066,-0.048,-0.14,47.212,46.78,45.527,-106.311,-793.669,15829.16,10.297,,,,
17,2022,3,30,14,54,49,-0.1,0.074,-0.363,43.964,46.736,48.486,-90.422,-839.143,15829.42,10.297,,,,
17,2022,3,30,14,54,50,-0.425,0.056,-0.69,43.986,44.417,45.166,-89.221,-889.563,15805.74,10.297,,,,
17,2022,3,30,14,54,50,-0.362,0.004,-0.35,42.852,43.401,46.679,-61.287,-756.656,15795.96,10.297,,,,
18,2022,3,30,14,59,43,-1.075,-0.444,1.561,45.41,44.262,45.595,-363.757,-747.074,15581.5,10.259,,,,
18,2022,3,30,14,59,44,-0.965,-0.689,2.501,44.231,44.903,46.544,-565.52,-2013.684,15661.93,10.259,,,,
18,2022,3,30,14,59,44,-1.052,-0.675,2.56,44.72,43.07,45.776,836.882,-4271.669,15073.61,10.259,,,,
18,2022,3,30,14,59,45,-0.957,-0.492,1.893,44.409,44.395,47.605,-1332.255,1130.128,16123.26,10.259,,,,
18,2022,3,30,14,59,45,-1.14,-0.434,1.755,45.744,44.483,47.244,611.331,-120.747,14955.92,10.259,,,,
18,2022,3,30,14,59,46,-0.977,-0.526,2.002,44.965,44.594,47.944,-1959.75,-440.467,16716.83,10.259,,,,
18,2022,3,30,14,59,46,-1.209,-0.721,2.59,43.942,44.527,45.324,384.448,-1739.964,15162.93,10.259,,,,
18,2022,3,30,14,59,47,-1.189,-0.705,2.558,44.609,44.461,46.092,-2426.409,-486.914,16713.26,10.259,,,,
18,2022,3,30,14,59,47,-1.168,-0.579,1.967,43.541,43.246,47.515,-2480.748,2474.406,16605.51,10.259,,,,
18,2022,3,30,14,59,48,-1.171,-0.528,1.784,44.765,43.776,47.108,605.771,201.903,14813.28,10.259,,,,
18,2022,3,30,14,59,48,-0.847,-0.577,2.282,44.253,44.284,46.566,-1058.657,406.238,15848.08,10.259,,,,
18,2022,3,30,14,59,49,-0.961,-0.66,2.563,44.832,43.578,46.837,-332.258,1438.738,15302.49,10.259,,,,
18,2022,3,30,14,59,49,-0.97,-0.585,2.174,46.189,44.527,44.94,-1750.463,-414.051,16360.48,10.259,,,,
18,2022,3,30,14,59,50,-1.039,-0.704,2.711,44.876,43.114,47.469,-4406.28,2265.101,17678.61,10.259,,,,
18,2022,3,30,14,59,50,-1.011,-0.544,1.512,43.208,45.411,46.385,-1841.699,36.181,16260.93,10.259,,,,
18,2022,3,30,14,59,51,-1.158,-0.555,2.43,44.565,44.439,44.466,-2064.938,2106.074,16283.25,10.259,,,,
18,2022,3,30,14,59,51,-0.939,-0.532,2.005,44.187,43.048,46.047,-1240.821,-3143.064,16382.18,10.259,,,,
18,2022,3,30,14,59,52,-0.891,-0.478,1.72,43.831,43.291,46.544,-707.718,-469.394,15666.26,10.259,,,,
18,2022,3,30,14,59,52,-0.953,-0.49,1.655,46.345,44.837,46.114,-966.652,-261.536,15933.23,10.259,,,,
18,2022,3,30,14,59,53,-1.055,-0.473,1.955,44.609,44.218,46.837,-2968.318,-1188.507,17381.41,10.259,,,,
18,2022,3,30,14,59,53,-1.032,-0.67,2.524,44.142,43.644,46.611,1292.844,-1422.682,14751.13,10.259,,,,
18,2022,3,30,14,59,54,-0.658,-0.6,2.893,42.674,43.379,45.934,-2669.649,628.391,16767.16,10.259,,,,
18,2022,3,30,14,59,54,-1.034,-0.381,1.939,43.964,44.439,46.453,-1110.315,3509.349,16021.28,10.259,,,,
18,2022,3,30,14,59,55,-1.119,-0.361,1.49,45.766,45.588,45.121,-421.431,-3097.485,15549.37,10.259,,,,
18,2022,3,30,14,59,55,-1.062,-0.541,2.154,45.722,44.527,45.324,1871.995,-3131.613,14500.93,10.259,,,,
18,2022,3,30,14,59,56,-1.24,-0.579,2.457,46.033,44.638,44.918,-1348.658,-113.585,16001.41,10.259,,,,
18,2022,3,30,14,59,56,-1.109,-0.708,2.519,43.386,43.313,44.805,-1213.322,-2230.135,16212.75,10.259,,,,
18,2022,3,30,14,59,57,-1.159,-0.667,2.409,43.653,44.461,45.663,-3533.13,2422.948,17070.45,10.259,,,,
18,2022,3,30,14,59,57,-1.009,-0.603,2.309,43.897,42.032,46.747,-90.987,-2663.575,15485.33,10.259,,,,
18,2022,3,30,14,59,58,-0.982,-0.617,2.281,42.585,43.445,45.618,-2077.085,-745.79,16550.15,10.259,,,,
18,2022,3,30,14,59,58,-1.061,-0.588,2.181,45.165,43.909,45.911,-1143.85,1008.914,15946.99,10.259,,,,
18,2022,3,30,14,59,59,-1.104,-0.605,2.25,43.297,45.19,44.669,-712.395,1434.165,15568.28,10.259,,,,
18,2022,3,30,14,59,59,-1.085,-0.61,2.148,44.631,44.903,46.611,-2134.919,1613.44,16518.3,10.259,,,,
18,2022,3,30,15,0,0,-1.031,-0.331,1.057,43.897,42.871,45.031,-525.492,-71.327,15407.28,10.259,,,,
18,2022,3,30,15,0,0,-0.92,-0.597,2.198,44.698,44.837,45.979,-38.351,-1816.162,15440.54,10.259,,,,
18,2022,3,30,15,0,1,-1.162,-0.693,2.468,45.277,43.335,45.821,-2504.045,528.899,16699.07,10.259,,,,
18,2022,3,30,15,0,1,-1.158,-0.793,2.942,43.074,43.821,43.066,-2753.49,859.053,16734.68,10.259,,,,
18,2022,3,30,15,0,2,-1.182,-0.46,2.058,44.876,43.821,45.685,306.865,-1095.088,15512.27,10.259,,,,
18,2022,3,30,15,0,2,-1.026,-0.459,1.77,44.365,43.202,44.263,-931.991,-271.672,15938.01,10.259,,,,
18,2022,3,30,15,0,3,-0.953,-0.647,2.265,46.411,45.146,45.008,-1461.918,-654.155,16551.04,10.259,,,,
18,2022,3,30,15,0,4,-0.952,-0.458,1.752,43.363,45.08,46.024,-323.288,-537.28,15241.45,10.259,,,,
18,2022,3,30,15,0,4,-0.926,-0.598,2.246,43.608,45.278,45.889,2315.5,-5124.961,14665.76,10.259,,,,
18,2022,3,30,15,0,4,-0.982,-0.637,2.395,44.298,44.969,45.437,827.1,-2819.963,15301.46,10.259,,,,
18,2022,3,30,15,0,5,-1.196,-0.483,2.069,43.519,44.748,47.876,-3378.199,342.718,17291.72,10.259,,,,
18,2022,3,30,15,0,6,-1.199,-0.597,2.358,43.586,43.666,46.973,925.156,-1894.231,14686.07,10.259,,,,
18,2022,3,30,15,0,6,-1.083,-0.661,2.493,42.629,42.981,45.189,-3650.302,1824.25,17399.08,10.259,,,,
18,2022,3,30,15,0,7,-0.981,-0.602,2.256,44.965,43.71,45.008,-87.267,-1855.649,15374.91,10.259,,,,
18,2022,3,30,15,0,7,-1.019,-0.588,2.02,44.053,43.357,45.279,2819.161,-3046.654,13941,10.259,,,,
18,2022,3,30,15,0,8,-1.114,-0.616,2.22,43.719,43.909,46.995,-1369.464,918.151,16302.75,10.259,,,,
18,2022,3,30,15,0,8,-0.98,-0.63,2.369,43.608,44.041,45.731,-1200.137,-1380.456,15828.11,10.259,,,,
18,2022,3,30,15,0,9,-0.832,-0.509,1.407,44.454,44.108,47.582,-2572.243,972.028,16940.86,10.259,,,,
18,2022,3,30,15,0,9,-1.278,-0.61,2.426,44.832,44.373,46.34,153.825,932.862,15049.89,10.259,,,,
18,2022,3,30,15,0,10,-0.965,-0.53,1.909,44.298,44.549,46.069,-511.701,1053.044,15256.35,10.259,,,,
18,2022,3,30,15,0,10,-0.967,-0.521,2.057,43.23,43.843,45.64,-2770.546,1965.856,16653.2,10.259,,,,
18,2022,3,30,15,0,11,-1.311,-0.59,2.365,43.497,43.688,44.782,-446.981,-730.559,15676.86,10.259,,,,
18,2022,3,30,15,0,11,-0.778,-0.648,2.2,44.743,43.224,46.476,-1282.103,443.822,15813.5,10.259,,,,
18,2022,3,30,15,0,12,-1.208,-0.469,1.854,43.853,44.152,47.176,-4674.644,7241.941,18116.53,10.259,,,,
18,2022,3,30,15,0,12,-1.152,-0.654,2.436,43.63,43.6,46.227,-685.569,5125.889,14892.35,10.259,,,,
18,2022,3,30,15,0,13,-0.937,-0.629,2.418,43.653,45.72,46.227,-1947.475,703.554,16436.39,10.259,,,,
18,2022,3,30,15,0,13,-1.138,-0.575,2.233,44.276,43.931,46.905,-2121.263,1430.007,16195.24,10.259,,,,
18,2022,3,30,15,0,14,-1.101,-0.614,2.358,43.986,45.146,45.866,-2521.689,1684.123,16752.17,10.259,,,,
18,2022,3,30,15,0,14,-0.914,-0.481,1.553,44.965,44.041,46.521,-1289.604,939.536,16350.73,10.259,,,,
18,2022,3,30,15,0,15,-0.995,-0.525,1.794,45.165,43.843,45.685,-2881.143,2609.742,16515.88,10.259,,,,
18,2022,3,30,15,0,15,-1.101,-0.722,2.448,43.942,44.174,45.369,1929.21,-2835.424,13954.47,10.259,,,,
18,2022,3,30,15,0,16,-0.954,-0.531,2.089,42.407,43.313,47.266,768.264,-2967.766,15210.32,10.259,,,,
18,2022,3,30,15,0,16,-0.894,-0.574,2.116,44.832,44.461,45.753,-2158.047,1507.683,16357.85,10.259,,,,
18,2022,3,30,15,0,17,-1.055,-0.506,1.995,44.565,46.118,47.492,-2389.146,-1901.189,16829.96,10.259,,,,
18,2022,3,30,15,0,17,-0.935,-0.59,1.937,43.653,43.975,44.895,775.528,-645.069,14910.55,10.259,,,,
18,2022,3,30,15,0,18,-1.14,-0.349,1.165,44.476,43.423,46.002,-1940.296,825.615,16340.49,10.259,,,,
18,2022,3,30,15,0,18,-1.046,-0.446,1.837,45.388,44.329,46.069,730.263,-1467.421,15127.22,10.259,,,,
18,2022,3,30,15,0,19,-0.915,-0.665,2.64,45.054,43.533,45.753,-1209.371,1252.522,15115.02,10.259,,,,
18,2022,3,30,15,0,19,-0.949,-0.567,2.286,44.164,44.549,43.811,-206.409,-836.495,15085.15,10.259,,,,
18,2022,3,30,15,0,20,-1.124,-0.613,2.337,45.321,43.048,44.94,-1620.115,1871.964,16022.62,10.259,,,,
18,2022,3,30,15,0,20,-1.043,-0.717,2.6,43.519,44.108,45.685,-3718.518,-1196.729,17496.93,10.259,,,,
18,2022,3,30,15,0,21,-1.016,-0.572,2.018,43.986,45.323,44.669,-2621.594,1859.068,16753.53,10.259,,,,
18,2022,3,30,15,0,21,-1.187,-0.637,2.2,44.587,43.246,46.521,-2918.338,1786.202,16634.27,10.259,,,,
18,2022,3,30,15,0,22,-0.895,-0.5,1.828,43.697,44.815,46.882,1593.178,-4770.209,14749.39,10.259,,,,
18,2022,3,30,15,0,22,-0.832,-0.53,2.01,44.476,43.865,46.385,-3016.083,-1996.726,17609.82,10.259,,,,
18,2022,3,30,15,0,23,-1.056,-0.546,1.976,44.565,44.726,46.092,859.125,246.675,15189.62,10.259,,,,
18,2022,3,30,15,0,23,-1.028,-0.528,1.915,44.832,44.218,44.15,-721.994,680.164,15619.73,10.259,,,,
19,2022,3,30,15,6,0,-0.86,-0.192,0.768,40.96,45.057,47.086,-65.916,-624.651,15799.61,10.292,,,,
19,2022,3,30,15,6,0,-0.756,-0.232,0.844,42.674,43.909,45.866,11.428,-833.214,15849.4,10.278,,,,
19,2022,3,30,15,6,1,-0.863,-0.175,0.644,40.916,44.969,45.008,78.146,-900.764,15746.65,10.297,,,,
19,2022,3,30,15,6,1,-0.801,-0.291,1.091,42.518,45.455,46.024,31.782,-842.291,15749.56,10.278,,,,
19,2022,3,30,15,6,2,-0.869,-0.245,0.988,41.294,43.776,45.414,-43.577,-820.912,15717.68,10.286,,,,
19,2022,3,30,15,6,2,-0.934,-0.288,1.135,43.43,44.969,48.17,-177.404,-870.419,15929.91,10.287,,,,
19,2022,3,30,15,6,3,-0.904,-0.274,1.103,41.005,44.064,45.866,-78.168,-878.395,15768.97,10.281,,,,
19,2022,3,30,15,6,3,-0.871,-0.273,1.074,42.206,44.66,46.002,-96.126,-619.314,15821.49,10.292,,,,
19,2022,3,30,15,6,4,-0.856,-0.262,0.981,42.184,45.565,46.34,-103.347,-1140.375,16006.81,10.297,,,,
19,2022,3,30,15,6,4,-0.741,-0.31,1.183,45.232,44.218,46.634,-136.839,-1057.083,15933.28,10.297,,,,
19,2022,3,30,15,6,5,-0.848,-0.274,1.064,45.343,44.726,45.798,10.408,-926.455,15849.92,10.297,,,,
19,2022,3,30,15,6,5,-0.92,-0.274,1.112,43.964,43.799,47.966,-215.67,-805.124,15738.68,10.292,,,,
19,2022,3,30,15,6,6,-0.923,-0.331,1.306,44.009,45.676,47.063,-141.86,-1018.527,15732.56,10.297,,,,
19,2022,3,30,15,6,6,-0.885,-0.304,1.101,44.187,43.467,45.866,106.065,-1020.733,15810.82,10.292,,,,
19,2022,3,30,15,6,7,-0.924,-0.326,1.293,44.342,46.007,46.747,37.576,-853.021,15809.77,10.297,,,,
19,2022,3,30,15,6,7,-0.816,-0.3,1.082,43.719,44.77,47.989,188.862,-699.007,15731.14,10.297,,,,
19,2022,3,30,15,6,8,-0.85,-0.279,1.181,45.455,44.108,47.695,-94.987,-660.803,15945.68,10.291,,,,
19,2022,3,30,15,6,8,-0.743,-0.362,1.299,44.676,43.6,47.966,-12.521,-892.151,15846.43,10.297,,,,
19,2022,3,30,15,6,9,-0.793,-0.269,0.968,44.32,44.616,48.282,-155.22,-637.965,15805.77,10.297,,,,
19,2022,3,30,15,6,9,-0.782,-0.287,1.214,43.653,44.196,43.901,-8.765,-770.679,15804.26,10.297,,,,
19,2022,3,30,15,6,10,-0.858,-0.27,1.138,41.205,44.66,46.273,15.843,-689.586,15781.69,10.297,,,,
19,2022,3,30,15,6,10,-0.792,-0.282,1.084,43.964,45.234,45.031,-78.458,-609.298,15787.32,10.297,,,,
19,2022,3,30,15,6,11,-0.858,-0.259,0.982,41.873,44.13,46.205,-128.946,-669.59,15776.64,10.297,,,,
19,2022,3,30,15,6,11,-0.772,-0.225,1.035,44.965,44.748,46.769,-315.209,-592.444,15850.82,10.297,,,,
19,2022,3,30,15,6,12,-0.815,-0.275,1.087,44.342,44.086,45.505,-90.154,-731.647,15684.05,10.297,,,,
19,2022,3,30,15,6,12,-0.719,-0.321,1.274,43.363,44.792,47.153,-520.01,-745.333,15985.4,10.297,,,,
19,2022,3,30,15,6,13,-0.667,-0.333,1.16,44.342,44.704,45.979,-401.722,-717.619,15800.12,10.297,,,,
19,2022,3,30,15,6,13,-0.814,-0.332,1.371,44.832,44.041,47.492,-279.429,-642.249,15793.73,10.297,,,,
19,2022,3,30,15,6,14,-0.797,-0.315,1.249,44.72,44.174,46.092,-327,-696.297,15822.66,10.297,,,,
19,2022,3,30,15,6,14,-0.842,-0.371,1.433,43.119,44.086,46.521,-380.468,-614.741,15851.17,10.297,,,,
19,2022,3,30,15,6,15,-0.877,-0.325,1.191,44.498,44.903,46.498,-255.356,-717.266,15788.81,10.297,,,,
19,2022,3,30,15,6,15,-0.884,-0.312,1.189,45.232,43.224,45.121,-216.259,-845.877,15811.42,10.297,,,,
19,2022,3,30,15,6,16,-0.759,-0.399,1.451,43.074,44.77,46.16,-315.94,-423.745,15692.07,10.297,,,,
19,2022,3,30,15,6,16,-0.772,-0.297,1.232,44.72,42.297,46.092,-368.928,-543.769,15767.9,10.297,,,,
19,2022,3,30,15,6,17,-0.787,-0.375,1.441,44.654,44.991,48.734,-263.861,-670.767,15847.41,10.297,,,,
19,2022,3,30,15,6,17,-0.77,-0.323,1.296,45.143,45.521,46.611,-200.679,-718.845,15721.16,10.297,,,,
19,2022,3,30,15,6,18,-0.665,-0.332,1.366,44.476,45.057,46.589,-211.189,-606.77,15741.15,10.297,,,,
19,2022,3,30,15,6,18,-0.702,-0.295,0.854,44.187,44.307,48.553,-229.567,-751.872,15833.74,10.297,,,,
19,2022,3,30,15,6,19,-0.746,-0.272,1.139,44.543,45.632,45.437,-85.304,-935.814,15769.99,10.297,,,,
19,2022,3,30,15,6,19,-0.719,-0.343,1.381,44.676,44.726,46.408,-436.281,-564.174,15878.22,10.297,,,,
19,2022,3,30,15,6,20,-0.7,-0.341,1.209,44.743,44.483,44.805,-209.528,-589.397,15814,10.297,,,,
19,2022,3,30,15,6,20,-0.718,-0.319,1.187,44.209,43.224,45.414,-165.132,-877.421,15850.04,10.297,,,,
19,2022,3,30,15,6,21,-0.937,-0.354,1.498,44.253,44.284,46.95,-278.269,-651.712,15917.92,10.297,,,,
19,2022,3,30,15,6,21,-0.904,-0.304,1.074,45.254,44.903,45.866,-219.499,-467.962,15796.68,10.297,,,,
19,2022,3,30,15,6,22,-0.894,-0.327,1.245,44.12,43.622,46.882,-201.156,-763.591,15906.27,10.297,,,,
19,2022,3,30,15,6,22,-0.886,-0.316,1.11,43.697,43.578,47.424,-153.574,-464.4,15754.67,10.297,,,,
19,2022,3,30,15,6,23,-0.845,-0.399,1.506,43.986,45.808,46.656,-104.822,-705.332,15777.29,10.297,,,,
19,2022,3,30,15,6,23,-0.888,-0.388,1.434,43.43,43.909,46.002,-347.65,-580.754,15896.59,10.297,,,,
19,2022,3,30,15,6,24,-0.853,-0.282,1.137,45.277,43.401,47.673,-142.695,-734.713,15871.51,10.297,,,,
19,2022,3,30,15,6,24,-0.79,-0.311,1.256,44.253,45.035,46.95,-73.912,-681.707,15758.61,10.297,,,,
19,2022,3,30,15,6,25,-0.84,-0.319,1.238,45.076,45.168,47.537,-494.409,-553.772,15934.28,10.297,,,,
19,2022,3,30,15,6,25,-0.798,-0.332,1.281,44.075,43.909,47.831,-235.831,-629.644,15741.54,10.297,,,,
19,2022,3,30,15,6,26,-0.888,-0.328,1.282,44.609,43.887,45.934,-426.831,-720.133,15964.74,10.297,,,,
19,2022,3,30,15,6,26,-0.869,-0.34,1.316,44.943,46.714,46.024,-328.8,-603.961,15793.01,10.297,,,,
19,2022,3,30,15,6,27,-0.938,-0.319,1.292,44.987,44.262,48.983,-407.243,-495.181,15841.86,10.297,,,,
19,2022,3,30,15,6,27,-0.836,-0.373,1.521,44.698,45.057,45.979,-215.221,-703.562,15708.87,10.297,,,,
19,2022,3,30,15,6,28,-0.884,-0.292,1.005,45.01,43.578,46.363,-216.271,-723.613,15868.97,10.297,,,,
19,2022,3,30,15,6,28,-0.752,-0.32,1.409,44.409,44.019,47.108,-161.07,-364.153,15666.86,10.297,,,,
19,2022,3,30,15,6,29,-1.021,-0.306,1.241,45.544,44.351,47.921,-183.441,-549.731,15678.43,10.297,,,,
19,2022,3,30,15,6,29,-0.864,-0.349,1.397,44.921,43.401,46.882,-193.674,-634.168,15853.67,10.297,,,,
19,2022,3,30,15,6,30,-0.833,-0.429,1.698,45.922,44.307,47.447,-26.321,-726.142,15738.87,10.297,,,,
19,2022,3,30,15,6,30,-0.616,-0.363,1.364,44.854,44.483,46.589,-214.541,-609.531,15817.21,10.297,,,,
19,2022,3,30,15,6,31,-0.916,-0.321,1.215,44.587,45.808,47.424,-382.551,-612.614,15878.27,10.297,,,,
19,2022,3,30,15,6,31,-0.636,-0.378,1.327,44.876,44.66,47.424,-240.95,-598.344,15822.99,10.297,,,,
19,2022,3,30,15,6,32,-0.896,-0.373,1.513,44.543,44.947,46.86,-357.757,-667.852,15938.72,10.297,,,,
19,2022,3,30,15,6,32,-0.868,-0.357,1.126,45.499,44.77,47.379,-453.765,-694.345,16020.55,10.297,,,,
19,2022,3,30,15,6,33,-0.802,-0.324,1.173,46.011,45.3,45.256,-266.421,-728.189,15839.29,10.297,,,,
19,2022,3,30,15,6,33,-0.853,-0.333,1.355,45.143,45.411,45.956,-188.073,-679.814,15864.49,10.297,,,,
19,2022,3,30,15,6,34,-0.853,-0.355,1.316,45.61,44.594,46.837,-151.914,-666.557,15735.41,10.297,,,,
19,2022,3,30,15,6,34,-0.852,-0.362,1.327,43.897,45.455,48.621,-148.975,-709.922,15783.05,10.297,,,,
19,2022,3,30,15,6,35,-0.733,-0.442,1.733,44.543,44.218,48.079,-132.606,-826.524,15834.3,10.297,,,,
19,2022,3,30,15,6,35,-0.976,-0.331,1.279,43.808,43.18,46.25,149.91,-728.707,15601.62,10.297,,,,
19,2022,3,30,15,6,36,-0.912,-0.319,1.262,44.876,43.843,46.973,-130.578,-492.832,15814.63,10.297,,,,
19,2022,3,30,15,6,36,-0.86,-0.32,1.225,42.629,44.66,44.85,-30.293,-498.596,15727.38,10.297,,,,
19,2022,3,30,15,6,37,-0.853,-0.324,1.265,42.34,44.726,48.237,-49.094,-533.668,15801.71,10.297,,,,
19,2022,3,30,15,6,37,-0.868,-0.357,1.403,43.119,45.013,45.843,65.881,-673.198,15736.57,10.297,,,,
19,2022,3,30,15,6,38,-0.835,-0.296,1.162,44.098,46.007,46.995,44.201,-781.287,15842.79,10.297,,,,
19,2022,3,30,15,6,38,-0.884,-0.325,1.244,43.363,44.572,45.685,-53.898,-910.931,15884.74,10.297,,,,
19,2022,3,30,15,6,39,-0.822,-0.292,1.146,44.431,42.584,46.973,81.322,-795.585,15737.92,10.297,,,,
19,2022,3,30,15,6,39,-0.763,-0.272,1.097,43.074,44.66,46.702,-28.287,-612.827,15715.41,10.297,,,,
20,2022,3,30,15,9,44,-1.133,-0.392,1.496,44.075,43.291,45.663,-230.288,-503.177,15863.31,10.297,,,,
20,2022,3,30,15,9,45,-1.152,-0.385,1.392,43.831,43.224,45.098,-666.029,-62.818,16047.1,10.297,,,,
20,2022,3,30,15,9,45,-1.235,-0.447,1.77,43.92,44.881,45.143,-632.316,249.188,15823.82,10.297,,,,
20,2022,3,30,15,9,46,-1,-0.407,1.466,45.989,42.054,45.731,-827.96,-67.316,16001.04,10.297,,,,
20,2022,3,30,15,9,46,-1.117,-0.468,1.756,45.788,43.401,46.498,-318.098,553.48,15338.58,10.297,,,,
20,2022,3,30,15,9,47,-1.169,-0.397,1.532,42.829,44.792,45.143,-298.498,131.006,15643.9,10.297,,,,
20,2022,3,30,15,9,47,-1.102,-0.386,1.634,44.52,43.533,45.821,-146.217,-436.988,15642.17,10.297,,,,
20,2022,3,30,15,9,48,-1.352,-0.354,1.378,43.831,43.357,45.753,-105.173,-244.427,15424.73,10.297,,,,
20,2022,3,30,15,9,48,-1.107,-0.46,1.866,44.164,43.843,45.866,-378.757,-262.445,15625.13,10.297,,,,
20,2022,3,30,15,9,49,-1.116,-0.326,1.171,43.564,44.373,46.611,-489.586,-185.477,15893.42,10.297,,,,
20,2022,3,30,15,9,49,-1.141,-0.374,1.415,42.696,45.013,45.64,-299.749,-298.141,15648.7,10.297,,,,
20,2022,3,30,15,9,50,-1.239,-0.417,1.649,43.897,43.71,45.55,-506.927,-89.22,15713.66,10.297,,,,
20,2022,3,30,15,9,50,-1.304,-0.387,1.751,44.342,43.622,47.334,231.846,-716.642,15508.03,10.297,,,,
20,2022,3,30,15,9,51,-0.95,-0.455,1.661,42.74,44.748,46.747,-918.316,-117.112,16191.88,10.297,,,,
20,2022,3,30,15,9,51,-1.119,-0.509,1.856,43.452,43.423,46.882,-615.016,-114.452,15921.76,10.297,,,,
20,2022,3,30,15,9,52,-1.143,-0.383,1.454,42.985,43.865,47.56,-497.054,-314.654,15847.71,10.297,,,,
20,2022,3,30,15,9,52,-1.077,-0.335,1.302,44.187,42.981,46.611,-420.382,-120.451,15844.31,10.297,,,,
20,2022,3,30,15,9,53,-1.13,-0.492,1.708,44.209,42.098,44.218,-852.101,-64.375,16100.98,10.297,,,,
20,2022,3,30,15,9,53,-1.121,-0.388,1.696,44.32,45.146,45.189,-615.385,-823.97,16284.19,10.297,,,,
20,2022,3,30,15,9,54,-1.076,-0.338,1.076,44.631,44.064,45.843,-552.635,15.655,15735.75,10.297,,,,
20,2022,3,30,15,9,54,-1.187,-0.459,1.558,44.276,43.268,44.308,-1021.067,-340.58,15968.88,10.297,,,,
20,2022,3,30,15,9,55,-1.314,-0.375,1.768,43.742,43.71,45.46,-582.51,67.561,15898.83,10.297,,,,
20,2022,3,30,15,9,55,-1.065,-0.427,1.124,43.942,44.903,45.618,-644.102,-656.166,16130.29,10.297,,,,
20,2022,3,30,15,9,56,-1.162,-0.453,1.809,43.208,43.6,47.74,-472.405,-103.088,15653.93,10.297,,,,
20,2022,3,30,15,9,56,-1.009,-0.501,1.755,43.03,44.726,45.889,-504.562,130.467,15457.99,10.297,,,,
20,2022,3,30,15,9,57,-1.3,-0.327,1.449,44.098,43.025,45.55,-303.451,-70.509,15689.5,10.297,,,,
20,2022,3,30,15,9,57,-1.209,-0.371,1.375,43.586,42.694,45.324,-652.679,-149.42,15958.93,10.297,,,,
20,2022,3,30,15,9,58,-1.156,-0.388,1.645,44.209,45.853,45.527,-488.679,-439.668,15891.96,10.297,,,,
20,2022,3,30,15,9,58,-1.137,-0.439,1.641,43.096,42.849,45.663,-771.8,-470.557,16014.85,10.297,,,,
20,2022,3,30,15,9,59,-1.143,-0.479,1.835,42.874,42.76,45.46,-595.215,145.257,15791.41,10.297,,,,
20,2022,3,30,15,9,59,-1.204,-0.397,1.363,44.32,44.881,46.114,232.676,-543.473,15340.34,10.297,,,,
20,2022,3,30,15,10,0,-1.032,-0.376,1.473,43.363,43.931,45.866,-276.277,68.47,15573.02,10.297,,,,
20,2022,3,30,15,10,0,-1.066,-0.393,1.409,44.454,41.965,46.589,-420.994,-560.264,15939.03,10.297,,,,
20,2022,3,30,15,10,1,-1.142,-0.36,1.481,43.43,44.019,44.782,-416.386,-618.358,15943.21,10.297,,,,
20,2022,3,30,15,10,1,-1.255,-0.415,1.665,41.895,42.319,45.414,-548.11,-196.349,15943.86,10.297,,,,
20,2022,3,30,15,10,2,-1.101,-0.348,1.512,43.964,43.291,45.189,-245.504,-466.802,15576.6,10.297,,,,
20,2022,3,30,15,10,2,-1.252,-0.402,1.902,41.717,43.379,45.324,-487.964,-413.4,16224.4,10.297,,,,
20,2022,3,30,15,10,3,-1.044,-0.372,1.644,42.562,43.666,44.737,-271.119,-365.046,15720.79,10.297,,,,
20,2022,3,30,15,10,3,-1.187,-0.34,1.066,44.075,41.656,45.798,-46.321,-872.624,15645.45,10.297,,,,
20,2022,3,30,15,10,4,-1.062,-0.353,1.473,43.386,42.186,45.911,-199.307,-529.39,15679.77,10.297,,,,
20,2022,3,30,15,10,4,-1.109,-0.5,1.882,44.409,43.092,47.537,267.33,-29.169,14995.14,10.297,,,,
20,2022,3,30,15,10,5,-1.23,-0.488,1.762,40.538,42.495,45.076,-584.116,-114.329,15804.06,10.297,,,,
20,2022,3,30,15,10,5,-1.122,-0.387,1.353,42.985,43.313,46.047,-213.547,-146.562,15513.48,10.297,,,,
20,2022,3,30,15,10,6,-1.179,-0.402,1.474,45.588,43.975,46.589,-56.286,130.922,15388.07,10.297,,,,
20,2022,3,30,15,10,6,-1.127,-0.336,1.379,43.564,43.445,46.024,-642.944,-492.296,15953.63,10.297,,,,
20,2022,3,30,15,10,7,-1.224,-0.349,1.295,44.098,43.688,45.076,-161.697,-174.196,15545.45,10.297,,,,
20,2022,3,30,15,10,7,-1.151,-0.441,1.514,43.719,44.792,47.469,-192.111,-562.857,15600.93,10.297,,,,
20,2022,3,30,15,10,8,-1.176,-0.34,1.6,41.517,43.003,45.166,-665.44,264.137,15861.24,10.297,,,,
20,2022,3,30,15,10,8,-1.252,-0.399,1.606,42.473,45.455,45.708,-396.144,-28.09,15716.95,10.297,,,,
20,2022,3,30,15,10,9,-1.138,-0.393,1.727,42.985,41.325,46.002,115.681,-435.81,15370.32,10.297,,,,
20,2022,3,30,15,10,9,-1.082,-0.385,1.468,44.142,44.329,47.379,-587.263,-253.502,15894.55,10.297,,,,
20,2022,3,30,15,10,10,-1.234,-0.305,1.276,42.607,45.057,46.385,-406.704,20.342,15711.79,10.297,,,,
20,2022,3,30,15,10,10,-1.1,-0.477,1.684,44.854,43.357,46.837,166.777,-360.107,15362.16,10.297,,,,
20,2022,3,30,15,10,11,-1.187,-0.445,1.48,44.075,44.925,46.408,-319.529,-410.585,15619.54,10.297,,,,
20,2022,3,30,15,10,11,-1.042,-0.357,1.489,43.742,44.66,44.872,-536.589,-198.64,15921.05,10.297,,,,
20,2022,3,30,15,10,12,-1.073,-0.393,1.41,43.564,42.76,47.266,-386.474,-99.754,15671.95,10.297,,,,
20,2022,3,30,15,10,12,-0.999,-0.457,1.697,42.852,42.341,46.679,-351.109,-267.642,15536.09,10.297,,,,
20,2022,3,30,15,10,13,-1.129,-0.318,1.468,44.498,44.483,45.798,-666.04,-347.662,16012.18,10.297,,,,
20,2022,3,30,15,10,13,-1.066,-0.422,1.521,42.696,43.357,47.176,-364.93,-461.724,15711,10.297,,,,
20,2022,3,30,15,10,14,-1.132,-0.434,1.559,45.855,44.351,45.798,-433.001,429.535,15476.43,10.297,,,,
20,2022,3,30,15,10,14,-1.129,-0.401,1.599,43.564,43.048,46.611,-118.203,-125.824,15462.89,10.297,,,,
20,2022,3,30,15,10,15,-1.023,-0.374,1.661,43.341,43.931,46.34,-392.413,-674.044,15916.22,10.297,,,,
20,2022,3,30,15,10,15,-1.117,-0.366,1.494,42.963,44.395,45.798,-708.932,-633.53,16116.12,10.297,,,,
20,2022,3,30,15,10,16,-1.111,-0.363,1.67,46.055,44.483,45.505,139.669,-950.024,15557.55,10.297,,,,
20,2022,3,30,15,10,16,-1.012,-0.345,1.357,42.073,43.158,46.318,-896.839,-821.301,16473.65,10.297,,,,
20,2022,3,30,15,10,17,-1.033,-0.396,1.412,43.497,43.357,46.114,-253.526,-180.346,15493.47,10.297,,,,
20,2022,3,30,15,10,17,-1.107,-0.365,1.09,43.119,43.268,46.724,-788.225,65.967,15605.2,10.297,,,,
20,2022,3,30,15,10,18,-1.042,-0.457,1.874,42.696,43.909,46.092,-1224.768,-338.487,16277.58,10.297,,,,
20,2022,3,30,15,10,18,-1.156,-0.387,1.478,43.23,46.118,45.618,-761.062,-516.528,16109.41,10.297,,,,
20,2022,3,30,15,10,19,-0.936,-0.448,1.589,44.543,44.13,47.65,-823.34,-427.961,16083.49,10.297,,,,
20,2022,3,30,15,10,19,-0.993,-0.399,1.562,44.187,43.821,43.653,-420.434,-248.552,15716.29,10.297,,,,
20,2022,3,30,15,10,20,-1.163,-0.42,1.752,44.476,42.451,46.002,-210.058,-221.306,15468.23,10.297,,,,
20,2022,3,30,15,10,20,-1.105,-0.359,1.13,42.362,44.13,46.815,-488.335,-334.521,15774.92,10.297,,,,
20,2022,3,30,15,10,21,-1.158,-0.346,1.465,42.562,43.556,46.611,17.242,88.3,15434.9,10.297,,,,
20,2022,3,30,15,10,21,-1.109,-0.483,1.903,43.341,43.754,45.098,-744.355,-339.822,15980.54,10.297,,,,
20,2022,3,30,15,10,22,-1.134,-0.442,1.634,43.853,43.732,45.414,-1057.115,-97.074,16241.41,10.297,,,,
20,2022,3,30,15,10,22,-1.247,-0.404,2.038,43.808,43.556,45.956,64.615,-381.82,15371.6,10.297,,,,
20,2022,3,30,15,10,23,-1.198,-0.436,1.928,43.363,44.152,46.837,-273.881,-229.152,15714.36,10.297,,,,
20,2022,3,30,15,10,23,-1.17,-0.377,1.799,43.541,43.997,46.024,-688.181,407.425,15827.81,10.297,,,,
20,2022,3,30,15,10,24,-1.113,-0.477,1.738,43.742,41.744,47.153,-700.471,-49.484,15852.81,10.297,,,,
