Desktop_Software_Build_Version,2.0
#;Jahr;Monat;Tag;Stunde;Minute;Sekunde;VelX;VelY;VelZ;SNR1;SNR2;SNR3;AccX;AccY;AccZ;Temp
();();();();();();();(m/s);(m/s);(m/s);(dB);(dB);(dB);(cnts);(cnts);(cnts);(° C)
01;2025;09;29;16;14;20;0,585;0,006;0,024;37,067;35,494;38,775;3,485;192,688;15815,09;10,185
01;2025;09;29;16;14;20;0,6;-0,035;0,008;38,58;34,5;38,73;-28,935;203,95;15836,86;10,185
01;2025;09;29;16;14;21;0,629;-0,027;-0,062;36,244;36,51;38,369;-6,215;200,209;15822,95;10,179
01;2025;09;29;16;14;21;0,626;0,029;0,179;36,533;35,317;38,233;7,912;123,312;15844,33;10,185
01;2025;09;29;16;14;22;0,63;-0,014;-0,028;36,644;34,787;36,517;-30,506;110,215;15826,82;10,185
01;2025;09;29;16;14;22;0,636;0,029;-0,021;35,977;35,428;36,562;8,841;211,099;15826,77;10,185
01;2025;09;29;16;14;23;0,621;0,019;0,017;36,288;34,434;36,517;56,356;176,963;15807,41;10,185
01;2025;09;29;16;14;23;0,593;-0,026;-0,096;33,707;33,241;35,117;-16,177;182,495;15843,26;10,18
01;2025;09;29;16;14;24;0,692;0,065;-0,071;32,728;32,755;36,065;29,175;169,354;15818,96;10,185
01;2025;09;29;16;14;24;0,547;0,064;0,174;31,149;28,426;30,464;-2,809;200,829;15834,94;10,185
01;2025;09;29;16;14;25;0,703;0,102;-0,07;31,304;30,436;32,09;20,014;169,523;15846,38;10,185
01;2025;09;29;16;14;25;0,739;0,127;-0,646;32,15;31,275;31,548;24,36;339,38;15806,49;10,185
01;2025;09;29;16;14;26;0,775;0,093;0,028;32,773;31,629;33,129;43,292;288,637;15809,98;10,185
01;2025;09;29;16;14;26;0,446;-0,087;-0,066;34,308;32,137;35,523;-0,691;254,677;15819,98;10,185
01;2025;09;29;16;14;27;0,334;-0,009;0,094;33,04;33,285;36,065;0,542;203,06;15841,19;10,185
01;2025;09;29;16;14;27;0,327;0,199;0,822;32,061;29,685;34,823;52,75;214,496;15818,74;10,18
01;2025;09;29;16;14;28;0,564;0,06;0,088;32,84;32,247;35,117;-8,025;186,548;15830,05;10,174
01;2025;09;29;16;14;29;0,448;0,097;0,341;30,303;29,906;36,404;120,732;102,256;15788,8;10,152
01;2025;09;29;16;14;29;0,467;0,005;0,042;33,752;33,373;34,033;29,562;93,292;15786,02;10,158
01;2025;09;29;16;14;30;0,543;-0,063;-0,019;34,152;33,153;35,32;4,815;97,406;15856,79;10,161
01;2025;09;29;16;14;30;0,506;-0,006;-0,123;35,131;34,92;36,201;68,376;95,061;15808,88;10,153
01;2025;09;29;16;14;31;0,565;0,011;-0,041;37,957;34,809;35,568;-6,484;248,615;15828,08;10,147
01;2025;09;29;16;14;31;0,594;-0,021;0,011;34,953;35,207;37,465;-8,866;145,316;15828,5;10,147
01;2025;09;29;16;14;32;0,601;0,026;-0,06;33,996;34,014;36,246;4,198;172,454;15801,45;10,152
01;2025;09;29;16;14;32;0,489;0,004;-0,002;35,354;35,472;36,946;0,306;209,83;15836,5;10,147
01;2025;09;29;16;14;33;0,594;-0,002;-0,049;35,71;33,904;37,375;20,97;207,594;15830,84;10,147
01;2025;09;29;16;14;33;0,565;0,029;-0,017;34,886;32,755;37,42;21,283;198,764;15816,14;10,147
01;2025;09;29;16;14;34;0,552;-0,015;-0,004;34,597;33,197;35,794;-6,134;181,846;15787,27;10,147
01;2025;09;29;16;14;34;0,634;0,004;0,007;35,799;35,295;37,217;-28,037;235,665;15801,72;10,147
01;2025;09;29;16;14;35;0,677;0,002;-0,047;36,066;33,793;36,584;-2,597;194,798;15833,05;10,157
01;2025;09;29;16;14;35;0,738;0,004;-0,146;35,643;34,389;36,855;26,927;233,426;15824,67;10,153
01;2025;09;29;16;14;36;0,437;0,086;0,075;33,64;32,181;37,894;49,139;146,267;15815,96;10,157
01;2025;09;29;16;14;36;0,381;-0,027;-0,179;31,349;30,06;33,875;-15,162;129,169;15833,35;10,163
01;2025;09;29;16;14;37;0,438;0,015;-0,059;32,662;32,777;36,72;-23,376;216,508;15856,65;10,175
01;2025;09;29;16;14;37;0,342;0,042;-0,268;30,281;29,994;9,169;-18,515;224,891;15820,21;10,163
01;2025;09;29;16;14;38;0,513;0,027;0,089;32,995;30,657;33,287;-26,266;127,866;15830,22;10,157
01;2025;09;29;16;14;38;0,634;-0,034;0,023;32,595;33,44;36,088;29,725;153,57;15830,67;10,153
01;2025;09;29;16;14;39;0,671;0,01;-0,005;34,397;33,396;35,839;-7,73;170,142;15807,48;10,147
01;2025;09;29;16;14;39;0,611;0,016;-0,001;35,131;34,036;38,143;-10,285;120,438;15847,23;10,163
01;2025;09;29;16;14;40;0,581;0,02;-0,086;32,951;33,02;35,094;21,621;189,18;15807,17;10,147
01;2025;09;29;16;14;40;0,537;0,066;0,119;30,125;29,663;31,255;7,535;134,253;15817,28;10,147
01;2025;09;29;16;14;41;0,477;0,069;-0,111;30,526;31,187;31,707;-11,512;163,9;15801,59;10,147
01;2025;09;29;16;14;41;0,408;0,035;0,075;32,15;30,922;30,961;-4,592;88,542;15843,23;10,147
01;2025;09;29;16;14;42;0,553;-0,008;0,152;30,659;31,673;19,896;15,632;131,479;15838,19;10,147
01;2025;09;29;16;14;42;0,564;-0,026;0,01;33,485;33,904;34,913;-13,565;83,572;15838,74;10,147
01;2025;09;29;16;14;43;0,501;0,022;0,002;34,909;34,942;35,907;-8,22;126,784;15846,26;10,147
01;2025;09;29;16;14;43;0,601;-0,022;-0,027;34,241;35,251;34,755;4,733;83,723;15811,32;10,147
01;2025;09;29;16;14;44;0,745;0,029;-0,141;32,84;31,739;33,604;-2,125;124,389;15812,3;10,147
01;2025;09;29;16;14;44;0,662;-0,03;0,01;32,194;33,351;34,168;-0,279;161,42;15816,79;10,147
01;2025;09;29;16;14;45;0,668;-0,009;-0,016;34,174;33,506;35,071;-18,04;235,882;15810,3;10,147
01;2025;09;29;16;14;45;0,672;0,088;-0,025;31,972;30,458;35,004;15,563;100,764;15847,6;10,147
01;2025;09;29;16;14;46;0,493;0,126;-0,06;27,344;28,757;28,838;-12,081;122,718;15850,33;10,147
01;2025;09;29;16;14;46;0,353;0,08;-0,012;28,323;25,268;31,729;-51,352;182,864;15836,93;10,147
01;2025;09;29;16;14;47;0,503;0,115;-0,143;30,726;28,581;29,38;7,461;79,133;15837,12;10,147
01;2025;09;29;16;14;47;0,446;0,072;0,178;31,193;31,54;27,393;-24,398;66,613;15807,03;10,147
01;2025;09;29;16;14;48;0,427;-0,069;-0,194;31,505;32,225;32,678;-6,346;130,53;15828,19;10,147
01;2025;09;29;16;14;48;0,515;0,036;-0,204;31,082;32,623;25,722;-10,351;122,437;15831,19;10,147
01;2025;09;29;16;14;49;0,497;0;-0,075;29,213;31,584;30,058;-36,266;127,659;15838,22;10,147
01;2025;09;29;16;14;49;0,647;0,027;0,038;32,55;31,032;34,213;-30,512;110,337;15833,67;10,147
01;2025;09;29;16;14;50;0,653;0,061;0,192;33,018;31,209;34,304;-0,736;84,67;15827,01;10,147
02;2025;09;29;16;24;15;0,509;-0,05;-0,013;38,357;37,349;38,504;-135,331;33,242;15949,26;10,072
02;2025;09;29;16;24;15;0,603;-0,096;-0,354;35,977;36,112;39,927;-39,703;169,414;15717,45;10,072
02;2025;09;29;16;24;16;0,534;-0,134;-0,108;35,198;37,879;38,978;-76,2;435,21;15798,12;10,072
02;2025;09;29;16;24;16;0,74;-0,077;0,212;36,088;35,847;36,946;-181,412;43,891;15803,58;10,072
02;2025;09;29;16;24;17;0,629;-0,12;0,127;34,686;34,102;39,001;156,777;118,047;15769,69;10,072
02;2025;09;29;16;24;17;0,558;-0,106;-0,007;33,307;34,809;35,817;152,666;162,224;15721,74;10,072
02;2025;09;29;16;24;18;0,617;-0,117;0,079;35,153;33,594;35,884;99,434;384,934;15584,28;10,072
02;2025;09;29;16;24;18;0,798;0,011;0,065;33,729;33,815;34,349;-63,956;461,947;15670,2;10,072
02;2025;09;29;16;24;19;0,42;-0,033;0,087;35,443;36,046;37,239;268,84;248,441;15806,32;10,072
02;2025;09;29;16;24;19;0,294;-0,121;-0,046;35,598;36,024;36,313;-52,316;471,86;15754,05;10,072
02;2025;09;29;16;24;20;0,205;-0,048;0,291;37,846;37,968;38,64;-10,27;838,52;15708,68;10,072
02;2025;09;29;16;24;20;0,301;-0,171;0,015;35,665;34,721;37,194;-108,073;578,061;15758,11;10,072
02;2025;09;29;16;24;21;0,135;0,023;-0,07;35,398;34,809;37,375;94,196;467,931;15758,82;10,072
02;2025;09;29;16;24;21;0,457;-0,092;0,012;37,623;35,339;37,827;-76,748;-430,121;15842,13;10,072
02;2025;09;29;16;24;22;0,509;-0,167;0,022;36,733;36,974;38,414;-70,268;-1234,402;15800,48;10,072
02;2025;09;29;16;24;22;0,35;-0,171;-0,072;37,356;35,936;39,272;-123,085;-1334,013;15754,2;10,072
02;2025;09;29;16;24;23;0,559;-0,114;-0,15;37,089;37,548;38,459;-85,538;-1189,979;15756,24;10,072
02;2025;09;29;16;24;23;0,965;-0,139;0,198;38,691;36,907;38,978;-117,184;-1160,905;15909,14;10,072
02;2025;09;29;16;24;24;0,755;-0,078;-0,255;38,469;37,923;40,74;15,317;-935,839;15827,23;10,072
02;2025;09;29;16;24;24;0,273;-0,03;-0,249;36,511;36,245;37,894;98,058;-1191,698;15779,86;10,072
02;2025;09;29;16;24;25;0,523;-0,071;-0,2;37,823;38,52;41,214;-32,491;-941,517;15731,28;10,072
02;2025;09;29;16;24;25;0,116;-0,015;0,145;38,535;38,431;38,956;-124,155;-1132,709;15820,62;10,072
02;2025;09;29;16;24;26;0,664;-0,192;-0,386;38,446;38,277;39,182;-135,077;-1408,181;15803,52;10,072
02;2025;09;29;16;24;26;0,77;-0,195;-0,17;34,597;33,528;35,952;-76,666;-831,586;15777,28;10,072
02;2025;09;29;16;24;27;0,633;-0,047;0,161;35,242;35,958;37,872;-23,275;-943,44;15733,6;10,072
02;2025;09;29;16;24;27;0,416;-0,082;-0,012;36,177;35,98;36,133;109,336;-1171,008;15795,5;10,072
02;2025;09;29;16;24;28;0,394;-0,262;-0,169;35,576;35,361;37,33;-41,388;-949,954;15916,59;10,072
02;2025;09;29;16;24;28;0,38;-0,135;-0,172;35,042;34,699;35,975;44,827;-929,23;15787,13;10,072
02;2025;09;29;16;24;29;0,41;-0,159;0,02;34,708;34,434;37,42;131,139;-781,628;15781,14;10,072
02;2025;09;29;16;24;29;0,759;-0,118;-0,284;34,953;33,572;33,513;-495,395;438,496;15652,25;10,072
02;2025;09;29;16;24;30;0,363;0,163;1,005;34,308;35,118;36,517;222,664;326,899;15679,15;10,072
02;2025;09;29;16;24;30;0,253;-0,092;0,075;35,71;36,002;39,317;-294,229;405,639;16107,08;10,072
02;2025;09;29;16;24;31;0,653;-0,09;-0,329;33,596;33,042;35,478;-27,754;-97,865;15697,94;10,072
02;2025;09;29;16;24;31;0,497;-0,127;-0,174;34,241;35,074;34,891;-129,843;343,441;15664,26;10,072
02;2025;09;29;16;24;32;0,506;-0,103;-0,017;33,218;31,408;32,565;373,12;80,182;15658,53;10,072
02;2025;09;29;16;24;32;0,264;0,1;0,281;29,191;31,01;32,136;-158,927;1000,971;15778,52;10,072
02;2025;09;29;16;24;33;-0,542;-0,24;0,761;34,775;34,478;38,572;-9,522;424,808;15853,23;10,072
02;2025;09;29;16;24;33;0,461;0,019;-0,326;36,288;36,024;36,494;-121,574;448,351;15918,44;10,072
02;2025;09;29;16;24;34;0,033;-0,119;0,008;29,48;32,424;32,52;-204,184;693,537;15784,25;10,072
02;2025;09;29;16;24;34;0,284;-0,066;-0,044;32,194;32,534;35,433;-181,892;570,471;15926,21;10,072
02;2025;09;29;16;24;35;0,283;-0,036;-0,016;35,665;35,737;35,433;-98,426;611,981;15877,24;10,072
02;2025;09;29;16;24;35;0,363;0,085;-0,109;37,912;34,61;38,052;-125,55;619,253;15857,38;10,072
02;2025;09;29;16;24;36;0,524;-0,079;-0,153;36,221;36,576;35,907;-168,531;459,373;15795,32;10,072
02;2025;09;29;16;24;36;0,644;-0,048;-0,175;35,643;37,062;36,81;-29,536;506,96;15769,45;10,072
02;2025;09;29;16;24;37;0,382;-0,092;0,033;36,155;36,046;38,03;-119,541;562,239;15823,25;10,072
02;2025;09;29;16;24;37;0,486;-0,122;-0,033;35,265;34,102;38,798;-83,554;620,261;15831,39;10,072
02;2025;09;29;16;24;38;0,397;-0,088;-0,015;37,089;36,576;37,668;-26,807;526,616;15823,96;10,072
02;2025;09;29;16;24;38;0,242;-0,12;0,095;34,53;36,576;37,827;-97,784;626,908;15783,25;10,072
02;2025;09;29;16;24;39;0,128;0,002;0,218;36,711;36,488;38,098;-21,101;493,821;15897,71;10,072
02;2025;09;29;16;24;39;0,673;-0,054;0;36,088;38,034;38,436;4,797;555,435;15726,6;10,072
02;2025;09;29;16;24;40;0,144;-0,139;0,183;39,091;36,709;38,504;-136,631;658,133;15846,67;10,072
02;2025;09;29;16;24;40;0,602;-0,037;0,078;38,291;37,482;39,633;-102,941;545,405;15824,71;10,072
02;2025;09;29;16;24;41;0,588;-0,035;-0,317;37,045;37,46;38,03;-81,233;709,322;15786,37;10,072
02;2025;09;29;16;24;41;0,486;-0,03;-0,242;36,288;38,012;37,623;-94,331;585,368;15804;10,072
02;2025;09;29;16;24;42;0,439;-0,076;0,046;37,846;36,488;38,346;-98,667;489,019;15781,14;10,072
02;2025;09;29;16;24;42;0,275;-0,036;-0,118;37,445;36,775;38,436;4,819;554,971;15700,61;10,072
02;2025;09;29;16;24;43;0,129;-0,109;-0,413;38,736;38,498;39,633;-58,757;459,955;15740,54;10,072
02;2025;09;29;16;24;43;0,265;-0,071;0,035;38,246;37,283;37,781;-87,519;505,32;15791,43;10,072
02;2025;09;29;16;24;44;0,555;-0,057;-0,103;37,668;38,564;39,882;-159,836;471,97;15843,11;10,072
02;2025;09;29;16;24;44;0,35;-0,029;-0,159;38,847;37,725;39,453;102,37;740,688;15709,38;10,072
02;2025;09;29;16;21;55;0,517;0,066;-0,223;38,38;36,952;37,917;-211,235;437,745;15820,82;10,104
02;2025;09;29;16;21;55;0,518;-0,085;-0,137;38,335;37,46;40,446;-65,641;737,157;15841,32;10,1
02;2025;09;29;16;21;56;0,584;-0,09;-0,108;38,936;38,277;41,033;-11,124;536,026;15807,81;10,104
02;2025;09;29;16;21;56;0,613;-0,043;-0,227;39,092;38,255;41,846;6,254;513,217;15825,37;10,11
02;2025;09;29;16;21;57;0,642;0,029;0,068;39,692;38,939;42,027;13,269;557,748;15823,44;10,104
02;2025;09;29;16;21;57;0,594;-0,003;0,018;38,825;37,283;40,627;-60,979;547,126;15838,71;10,105
02;2025;09;29;16;21;58;0,518;0,022;0,016;38,736;38,895;40,198;35,383;448,841;15829,98;10,11
02;2025;09;29;16;21;58;0,318;-0,083;-0,125;38,357;39,138;41,485;20,946;607,846;15827,7;10,105
02;2025;09;29;16;21;59;0,582;-0,073;-0,382;39,87;38,188;41,282;-3,916;525,785;15860,58;10,11
02;2025;09;29;16;21;59;0,544;-0,02;-0,092;39,581;38,188;39,588;-11,777;570,79;15834,33;10,11
02;2025;09;29;16;22;00;0,199;-0,106;0,105;38,135;37,747;40,988;-13,181;529,38;15823,93;10,11
02;2025;09;29;16;22;00;0,605;0,022;0,121;37,89;39,315;41,485;-54,657;652,003;15870,85;10,11
02;2025;09;29;16;22;01;0,642;-0,021;-0,206;37,223;37,371;37,646;76,616;381,725;15833,5;10,11
02;2025;09;29;16;22;01;1,123;-0,097;0,392;33,018;32,623;35,5;-52,884;544,23;15884,78;10,11
02;2025;09;29;16;22;02;0,679;-0,14;-0,202;32,906;32,424;35,591;57,487;405,678;15803,33;10,11
02;2025;09;29;16;22;02;0,64;-0,054;-0,449;35,398;33,572;36,155;28,122;631,68;15803,28;10,11
02;2025;09;29;16;22;03;0,575;-0,136;0,102;34,931;32,954;35,591;37,498;388,153;15885,93;10,11
02;2025;09;29;16;22;03;0,4;-0,039;0,702;35,532;33,153;37,872;4,677;558,468;15784,56;10,11
02;2025;09;29;16;22;04;0,104;-0,036;-0,286;35,265;36,929;38,188;-17,047;574,571;15800,26;10,11
02;2025;09;29;16;22;04;0,495;-0,172;-0,03;37,935;35,869;38,12;-34,873;430,274;15856,82;10,11
02;2025;09;29;16;22;05;0,199;-0,036;0,091;36,889;37,813;37,781;1,694;561,794;15816,5;10,11
02;2025;09;29;16;22;05;0,666;-0,191;-0,398;36,644;36,267;37,781;170,949;553,792;15756,78;10,11
02;2025;09;29;16;22;06;0,778;-0,059;0,366;37,734;36,709;40,92;-109,085;394,162;15869,69;10,11
02;2025;09;29;16;22;06;0,557;-0,036;0,1;38,758;36,399;39,724;-108,151;693,826;15852,06;10,11
02;2025;09;29;16;22;07;0,757;0,01;0,047;38,58;37,636;40,243;-49,548;653,509;15801,11;10,11
02;2025;09;29;16;22;07;0,545;0,046;0,19;39,648;37,504;40,04;22,113;574,372;15856,3;10,105
02;2025;09;29;16;22;08;0,624;-0,017;0,018;39,892;39,116;40,153;128,301;408,16;15803,35;10,11
02;2025;09;29;16;22;08;0,757;0,082;0,288;39,092;38,188;40,695;42,604;504,022;15799,57;10,105
02;2025;09;29;16;22;09;0,559;0,023;-0,117;38,758;38,166;38,594;88,379;503,009;15813,05;10,104
02;2025;09;29;16;22;09;0,363;-0,028;-0,03;38,024;38,321;38,662;18,17;401,62;15829,38;10,11
02;2025;09;29;16;22;10;0,657;0,004;-0,282;37,846;37,68;39,791;191,884;551,801;15780,27;10,11
02;2025;09;29;16;22;10;0,694;-0,029;0;37,601;36,996;40,966;53,518;420,296;15909,09;10,11
02;2025;09;29;16;22;11;0,566;-0,046;-0,035;39,625;39,028;39,994;25,353;539,429;15798,63;10,104
02;2025;09;29;16;22;11;0,661;-0,071;-0,207;39,225;37,172;40,627;-70,396;587,243;15861,99;10,1
02;2025;09;29;16;22;12;0,622;-0,069;-0,288;38,914;37,857;39,114;-168,965;666,841;15885,35;10,11
02;2025;09;29;16;22;12;0,477;-0,062;-0,179;36,889;37,945;39,385;138,515;565,911;15714,53;10,11
02;2025;09;29;16;22;13;0,624;-0,068;-0,177;39,358;39,315;38,549;60,339;454,535;15843,61;10,104
02;2025;09;29;16;22;13;0,762;-0,012;0,008;33,93;32,49;34,958;-95,575;620,983;15783,36;10,105
02;2025;09;29;16;22;14;0,81;-0,004;-0,004;37,668;36,311;38,707;221,718;484,448;15664,9;10,104
02;2025;09;29;16;22;14;0,747;0,03;-0,3;38,224;35,604;38,256;326,275;519,934;15573,49;10,1
02;2025;09;29;16;22;15;0,453;-0,195;-0,038;38,558;37,15;41,643;2,576;536,629;15814,67;10,089
02;2025;09;29;16;22;15;0,606;-0,165;0,068;37,668;38,696;38,978;-70,457;360,781;15846,03;10,077
02;2025;09;29;16;22;16;0,882;-0,053;-0,007;37,223;37,504;40,107;540,644;260,461;15561,73;10,072
02;2025;09;29;16;22;16;0,547;-0,04;-0,036;37,512;36,134;39,001;-29,303;271,111;15899,67;10,082
02;2025;09;29;16;22;17;0,752;0,004;-0,073;34,82;34,588;36,494;-19,198;700,921;15834,58;10,078
02;2025;09;29;16;22;17;0,845;-0,021;-0,051;35,821;34,478;39,588;-77,632;508,418;15833,39;10,072
02;2025;09;29;16;22;18;0,828;-0,081;-0,353;38,958;36,885;39,724;-59,995;429,449;15827,96;10,072
02;2025;09;29;16;22;18;0,525;-0,111;-0,249;39,492;37,923;39,52;-113,712;681,304;15834,27;10,072
02;2025;09;29;16;22;19;0,501;0,012;0,179;38,825;38,166;39,927;-3,831;458,492;15806,91;10,072
02;2025;09;29;16;22;19;0,482;-0,082;0,129;39,803;38,542;40,943;16,459;564,884;15784,46;10,072
02;2025;09;29;16;22;20;0,746;-0,047;0,136;39,67;37,879;40,311;-197,043;553,601;16003,94;10,072
02;2025;09;29;16;22;20;1,042;-0,227;-0,677;35,954;32,689;36,743;68,777;327,895;15860,74;10,072
02;2025;09;29;16;22;21;0,221;-0,148;-0,485;39,025;36,731;39,724;0,087;607,595;15822,54;10,072
02;2025;09;29;16;22;21;0,456;0,024;-0,003;36,689;36,598;39,453;-94,734;653,242;15906,8;10,072
02;2025;09;29;16;22;22;0,814;-0,117;-0,236;37,823;37,46;39,769;-67,055;696,262;15795,76;10,072
02;2025;09;29;16;22;22;0,784;-0,001;0,087;38,291;37,592;40,853;114,048;293,251;15737,38;10,072
02;2025;09;29;16;22;23;0,626;-0,143;-0,144;39,292;38,343;41,982;50,098;551,362;15777,87;10,072
02;2025;09;29;16;22;23;0,902;-0,064;-0,352;39,781;37,725;41,259;-26,752;655,125;15878,82;10,072
02;2025;09;29;16;22;24;0,756;-0,105;0,083;37,134;37,15;38,956;118,759;745,775;15769,89;10,072
02;2025;09;29;16;22;24;0,681;-0,077;-0,088;36,466;35,295;38,73;-10,221;583,315;15860,11;10,072
02;2025;09;29;16;18;56;0,822;0,021;-0,139;32,995;32,755;34,846;-9,451;-865,139;15783,94;10,035
02;2025;09;29;16;18;56;0,965;-0,059;-0,123;32,105;32,623;35,591;-26,373;-953,415;15805,5;10,035
02;2025;09;29;16;18;57;0,829;-0,101;-0,26;33,44;33,727;33,626;17,992;-946,362;15745,12;10,035
02;2025;09;29;16;18;57;0,864;0,011;-0,06;33,907;33,528;35,659;-34,885;-881,823;15796,22;10,035
02;2025;09;29;16;18;58;0,679;-0,016;0,104;31,905;31,143;34,823;-72,475;-910,904;15858,72;10,035
02;2025;09;29;16;18;58;0,791;-0,061;-0,167;33,907;33,594;35,704;-78,828;-941,319;15801,24;10,035
02;2025;09;29;16;18;59;0,762;-0,182;-0,232;32,929;34,213;34,304;-43,761;-946,934;15834,24;10,035
02;2025;09;29;16;18;59;0,795;0,088;-0,041;33,018;31,275;33,423;-102,999;-879,888;15814,13;10,035
02;2025;09;29;16;19;00;0,748;0,023;-0,087;33,529;33,815;34,733;-148,168;-839,075;15802,5;10,035
02;2025;09;29;16;19;00;0,979;0,078;-0,39;31,46;33,837;36,359;-38,81;-884,569;15874,28;10,035
02;2025;09;29;16;19;01;0,246;-0,071;0,395;32,773;32,004;34,823;24,174;-992,126;15732,23;10,035
02;2025;09;29;16;19;01;0,528;-0,159;0,228;34,753;32,888;35,094;-66,563;-834,591;15813,35;10,035
02;2025;09;29;16;19;02;0,939;0,002;-0,049;31,727;29,663;33,287;-29,943;-949,39;15797,72;10,035
02;2025;09;29;16;19;02;1,359;0,151;-0,109;32,906;31,562;34,958;-59,002;-878,846;15786,14;10,044
02;2025;09;29;16;19;03;1,334;0,247;-0,513;33,173;33,241;35,478;159,453;-871,779;15801,07;10,051
02;2025;09;29;16;19;03;0,699;0,111;0,286;34,286;31,496;35,275;-73,074;-935,007;15919,15;10,054
02;2025;09;29;16;19;04;0,998;-0,04;-0,663;32,617;32,203;10,14;37,445;-914,605;15820,01;10,035
02;2025;09;29;16;19;04;0,96;0,081;-0,227;32,662;32,755;34,891;-90,207;-845,245;15823,52;10,044
02;2025;09;29;16;19;05;0,897;-0,001;-0,106;34,486;32,181;35,094;21,902;-797,096;15769,9;10,035
02;2025;09;29;16;19;05;0,776;-0,043;0,104;33,173;27,785;21,454;-124,249;-901,928;15854,51;10,035
02;2025;09;29;16;19;06;0,741;0,056;-0,429;33,351;33,086;10,185;-19,167;-865,709;15851,1;10,035
02;2025;09;29;16;19;06;0,9;-0,034;-0,185;31,393;30,613;18,721;-91,486;-809,452;15924,9;10,035
02;2025;09;29;16;19;07;0,902;-0,104;-0,427;33,44;30,944;34,416;-77,138;-842,955;15830,07;10,035
02;2025;09;29;16;19;07;0,778;-0,008;0,028;33,04;33,793;34,349;-7,239;-871,136;15780,05;10,035
02;2025;09;29;16;19;08;0,89;-0,031;-0,021;32,906;33,705;36,02;-155,238;-833,565;15868,7;10,035
02;2025;09;29;16;19;08;0,872;-0,115;0,011;34,731;31,849;37,239;-87,679;-803,173;15820,77;10,035
02;2025;09;29;16;19;09;1,036;-0,041;0,313;34,308;33,175;35,32;-28,228;-868,232;15855,71;10,035
02;2025;09;29;16;19;09;0,711;0,042;0,165;36,488;30,878;35,026;-2,666;-830,492;15805,33;10,035
02;2025;09;29;16;19;10;0,728;-0,109;0,163;33,218;33,307;34,62;-27,261;-765,335;15851,59;10,035
02;2025;09;29;16;19;10;0,84;-0,152;-0,208;33,863;33,926;35,41;-15,262;-756,686;15816,01;10,035
02;2025;09;29;16;19;11;1,089;-0,06;0,033;34,842;33,572;36,562;-57,956;-803,081;15847,66;10,035
02;2025;09;29;16;19;11;0,598;-0,028;-0,019;34,152;35,118;37,036;-119,634;-805,366;15872,79;10,035
02;2025;09;29;16;19;12;0,945;-0,048;-0,163;34,753;33,749;37,759;-107,513;-824,297;15781,7;10,035
02;2025;09;29;16;19;12;0,383;0,112;0,162;34,197;34,147;36,81;-54,651;-774,61;15786,29;10,035
02;2025;09;29;16;19;13;0,831;0,022;0,09;35,91;33,859;35,071;-115,906;-715,847;15850,63;10,035
02;2025;09;29;16;19;13;0,818;-0,059;0,117;35,02;34,655;36,178;-41,021;-763,914;15798,11;10,04
02;2025;09;29;16;19;14;0,835;-0,052;0,005;34,619;34,831;35,794;-61,196;-840,763;15793,46;10,035
02;2025;09;29;16;19;14;0,826;-0,108;-0,189;33,351;31,231;37,307;-133,774;-801,681;15882,72;10,035
02;2025;09;29;16;19;15;0,883;-0,159;-0,205;36,733;35,825;37,827;3,191;-785,583;15810,82;10,051
02;2025;09;29;16;19;15;0,864;-0,095;-0,088;34,775;34,323;37,465;-86,582;-834,649;15849,34;10,04
02;2025;09;29;16;19;16;1,082;-0,016;0,012;36,711;34,942;37,601;-155,351;-829,976;15813,77;10,062
02;2025;09;29;16;19;16;0,838;-0,046;0,095;34,063;34,61;36,765;-116,417;-839,84;15841,41;10,063
02;2025;09;29;16;19;17;1,065;0,057;0,187;34,508;34,655;33,626;-116,561;-827,105;15770,31;10,072
02;2025;09;29;16;19;17;1,023;0,06;-0,074;33,796;36,09;35,365;146,293;-854,712;15725,88;10,072
02;2025;09;29;16;19;18;1,069;0,058;0,013;34,019;33,44;35,229;16,023;-825,029;15754,39;10,072
02;2025;09;29;16;19;18;0,359;-0,004;0,118;34,286;34,279;35,523;-218,957;-712,411;15893,05;10,068
02;2025;09;29;16;19;19;0,777;-0,175;0,148;35,198;31,982;36,201;-144,704;-742,379;15830,5;10,056
02;2025;09;29;16;19;19;1,104;0,067;-0,14;34,419;32,865;35,229;-223,165;-705,449;15730,9;10,063
02;2025;09;29;16;19;20;1,074;0,169;0,207;33,574;33,705;33,649;41,284;-828,798;15877,92;10,051
02;2025;09;29;16;19;20;0,827;0,064;-0,399;35,242;35,185;35,139;-53,306;-699,279;15854,96;10,049
02;2025;09;29;16;19;21;0,801;-0,122;-0,17;35,665;31,651;34,846;-78,849;-794,38;15863,49;10,046
02;2025;09;29;16;19;21;0,646;0,128;0,012;35,71;34,92;34,62;-4,967;-822,105;15831,19;10,04
02;2025;09;29;16;19;22;0,762;0,109;-0,115;33,974;35,317;37,533;-34,332;-759,172;15826,32;10,035
02;2025;09;29;16;19;22;0,724;0,04;-0,006;35,331;35,538;37,014;39,044;-878,695;15826,23;10,035
02;2025;09;29;16;19;23;0,737;0,048;-0,075;35,977;32,998;37,352;-12,369;-798,175;15776,74;10,035
02;2025;09;29;16;19;23;0,829;-0,151;0,022;33,796;34,566;36,675;-103,943;-796,419;15894,65;10,035
02;2025;09;29;16;19;24;0,952;0,078;0,082;34,82;36,51;35,252;-36,335;-832,5;15823,06;10,035
02;2025;09;29;16;19;24;0,619;0,03;0,003;36,422;34,897;36,765;-52,447;-723,653;15833,39;10,035
02;2025;09;29;16;19;25;0,77;-0,023;0,499;34,864;32,777;36,088;-12,203;-868,405;15814,58;10,035
02;2025;09;29;16;19;25;0,816;0,009;0,013;34,575;33,771;36,381;-94,265;-729,442;15815,45;10,035
03;2025;09;29;16;30;41;1,107;0,348;0,279;21,737;19,591;23,577;-28,846;772,283;15830,72;9,923
03;2025;09;29;16;30;41;0,8;0,339;-0,021;22,783;24,605;24,525;-245,88;684,03;15798,11;9,923
03;2025;09;29;16;30;42;1,283;0,14;-0,074;24,452;23,213;23,87;-229,223;624,669;15819,75;9,923
03;2025;09;29;16;30;42;1,489;0,132;-0,28;22,138;21,734;23,306;-175,393;728,485;15795,37;9,923
03;2025;09;29;16;30;43;1,188;0,267;0,238;22,316;21,8;25,383;-183,993;509,017;15787,56;9,923
03;2025;09;29;16;30;43;1,515;0,253;-0,115;23,339;26,924;25,361;-69,422;503,167;15747,48;9,923
03;2025;09;29;16;30;44;1,166;0,384;0,002;21,76;22,109;24,503;-420,966;285,47;16159,41;9,923
03;2025;09;29;16;30;44;1,192;0,355;0,361;21,292;23,368;24,299;-422,415;638,216;15932,79;9,923
03;2025;09;29;16;30;45;0,954;0,027;-0,334;24,719;24,075;24,164;-278,834;472,862;15998,45;9,923
03;2025;09;29;16;30;45;1,039;0,287;-0,562;22,16;23,258;26,287;-329,778;392,208;16097,29;9,923
03;2025;09;29;16;30;46;0,932;-0,162;-0,078;30,192;28,073;29,968;110,174;468,736;15772,54;9,923
03;2025;09;29;16;30;46;1,253;0,056;-0,38;22,761;22,993;25,745;-180,217;637,882;15774,98;9,923
03;2025;09;29;16;30;47;1,09;0,347;0,208;28,189;27,057;23,193;-94,099;489,832;15689,68;9,923
03;2025;09;29;16;30;47;0,665;-0,062;-0,503;30,125;28,249;5,713;-147,378;443,158;15790,49;9,923
03;2025;09;29;16;30;48;1,06;0,02;-0,404;27,767;29,663;-0,406;-132,677;415,14;15809,86;9,923
03;2025;09;29;16;30;48;1,198;0,102;-0,554;23,517;22,374;-0,135;-137,32;555,776;15800,49;9,923
03;2025;09;29;16;30;49;1,092;0,264;0,098;20,758;21,954;15,469;130,689;471,619;15637,62;9,923
03;2025;09;29;16;30;49;1,083;0,233;0,22;25,03;21,181;25,948;-248,779;365,642;16019,82;9,923
03;2025;09;29;16;30;50;0,794;0,457;-0,212;20,87;23,744;23,419;-161,802;201,9;15838,79;9,923
03;2025;09;29;16;30;50;1,125;0,106;0,043;27,589;25,599;26,49;-71,82;456,741;15842,32;9,923
03;2025;09;29;16;30;51;1,056;0,045;0,061;30,904;29,508;32,361;-82,682;358,622;15877,21;9,923
03;2025;09;29;16;30;51;0,911;-0,007;0,185;27,389;27,211;29,697;-189,355;155,021;15989,62;9,923
03;2025;09;29;16;30;52;0,765;-0,065;-0,245;26,988;24,649;27,167;121,356;607,068;15683,21;9,923
03;2025;09;29;16;30;52;1,153;0,06;0,156;23,717;18,995;23,961;-214,574;361,624;15839,89;9,923
03;2025;09;29;16;30;53;1,001;0,333;0,284;17,688;20,629;23,599;-151,608;367,558;15872,42;9,923
03;2025;09;29;16;30;53;1,252;0,231;-0,115;20,647;22,639;23,893;-15,743;399,073;15753,38;9,923
03;2025;09;29;16;30;54;0,673;0,096;-0,996;23,74;22,529;26,4;-99,151;371,724;15874,67;9,923
03;2025;09;29;16;30;54;0,941;0,172;0,155;23,762;24,693;22,944;-243,217;492,823;15957,54;9,923
03;2025;09;29;16;30;55;1,092;0,22;0,206;22,961;21,734;16,96;-20,822;225,913;15753,89;9,923
03;2025;09;29;16;30;55;1,103;0,084;0,152;26,321;24,207;17,05;-185,222;437,437;15880,57;9,923
03;2025;09;29;16;30;56;1,016;0,058;-0,033;30,325;28,338;27,551;-74,03;176,761;15923,89;9,923
03;2025;09;29;16;30;56;0,724;0,172;0,38;21,203;20,916;24,073;-219,623;390,925;15921,38;9,923
03;2025;09;29;16;30;57;0,998;0,124;-0,104;25,03;22,948;25,451;-63,586;401,515;15807,88;9,923
03;2025;09;29;16;30;57;0,991;0,049;0,106;26,521;27,079;31,661;-64,75;198,228;15810,93;9,923
03;2025;09;29;16;30;58;1,38;0,219;-0,203;26,499;24,87;28,026;30,123;403,738;15748,48;9,923
03;2025;09;29;16;30;58;1,068;0,127;-0,171;24,096;23,478;25,993;-114,093;63,331;15975,32;9,923
03;2025;09;29;16;30;59;0,405;-0,156;0,014;26,677;26,615;30,081;-131,176;306,613;15878,09;9,923
03;2025;09;29;16;30;59;0,998;-0,119;-0,073;30,726;29,619;33,626;-106,068;234,476;15904,26;9,923
03;2025;09;29;16;31;00;1,317;-0,018;-0,136;25,208;24,097;27,416;-206,041;485,499;15794,82;9,923
03;2025;09;29;16;31;00;1,22;0,045;-0,574;24,34;20,938;22,018;-21,613;509,846;15691,39;9,923
03;2025;09;29;16;31;01;1,252;0,34;0,003;19,935;20,254;22,831;-26,716;197,041;15941,86;9,923
03;2025;09;29;16;31;01;1,093;0,116;0,061;25,364;26,018;29,132;-236,847;254,83;15843,78;9,923
03;2025;09;29;16;31;02;1,187;0,123;-0,848;24,096;22,794;25,541;84,262;293,749;15887,65;9,923
03;2025;09;29;16;31;02;1,129;-0,034;0,096;28,901;29,685;28,5;-153,341;327,575;15830,55;9,923
03;2025;09;29;16;31;03;1,185;0,044;-0,154;21,849;24,207;23,531;-30,141;230,609;15778,95;9,923
03;2025;09;29;16;31;03;1,499;0,212;-0,63;21,025;24,45;18,089;-199,917;343,95;15718,2;9,923
03;2025;09;29;16;31;04;1,292;0,208;0,116;27,5;24,274;27,506;-366,103;91,222;16062,33;9,923
03;2025;09;29;16;31;04;0,925;0,15;0,254;21,915;21,491;22,493;-32,019;218,987;15772,3;9,923
03;2025;09;29;16;31;05;1,109;0,356;0,098;20,58;17,957;21,793;-178,634;250,082;15799,9;9,923
03;2025;09;29;16;31;05;0,936;0,014;0,43;26,921;28,713;25,722;-137,805;-25,934;15842,87;9,923
03;2025;09;29;16;31;06;1,195;0,219;-0,045;26,365;25,157;24,819;-29,922;232,607;15762,34;9,923
03;2025;09;29;16;31;06;1,265;-0,191;0,251;24,763;25,113;11,63;-22,866;87,901;15843,22;9,923
03;2025;09;29;16;31;07;1,46;0,069;-1,871;24,14;25,113;-0,542;13,233;29,384;15730;9,923
03;2025;09;29;16;31;07;1,206;0,213;-2,885;27,767;25,776;-0,248;16,522;74,01;15756,64;9,923
03;2025;09;29;16;31;08;1,517;0,334;3,796;22,983;24,207;-0,587;-238,863;254,01;16025,82;9,923
03;2025;09;29;16;31;08;0,946;-0,066;2,026;28,968;27,388;-0,723;-41,968;111,283;15781,07;9,923
03;2025;09;29;16;31;09;1,122;-0,124;-2,593;25,72;24,848;-0,497;-46,197;68,105;15885,28;9,923
03;2025;09;29;16;31;09;1,038;0,075;-0,16;24,14;24,009;6,414;-137,324;25,249;15889,97;9,923
03;2025;09;29;16;31;10;1,226;0,242;-0,114;19,757;17,913;9,711;-95,094;-20,863;15818,81;9,923
03;2025;09;29;16;31;10;1,227;0,22;0,402;21,826;20,21;20,844;110,443;135,492;15684,75;9,923
03;2025;09;29;16;29;02;0,586;-0,389;-0,115;33,841;33,661;33,423;120,529;-1261,361;15709,68;9,966
03;2025;09;29;16;29;02;0,682;-0,235;0,002;31,505;30,9;33,4;3,822;-1529,69;15867,82;9,974
03;2025;09;29;16;29;03;0,562;-0,273;-0,049;31,638;33,329;33,942;175,112;-1122,12;15714,1;9,982
03;2025;09;29;16;29;03;0,719;-0,31;-0,023;32,194;29,862;32,407;236,864;-811,555;15611,17;9,979
03;2025;09;29;16;29;04;0,521;-0,282;-0,102;33,796;30,922;33,355;148,704;-1216,925;15708,91;9,987
03;2025;09;29;16;29;04;0,51;-0,454;0,259;21,96;23,434;29,313;213,713;-1692,588;15636,87;9,988
03;2025;09;29;16;29;05;1,003;-0,258;-0,115;24,674;24,892;26,016;470,108;-1511,633;15611,58;9,998
03;2025;09;29;16;29;05;0,846;-0,34;0,06;27,678;28,36;28,658;52,122;-2107,725;15796,16;9,988
03;2025;09;29;16;29;06;0,577;-0,344;0,003;29,28;27,984;31,3;64,062;-1935,115;15879,39;9,998
03;2025;09;29;16;29;06;0,876;-0,274;0,033;23,584;23,832;24,39;123,807;-840,744;15655,6;9,998
03;2025;09;29;16;29;07;0,75;-0,549;-0,155;26,743;27,609;31,548;-236,754;-1574,759;15897,85;9,998
03;2025;09;29;16;29;07;0,862;-0,399;-0,546;26,298;26,526;29,81;233,688;-1748,413;15609,88;9,998
03;2025;09;29;16;29;08;1,026;-0,226;0,219;28,189;25,356;28,974;-90,992;-1425,175;15662,13;9,998
03;2025;09;29;16;29;08;1,367;-0,306;0,253;25,075;29,155;26,535;192,301;-1539,232;15748,13;9,998
03;2025;09;29;16;29;09;1,062;-0,389;0,192;24,763;21,446;26,874;14,69;-1439,641;15797,36;9,998
03;2025;09;29;16;29;09;0,787;-0,517;-0,121;27,099;24,119;25,406;228,357;-2512,268;15997,56;9,998
03;2025;09;29;16;29;10;0,989;-0,412;-0,107;27,611;24,009;26,241;171,489;-889,12;15831,1;9,998
03;2025;09;29;16;29;10;0,838;-0,354;-0,202;26,098;26,946;30,193;488,828;-1204,94;15504,39;9,998
03;2025;09;29;16;29;11;0,829;-0,33;-0,442;29,524;28,603;29,426;30,092;-1617,876;15777,69;9,998
03;2025;09;29;16;29;11;0,942;-0,302;0,094;26,365;24,892;27,98;57,653;-2151,944;15886,97;9,984
03;2025;09;29;16;29;12;0,882;-0,374;0,156;30,548;27,675;31,571;308,148;-805,478;15507,39;9,992
03;2025;09;29;16;29;12;0,616;-0,399;0,23;33,818;31,894;33,852;124,397;-1200,315;15694,02;9,979
03;2025;09;29;16;29;13;0,755;-0,405;-0,348;31,527;31,099;33,4;48,421;-1684,529;15852,05;9,971
03;2025;09;29;16;29;13;0,763;-0,279;0,35;25,386;28,05;27,213;344,674;-1262,338;15823,34;9,97
03;2025;09;29;16;29;14;0,703;-0,361;-0,066;26,276;26,504;28,048;276,982;-1093,761;15949,15;9,96
03;2025;09;29;16;29;14;1,053;-0,312;-0,346;27,544;25,776;27,371;52,057;-1820,203;15757,03;9,984
03;2025;09;29;16;29;15;0,833;-0,484;-0,261;28,39;29,442;29,99;-375,023;-1023,312;15922,18;9,976
03;2025;09;29;16;29;15;0,337;-0,587;0,052;32,128;30,171;32,836;220,253;-965,814;15635,91;9,97
03;2025;09;29;16;29;16;0,892;-0,376;-0,62;28,256;27,785;27,371;115,862;-2107,705;15848,23;9,966
03;2025;09;29;16;29;16;0,262;-0,138;0,788;30,77;28,779;30,961;-256,583;-1408,582;15875,44;9,965
03;2025;09;29;16;29;17;0,598;-0,359;-0,127;28,99;27,211;28,838;345,662;-309,897;15516,87;9,966
03;2025;09;29;16;29;17;0,556;-0,356;0,167;25,72;25,687;29,968;-68,464;-1523,184;15925,65;9,965
03;2025;09;29;16;29;18;1,827;-0,202;-0,76;28,345;25,069;31,029;448,135;-819,558;15596,92;9,966
03;2025;09;29;16;29;18;0,873;-0,072;0,509;28,145;29,265;29,9;-52,643;-1746,874;16033,67;9,96
03;2025;09;29;16;29;19;0,58;-0,185;0,209;30,437;29,287;33,174;434,685;-500,782;15540,93;9,96
03;2025;09;29;16;29;19;0,875;-0,196;0,254;31,037;29,486;32,745;270,007;-1358,284;15752,97;9,96
03;2025;09;29;16;29;20;0,84;-0,697;0,075;25,497;25,466;24,977;-126,068;-1272,253;15583,93;9,96
03;2025;09;29;16;29;20;2,019;-0,42;-1,496;27,033;24,804;26,671;259,612;-948,926;15943,69;9,96
03;2025;09;29;16;29;21;0,777;-0,262;0,182;27,589;28,316;28,071;286,86;-787,357;15795,1;9,96
03;2025;09;29;16;29;21;0,644;-0,323;0,109;28,901;29,066;29,629;160,168;-1193,13;15689,92;9,96
03;2025;09;29;16;29;22;0,821;-0,249;0,041;25,319;26,217;26,987;48,198;-699,354;15811,61;9,96
03;2025;09;29;16;29;22;0,62;-0,22;0,035;25,92;27,918;28,138;141,631;-1520,464;15665,74;9,965
03;2025;09;29;16;29;23;0,461;-0,344;-0,073;30,036;29,464;31,639;76,291;-1761,71;15830,59;9,96
03;2025;09;29;16;29;23;0,494;-0,423;-0,379;28,879;29,398;30,126;75,367;-1744,209;15931,72;9,96
03;2025;09;29;16;29;24;0,955;-0,244;0,556;25,03;24,406;25,248;42,896;-1330,929;15809,16;9,96
03;2025;09;29;16;29;24;0,96;-0,346;0,026;24,385;22,197;27,032;-28,34;-1355,023;15960,69;9,96
03;2025;09;29;16;29;25;1,061;-0,282;-0,018;18,956;19,37;22,222;361,189;-883,328;15527,12;9,96
03;2025;09;29;16;29;25;1,038;-0,28;0,093;22,605;21,535;24,141;29,515;-950,419;15975,53;9,96
03;2025;09;29;16;29;26;0,917;-0,119;0,28;28,657;26,284;29,968;242,038;-616,484;15588,55;9,96
03;2025;09;29;16;29;26;0,607;-0,253;0,244;28,59;28,117;31,277;-225,246;-1330,77;15688,05;9,96
03;2025;09;29;16;29;27;0,39;-0,475;-0,062;31,527;29;31,616;14,297;-1558,811;15785,77;9,96
03;2025;09;29;16;29;27;0,805;-0,353;-0,026;29,769;27,962;30,352;75,287;-998,159;15678,37;9,96
03;2025;09;29;16;29;28;0,693;-0,399;-0,022;26,81;26,725;28,771;161,636;-1716,577;15756,7;9,96
03;2025;09;29;16;29;28;0,683;-0,514;0,007;30,815;31,629;32;27,054;-1620,81;15763,45;9,96
03;2025;09;29;16;29;29;0,645;-0,369;0,285;28,456;29,464;31,503;48,386;-1747,458;15658,85;9,96
03;2025;09;29;16;29;29;0,65;-0,28;0,35;28,434;27,366;30,239;92,484;-1033;15823,03;9,96
03;2025;09;29;16;29;30;0,629;-0,113;-0,011;25,987;26,018;27,8;30,299;-1036,707;15785,61;9,96
03;2025;09;29;16;29;30;0,54;-0,331;-0,081;27,255;25,135;27,619;12,301;-1313,331;15637,93;9,96
03;2025;09;29;16;29;31;0,39;-0,215;0,474;27,611;27,763;31,187;87,533;-2017,881;15938,04;9,96
03;2025;09;29;16;29;31;0,571;-0,575;-0,206;30,459;30,502;29,9;238,362;-1425,888;15728,15;9,96
03;2025;09;29;16;27;30;0,491;-0,181;-0,003;34,286;33,904;35,636;-4177,38;-2103,395;18958,94;9,998
03;2025;09;29;16;27;30;0,184;-0,302;-0,166;35,087;36,642;38,459;-1014,064;-13,634;16457,99;9,998
03;2025;09;29;16;27;31;0,554;-0,166;-0,136;32,528;32,888;35,771;525,544;1803,081;15127,27;9,998
03;2025;09;29;16;27;31;-0,11;-0,335;-0,006;35,087;32,424;37,33;-296,082;-452,675;15794,34;9,998
03;2025;09;29;16;27;32;0,3;-0,166;0,157;35,109;32,888;35,704;-352,848;567,982;15066,25;10,003
03;2025;09;29;16;27;32;0,268;-0,112;0,066;33,974;33,528;35,862;262,637;2101,282;16377,36;9,998
03;2025;09;29;16;27;33;0,208;-0,099;0,148;35,109;34,986;34,281;-1439,362;-277,906;15304,44;10,008
03;2025;09;29;16;27;33;0,304;-0,062;0,425;34,998;30,215;35,749;-2453,274;-467,415;17409;10,007
03;2025;09;29;16;27;34;-0,027;-0,148;0,035;33,774;34,014;35,93;-1206,935;1240,034;16331,44;10,014
03;2025;09;29;16;27;34;0,433;-0,277;-0,28;34,174;32,667;35,094;761,774;-485,583;15573,8;10,016
03;2025;09;29;16;27;35;0,346;-0,031;0,529;34,731;33,705;36,268;-241,68;-716,786;15916,83;10,014
03;2025;09;29;16;27;35;0,515;-0,144;0,067;34,152;35,45;36,855;-77,613;108,808;15760,51;10,012
03;2025;09;29;16;27;36;0,458;-0,292;0,02;35,865;33,683;35,839;1198,826;-309,387;15151,83;10,024
03;2025;09;29;16;27;36;0,648;-0,226;1,12;35,821;33,108;35,794;-977,754;-1675,653;16233,63;10,03
03;2025;09;29;16;27;37;0,502;-0,201;0,07;35,576;33,175;36,562;6627,47;1043,092;12215,35;10,035
03;2025;09;29;16;27;37;0,682;-0,29;-0,717;35,71;33,793;35,049;-1161,907;1518,638;16728,86;10,035
03;2025;09;29;16;27;38;0,754;-0,311;-0,129;35,509;35,118;35,884;-1912,533;-2529,048;16682,12;10,03
03;2025;09;29;16;27;38;0,585;-0,241;0,209;35,843;34,456;37,33;-243,434;2663,791;15390,16;10,035
03;2025;09;29;16;27;39;0,356;-0,232;-0,164;35,843;34,544;36,607;-956,234;-1719,276;16326,45;10,035
03;2025;09;29;16;27;39;0,438;-0,111;-0,08;36,221;35,251;37,759;2767,721;-635,004;15357,88;10,035
03;2025;09;29;16;27;40;0,553;-0,249;0,12;33,084;34,897;38,481;-353,715;-1322,839;16159,87;10,035
03;2025;09;29;16;27;40;0,764;-0,287;-0,077;36,221;37,813;39,453;-158,548;370,377;15787,77;10,035
03;2025;09;29;16;27;41;0,521;-0,276;-0,058;35,198;35,538;38,007;160,179;-1135,461;15556,87;10,035
03;2025;09;29;16;27;41;0,439;-0,199;-0,034;35,287;37,084;36,991;3183,177;-3271,936;13164,93;10,035
03;2025;09;29;16;27;42;0,432;-0,39;0,614;31,838;32,888;34,484;-2895,16;956,207;16289,04;10,035
03;2025;09;29;16;27;42;0,578;-0,488;-0,975;30,882;32,667;32,926;-556,264;1076,762;16414,93;10,035
03;2025;09;29;16;27;43;0,268;-0,108;0,651;35,198;32,402;35,884;195,439;884,443;15506,86;10,035
03;2025;09;29;16;27;43;0,457;-0,358;-0,009;34,842;33,462;35,681;213,024;-2856,151;15761,08;10,035
03;2025;09;29;16;27;44;0,769;-0,361;-0,194;34,82;33,462;33,965;-3081,431;2908,528;15243,89;10,035
03;2025;09;29;16;27;44;0,622;-0,277;-0,069;34,708;35,538;35,252;-93,109;851,256;15943,85;10,035
03;2025;09;29;16;27;45;0,526;-0,242;0,467;32,105;33,881;36,02;-1659,616;1219,339;16269,41;10,035
03;2025;09;29;16;27;45;0,63;-0,366;-0,465;35,598;33,881;35,32;1354,174;-3173,45;14967,59;10,035
03;2025;09;29;16;27;46;0,392;-0,289;-0,154;34,441;33,572;37,149;121,497;-547,656;15820,4;10,035
03;2025;09;29;16;27;46;0,431;-0,194;-0,188;33,885;33,572;37,262;-189,529;404,695;15976,88;10,035
03;2025;09;29;16;27;47;0,191;-0,211;-0,073;34,441;34,456;35,071;272,798;-980,872;15698,24;10,035
03;2025;09;29;16;27;47;0,217;-0,214;0,075;34,82;32,777;37,059;505,362;156,117;15808,17;10,035
03;2025;09;29;16;27;48;0,379;-0,239;-0,07;33,262;37,062;35,275;1291,396;-1317,868;15003,02;10,035
03;2025;09;29;16;27;48;0,466;-0,177;0,095;34,441;33,285;35,184;1212,294;-41,202;15156,2;10,035
03;2025;09;29;16;27;49;0,281;-0,102;-0,187;35,087;32,932;34,733;80,765;-692,794;14946,81;10,035
03;2025;09;29;16;27;49;0,375;-0,175;0,129;35,064;32,998;35,5;-126,658;510,739;14875,44;10,035
03;2025;09;29;16;27;50;0,336;-0,317;-0,068;34,575;33,528;36,607;-453,978;227,601;15642,04;10,035
03;2025;09;29;16;27;50;0,479;-0,17;0,311;35,532;34,279;37,42;-2249,352;244,563;16688,93;10,035
03;2025;09;29;16;27;51;0,81;-0,378;0,254;33,485;31,275;33,468;-794,448;980,725;15108,23;10,035
03;2025;09;29;16;27;51;0,504;-0,239;-0,35;32,306;32,225;35,275;942,432;-759,434;15175,64;10,035
03;2025;09;29;16;27;52;0,366;-0,219;0,091;34,975;34,743;35,884;120,482;1079,549;15819,37;10,035
03;2025;09;29;16;27;52;0,315;-0,376;-0,132;33,818;33,042;34,913;1462,708;1949,622;15088,89;10,035
03;2025;09;29;16;27;53;0,54;0,029;0,686;32,484;33,616;35,636;-344,815;-1800,568;15506,29;10,035
03;2025;09;29;16;27;53;0,071;-0,183;0,166;34,041;32,932;34,823;3227,617;-961,446;14621,13;10,035
03;2025;09;29;16;27;54;0,374;-0,389;-0,386;32,639;31,982;36,313;1099,065;1367,829;15471,02;10,035
03;2025;09;29;16;27;54;0,803;-0,066;-0,032;33,129;32,313;33,942;1273,533;-222,852;15239,51;10,035
03;2025;09;29;16;27;55;0,741;-0,368;-0,09;35,153;36,355;35,997;5418,696;-2746,783;12069,6;10,035
03;2025;09;29;16;27;55;0,483;-0,208;0,097;33,418;33,97;35,41;1659,622;-1318,637;15117,65;10,035
03;2025;09;29;16;27;56;0,489;-0,218;-0,287;34,263;34,588;35,952;-57,538;-637,791;16167,91;10,035
03;2025;09;29;16;27;56;0,315;-0,233;0,125;33,663;33,948;38,527;137,414;-373,713;15810,45;10,035
03;2025;09;29;16;27;57;0,423;-0,264;-0,257;36,689;35,273;37,849;-415,719;-865,376;15895,61;10,035
03;2025;09;29;16;27;57;0,66;-0,102;0,18;37,467;35,494;37,849;-3986,794;538,957;18138,41;10,035
03;2025;09;29;16;27;58;0,499;-0,315;-0,123;33,996;33,926;36,246;136,699;-4757,89;17191,73;10,035
03;2025;09;29;16;27;58;1,67;0,063;1,051;33,129;33,594;35,659;-223,795;3277,125;15495,82;10,035
03;2025;09;29;16;27;59;0,882;0,159;0,511;32,728;30,657;33,604;19,735;-2097,14;15779,94;10,035
03;2025;09;29;16;27;59;0,246;-0,318;0,25;34,998;36,399;36,81;-2645,605;648,495;17284,9;10,035
04;2025;09;29;16;37;14;1,133;0,305;-0,309;23,895;19,525;21,409;-76,333;48,499;15663,28;9,885
04;2025;09;29;16;37;15;1,084;0,29;0,108;17,043;22,043;24,932;-227,96;-170,801;15977,4;9,885
04;2025;09;29;16;37;15;1,324;0,22;0,024;25,275;20,077;24,593;-110,967;187,267;15816,23;9,88
04;2025;09;29;16;37;16;1,417;0,166;-0,156;19,201;18,31;22,854;-181,012;-25,019;15866,82;9,885
04;2025;09;29;16;37;16;1,348;0,446;0,026;19,824;18,686;19,896;-223,442;198,351;15889,09;9,88
04;2025;09;29;16;37;17;1,168;0,338;0,398;20,803;18,288;21,454;-152,545;-94,696;15832,08;9,881
04;2025;09;29;16;37;17;1,141;0,704;-0,077;18,756;19,304;19,625;108,586;188,349;15702,09;9,875
04;2025;09;29;16;37;18;1,209;0,28;-0,263;21,915;18,884;21,499;-177,445;102,557;15718,52;9,862
04;2025;09;29;16;37;18;1,114;0,334;-0,067;21,782;18,089;19,286;-27,254;-308,596;15809,15;9,848
04;2025;09;29;16;37;19;1,222;0,37;-0,084;18,511;15,284;18,224;-269,734;-120,707;15950,46;9,848
04;2025;09;29;16;37;19;1,071;0,402;-0,247;19,446;18,089;16,034;-84,446;83,741;15731,23;9,848
04;2025;09;29;16;37;20;1,223;0,224;-0,068;23,962;22,617;22,448;-114,566;21,83;15670,01;9,848
04;2025;09;29;16;37;20;1,347;0,252;0,164;23,606;21,977;27,393;-51,631;61,329;15692,79;9,848
04;2025;09;29;16;37;21;0,971;0,39;0,045;22,071;23,125;26,964;204,743;104,451;15634,81;9,848
04;2025;09;29;16;37;21;0,957;0,381;0,188;19,846;20,85;23,148;-209,837;71,097;15909,66;9,848
04;2025;09;29;16;37;22;0,984;0,387;0,024;19,134;20,74;24,638;100,326;57,806;15581,54;9,848
04;2025;09;29;16;37;22;1,043;0,396;0,134;19,757;19,922;20,189;88,994;29,019;15784,93;9,848
04;2025;09;29;16;37;23;1,106;0,181;-0,167;20,38;19,746;21,16;-135,774;-60,092;15943,5;9,848
04;2025;09;29;16;37;24;1,195;0,419;-0,135;19,245;20,121;22,719;-97,653;-257,244;15748,73;9,848
04;2025;09;29;16;37;24;0,998;0,441;-0,017;19,624;17,648;20,28;11,375;82,664;15691,04;9,848
04;2025;09;29;16;37;25;0,911;0,148;-0,156;21,137;18,906;23,69;-38,61;-180,528;15829,71;9,848
04;2025;09;29;16;37;25;1,047;0,222;-0,3;19,802;22,197;22,877;-18,467;-38,185;15931,21;9,848
04;2025;09;29;16;37;26;1,305;0,311;-0,256;18,645;19,812;20,212;23,398;-319,438;15999,13;9,848
04;2025;09;29;16;37;26;0,766;0,478;0,219;18,823;17,802;22,131;-134,498;-153,161;15885,15;9,848
04;2025;09;29;16;37;27;1,041;0,133;-0,019;18,578;18,686;19,421;49,798;169,382;15652,09;9,848
04;2025;09;29;16;37;27;1,435;0,294;-0,302;18,467;18,421;21,567;-230,922;-200,597;15995,93;9,848
04;2025;09;29;16;37;28;1,292;0,328;-0,3;16,842;21,888;19,647;64,894;-66,196;15752,32;9,848
04;2025;09;29;16;37;28;1,325;0,169;0,02;19,045;18,487;23,622;-124,659;80,325;15826,98;9,848
04;2025;09;29;16;37;29;1,181;0,311;0,237;20,514;18,818;22,606;6,454;-357,029;15848,9;9,848
04;2025;09;29;16;37;29;1,367;0,281;0,09;19,557;19,149;21,251;-17,745;-114,303;15702,53;9,848
04;2025;09;29;16;37;30;1,171;0,376;0,007;19,535;18,597;19,286;135,039;-44,218;15692,55;9,848
04;2025;09;29;16;37;30;1,22;0,298;-0,318;21,381;20,916;21,499;70,626;-123,853;15778,79;9,848
04;2025;09;29;16;37;31;1,13;0,429;-0,232;21,048;20,718;19,399;-2,997;-21,289;15710,31;9,848
04;2025;09;29;16;37;31;0,876;0,335;0,459;14,907;19,525;19,557;-148,331;297,988;15957,1;9,848
04;2025;09;29;16;37;32;1,192;0,308;-0,145;18,355;17,692;20,934;-190,665;-345,686;15974,26;9,848
04;2025;09;29;16;37;32;0,991;0,382;0,246;17,71;17,029;19,963;-29,238;-15,303;15776,76;9,848
04;2025;09;29;16;37;33;1,12;0,259;-0,175;17,732;17,581;18,947;-215,352;-162,836;15886,4;9,848
04;2025;09;29;16;37;33;0,814;0,417;0,275;21,381;20,696;23,441;90,442;110,877;15658,6;9,848
04;2025;09;29;16;37;34;0,883;0,417;-0,022;20,914;20,364;23,351;-33,316;-5,038;15783,15;9,848
04;2025;09;29;16;37;34;0,841;0,32;0,079;20,491;18,73;20,799;-54,089;-164,241;16003,43;9,848
04;2025;09;29;16;37;35;1,075;0,207;-0,059;19,134;18,376;20,889;87,153;-113,193;15638,87;9,848
04;2025;09;29;16;37;35;1,172;0,225;-0,428;18,756;20,033;17,976;25,235;-142,416;15837,09;9,848
04;2025;09;29;16;37;36;1,18;0,405;0,101;19,245;14,069;16,802;106,572;-80,742;15752,62;9,848
04;2025;09;29;16;37;36;1,13;0,181;-0,114;19,846;17,117;21,409;-115,926;-112,206;15900,44;9,848
04;2025;09;29;16;37;37;1,162;0,216;-0,236;20,981;16,455;18,992;-151,785;113,476;15607,19;9,848
04;2025;09;29;16;37;37;1,128;0,337;-0,235;17,933;20,828;20,189;145,013;-419,13;15798,12;9,848
04;2025;09;29;16;37;38;1,218;0,268;-0,068;20,959;19,657;21,296;-112,342;-165,594;15913,97;9,848
04;2025;09;29;16;37;38;1,206;0,523;-0,163;21,693;19,922;20,686;-198,576;75,84;15945,02;9,848
04;2025;09;29;16;37;39;1,635;0,354;0;21,715;19,481;18,586;-175,372;-127,828;15718,92;9,848
04;2025;09;29;16;37;39;1,352;0,414;-0,188;17,243;17,935;23,735;-108,565;20,291;15908,08;9,848
04;2025;09;29;16;37;40;1,124;0,288;-0,141;19,891;17,405;22,696;-120,837;-119,3;15961,14;9,848
04;2025;09;29;16;37;40;0,813;0,106;0,291;21,915;20,784;22,538;-75,618;566,622;15614,32;9,848
04;2025;09;29;16;37;41;1,087;0,225;0,173;20,091;18,531;19,76;-228,754;218,583;16007,6;9,848
04;2025;09;29;16;37;41;1,153;0,331;-0,26;18,444;17,493;20,505;-30,433;18,742;15780,16;9,848
04;2025;09;29;16;37;42;1,546;0,421;-0,276;17,688;19,304;16,35;196,214;-353,725;15661,55;9,848
04;2025;09;29;16;37;42;1,231;0,346;0,461;21,337;21,557;21,544;-63,254;155,19;15863,71;9,848
04;2025;09;29;16;37;43;1,233;0,223;0,181;20,291;19,922;21,431;-121,959;-20,519;15730,77;9,848
04;2025;09;29;16;37;43;1,034;0,443;-0,049;19,067;14,114;18,857;-32,749;-30,468;15943,06;9,848
04;2025;09;29;16;37;44;1,219;0,153;0,35;23,784;21,91;23,848;-32,643;-677,483;15914,02;9,848
04;2025;09;29;16;37;44;1,073;0,378;-0,296;18,689;17,846;19,376;53,746;-214,664;15994,43;9,848
04;2025;09;29;16;36;12;0,804;0,254;0,195;23,539;19,503;24,254;365,582;-751,602;16105,43;9,923
04;2025;09;29;16;36;12;1,192;0,191;0,16;24,051;21,866;26,061;731,571;-137,448;15513,56;9,923
04;2025;09;29;16;36;13;0,938;0,033;0,093;23,05;23,037;23,893;430,766;-325,941;15860,14;9,923
04;2025;09;29;16;36;13;0,94;-0,12;-0,187;25,408;24,406;24,548;-1001,565;373,908;16167,04;9,923
04;2025;09;29;16;36;14;1,023;0,235;0,343;25,497;24,362;22,809;1292,412;-1488,109;16594,88;9,923
04;2025;09;29;16;36;14;1,094;0,066;-0,219;24,741;23,876;25,316;-146,833;-260,105;16197,1;9,923
04;2025;09;29;16;36;15;0,917;0,11;0,182;27,166;25,047;29,132;248,066;-136,666;15673,72;9,923
04;2025;09;29;16;36;15;0,785;-0,022;-0,026;26,343;26,284;26,874;179,7;1105,313;15464,9;9,923
04;2025;09;29;16;36;16;1,236;-0,059;-0,358;26,254;25,444;28,906;-127,77;1255,898;15486,24;9,923
04;2025;09;29;16;36;16;1,367;-0,131;-2,283;19,757;18,376;24,457;-11,638;1080,169;15889,25;9,923
04;2025;09;29;16;36;17;0,667;0,107;-0,057;23,45;20,342;24,141;96,935;64,129;15686,01;9,923
04;2025;09;29;16;36;17;0,962;0,053;0,196;22,961;23,081;26,829;-245,798;338,269;15938,29;9,923
04;2025;09;29;16;36;18;1,346;0,103;-0,212;22,494;21,866;24,322;2408,174;-2248,339;14746,25;9,923
04;2025;09;29;16;36;18;1,057;0,117;1,201;23,45;24,782;23,599;615,795;-147,973;15823,69;9,923
04;2025;09;29;16;36;19;1,083;0,508;-0,332;20,736;22,242;24,819;181,72;318,727;15942,16;9,923
04;2025;09;29;16;36;19;0,92;-0,015;0,044;24,83;26,46;29,222;30,418;338,877;15654,48;9,923
04;2025;09;29;16;36;20;0,953;-0,005;0,02;27,678;27,498;28,364;-280,063;181,258;16067,66;9,917
04;2025;09;29;16;36;20;0,875;0,316;0,279;27,255;25,069;25,993;1031,969;-1285,335;15540,3;9,913
04;2025;09;29;16;36;21;0,948;0,191;-0,109;21,96;21,336;25,541;-395,432;1973,131;15825,27;9,901
04;2025;09;29;16;36;21;0,742;0,017;0,03;22,916;25,179;23,577;413,327;-308,785;15734,37;9,904
04;2025;09;29;16;36;22;1,043;0,138;0,112;24,541;25,091;27,664;440,559;-148,864;15893,57;9,917
04;2025;09;29;16;36;22;0,822;0,06;0,09;25,898;23,125;25,632;-40,177;182,511;15779,23;9,899
04;2025;09;29;16;36;23;0,641;-0,211;-0,324;24,585;24,252;24,344;-400,304;611,77;15817,55;9,891
04;2025;09;29;16;36;23;1,016;-0,068;-0,101;27,411;27,565;27,19;320,247;-393,299;15667,79;9,904
04;2025;09;29;16;36;24;1,198;-0,007;-0,411;24,763;21,115;25,925;-998,056;2072,22;15512,08;9,891
04;2025;09;29;16;36;24;1,036;-0,068;-0,379;27,856;25,753;29,629;442,141;-218,555;15910,82;9,899
04;2025;09;29;16;36;25;1,013;0,005;-0,196;26,743;25,533;28,838;-225,467;518,099;15737,07;9,896
04;2025;09;29;16;36;25;1,363;0,11;-0,409;25,564;24,406;23,193;-1041,823;264,734;16409;9,904
04;2025;09;29;16;36;26;0,963;0,107;0,119;26,165;27,079;30,713;34,723;661,609;16089,08;9,896
04;2025;09;29;16;36;26;0,937;0,079;0,089;26,632;26,747;27,755;932,283;1274,406;15274,51;9,913
04;2025;09;29;16;36;27;0,959;0,14;-0,005;23,94;23,876;25,496;3569,347;-1967,152;14634,79;9,901
04;2025;09;29;16;36;27;0,78;0,072;0,244;28,123;25,643;28,68;100,375;-117,45;15966,73;9,909
04;2025;09;29;16;36;28;0,755;-0,222;-0,135;29,613;28,338;29,471;410,771;-472,546;15759,87;9,912
04;2025;09;29;16;36;28;1,17;-0,208;-0,107;28,523;28,824;30,916;-686,244;-342,796;16100,09;9,923
04;2025;09;29;16;36;29;1,194;0,045;-0,636;23,717;21,491;23,848;5329,974;-7038,251;14011,24;9,917
04;2025;09;29;16;36;29;1,055;0,04;-0,106;21,96;20,121;23,464;-256,892;-143,339;15778,85;9,918
04;2025;09;29;16;36;30;1,099;0,111;-0,291;25,475;23,986;26,377;186,051;654,01;15622,99;9,923
04;2025;09;29;16;36;30;1,046;0,092;-0,194;29,814;29,795;28,951;756,587;-795,87;15805,37;9,918
04;2025;09;29;16;36;31;1,038;-0,022;-0,111;29,903;27,962;31,503;-194,004;-448,135;16264,13;9,923
04;2025;09;29;16;36;31;1,096;0,068;-0,103;22,249;20,033;23,215;-618,694;415,736;15740,56;9,923
04;2025;09;29;16;36;32;1,015;0,276;-0,066;23,161;20,916;24,277;-1118,807;2247,949;16494,14;9,923
04;2025;09;29;16;36;32;0,831;0,162;-0,163;25,141;23,744;26,693;-420,149;-1425,071;16057,62;9,923
04;2025;09;29;16;36;33;0,69;0,081;0,478;29,102;27,83;28,838;553,292;30,718;15481,26;9,923
04;2025;09;29;16;36;33;1,025;-0,078;-0,267;32,083;31,121;31,503;206,476;168,469;15741,68;9,923
04;2025;09;29;16;36;34;0,927;-0,08;-0,083;30,659;26,261;31,503;-273,531;-264,962;15917,89;9,923
04;2025;09;29;16;36;34;0,954;-0,018;-0,158;25,319;24,185;25,903;-26,876;-1397,384;16051,46;9,923
04;2025;09;29;16;36;35;1,014;0,127;-0,267;24,808;22,683;26,038;-274,473;-106,882;15805,33;9,923
04;2025;09;29;16;36;35;1,066;-0,013;-0,104;21,76;18,686;24,548;61,183;200,786;16043,03;9,923
04;2025;09;29;16;36;36;0,927;-0,213;-0,41;23,361;24,384;24,886;434,23;-1338,974;15999,38;9,923
04;2025;09;29;16;36;36;0,971;0,09;-0,285;24,941;20,828;23,78;-155,723;-177,38;16139,6;9,923
04;2025;09;29;16;36;37;0,794;0,122;0,222;28,501;27,719;28,477;122,291;-857,89;16139,13;9,923
04;2025;09;29;16;36;37;0,985;0,151;-0,301;25,386;21,491;25,699;-311,738;621,73;15801,16;9,923
04;2025;09;29;16;36;38;1,249;0,275;-0,371;23,117;22,462;29,313;-487,744;-483,466;16015,33;9,923
04;2025;09;29;16;36;38;0,916;0,038;0,183;26,588;26,416;28,319;261,69;421,412;15563,19;9,923
04;2025;09;29;16;36;39;1,118;-0,164;-0,36;27,567;24,98;28,793;-384,996;2262,975;15767,53;9,923
04;2025;09;29;16;36;39;1,041;0,205;0,192;23,339;25,555;26,354;-474,889;1793,759;15736,1;9,923
04;2025;09;29;16;36;40;0,85;0,143;-0,037;21,76;23,302;26,016;622,539;-51,669;15343,34;9,923
04;2025;09;29;16;36;40;1,011;-0,031;0,185;24,051;25,135;26,038;70,72;-126,351;15750,83;9,923
04;2025;09;29;16;36;41;0,773;-0,001;-0,155;25,564;25,245;28,184;618,474;325,34;15327,46;9,923
04;2025;09;29;16;36;41;1,272;0,282;-0,189;24,518;21,734;26,016;-925,632;1349,655;15849,65;9,923
04;2025;09;29;16;33;38;0,377;-0,116;-0,045;24,897;24,494;29,584;-213,729;2391,541;15969,7;9,96
04;2025;09;29;16;33;39;0,51;-0,006;0,061;26,61;27,145;29,087;31,462;1454,312;15124,5;9,96
04;2025;09;29;16;33;39;0,787;-0,061;-0,256;25,03;24,119;25,858;152,974;2971,903;14957,51;9,96
04;2025;09;29;16;33;40;0,433;-0,079;-0,616;25,453;26,239;30,148;-668,002;3249,975;15615,94;9,96
04;2025;09;29;16;33;40;0,53;-0,1;0,083;29,747;25,312;27,303;255,487;107,705;15765,39;9,96
04;2025;09;29;16;33;41;0,48;0,069;-0,078;25,186;24,782;27,258;-387,507;1943,596;13309,12;9,96
04;2025;09;29;16;33;41;0,993;-0,002;-0,315;26,009;24,649;28,116;425,661;-2451,949;14153,79;9,96
04;2025;09;29;16;33;42;0,954;-0,046;-0,107;27,055;25,069;27,755;204,388;909,128;16310,56;9,96
04;2025;09;29;16;33;42;0,5;-0,142;0,069;26,143;24,649;27,822;-1098,181;1997,736;14740,62;9,96
04;2025;09;29;16;33;43;0,608;-0,122;-0,302;27,166;29,089;30,352;979,065;-855,925;14808,47;9,96
04;2025;09;29;16;33;43;0,609;-0,044;0,1;27,811;25,091;29,606;-805,75;557,132;16883,49;9,96
04;2025;09;29;16;33;44;0,759;-0,097;0,146;27,478;25,245;27,574;-988,329;-0,407;15691,66;9,96
04;2025;09;29;16;33;44;0,627;-0,086;-0,13;29,124;25,135;26,896;-5817,901;-326,752;17064,1;9,96
04;2025;09;29;16;33;45;0,501;-0,003;0,342;25,831;26,151;30,848;-671,051;990,987;16448,37;9,96
04;2025;09;29;16;33;45;0,416;-0,074;-0,12;26,298;25,886;26,467;21,402;-978,339;15741,12;9,96
04;2025;09;29;16;33;46;0,527;-0,064;-0,069;24,852;24,318;28,409;554,467;1031,664;15648,57;9,96
04;2025;09;29;16;33;46;0,44;-0,16;-0,086;24,585;23,236;24,661;81,545;761,377;16075,91;9,96
04;2025;09;29;16;33;47;0,846;0,085;-0,069;24,452;22,021;26,716;2154,544;-2247,007;14742,29;9,96
04;2025;09;29;16;33;47;0,804;-0,018;-0,086;23,584;20,74;23,961;-84,4;4386,271;15974,52;9,96
04;2025;09;29;16;33;48;0,768;-0,121;0,229;25,72;24,472;25,045;859,197;501,745;15750,3;9,96
04;2025;09;29;16;33;48;1,283;0,199;-0,375;22,672;25,157;23,712;640,898;-972,829;16242,21;9,96
04;2025;09;29;16;33;49;0,721;0,064;0,433;24,162;25,069;27,687;177,464;1855,647;15231,48;9,96
04;2025;09;29;16;33;49;0,912;-0,074;-0,407;26,476;24,804;29,087;-156,791;-984,872;15853,1;9,96
04;2025;09;29;16;33;50;0,969;-0,08;-0,263;25,253;24,914;27,19;-869,796;2152,728;16101,42;9,96
04;2025;09;29;16;33;50;0,535;-0,024;-0,554;24,741;23,721;24,186;178,644;1123,965;15950,65;9,96
04;2025;09;29;16;33;51;0,651;-0,075;-0,442;25,253;24,406;23,554;683,001;3867,638;16392,21;9,96
04;2025;09;29;16;33;51;0,669;0,027;0,136;25,853;23,567;25,428;-11,952;-2051,382;16050,57;9,96
04;2025;09;29;16;33;52;0,829;-0,065;-0,176;24,229;24,627;27,009;-515,806;391,402;15857,1;9,96
04;2025;09;29;16;33;52;1,281;-0,058;0,431;23,428;24,031;25,948;1223,017;1737,495;15593,12;9,96
04;2025;09;29;16;33;53;1,053;0,036;-0,499;23,094;24,936;24,977;283,127;-1399,339;17125,94;9,96
04;2025;09;29;16;33;53;0,638;0,103;0,226;24,429;23,633;27,213;292,705;742,971;15655,78;9,96
04;2025;09;29;16;33;54;0,21;-0,064;0,022;26,009;25,025;23,712;-1705,075;1313,005;16895,8;9,96
04;2025;09;29;16;33;54;0,643;-0,077;0,09;26,031;24,384;29,019;-2050,711;-1901,736;17159,46;9,96
04;2025;09;29;16;33;55;0,717;-0,148;0,024;28,167;28,117;29,358;-137,723;-575,645;15994,7;9,96
04;2025;09;29;16;33;55;0,677;-0,094;-0,011;27,656;29,177;29,832;977,152;2555,29;15244,55;9,96
04;2025;09;29;16;33;56;0,648;-0,077;-0,177;27,455;22,021;26,196;-3290,515;1045,429;16233,1;9,96
04;2025;09;29;16;33;56;0,66;0,051;0,355;22,316;23,545;27,077;-1900,489;2957,651;15500,07;9,96
04;2025;09;29;16;33;57;0,647;-0,038;0,108;27,277;23,876;30,645;1351,394;-638,239;15955,1;9,96
04;2025;09;29;16;33;58;0,768;-0,055;0,017;27,055;25,643;28,409;3293,551;293,148;14038,71;9,96
04;2025;09;29;16;33;58;0,757;0,058;0,273;26,721;26,769;27,867;2954,532;-1156,937;16041,75;9,96
04;2025;09;29;16;33;58;1,022;0,031;0,146;23,918;21,954;27,484;-330,858;-4966,084;17163,04;9,96
04;2025;09;29;16;33;59;0,689;-0,066;-0,148;23,562;21,424;27,213;-414,145;742,555;16266,99;9,96
04;2025;09;29;16;33;59;0,527;-0,038;0,123;21,537;20,475;27,325;1599,891;653,061;14076,55;9,96
04;2025;09;29;16;34;00;0,785;0,3;-0,236;24,363;21,579;27,484;-87,71;287,605;15033,19;9,96
04;2025;09;29;16;34;01;0,773;0,195;0,078;25,408;21,623;26,241;1066,929;-321,244;13723,13;9,96
04;2025;09;29;16;34;01;0,636;-0,042;-0,044;25,609;27,101;28,522;2379,103;-2768,555;14125,69;9,96
04;2025;09;29;16;34;01;0,713;-0,113;0,326;26,343;24,494;28,635;2139,721;0,824;13768,6;9,96
04;2025;09;29;16;34;02;0,913;-0,097;-0,611;23,117;24,804;26,716;-1040,57;3668,605;14235,93;9,96
04;2025;09;29;16;34;02;0,696;-0,021;0,155;24,763;23,898;25,609;-52,577;475,364;16334,65;9,96
04;2025;09;29;16;34;03;0,718;-0,181;0,422;24,073;26,173;29,245;-1425,438;-38,525;16432,08;9,96
04;2025;09;29;16;34;03;0,645;-0,02;0,089;24,83;24,428;28,567;92,992;631,433;15950,22;9,96
04;2025;09;29;16;34;04;0,926;-0,106;-0,261;24,83;23,854;27,642;418,143;-902,315;15664,96;9,96
04;2025;09;29;16;34;04;0,522;0,033;-0,376;26,81;24,539;28,771;-220,355;698,605;15715,57;9,96
04;2025;09;29;16;34;05;0,691;-0,098;-0,514;28,212;25,135;32,7;233,68;1331,345;16023,01;9,96
04;2025;09;29;16;34;05;0,698;-0,192;-0,293;24,785;27,741;28,997;1488,642;759,823;14124,84;9,96
04;2025;09;29;16;34;06;1,007;-0,063;0,031;24,986;23,434;28,071;4238,496;1043,376;14901,42;9,96
04;2025;09;29;16;34;07;0,403;0,113;-0,431;23,628;23,876;26,558;601,543;-313,702;17234,01;9,96
04;2025;09;29;16;34;07;0,442;0,042;0,089;20,313;19,194;25,587;-172,253;-1412,416;15271,48;9,96
04;2025;09;29;16;34;07;0,625;-0,053;-0,839;24,563;20,983;23,848;-437,717;519,308;13661,11;9,96
04;2025;09;29;16;34;08;0,794;0,07;0,121;24,452;20,938;24,412;-1066,039;2152,816;16603,32;9,96
05;2025;09;29;16;45;11;1,22;-0,197;-0,002;19,468;21,226;19,918;49,646;1675,489;15449,19;9,81
05;2025;09;29;16;45;12;1,435;-0,202;-0,132;20,669;17,449;20,325;-426,15;402,157;15947;9,81
05;2025;09;29;16;45;12;0,849;-0,163;0,261;20,024;17,36;20,505;-337,957;72,607;15861,51;9,81
05;2025;09;29;16;45;13;1,348;-0,037;-0,052;20,247;14,887;15,921;-29,942;-1083,169;16279,89;9,81
05;2025;09;29;16;45;13;1,167;-0,229;0,036;18,667;17,206;18,879;397,669;-97,937;15627,44;9,81
05;2025;09;29;16;45;14;1,127;-0,417;0,091;17,643;18,575;22,402;-254,26;-47,739;15859,16;9,81
05;2025;09;29;16;45;14;1,422;-0,164;-0,079;17,977;17,051;21,138;124,605;-335,368;15933,2;9,81
05;2025;09;29;16;45;15;1,379;-0,295;0,494;22,271;19,481;21,183;219,878;244,544;15492,3;9,81
05;2025;09;29;16;45;15;1,44;-0,319;0,34;20,892;20,21;19,083;-163,55;-468,424;16221,09;9,81
05;2025;09;29;16;45;16;1,53;-0,3;0,056;17,376;15,085;17,953;-240,952;-544,283;16272,1;9,81
05;2025;09;29;16;45;16;1,223;-0,121;-0,063;18,533;15,373;18,631;441,805;-56,124;16216,54;9,81
05;2025;09;29;16;45;17;1,269;-0,069;0,162;18,333;20,232;16,644;121,015;-475,39;15609,07;9,81
05;2025;09;29;16;45;18;1,494;-0,068;-0,132;19,112;19,238;18,925;-185,043;1587,51;15082,5;9,81
05;2025;09;29;16;45;18;0,882;-0,301;0,103;17,265;19,459;18,202;-430,738;-267,308;16126,97;9,81
05;2025;09;29;16;45;19;1,179;-0,319;-0,05;19,512;17,979;22,38;140,628;-268,695;15664,56;9,81
05;2025;09;29;16;45;19;1,265;-0,294;0,072;19,401;19,414;20,483;461,017;732,573;15111,74;9,81
05;2025;09;29;16;45;20;1,512;-0,177;0,482;17,755;19,105;18,992;73,39;-1026,253;15774,03;9,81
05;2025;09;29;16;45;20;1,264;-0,307;-0,006;24,318;19,503;21,16;35,46;-94,463;16260,31;9,81
05;2025;09;29;16;45;21;0,859;-0,386;0,322;19,802;22,507;24,119;-281,488;-953,879;16295,94;9,81
05;2025;09;29;16;45;21;1,078;-0,234;-0,092;23,072;19,547;20,528;0,452;-175,301;15501,6;9,81
05;2025;09;29;16;45;22;1,473;-0,276;0,253;15,619;16,609;18,563;37,26;-324,709;16188,98;9,81
05;2025;09;29;16;45;22;1,497;-0,153;-0,272;17,31;19,525;17,276;253,099;-19,268;15673,06;9,81
05;2025;09;29;16;45;23;1,357;-0,312;-0,056;17,043;15,858;19,986;122,943;560,409;15885,21;9,81
05;2025;09;29;16;45;23;1,203;-0,301;-0,103;17,666;16,654;20,302;71,569;19,889;15868,24;9,81
05;2025;09;29;16;45;24;1,403;-0,162;-0,252;16,976;18,023;19,399;26,145;-202,88;16115,93;9,81
05;2025;09;29;16;45;24;1,219;-0,231;-0,364;18,8;15,35;19,15;183,916;-1075,457;16291,94;9,81
05;2025;09;29;16;45;25;1,456;-0,252;-0,156;21,626;19,459;20,325;75,278;-758,349;16425,36;9,81
05;2025;09;29;16;45;25;1,759;-0,273;0,202;22,805;24,141;23,78;157,47;365,164;16092,19;9,806
05;2025;09;29;16;45;26;1,491;-0,224;0,146;16,731;18,796;19,399;639,697;-151,48;15612,6;9,805
05;2025;09;29;16;45;26;1,087;-0,311;0,192;19,134;17,405;18,021;-219,45;40,523;16361,7;9,806
05;2025;09;29;16;45;27;1,062;-0,297;-0,214;18,533;18,222;20,934;357,988;-139,755;15541,28;9,794
05;2025;09;29;16;45;27;0,93;-0,354;-0,332;20,336;19,79;20,392;116,489;-123,851;16472,94;9,787
05;2025;09;29;16;45;28;1,261;-0,313;-0,056;18,111;22,153;20,663;378,366;451,392;15811,94;9,789
05;2025;09;29;16;45;28;1,193;-0,234;-0,249;19,223;19,061;20,528;34,508;-122,224;15940,75;9,778
05;2025;09;29;16;45;29;1,251;-0,355;0,523;19,957;19,039;20,099;15,604;363,332;15436;9,773
05;2025;09;29;16;45;29;1,359;-0,147;-0,082;16,264;15,373;17,299;-139,649;225,079;15444,33;9,778
05;2025;09;29;16;45;30;1,342;-0,263;-0,247;19,312;18,73;20,709;109,501;-424,184;15601,01;9,773
05;2025;09;29;16;45;30;1,316;-0,192;0,018;20,046;16,057;18,834;715,113;1019,679;15110,84;9,773
05;2025;09;29;16;45;31;1,355;-0,121;-0,027;17,643;17,913;20,415;106,12;125,215;16142,15;9,773
05;2025;09;29;16;45;31;1,136;-0,287;0,081;20,892;20,32;21,589;492,409;-965,169;15586,13;9,773
05;2025;09;29;16;45;32;1,413;-0,245;0,123;22,538;23,655;24,435;58,877;301,352;15722,9;9,773
05;2025;09;29;16;45;32;1,365;-0,129;0,03;18,6;16,477;17,389;51,802;355,956;15784,21;9,773
05;2025;09;29;16;45;33;0,61;-0,343;-0,347;22,583;22,926;26,219;62,535;-129,001;15698,57;9,773
05;2025;09;29;16;45;33;1,106;-0,178;-0,087;19,468;21,712;22,651;-204,867;-429,431;15908,02;9,773
05;2025;09;29;16;45;34;1,187;-0,336;-0,221;17,532;21,204;23,486;-61,04;-128,106;15863,05;9,773
05;2025;09;29;16;45;34;1,348;-0,287;0,858;24,051;23,677;25,722;-96,326;15,074;15704,15;9,773
05;2025;09;29;16;45;35;1,434;-0,161;0,013;20,38;19,437;20,505;37,869;-340,451;15946,93;9,773
05;2025;09;29;16;45;35;1,346;-0,255;0,089;20,491;21,557;21,499;138,542;109,883;15508,63;9,773
05;2025;09;29;16;45;36;1,286;-0,382;0,041;25,698;23,346;26,512;336,229;414,919;15645,67;9,773
05;2025;09;29;16;45;36;1,279;-0,285;-0,09;23,072;20,541;22,402;27,062;-366,525;15949,1;9,773
05;2025;09;29;16;45;37;1,326;-0,362;-0,004;22,182;23,324;23,08;623,219;-206,244;16036,49;9,773
05;2025;09;29;16;45;37;1,369;-0,252;0,221;20,402;21,557;21,86;-112,312;470,435;15792,03;9,773
05;2025;09;29;16;45;38;1,16;-0,328;0,076;18,711;18,266;21,499;97,019;-201,661;16045,1;9,773
05;2025;09;29;16;45;38;1,213;-0,384;-0,085;19,446;22,043;25,338;175,598;368,441;15119,99;9,773
05;2025;09;29;16;45;39;1,288;-0,045;-0,197;19,868;21,954;20,867;40,907;31,008;15734,56;9,773
05;2025;09;29;16;45;39;1,293;-0,338;-0,019;17,198;20,762;22,538;501,983;-155,501;15849,73;9,773
05;2025;09;29;16;45;40;1,24;-0,299;-0,759;23,695;21,999;24,277;427,048;1089,346;15190,22;9,773
05;2025;09;29;16;45;40;1,315;-0,245;0,001;21,381;20,32;23,577;-128,349;-331,454;16312,4;9,773
05;2025;09;29;16;45;41;1,323;-0,362;0,36;24,518;25,223;22,877;41,588;600,473;15470,65;9,773
05;2025;09;29;16;45;41;1,108;-0,441;-0,167;23,384;25,798;27,935;-104,17;-45,693;15567,21;9,773
05;2025;09;29;16;44;06;0,873;-0,077;-0,301;28,968;26,284;28,387;-1277,429;1622,92;15878,77;9,885
05;2025;09;29;16;44;07;1,112;-0,07;0,249;26,921;21,91;29,087;555,67;-372,254;15599,61;9,885
05;2025;09;29;16;44;07;0,991;0,057;-0,099;22,004;20,74;22,764;-416,792;298,192;15967,15;9,885
05;2025;09;29;16;44;08;1,036;0,239;0,458;25,408;19,812;26,151;923,545;-1916,416;17511,78;9,885
05;2025;09;29;16;44;08;1,159;-0,076;-0,565;25,787;22,485;23,577;-1961,671;6657,027;15904,95;9,885
05;2025;09;29;16;44;09;0,782;-0,05;-0,021;23,473;24,252;29,268;-1250,957;4061,739;16263,06;9,885
05;2025;09;29;16;44;09;0,963;0,002;0,953;25,164;25,4;26,58;1130,447;-1103,245;15792,32;9,885
05;2025;09;29;16;44;10;1,309;-0,079;-0,053;24,941;24,252;28,071;366,247;-566,515;16076,99;9,885
05;2025;09;29;16;44;10;0,898;0,209;0,404;25,03;24,45;25,835;729,334;-750,162;15472,48;9,885
05;2025;09;29;16;44;11;1,121;-0,085;0,063;24,874;28,117;28,635;-68,184;2065,635;15815,62;9,885
05;2025;09;29;16;44;11;0,655;-0,063;0,441;27,7;27,233;30,419;2535,756;186,828;13671,89;9,885
05;2025;09;29;16;44;12;1,081;-0,136;0,082;27,099;26,526;28,161;514,222;-2278,678;16523,72;9,885
05;2025;09;29;16;44;12;1,32;-0,199;-0,603;29,524;29,044;27,19;-54,68;-503,361;15588,56;9,885
05;2025;09;29;16;44;13;1,194;0,007;0,093;25,453;21,38;28,974;39,085;-939,649;16223,38;9,885
05;2025;09;29;16;44;13;1,129;-0,191;0,091;23,695;27,808;28,364;865,431;-3005,478;16109,5;9,885
05;2025;09;29;16;44;14;1,584;-0,022;0,419;22,939;21,491;26,422;390,797;506,725;15491,77;9,885
05;2025;09;29;16;44;14;1,088;-0,099;0,018;20,825;22,507;24,073;2146,246;-4438,062;15610,37;9,885
05;2025;09;29;16;44;15;1,382;0,059;-0,029;19,423;22,573;23,622;-1407,443;-1692,79;16341,59;9,885
05;2025;09;29;16;44;15;0,808;-0,158;0,15;21,025;20,188;22,402;-538,029;4677,809;14745,87;9,885
05;2025;09;29;16;44;16;1,033;0,073;-0,042;22,939;21,756;23,396;1245,153;-3368,956;15345,62;9,885
05;2025;09;29;16;44;16;1,039;0,075;-1,558;22,894;20,453;25,045;447,837;3893,388;14486,39;9,885
05;2025;09;29;16;44;17;1,019;-0,017;0,389;25,787;23,103;23,306;153,659;-496,254;16057,54;9,885
05;2025;09;29;16;44;17;0,888;-0,108;0,24;24,696;26,46;31,481;-28,803;321,432;15994,51;9,885
05;2025;09;29;16;44;18;1,162;-0,19;-0,057;22,805;25,4;28,748;80,763;-129,214;16018,93;9,885
05;2025;09;29;16;44;18;1,093;-0,277;-0,46;25,698;25,996;28,658;302,114;-244,127;15826,57;9,885
05;2025;09;29;16;44;19;0,997;0,06;0,172;19,401;20,828;20,799;-943,742;666,674;15971,84;9,885
05;2025;09;29;16;44;19;1,47;0,12;0,353;17,376;18,774;20,438;1901,154;-4624,98;15871,82;9,885
05;2025;09;29;16;44;20;1,383;0,033;-0,019;19,045;18,089;19,083;274,856;-355,087;15767,09;9,885
05;2025;09;29;16;44;20;1,27;-0,091;0,191;23,851;25,334;28,138;1624;-1871,564;15607,56;9,885
05;2025;09;29;16;44;21;1,322;-0,293;-0,342;23,918;24,009;26,241;-1567,834;2024,887;16477,15;9,885
05;2025;09;29;16;44;21;0,968;-0,266;0,383;24,719;24,296;26,896;2957,676;-1286,074;14649,55;9,885
05;2025;09;29;16;44;22;0,993;-0,025;0,114;28,056;28,028;29,177;1042,57;-1359,819;15607,65;9,885
05;2025;09;29;16;44;22;0,939;-0,22;-0,356;25,809;27,631;29,29;-110,466;-677,597;16188,29;9,885
05;2025;09;29;16;44;23;1,002;-0,228;-0,347;22,983;21,977;25,135;616,013;-495,446;15643,87;9,885
05;2025;09;29;16;44;23;0,968;-0,018;0,072;19,512;24,097;19,873;829,742;-616,622;15963,98;9,885
05;2025;09;29;16;44;24;1,04;0,14;0,081;19,067;19,503;21,093;982,513;-559,346;15493,3;9,885
05;2025;09;29;16;44;24;0,971;0,031;-0,062;19,179;21,071;23,306;1347,477;-3379,205;15755,38;9,885
05;2025;09;29;16;44;25;0,714;0,049;-0,182;21,315;22,993;22,696;-949,788;-1159,296;16064,42;9,885
05;2025;09;29;16;44;25;0,89;-0,246;-0,586;22,983;24,848;26,196;-115,637;2149,056;15520,61;9,885
05;2025;09;29;16;44;26;1,412;-0,1;-0,109;19,935;18,929;23,757;1615,548;-3207,828;16131,19;9,885
05;2025;09;29;16;44;26;1,361;0,209;-0,167;20,091;23,788;24,457;871,488;-836,113;17040,1;9,885
05;2025;09;29;16;44;27;1,073;-0,132;-0,076;21,849;21,932;22,877;219,633;423,295;15415,1;9,885
05;2025;09;29;16;44;27;0,878;0,05;0,071;18,022;17,294;20,392;304,754;-842,51;16001,84;9,885
05;2025;09;29;16;44;28;1,719;0,126;-0,526;18,8;19,437;23,983;353,394;-425,652;15696,4;9,885
05;2025;09;29;16;44;28;0,662;-0,238;0,178;23,806;21,115;25,135;2001,027;-425,817;15511,23;9,885
05;2025;09;29;16;44;29;1,051;-0,205;-0,512;23,762;24,737;24,909;383,096;327,23;15430,95;9,885
05;2025;09;29;16;44;29;0,855;-0,047;0,62;23,028;24,782;24,796;1050,305;-1354,171;14708,55;9,885
05;2025;09;29;16;44;30;0,605;-0,237;-0,614;23,05;25,51;23,419;403,852;300,483;16245,58;9,885
05;2025;09;29;16;44;30;0,718;0,077;-0,085;21,404;21,778;24,073;-2932,382;7142,291;15778,86;9,885
05;2025;09;29;16;44;31;0,325;0,027;-0,303;25,898;21,402;26,761;1651,125;-3648,248;15608,99;9,885
05;2025;09;29;16;44;31;0,73;-0,038;0,052;25,809;25,223;28,59;39,007;-307,865;15976,07;9,885
05;2025;09;29;16;44;32;0,941;-0,277;0,118;25,475;24,737;28,138;1159,724;-2247,331;15667,59;9,885
05;2025;09;29;16;44;32;1,008;0,003;0,284;21,248;17,206;22,041;440,055;-4249,724;16695,99;9,885
05;2025;09;29;16;44;33;0,898;0,055;0,186;17,999;18,686;19,963;882,236;311,497;14243,48;9,885
05;2025;09;29;16;44;33;1,093;-0,11;0,142;19,134;21,115;23,622;400,07;-1473,416;15967,46;9,885
05;2025;09;29;16;44;34;0,905;-0,149;-0,421;23,895;24,119;26,174;861,088;-1265,421;15869,85;9,885
05;2025;09;29;16;44;34;0,923;-0,112;0,564;22,449;24,826;26,671;289,34;-859,384;15983,84;9,885
05;2025;09;29;16;44;35;1,051;-0,17;-0,023;27,233;26,526;30,081;874,72;-967,451;15604,5;9,885
05;2025;09;29;16;44;35;1,127;-0,233;-0,395;25,208;24,892;27,213;94,796;-136,2;15744,45;9,885
05;2025;09;29;16;44;36;0,995;-0,067;0,054;22,16;23,059;24,435;940,663;-1308,33;15776,67;9,885
05;2025;09;29;16;42;59;0,96;-0,04;0,366;25,698;23,633;30,735;238,84;-298,752;15854,06;9,923
05;2025;09;29;16;43;00;0,885;-0,186;-0,355;23,562;23,324;22,651;173,925;-559,752;15936,68;9,923
05;2025;09;29;16;43;00;0,597;-0,078;0,185;23,139;23,766;25,699;-3,987;135,279;16025,28;9,923
05;2025;09;29;16;43;01;0,731;-0,087;0,049;26,343;21,093;27,167;994,803;-1424,165;15572,75;9,923
05;2025;09;29;16;43;01;1,19;-0,123;0,097;22,649;22,44;22,651;530,983;665,45;15714,52;9,923
05;2025;09;29;16;43;02;1,119;0,092;-0,065;28,79;28,095;31,955;548,936;734,012;15467,85;9,923
05;2025;09;29;16;43;02;0,473;-0,018;0,111;26,588;29,685;26,603;611,142;2882,164;15437,29;9,923
05;2025;09;29;16;43;03;0,892;0,143;0,408;25,698;25,245;27,89;1106,978;-1141,856;15581,81;9,923
05;2025;09;29;16;43;03;0,552;0,039;0,136;27,233;24,649;27,935;701,748;364,112;15285,69;9,923
05;2025;09;29;16;43;04;0,497;0,034;0,371;26,61;25,025;23,757;372,224;-622,153;15975,97;9,923
05;2025;09;29;16;43;04;0,602;-0,064;0,432;25,03;21,888;26,535;-0,228;30,545;15661,38;9,923
05;2025;09;29;16;43;05;0,463;-0,061;0,096;21,737;21,513;26,896;171,128;833,533;15841,81;9,923
05;2025;09;29;16;43;05;0,769;0,02;0,197;19,824;23,677;23,644;1150,47;-2001,441;15924,95;9,923
05;2025;09;29;16;43;06;0,593;0,15;0,246;22,049;20,563;21,747;620,552;-570,998;16111,29;9,923
05;2025;09;29;16;43;06;0,554;-0,056;-0,157;23,806;22,551;21,973;139,953;-254,751;16446,14;9,923
05;2025;09;29;16;43;07;0,559;0,061;-0,039;21,871;23,523;25,699;264,181;406,885;15641,46;9,923
05;2025;09;29;16;43;07;0,671;0,012;-0,049;22,983;20,32;26,942;340,757;-106,506;15771,57;9,923
05;2025;09;29;16;43;08;0,34;0,077;0,252;21,248;21,226;25,248;367,692;79,65;15719,4;9,923
05;2025;09;29;16;43;08;0,791;0,046;0,163;22,182;20,254;26,332;70,828;-237,289;16022,85;9,923
05;2025;09;29;16;43;09;0,63;-0,064;-0,098;24,207;24,804;28,409;892,065;-90,588;15356,83;9,923
05;2025;09;29;16;43;09;0,842;0,009;0,325;24,363;22,507;22,515;-13,702;-239,396;15942,8;9,923
05;2025;09;29;16;43;10;0,561;-0,094;-0,688;23,517;24,163;27,28;125,87;757,626;15379,05;9,923
05;2025;09;29;16;43;10;0,534;0,025;0,113;25,186;23,81;24,525;500,451;-94,088;15641,18;9,923
05;2025;09;29;16;43;11;0,829;0,001;-0,136;19,29;20,541;22,018;482,57;-114,591;15712,97;9,923
05;2025;09;29;16;43;11;1,137;0,088;-0,243;19,868;19,105;24,186;-218,945;525,801;16027,27;9,923
05;2025;09;29;16;43;12;0,919;0,147;0,151;21,849;21,115;22,222;-17,979;749,082;15631,12;9,923
05;2025;09;29;16;43;12;0,949;0,135;0,131;29,346;27,454;27,732;82,584;603,79;15703,81;9,923
05;2025;09;29;16;43;13;0,648;0,012;0,089;28,701;24,693;29,245;485,293;208,543;15533,18;9,923
05;2025;09;29;16;43;13;0,591;0,021;0,196;24,785;21,491;27,89;312,539;-84,505;15778,01;9,923
05;2025;09;29;16;43;14;0,385;0,141;-0,147;25,809;28,492;30,261;354,199;-622,034;16017,96;9,923
05;2025;09;29;16;43;14;0,664;0,098;0,253;25,898;26,637;26,241;-873,994;2837,651;15731,71;9,923
05;2025;09;29;16;43;15;0,71;-0,093;-0,064;24,563;24,715;30,306;-585,039;708,693;16163,43;9,918
05;2025;09;29;16;43;15;0,552;-0,183;0,241;24,897;27,123;25,316;-256,94;371,011;15888,27;9,923
05;2025;09;29;16;43;16;0,596;-0,218;-0,191;24,452;26,593;27,574;294,571;-118,252;15764,88;9,923
05;2025;09;29;16;43;16;0,334;-0,019;0,477;25,097;27,719;27,258;321,247;-137,081;15762,95;9,923
05;2025;09;29;16;43;17;0,462;-0,114;-0,025;28,1;26,549;28,251;82,056;463,851;15714,3;9,923
05;2025;09;29;16;43;17;0,37;-0,056;-0,089;24,585;28,028;26,671;595,507;-653,46;15770,12;9,923
05;2025;09;29;16;43;18;0,651;0,053;-0,518;24,096;22,175;28,116;332,265;-222,479;15682,76;9,923
05;2025;09;29;16;43;18;0,852;0,015;-0,704;21,648;24,76;29,29;3,404;1167,352;15522,23;9,923
05;2025;09;29;16;43;19;0,575;-0,003;-0,13;24,429;22,44;23,102;78,963;-189,627;15665,95;9,923
05;2025;09;29;16;43;19;0,857;0,195;0,315;23,339;25,356;23,599;490,049;-451,431;15889,87;9,923
05;2025;09;29;16;43;20;1,114;0,136;0,255;20,714;18,2;22,018;92,172;575,827;15576,29;9,923
05;2025;09;29;16;43;20;1,102;-0,005;-0,301;17,955;19,061;21,296;393,232;-821,114;15873,52;9,923
05;2025;09;29;16;43;21;0,897;0,127;0,106;21,359;19,26;23,464;567,908;-551,692;15838,86;9,923
05;2025;09;29;16;43;21;0,947;0,218;0,33;22,761;22,087;23,622;313,754;-640,838;15749,07;9,923
05;2025;09;29;16;43;22;0,439;0,054;0,204;25,431;23,236;27,664;-126,896;143,062;15981,89;9,923
05;2025;09;29;16;43;22;0,603;-0,036;0,335;25,609;26,438;24,457;91,249;29,71;15819,21;9,917
05;2025;09;29;16;43;23;0,473;-0,054;-0,056;24,251;23,169;24,932;-75,956;574,721;15844,21;9,918
05;2025;09;29;16;43;23;0,671;0,009;0,094;25,965;22,175;29,561;592,732;-1096,493;15816,88;9,923
05;2025;09;29;16;43;24;0,911;0,133;0,197;27,945;22,043;25,677;284,953;-529,455;15846,22;9,918
05;2025;09;29;16;43;24;0,449;-0,106;-0,084;26,855;32,424;31,3;453,156;-245,202;15598,11;9,917
05;2025;09;29;16;43;25;0,57;0,098;0,076;28,1;26,593;31,097;-488,89;-36,633;16268,83;9,918
05;2025;09;29;16;43;25;0,432;0,075;0,06;25,876;24,76;25,722;535,556;-1032,182;15943,7;9,923
05;2025;09;29;16;43;26;0,75;0,117;-0,345;23,829;22,33;26,038;414,753;-176,675;15507,98;9,923
05;2025;09;29;16;43;26;0,587;0,068;-0,2;23,005;21,8;26,49;526,51;-1166,11;16019,24;9,923
05;2025;09;29;16;43;27;0,612;-0,017;-0,025;22,116;23,699;27,642;-367,632;-523,679;15769,54;9,923
05;2025;09;29;16;43;27;0,906;0,089;0,294;20,247;22,418;24,638;934,745;-2634,879;16230,97;9,923
05;2025;09;29;16;43;28;0,951;0,193;0,826;20,647;21,314;23,938;105,288;656,717;15820,9;9,923
05;2025;09;29;16;43;28;0,588;0,159;-0,224;20,202;21,778;22,289;983,372;-166,383;15256,54;9,923
05;2025;09;29;16;43;29;0,805;0,154;-0,257;22,56;19,834;22,312;33,74;-672,108;16084,58;9,923
06;2025;09;29;16;50;18;1,697;0,003;-0,096;16,842;17,184;20,596;233,076;-189,083;15506,05;9,735
06;2025;09;29;16;50;18;1,396;0,167;-0,17;18,066;16,234;18,744;291,022;-990,058;16156,49;9,735
06;2025;09;29;16;50;19;1,475;0,263;-0,091;17,043;15,947;19,534;274,313;-692,039;16033,42;9,735
06;2025;09;29;16;50;19;1,729;0,025;-0,167;19,757;18,553;18,992;513,367;-136,986;15743,4;9,735
06;2025;09;29;16;50;20;1,439;0,147;-0,116;20,046;15,704;20,415;336,473;-115,068;15812,87;9,735
06;2025;09;29;16;50;20;1,006;-0,018;-0,27;22,894;19,834;27,235;345,048;383,602;15635,95;9,735
06;2025;09;29;16;50;21;0,816;0,106;0,102;23,851;20,408;25,609;378,151;-193,889;15672,57;9,735
06;2025;09;29;16;50;21;1,021;0,042;-0,067;23,94;21,954;23,893;143,703;-493,532;15445,39;9,735
06;2025;09;29;16;50;22;1,334;0,094;0,071;18,044;17,14;18,27;94,798;-397,135;15735,39;9,735
06;2025;09;29;16;50;22;1,41;0,019;-0,183;14,996;17,625;16,937;-754,195;1485,902;15409,3;9,735
06;2025;09;29;16;50;23;1,357;0,126;0,013;18,711;16,543;18,631;820,483;-1787,805;15982,58;9,735
06;2025;09;29;16;50;23;1,291;0,133;-0,093;14,551;16,521;17,479;-478,081;458,576;15621,9;9,735
06;2025;09;29;16;50;24;1,344;0,167;-0,428;18,867;16,344;18,428;387,509;-462,172;15873,97;9,735
06;2025;09;29;16;50;24;1,489;0,163;-0,056;15,864;19,79;19,15;86,302;-686,951;16046,89;9,735
06;2025;09;29;16;50;25;1,602;0,191;0,186;14,573;18,84;21,16;42,353;-338,537;16045,21;9,735
06;2025;09;29;16;50;25;1,4;-0,058;0,32;21,693;25,113;23,735;356,679;282,319;15321,71;9,735
06;2025;09;29;16;50;26;1,328;0,166;-0,015;21,448;20,585;21,16;182,428;169,867;15675,06;9,735
06;2025;09;29;16;50;26;1,487;0,175;-0,556;19,846;15,461;20,189;432,917;-1210,794;15846,5;9,735
06;2025;09;29;16;50;27;1,312;0,152;0,269;16,264;17,272;16,599;-297,439;875,412;15648,34;9,735
06;2025;09;29;16;50;27;1,421;0,165;-0,009;19,713;18,509;21,522;650,182;-2100,012;15950,56;9,735
06;2025;09;29;16;50;28;1,286;-0,044;-0,024;21,359;21,446;24,615;-125,443;599,07;15975,75;9,735
06;2025;09;29;16;50;28;1,371;0,184;-0,057;17,554;20,011;22,764;561,342;-1905,966;15895,02;9,735
06;2025;09;29;16;50;29;1,27;-0,046;-0,26;21,515;18,354;23,035;64,436;664,814;15698,13;9,735
06;2025;09;29;16;50;29;1,341;-0,052;-0,529;18,8;15,748;18,654;-351,649;-469,485;16306,67;9,735
06;2025;09;29;16;50;30;1,455;0,057;-0,07;18,533;20,585;18,721;108,837;246,18;15737,64;9,735
06;2025;09;29;16;50;30;1,587;0,229;0,193;18,711;17,272;18,879;380,27;-793,306;15791;9,735
06;2025;09;29;16;50;31;1,435;0,117;0,017;16,842;16,322;19,15;177,048;-591,81;15944,68;9,735
06;2025;09;29;16;50;31;1,38;0,109;0,156;14,796;19,127;16,011;133,588;-436,788;15952,45;9,735
06;2025;09;29;16;50;32;1,345;0,156;0,166;17,599;19,194;18,812;542,699;200,996;15686,24;9,735
06;2025;09;29;16;50;32;1,361;-0,076;-0,064;18,511;19,591;22,56;91,104;-82,544;16146,13;9,735
06;2025;09;29;16;50;33;1,201;0,015;-0,472;22,382;19,79;20,641;-344,762;-189,506;15799,89;9,735
06;2025;09;29;16;50;33;1,55;0,085;-0,192;20,113;20,21;18,044;983,259;-1723,884;15736,11;9,735
06;2025;09;29;16;50;34;1,558;-0,059;0,198;25,898;21,38;22,244;-23,624;-479,362;16102,53;9,735
06;2025;09;29;16;50;34;1,462;-0,185;0,787;22,316;22,087;25,903;191,414;-31,577;16001,28;9,735
06;2025;09;29;16;50;35;1,37;0,155;0,306;15,663;19,724;17,547;409,926;267,721;15968,41;9,735
06;2025;09;29;16;50;35;1,206;0,017;-0,177;19,579;19,79;20,641;393,74;707,848;15540,19;9,735
06;2025;09;29;16;50;36;1,57;-0,025;-0,285;16,309;15,925;18,676;318,941;-788,316;15678,55;9,735
06;2025;09;29;16;50;36;1,52;0,022;-0,232;20,38;20,696;21,544;-121,346;901,849;15422,27;9,735
06;2025;09;29;16;50;37;1,54;0,021;-0,214;19,112;18,708;20,822;170,385;-730,187;16278,63;9,735
06;2025;09;29;16;50;37;1,459;0,17;-0,19;19,134;19,967;20,889;752,434;809,035;15458,68;9,735
06;2025;09;29;16;50;38;1,329;-0,18;-0,056;20,046;21,469;22,335;-162,884;-28,446;15879,47;9,735
06;2025;09;29;16;50;38;1,281;0,131;0,057;19,29;17,758;19,896;564,083;-612,747;15677,92;9,735
06;2025;09;29;16;50;39;1,525;0,15;0,155;18,133;17,007;19,489;853,884;-784,423;16127,02;9,735
06;2025;09;29;16;50;39;1,411;0,154;0,109;18,044;15,704;16,35;729,427;-303,242;15312,48;9,735
06;2025;09;29;16;50;40;1,625;0,205;-0,396;19,579;18,222;18,518;-94,623;632,982;16020,9;9,735
06;2025;09;29;16;50;40;1,088;-0,191;-0,077;20,313;21,579;24,209;-1,954;1318,51;15766,99;9,735
06;2025;09;29;16;50;41;1,282;0,137;0,143;19,601;16,632;19,15;93,718;-563,248;15914,38;9,735
06;2025;09;29;16;50;41;1,742;0,066;-0,515;16,487;16,742;21,544;-54,239;1267,547;15929,88;9,735
06;2025;09;29;16;50;42;1,401;0,265;0,048;17,109;20,232;17,999;389,274;-514,378;16149,23;9,735
06;2025;09;29;16;50;42;1,577;0,135;-0,364;18,912;19,26;20,98;210,601;679,882;15566,54;9,735
06;2025;09;29;16;50;43;1,42;0,165;-0,114;16,62;17,824;16,96;291,046;1375,283;15969,12;9,735
06;2025;09;29;16;50;43;1,736;0,095;-0,345;15,574;15,019;17,908;1048,045;-718,585;15862,25;9,735
06;2025;09;29;16;50;44;1,43;0,183;-0,834;19,29;21,999;19,037;-176,097;417,129;15366,29;9,735
06;2025;09;29;16;50;44;1,022;-0,236;-2,156;24,897;23,788;27,822;472,858;564,09;15404,8;9,735
06;2025;09;29;16;50;45;1,377;0,087;-0,002;21,248;20,011;21,205;36,544;-694,331;15987,54;9,735
06;2025;09;29;16;50;45;1,38;0,28;-0,34;21,671;18,421;19,218;447,774;421,076;15739,39;9,735
06;2025;09;29;16;50;46;1,21;0,086;0,207;21,515;18,398;22,109;160,047;-433,477;16005,85;9,735
06;2025;09;29;16;50;46;1,502;0,072;-0,09;23,094;22,352;25,474;-246,978;-773,812;16544,23;9,735
06;2025;09;29;16;50;47;1,496;0,22;-0,096;17,443;20,784;17,637;123,961;402,005;15723,44;9,735
06;2025;09;29;16;50;47;1,581;0,144;-0,077;17,221;16,234;18,428;631,238;498,004;15540,14;9,735
06;2025;09;29;16;49;00;0,971;-0,173;-0,205;20,358;21,491;23,938;281,885;187,335;15641,4;9,81
06;2025;09;29;16;49;01;0,88;-0,005;0,382;19,312;22,352;23,915;49,575;590,52;15810,03;9,81
06;2025;09;29;16;49;01;1,291;-0,03;-0,376;22,182;22,639;23,915;58,206;-787,616;15589,16;9,81
06;2025;09;29;16;49;02;1,23;0,117;0,299;21,804;19,172;23,057;-1153,437;1398,443;15666,56;9,81
06;2025;09;29;16;49;02;1,085;-0,064;0,122;17,51;21,932;20,212;-391,878;1610,478;15877,47;9,81
06;2025;09;29;16;49;03;1,184;0,064;0,191;20,825;18,531;21,522;682,832;-1434,493;16166,76;9,81
06;2025;09;29;16;49;04;1,229;-0,129;-0,188;20,447;20,121;21,86;171,128;626,983;15035,93;9,81
06;2025;09;29;16;49;04;0,586;-0,198;0,837;21,181;21,844;22,877;112,925;1411,541;15483,39;9,81
06;2025;09;29;16;49;05;1,622;-0,126;-1,063;16,909;22,705;20,618;146,612;-573,153;16152,36;9,81
06;2025;09;29;16;49;05;1,125;-0,174;0,001;22,471;19,856;23,102;404,2;-504,051;15577,83;9,81
06;2025;09;29;16;49;06;1,445;0,028;-0,049;20,58;21,27;20,551;240,043;547,691;15839,82;9,81
06;2025;09;29;16;49;06;1,384;0,114;-0,095;19,624;17,427;22,131;-401,494;1468,255;15970,01;9,81
06;2025;09;29;16;49;07;0,938;-0,18;-0,223;22,405;22,926;21,07;147,957;1023,659;15518,06;9,81
06;2025;09;29;16;49;07;1,115;-0,195;-0,01;22,093;20,364;25,428;393,954;-98,868;15758,62;9,81
06;2025;09;29;16;49;08;1,376;-0,072;-1,021;21,025;21,115;20,934;-309,987;-1178,779;15415,22;9,81
06;2025;09;29;16;49;08;1,046;-0,121;0,16;23,295;21,491;21,522;688,587;-2682,645;16089,01;9,81
06;2025;09;29;16;49;09;1,264;-0,048;-0,127;21,07;21,535;21,16;-106,49;581,93;15747,47;9,81
06;2025;09;29;16;49;09;0,921;0,019;0,113;20,58;18,774;23,373;-242,302;123,794;16026,14;9,81
06;2025;09;29;16;49;10;1,419;-0,035;-0,571;20,091;22,396;24,954;479,012;58,864;15921,9;9,81
06;2025;09;29;16;49;10;1,028;-0,117;0,857;23,495;21,137;24,525;20,197;1602,628;15381,88;9,81
06;2025;09;29;16;49;11;1,38;-0,042;-0,344;20,358;16,499;21,138;-136,098;2078,879;15729,88;9,81
06;2025;09;29;16;49;11;1,312;-0,178;-0,646;20,469;20,541;20,731;319,312;203,332;15791,17;9,81
06;2025;09;29;16;49;12;1,532;-0,047;-0,379;17,554;18,443;22,222;-478,677;3369,95;15685,98;9,81
06;2025;09;29;16;49;12;1,083;-0,139;-0,668;21,915;21,027;21,567;-182,51;644,984;15952,88;9,81
06;2025;09;29;16;49;13;1,078;-0,09;0,031;21,448;21,469;24,435;-376,579;3196,348;15883,48;9,81
06;2025;09;29;16;49;13;0,875;0,019;0;19,023;20,276;20,302;99,553;-207,984;15942,34;9,81
06;2025;09;29;16;49;14;1,083;-0,041;0,034;19,735;20,651;20,121;-461,5;788,727;16239,55;9,81
06;2025;09;29;16;49;14;1,103;-0,294;-0,837;20,803;23,412;22,131;834,549;1493,902;15204,5;9,81
06;2025;09;29;16;49;15;0,949;-0,182;-0,353;22,672;24,561;23,17;249,307;937,988;15517,39;9,81
06;2025;09;29;16;49;15;1,118;-0,297;0,327;22,783;23,324;24,841;-192,423;985,398;15868,79;9,81
06;2025;09;29;16;49;16;1,081;-0,226;-0,498;22,983;22,153;25,338;414,659;-127,477;15861,16;9,81
06;2025;09;29;16;49;16;0,711;-0,106;-0,611;23,851;21,446;23,757;253,99;-562,054;16210,83;9,81
06;2025;09;29;16;49;17;1,371;-0,1;-0,38;21,337;22,926;22,719;425,325;-436,017;16495,35;9,81
06;2025;09;29;16;49;17;1,193;0,019;-0,128;21,515;18,664;21,431;-150,355;-157,576;15893,22;9,81
06;2025;09;29;16;49;18;1,129;-0,008;0,194;20,536;23,324;24,028;810,407;135,653;15216,71;9,81
06;2025;09;29;16;49;18;0,958;-0,212;0,503;24,14;21,27;24,999;10,092;-1595,785;16077,04;9,81
06;2025;09;29;16;49;19;1,622;-0,07;-0,435;21,114;17,559;22,109;-940,368;422,514;16142,8;9,81
06;2025;09;29;16;49;19;1,346;0,057;0,456;21,737;20,607;21,815;-421,438;-419,158;16235,7;9,81
06;2025;09;29;16;49;20;1,662;0,135;-0,398;15,686;19,194;22,38;376,185;-2360,165;16314,74;9,81
06;2025;09;29;16;49;20;1,025;-0,08;-0,001;19,134;19,569;21,07;-158,966;-255,422;16034,98;9,81
06;2025;09;29;16;49;21;1,655;0,045;-0,816;17,888;23,766;22,47;-225,343;3322,969;15248,1;9,81
06;2025;09;29;16;49;21;1,296;-0,085;-0,249;17,621;18,906;22,041;-283,767;736,548;15899,15;9,81
06;2025;09;29;16;49;22;1,036;-0,307;0,137;25,075;21,689;24,412;301,038;-2433,2;16087,37;9,81
06;2025;09;29;16;49;22;1,209;-0,149;-0,144;21,47;20,188;25,835;644,559;60,201;15655,98;9,81
06;2025;09;29;16;49;23;0,734;-0,273;-1,462;23,005;20,453;24,344;476,716;387,34;15618,85;9,81
06;2025;09;29;16;49;23;1,02;-0,254;-0,785;24,963;21,005;22,922;145,137;719,177;15765,81;9,81
06;2025;09;29;16;49;24;1,22;-0,006;0,464;17,977;18,575;20,889;680,51;-7,618;15134,57;9,81
06;2025;09;29;16;49;24;1,111;0,043;-0,432;19,134;20,364;22,109;978,968;569,258;15485,16;9,81
06;2025;09;29;16;49;25;1,055;-0,35;0,67;18,133;19,724;22,312;545,117;135,294;15205,05;9,81
06;2025;09;29;16;49;25;0,973;-0,195;-1,425;21,426;21,137;23,035;-94,007;1376,56;15611,85;9,81
06;2025;09;29;16;49;26;1,341;0,046;-0,103;20,936;21,535;24,39;14,141;990,955;15614,54;9,81
06;2025;09;29;16;49;26;0,71;-0,456;-0,326;23,984;24,296;24,164;-74,614;-91,535;15856,1;9,81
06;2025;09;29;16;49;27;1,036;-0,237;-0,786;22,471;24,649;24,435;372,093;238,137;15923,19;9,81
06;2025;09;29;16;49;27;1,006;-0,213;-0,241;24,407;21,248;25,632;200,822;1474,078;15338,32;9,81
06;2025;09;29;16;49;28;1,376;0,117;-0,008;16,976;21,336;20,121;40,463;-2634,3;16225,61;9,81
06;2025;09;29;16;49;28;1,383;-0,053;0,659;19,757;21,579;24,819;338,529;-801,808;15845,12;9,81
06;2025;09;29;16;49;29;1,12;-0,115;-0,074;20,514;21,888;25,248;1093,277;-1152,202;15813,73;9,81
06;2025;09;29;16;49;29;1,081;-0,289;-0,381;22,649;25,201;23,599;358,883;904,001;15384,64;9,81
06;2025;09;29;16;49;30;1,032;-0,255;-0,34;23,851;20,408;25,474;243,388;5543,344;15437,5;9,81
06;2025;09;29;16;49;30;1,384;0,047;-0,526;22,004;17,206;20,618;-757,855;2102,412;15642,34;9,81
06;2025;09;29;16;47;45;0,704;0,503;0,072;25,809;24,892;28,477;996,991;-1485,902;15473,83;9,885
06;2025;09;29;16;47;45;0,693;0,424;-0,103;30,437;27,189;30,261;890,121;-781,04;15925,24;9,885
06;2025;09;29;16;47;46;0,686;0,596;0,072;26,832;27,785;28,206;-982,829;656,152;15987,71;9,885
06;2025;09;29;16;47;46;0,601;0,422;0,31;28,634;28,426;30,69;1178,144;-2546,749;16013;9,885
06;2025;09;29;16;47;47;0,686;0,399;-0,086;28,59;25,201;27,619;153,424;-179,471;16024,18;9,885
06;2025;09;29;16;47;47;0,599;0,296;-0,039;27,544;30,016;28,658;-1712,297;1981,053;16099,75;9,885
06;2025;09;29;16;47;48;0,777;0,787;0,004;23,918;24,34;25,474;185,689;924,896;15677,59;9,885
06;2025;09;29;16;47;48;0,361;0,601;-0,289;27,9;27,498;29,087;-127,37;440,145;16254,63;9,885
06;2025;09;29;16;47;49;0,679;0,569;-0,255;25,898;24,119;28,816;491,314;-40,215;17265,61;9,885
06;2025;09;29;16;47;49;0,796;0,873;-0,067;26,944;21,115;27,371;3947,884;-4826,226;15299,94;9,885
06;2025;09;29;16;47;50;0,666;0,904;0,125;27,3;26,129;26,332;407,94;-1560,979;15020,31;9,885
06;2025;09;29;16;47;50;0,749;0,563;-0,245;22,783;23,478;24,48;517,648;1228,64;15206,96;9,885
06;2025;09;29;16;47;51;0,543;0,431;-0,375;29,791;28,404;29,268;1207,807;-956,184;15037,64;9,885
06;2025;09;29;16;47;51;0,543;0,421;-0,324;27,722;25,201;28,116;-1934,157;2029,444;16218,71;9,885
06;2025;09;29;16;47;52;0,681;0,221;-0,175;27,7;29,574;29,584;-222,388;-607,982;14927,32;9,885
06;2025;09;29;16;47;52;1,104;0,524;-0,141;26,076;23,567;27,935;-1235,39;4588,273;16239,68;9,885
06;2025;09;29;16;47;53;0,723;0,393;-1,149;26,81;26,35;29,471;-1178,936;1748,756;15942,9;9,885
06;2025;09;29;16;47;53;0,341;0,444;-0,111;25,942;26,018;29,855;-1281,801;1459,332;16301,46;9,885
06;2025;09;29;16;47;54;0,289;0,334;-0,277;28,901;28,183;31,458;865,484;131,09;15109,39;9,885
06;2025;09;29;16;47;54;0,737;0,595;-0,038;26,143;27,366;28,997;522,3;-562,474;15660,98;9,885
06;2025;09;29;16;47;55;0,481;0,697;-0,062;27,389;30,215;29,222;-3612,322;5328,253;16725,07;9,885
06;2025;09;29;16;47;55;0,73;0,367;-0,228;27,767;28,514;29,064;547,994;-35,05;14995,49;9,885
06;2025;09;29;16;47;56;0,29;0,573;0,146;26,076;28,89;30,171;-68,589;153,226;15748,29;9,885
06;2025;09;29;16;47;56;0,606;0,462;-0,096;26,721;24,031;29,064;-36,884;773,431;15798,69;9,885
06;2025;09;29;16;47;57;0,389;0,477;0,01;27,166;28,801;29,787;-490,216;957,756;15898,17;9,885
06;2025;09;29;16;47;57;0,422;0,43;-0,447;27,9;26,35;27,122;-239,174;1690,795;15896,17;9,885
06;2025;09;29;16;47;58;0,415;0,669;0,517;26,588;26,239;28,093;-2087,725;4248,291;16279,3;9,885
06;2025;09;29;16;47;58;0,647;0,818;0,196;24,251;23,567;28,297;3830,845;-4340,321;15055,13;9,885
06;2025;09;29;16;47;59;0,46;0,777;0,01;25,653;26,968;29,877;598,363;312,221;15272,81;9,885
06;2025;09;29;16;47;59;0,551;0,386;-0,036;27,411;29,221;32,565;32,208;56,527;16091,58;9,885
06;2025;09;29;16;48;00;0,368;0,472;0,12;28,479;27,741;30,058;32,48;401,044;15849,12;9,885
06;2025;09;29;16;48;00;0,579;0,431;-0,25;30,904;29,42;31,119;1024,238;-1010,944;16013,47;9,885
06;2025;09;29;16;48;01;0,545;0,181;-0,393;27,433;26,88;27,145;-205,161;-63,29;16060,66;9,885
06;2025;09;29;16;48;01;0,365;0,327;-0,104;29,569;28,713;30,306;603,624;603,011;15198,19;9,885
06;2025;09;29;16;48;02;0,369;0,352;1,001;28,657;26,217;28,906;124,376;2482,474;15018,79;9,885
06;2025;09;29;16;48;02;0,065;0,353;-1,671;27,567;27,012;29,222;-1307,336;2871,222;16508,29;9,885
06;2025;09;29;16;48;03;0,683;0,794;-0,453;27,233;24,384;26,241;334,031;-174,896;15669,91;9,885
06;2025;09;29;16;48;03;0,158;0,773;0,178;25,097;23,788;26,625;177,07;-585,014;14852,96;9,885
06;2025;09;29;16;48;04;0,367;0,505;0,049;27,789;24,539;27,709;-229,424;2455,699;16006,55;9,885
06;2025;09;29;16;48;04;0,724;0,623;-0,141;26,565;27,565;28,206;-187,06;1066,513;15021,21;9,885
06;2025;09;29;16;48;05;0,796;0,58;-1,288;28,123;28,603;32,113;-1016,683;2734,235;15472,82;9,885
06;2025;09;29;16;48;05;0,566;0,562;0,022;29,747;27,057;28,364;-278,883;-262,019;16349,04;9,885
06;2025;09;29;16;48;06;0,253;0,489;0,074;28,145;26,946;30,939;232,687;-289,109;16261,67;9,885
06;2025;09;29;16;48;06;0,618;0,72;0,194;25,787;23,766;27,935;640,109;1048,706;14866,22;9,885
06;2025;09;29;16;48;07;0,099;0,603;-0,041;28,434;26,526;29,313;-3174,984;4931,477;15424,89;9,885
06;2025;09;29;16;48;07;0,502;0,412;0,017;27,033;28,779;31,978;-629,564;97,675;15772,23;9,885
06;2025;09;29;16;48;08;0,486;0,524;0,163;27,099;24,296;31,052;834,111;-1264,559;16179;9,885
06;2025;09;29;16;48;08;-0,147;0,291;0,746;29,435;27,233;33,807;21,073;-25,579;16111,04;9,885
06;2025;09;29;16;48;09;0,361;0,477;-0,211;30,615;30,59;31,074;620,757;389,082;15561,79;9,885
06;2025;09;29;16;48;09;0,195;0,501;-0,058;32,461;34,566;36,833;-919,957;158,849;16068,93;9,885
06;2025;09;29;16;48;10;0,01;0,324;-0,012;32,016;30,568;31,707;165,258;463,399;15749,82;9,885
06;2025;09;29;16;48;10;0,24;0,381;0,389;30,348;26,99;31,707;-687,291;771,174;16164,23;9,885
06;2025;09;29;16;48;11;0,298;0,276;-0,161;34,108;31,739;33,807;-434,217;1318,535;15752,33;9,885
06;2025;09;29;16;48;11;0,666;0,579;-0,137;24,941;23,191;29,968;-393,421;216,895;15036,19;9,885
06;2025;09;29;16;48;12;0,836;0,856;-0,067;25,253;24,936;24,841;-408,374;-727,039;16310,08;9,885
06;2025;09;29;16;48;12;0,31;0,524;-0,136;26,721;28,934;30,148;-3679,127;6593,761;16101,77;9,885
06;2025;09;29;16;48;13;0,299;0,564;-0,001;25,742;26,46;28,093;-627,002;-99,396;16019,79;9,885
06;2025;09;29;16;48;13;0,084;0,383;0,438;27,166;28,095;32,068;970,599;-161,618;15372,17;9,885
06;2025;09;29;16;48;14;0,431;0,372;-0,302;27,3;27,388;31,097;-1837,422;2128,876;16744,82;9,885
06;2025;09;29;16;48;14;0,606;0,26;-0,389;30,904;26,526;31,526;-2692,504;3737,824;16309,6;9,885
07;2025;09;29;16;55;40;1,363;-0,039;0,02;17,376;14,865;17,999;151,841;-841,369;15677,64;9,698
07;2025;09;29;16;55;41;1,628;0,064;0,338;18,823;16,632;19,828;-42,948;89,765;15858,89;9,698
07;2025;09;29;16;55;41;1,048;-0,112;0,466;18,533;18,929;19,941;-21,51;-18,262;16172,03;9,698
07;2025;09;29;16;55;42;0,983;-0,123;-0,223;19,067;19,149;21,273;486,765;-807,223;16035,38;9,698
07;2025;09;29;16;55;42;1,346;0,091;-0,044;15,841;15,461;18,947;3,042;130,625;16007,08;9,698
07;2025;09;29;16;55;43;1,357;0,114;0,203;15,53;18,84;17,321;-27,61;338,7;15646,43;9,698
07;2025;09;29;16;55;43;1,37;0,057;0,116;16,931;15,925;17,005;-175,199;387,883;15904,04;9,698
07;2025;09;29;16;55;44;1,472;0,021;-0,107;15,708;17,758;18,134;54,236;228,484;15926,51;9,698
07;2025;09;29;16;55;44;1,203;-0,184;0,32;21,359;18,84;22,448;124,006;465,995;15720,02;9,698
07;2025;09;29;16;55;45;1,343;-0,252;-0,541;18,155;18,398;20,957;2,733;-300,169;15901,89;9,698
07;2025;09;29;16;55;45;1,336;-0,001;-0,054;15,619;18,023;15,944;122,758;698,465;15546,7;9,698
07;2025;09;29;16;55;46;1,409;-0,033;0,08;16,509;17,78;19,715;513,29;93,973;15675,27;9,698
07;2025;09;29;16;55;46;1,331;-0,222;-0,18;17,599;18,906;20,099;306,291;-101,018;15634,27;9,698
07;2025;09;29;16;55;47;1,372;-0,15;-0,245;16,754;14,909;19,602;317,314;-826,776;16169,6;9,698
07;2025;09;29;16;55;47;1,146;0,018;-0,366;16,954;17,824;19,512;473,213;-489,346;15337,3;9,698
07;2025;09;29;16;55;48;1,525;0,105;-0,409;19,112;16,366;19,376;476,54;-172,007;15872,01;9,698
07;2025;09;29;16;55;48;1,597;0,187;-0,115;15,841;17,603;18,36;62,174;-250,742;15927,07;9,698
07;2025;09;29;16;55;49;0,885;-0,116;0,366;20,18;20,607;21,522;231,586;-89,376;15488,26;9,698
07;2025;09;29;16;55;49;1,441;0,097;-0,247;14,885;15,593;18,179;402,501;-235,544;15597,89;9,698
07;2025;09;29;16;55;50;1,627;0,03;-0,302;17,332;19,304;19,467;235,575;-261,1;15615,35;9,698
07;2025;09;29;16;55;50;1,509;0,155;-0,368;15,797;15,461;18,925;343,486;-643,062;16078,33;9,698
07;2025;09;29;16;55;51;1,673;-0,025;0,165;16,197;19,547;18,337;-363,232;436,983;15532,37;9,698
07;2025;09;29;16;55;51;1,142;-0,052;0,073;21,782;18,067;22,154;492,456;-584,958;15837,39;9,698
07;2025;09;29;16;55;52;1,396;0,038;-0,03;14,373;19,061;16,847;388,024;297,676;15895,56;9,698
07;2025;09;29;16;55;52;1,208;-0,175;0,571;22,494;22,904;25,858;25,352;473,277;15936,98;9,698
07;2025;09;29;16;55;53;1,437;-0,022;-0,081;18,467;17,736;17,841;-220,183;634,623;16007,04;9,698
07;2025;09;29;16;55;53;1,335;0,12;0,218;19,179;16,3;17,728;263,871;260,313;15712,38;9,698
07;2025;09;29;16;55;54;1,214;0,037;0,067;20,736;18,001;17,841;447,518;-255,741;15611,44;9,698
07;2025;09;29;16;55;54;1,598;0,055;-0,161;17,354;18,001;22,719;-27,606;482,609;16051,07;9,698
07;2025;09;29;16;55;55;1,365;-0,138;-0,673;18,111;15,328;16,892;693,332;-476,869;15971,65;9,698
07;2025;09;29;16;55;55;0,924;0,069;0,226;15,063;19,304;18,089;804,713;425,301;15691,61;9,698
07;2025;09;29;16;55;56;1,582;0,129;0,045;15,307;14,865;16,508;-71,374;-71,34;16083,78;9,698
07;2025;09;29;16;55;56;1,579;0,12;-0,134;18,978;15,682;16,847;313,711;207,628;15866,53;9,698
07;2025;09;29;16;55;57;1,232;0,153;-0,121;19,245;16,941;19,489;321,484;82,926;15993,35;9,698
07;2025;09;29;16;55;57;1,193;0,285;0,052;18,489;17,559;21,341;124,029;204,612;15685,82;9,698
07;2025;09;29;16;55;58;1,386;0,04;0,131;16,776;14,666;17,366;601,203;325,481;15801,23;9,698
07;2025;09;29;16;55;58;1,428;-0,014;0,097;18,934;18,266;17,931;472,946;-159,285;15886,93;9,698
07;2025;09;29;16;55;59;1,716;-0,094;-0,348;16,019;17,405;20,618;530,44;-625,288;15938,15;9,698
07;2025;09;29;16;55;59;1,408;-0,058;0,088;19,69;18,465;24,186;80,449;271,687;15940,62;9,698
07;2025;09;29;16;56;00;1,344;0,108;0,078;16,398;16,587;16,034;450,32;-395,205;15977,99;9,698
07;2025;09;29;16;56;00;1,269;0,01;0,275;18,355;15,571;19,67;286,74;-196,93;15809,71;9,698
07;2025;09;29;16;56;01;1,444;0,052;-0,044;15,708;18,222;19,308;-202,535;136,12;15293,84;9,698
07;2025;09;29;16;56;01;1,152;-0,136;-0,515;19,935;19,79;23,893;-103,729;177,026;15740,98;9,698
07;2025;09;29;16;56;02;1,448;-0,065;0,234;18,578;18,045;19,286;244,823;-639,59;15698,12;9,698
07;2025;09;29;16;56;02;1,406;-0,038;0,024;16,909;18,31;20,189;409,606;-635,64;15851,93;9,698
07;2025;09;29;16;56;03;1,389;-0,068;0,082;17,287;19,657;20,596;134,806;-985,781;16030,26;9,698
07;2025;09;29;16;56;03;1,41;0,088;-0,078;16,82;15,24;21,522;470,259;-210,914;15563,22;9,698
07;2025;09;29;16;56;04;1,425;0,184;0,112;20,758;15,174;20,483;668,35;-561,891;15743,11;9,698
07;2025;09;29;16;56;04;1,272;-0,119;-0,101;16,998;20,21;20,121;529,921;-283,1;15758,88;9,698
07;2025;09;29;16;56;05;1,019;-0,061;-0,258;20,024;19,812;19,647;253,126;-306,004;15756,19;9,698
07;2025;09;29;16;56;05;1,118;0,034;0,209;17,799;19,437;18,766;109,474;-32,292;15642,02;9,698
07;2025;09;29;16;56;06;1,146;-0,098;0,173;16,22;16,919;17,163;463,143;-588,952;15863,44;9,698
07;2025;09;29;16;56;06;1,516;0,071;-0,047;17,287;14,379;18,202;119,174;-700,868;15715,68;9,698
07;2025;09;29;16;56;07;1,597;-0,112;-0,455;20,825;19,746;19,331;222,06;-330,427;15346,53;9,698
07;2025;09;29;16;56;07;1,542;-0,039;-0,172;15,686;15,439;18,834;210,89;-381,468;15744,35;9,698
07;2025;09;29;16;56;08;1,503;0,04;0,352;16,754;15,395;18,721;531,604;-883,688;15476,69;9,698
07;2025;09;29;16;56;08;1,287;-0,025;-0,249;15,33;16,543;17,524;344,736;-1067,783;15733,86;9,698
07;2025;09;29;16;56;09;0,776;-0,076;0,089;23,984;21,778;23,102;244,804;390,269;15421,71;9,698
07;2025;09;29;16;56;09;1,339;0,122;0,047;20,514;18,354;19,105;269,229;302,153;15867,09;9,698
07;2025;09;29;16;56;10;1,381;0,211;0,307;16,487;16,609;17,524;156,114;-622,512;15931,78;9,698
07;2025;09;29;16;53;45;0,853;-0,05;0,544;22,449;23,169;23,802;604,251;2410,784;15329,96;9,782
07;2025;09;29;16;53;46;1,277;-0,234;0,063;22,071;23,699;27,213;1758,516;-3807,482;16680,1;9,801
07;2025;09;29;16;53;46;0,945;-0,056;0,027;31,126;25,93;27,732;247,454;2820,165;15113,46;9,794
07;2025;09;29;16;53;47;1,374;0,012;0,654;17,532;18,906;20,776;1141,624;383,444;15296,58;9,792
07;2025;09;29;16;53;47;1,069;-0,163;0,621;26,41;27,057;28,003;3971,775;-5747,83;14643,15;9,794
07;2025;09;29;16;53;48;1,166;-0,136;0,369;22,071;21,689;21,047;1015,873;-1225,801;15543,22;9,782
07;2025;09;29;16;53;48;1,206;0,027;0,333;19,223;23,766;22,922;1492,099;-1568,864;15908,38;9,773
07;2025;09;29;16;53;49;1,646;-0,235;-0,596;20,447;20,099;21,77;1423,914;4138,263;16642,06;9,773
07;2025;09;29;16;53;49;0,751;-0,039;0,088;17,999;19,481;21,544;-3377,53;11822,37;14725,69;9,773
07;2025;09;29;16;53;50;1,222;-0,209;-0,643;23,25;24,229;24,796;1813,675;-743,448;14649,16;9,773
07;2025;09;29;16;53;50;0,86;-0,066;0,182;20,758;22,97;23,554;-472,983;2754,48;15155,16;9,773
07;2025;09;29;16;53;51;0,994;-0,153;-0,055;22,36;25,798;27,958;2135,869;-2467,257;16342,46;9,773
07;2025;09;29;16;53;51;1,306;-0,269;-1,348;24,007;24,98;24,706;-608,396;-625,516;15343,37;9,773
07;2025;09;29;16;53;52;0,552;-0,135;0,054;20,558;21,999;21,951;-533,268;2946,13;15597,47;9,773
07;2025;09;29;16;53;52;1,296;-0,154;0,096;24,251;24,009;23,238;-246,404;786,713;16088,89;9,773
07;2025;09;29;16;53;53;1,075;-0,209;-0,087;21,515;23,28;24,435;-506,653;3044,285;15437,72;9,773
07;2025;09;29;16;53;53;1,27;-0,017;-0,4;23,206;22,485;24,977;1144,566;-2616,784;16063,94;9,773
07;2025;09;29;16;53;54;1,072;-0,097;-0,068;22,672;23,324;25,79;462,444;-570,646;16105,15;9,773
07;2025;09;29;16;53;54;1,077;-0,172;-0,923;24,207;24,296;27,303;-334,058;3348,399;16628,35;9,773
07;2025;09;29;16;53;55;1,301;-0,028;-0,506;21,137;21,402;22,899;1793,831;-1608,963;15312,69;9,773
07;2025;09;29;16;53;55;0,975;-0,237;-0,679;29,102;24,715;27,032;2095,819;6202,395;15018,14;9,773
07;2025;09;29;16;53;56;0,732;-0,153;0,071;24,429;20,519;27,167;107,912;2293,661;15909,72;9,773
07;2025;09;29;16;53;56;0,75;-0,353;0,179;30,548;27,874;29,471;622,476;3932,996;14824,17;9,773
07;2025;09;29;16;53;57;1,035;-0,279;0,12;28,234;28,47;29,81;714,984;-2523,183;16224,21;9,773
07;2025;09;29;16;53;57;1,7;-0,188;-1,454;24,541;22,772;24,954;1875,533;-1276,359;14627,86;9,773
07;2025;09;29;16;53;58;1,123;-0,028;0,383;24,029;26,195;28,545;973,656;-1849,206;15686,33;9,773
07;2025;09;29;16;53;58;1,164;-0,033;0,102;27,9;26,792;29,471;579,611;-2356,178;16266,84;9,773
07;2025;09;29;16;53;59;0,998;-0,162;0,075;28,367;27,962;29,403;-178,388;1166,396;14321,32;9,773
07;2025;09;29;16;53;59;1,325;-0,048;-0,015;20,491;20,121;23,441;-982,362;-4127,718;17225,24;9,773
07;2025;09;29;16;54;00;1,295;0,077;-0,215;18,355;19,017;20,325;-2902,424;4305,51;15895,23;9,773
07;2025;09;29;16;54;00;0,99;-0,301;-0,449;21,626;20,784;23,983;431,012;2218,038;14852,32;9,773
07;2025;09;29;16;54;01;0,977;-0,237;0,14;24,385;21,314;23,351;718,577;-1709,081;15739,62;9,773
07;2025;09;29;16;54;01;1,304;-0,13;-0,279;16,709;20,32;20,483;1054,697;-441,64;15586,13;9,773
07;2025;09;29;16;54;02;1,287;-0,008;-0,3;22,049;21,712;25,067;-298,978;-2539,475;15845,57;9,773
07;2025;09;29;16;54;02;1,137;-0,187;-0,696;25,052;26,173;24,819;-207,536;-1753,531;15565,01;9,773
07;2025;09;29;16;54;03;1,027;-0,002;-0,181;24,963;22,794;24,886;261,01;-1727,161;15401,49;9,773
07;2025;09;29;16;54;03;1,108;0,038;-0,309;18,756;18,487;20,483;-151,549;-220,994;15834,91;9,773
07;2025;09;29;16;54;04;1,298;0,005;-0,298;17,955;19,039;22,018;-451,463;4106,625;13846,56;9,773
07;2025;09;29;16;54;04;1,002;-0,251;-0,28;23,851;23,015;28,342;-425,615;-2131,014;16886,05;9,773
07;2025;09;29;16;54;05;0,663;-0,073;-0,053;23,984;23,832;28,816;-757,442;-254,536;16362,5;9,773
07;2025;09;29;16;54;05;1,124;-0,188;0,115;23,962;20,585;22,606;644,873;2443,187;15255,41;9,773
07;2025;09;29;16;54;06;1,207;-0,301;-0,627;25,609;24,804;26,49;202,977;2725,365;15352,01;9,773
07;2025;09;29;16;54;06;0,959;-0,214;0,377;21,938;21,756;23,938;1404,921;-1358,112;14816,38;9,773
07;2025;09;29;16;54;07;1,071;-0,283;0,038;23,361;27,189;25,428;92,714;-4071,584;16817,39;9,773
07;2025;09;29;16;54;07;0,849;-0,355;-0,563;24,452;24,097;24,435;198,928;6036,292;14308,49;9,773
07;2025;09;29;16;54;08;1,2;-0,196;-0,21;23,873;24,031;25,022;-35,125;3018,257;14064,37;9,773
07;2025;09;29;16;54;08;1,154;-0,321;0,296;24,518;23,213;25,858;672,91;-444,899;15384,69;9,773
07;2025;09;29;16;54;09;0,925;-0,241;-0,427;28,1;25,29;26,919;699,692;-597,774;15465,73;9,773
07;2025;09;29;16;54;09;1,316;-0,067;-0,268;22,672;20,696;22,786;-3,94;-1109,651;16635,01;9,773
07;2025;09;29;16;54;10;1,789;-0,306;-0,236;26,766;26,902;27,709;233,951;-2446,397;16424,46;9,773
07;2025;09;29;16;54;10;1,271;-0,36;-0,381;21,96;21,358;25,428;405,192;4585,801;14787,19;9,773
07;2025;09;29;16;54;11;1,12;-0,2;0,222;21,737;23,898;20,438;-287,807;-462,031;16038,55;9,773
07;2025;09;29;16;54;11;1,232;-0,203;-0,474;21,893;18,84;24,774;578,884;-180,929;16003,99;9,773
07;2025;09;29;16;54;12;1,331;-0,147;-0,112;22,427;22,308;23,396;196,414;2401,058;15025,73;9,773
07;2025;09;29;16;54;12;1,327;-0,012;0,056;20,758;15,947;18,021;-195,021;4618,699;14093,41;9,773
07;2025;09;29;16;54;13;1,2;-0,331;-0,402;25,653;25,356;25,316;-40,596;2016,332;16474,62;9,773
07;2025;09;29;16;54;13;1,054;-0,16;-0,049;25,609;24,98;26,625;400,208;-301,614;15745,38;9,773
07;2025;09;29;16;54;14;0,681;-0,402;0,372;29,013;27,233;29,471;220,488;-4109,272;15241,92;9,773
07;2025;09;29;16;54;14;1,069;-0,362;-0,092;26,721;26,703;27,032;-174,348;-4995,673;17376,3;9,773
07;2025;09;29;16;54;15;0,918;-0,372;0,021;24,607;22,551;24,819;311,531;595,631;15918,18;9,773
07;2025;09;29;16;52;26;0,787;-0,024;0,175;26,832;27,631;29,2;518,882;-7,199;15491,05;9,848
07;2025;09;29;16;52;27;0,653;-0,187;0,248;28,634;28,249;27,506;196,47;-116,154;15626,73;9,848
07;2025;09;29;16;52;27;1,079;-0,028;0,039;20,18;21,226;23,125;-498,39;-1029,882;16308,54;9,848
07;2025;09;29;16;52;28;0,615;-0,038;0,942;23,873;26,041;23,577;1219,587;45,736;14950,62;9,848
07;2025;09;29;16;52;28;0,772;-0,191;0,192;25,742;25,996;26,58;-344,837;783,142;16978,16;9,848
07;2025;09;29;16;52;29;0,519;-0,267;0,25;24,585;22,794;26,738;2800,656;-2234,326;14072,52;9,848
07;2025;09;29;16;52;29;1,362;0,106;0,501;25,052;24,207;23,148;-2549,581;-3286,573;20519,13;9,848
07;2025;09;29;16;52;30;1,375;0,137;-0,363;24,963;21,071;22,041;2954,089;4973,366;14562,16;9,848
07;2025;09;29;16;52;30;0,91;-0,092;0,063;27,166;25,488;27,529;75,248;1530,444;15730,7;9,848
07;2025;09;29;16;52;31;0,648;-0,24;-0,093;28,968;29,552;29,968;1446,592;829,007;13646,64;9,848
07;2025;09;29;16;52;31;0,678;-0,261;-0,269;29,458;28,846;29,561;834,508;-1664,728;15802,08;9,848
07;2025;09;29;16;52;32;0,445;-0,07;0,109;29,68;29,663;29,99;399,514;-882,567;15350,54;9,848
07;2025;09;29;16;52;32;1,021;-0,091;-0,224;23,517;26,107;28,838;533,03;2434,285;15616,67;9,848
07;2025;09;29;16;52;33;1,181;0,093;0,28;23,695;23,39;24,774;1365,781;-1103,59;15647,36;9,848
07;2025;09;29;16;52;33;0,715;-0,182;0,109;28,768;28,117;30,532;782,363;215,809;15533,02;9,842
07;2025;09;29;16;52;34;0,606;-0,183;0,159;25,008;25,422;26,061;3130,012;-4205,324;13679,9;9,848
07;2025;09;29;16;52;34;0,816;-0,232;0,23;24,719;23,964;26,851;226,888;1769,092;16115,21;9,848
07;2025;09;29;16;52;35;0,825;-0,18;0,351;29,725;28,978;28,116;208,53;-1777,413;16276,48;9,848
07;2025;09;29;16;52;35;0,81;-0,326;-0,1;27,922;26,085;29,81;-192,416;-750,014;15624,85;9,837
07;2025;09;29;16;52;36;0,82;-0,119;0,587;26,254;28,382;29,516;661,905;-1176,468;15638,05;9,838
07;2025;09;29;16;52;36;1,85;-0,132;0,158;24,719;25,952;28,274;-503,666;-681,42;15977,7;9,837
07;2025;09;29;16;52;37;1,082;-0,072;0,264;24,207;27,785;28,274;1266,719;1554,074;15147,79;9,829
07;2025;09;29;16;52;37;0,716;-0,352;0,073;28,523;27,697;28,635;-2301,706;-3218,276;16430,61;9,832
07;2025;09;29;16;52;38;1,119;-0,096;-0,428;25,609;27,675;30,374;4580,036;-2160,778;18841,5;9,829
07;2025;09;29;16;52;38;0,831;-0,072;-0,029;26,677;26,328;31,052;-360,266;-724,415;15594,53;9,826
07;2025;09;29;16;52;39;0,794;-0,277;0,829;27,255;29,486;28,906;-338,625;187,877;16104,92;9,82
07;2025;09;29;16;52;39;0,965;-0,163;-0,223;26,743;24,671;27,98;862,881;-319,286;15512,92;9,821
07;2025;09;29;16;52;40;0,571;-0,348;0,173;27,166;30,856;30,916;-440,169;-858,263;16677,59;9,834
07;2025;09;29;16;52;40;0,578;-0,163;0,328;27,989;29,376;31,39;264,351;639,237;15538,73;9,826
07;2025;09;29;16;52;41;0,997;-0,089;0,449;26,699;26,968;27,28;-147,002;34,521;15547,74;9,815
07;2025;09;29;16;52;41;1,059;-0,058;-0,924;28,568;26,526;28,545;-38,686;-905,55;17244,01;9,826
07;2025;09;29;16;52;42;0,786;-0,096;-0,442;26,543;28,978;32,045;-427,497;3972,772;16949,46;9,815
07;2025;09;29;16;52;42;0,535;-0,072;0,079;27,745;27,189;32,271;781,51;5145,036;13725,94;9,81
07;2025;09;29;16;52;43;0,648;-0,288;-0,175;28,234;27,432;29,697;911,801;945,896;15188,34;9,82
07;2025;09;29;16;52;43;0,802;-0,376;-0,168;28,323;29,089;33,355;-1367,661;-370,005;15898,24;9,816
07;2025;09;29;16;52;44;0,984;-0,043;0,731;30,904;28,205;29,606;10,018;61,609;16083,47;9,81
07;2025;09;29;16;52;44;0,895;-0,235;0,288;25,052;21,977;26,083;-154,711;-1112,284;16271,45;9,81
07;2025;09;29;16;52;45;1,445;0,262;0,598;26,966;20,519;26,151;-276,531;-625,454;17959,78;9,82
07;2025;09;29;16;52;45;0,843;-0,327;-0,113;26,877;25,687;28,906;-2671,084;2101,769;15967,32;9,81
07;2025;09;29;16;52;46;0,858;-0,316;-0,347;28,078;25,488;29,742;-978,299;394,555;16268,71;9,81
07;2025;09;29;16;52;46;1,071;-0,136;0,56;26,788;26,195;31,277;-48,075;-1208,84;14883,33;9,81
07;2025;09;29;16;52;47;0,482;-0,396;0,375;29,858;29,906;30,713;296,377;-2336,377;15402,39;9,81
07;2025;09;29;16;52;47;0,938;-0,295;0,047;26,944;27,498;29,29;590,542;-1423,699;15559,82;9,81
07;2025;09;29;16;52;48;0,822;-0,371;0,096;27,9;28,912;30,826;147,856;529,007;15535,17;9,81
07;2025;09;29;16;52;48;0,897;-0,336;-0,378;25,141;25,444;32,136;-936,345;1417,025;16104,48;9,81
07;2025;09;29;16;52;49;0,837;-0,454;-0,256;24,162;26,88;25,858;899,982;-543,589;15192,9;9,81
07;2025;09;29;16;52;49;1,216;-0,476;-0,557;25,275;27,785;26,49;-603,017;-1766,331;16648,5;9,81
07;2025;09;29;16;52;50;1,574;-0,202;-0,534;25,853;25,665;29,132;79,771;1672,319;15468,71;9,81
07;2025;09;29;16;52;50;1,154;-0,123;-0,229;27,656;25,312;32,226;-600,509;5795,684;16493,01;9,81
07;2025;09;29;16;52;51;0,977;-0,264;0,087;24,296;27,233;27,687;-775,093;-379,604;16454,72;9,81
07;2025;09;29;16;52;51;0,818;-0,359;0,208;27,722;29,486;31,277;-431,303;-462,662;16044,73;9,81
07;2025;09;29;16;52;52;0,784;-0,146;-0,511;30,392;29,574;33,174;-684,712;1043,779;15621,28;9,81
07;2025;09;29;16;52;52;0,858;-0,06;-0,318;26,654;29;29,222;-755,944;-2034,466;16408,54;9,81
07;2025;09;29;16;52;53;0,712;-0,346;-0,298;28,79;30,878;32;642,987;-1667,96;16172,89;9,81
07;2025;09;29;16;52;53;0,982;-0,278;-0,169;29,591;29,089;32,52;1024,829;-1874,684;15840,28;9,81
07;2025;09;29;16;52;54;1,035;-0,244;0,254;30,37;28,846;32,745;-98,859;-1570,842;16118,5;9,81
07;2025;09;29;16;52;54;0,985;-0,227;-0,121;26,654;24,87;26,49;-2177,276;8515,983;13724,97;9,81
07;2025;09;29;16;52;55;1,039;-0,142;0,398;28,189;27,322;31,865;-833,167;3666,847;17538,67;9,81
07;2025;09;29;16;52;55;0,672;-0,25;-0,245;30,77;29,928;30,171;59,949;-1947,837;15815,61;9,81
07;2025;09;29;16;52;56;1,075;-0,21;-0,017;28,234;26,35;30,51;254,923;-1099,659;15806,36;9,815
