Desktop_Software_Build_Version,1.7
#,Year,Month,Day,Hour,Minute,Second,VelX,VelY,VelZ,SNR1,SNR2,SNR3,AccX,AccY,AccZ,Temp
(),(),(),(),(),(),(),(m/s),(m/s),(m/s),(dB),(dB),(dB),(cnts),(cnts),(cnts),(°C)
00,2022,03,30,15,27,59,-0.024,-0.285,1.026,42.874,41.855,44.489,-135.306,-300.793,15801.77,10.483
00,2022,03,30,15,27,59,-0.044,-0.293,1.255,44.164,44.439,45.979,-258.801,-373.547,15668.94,10.483
00,2022,03,30,15,28,00,0.049,-0.292,1.089,43.163,43.887,49.095,-421.932,-336.726,15777.3,10.483
00,2022,03,30,15,28,00,-0.049,-0.164,0.807,40.738,43.931,48.215,-269.52,-297.173,15819.59,10.483
00,2022,03,30,15,28,01,0.007,-0.102,0.568,42.518,41.391,43.766,-209.082,-275.974,15815.27,10.483
00,2022,03,30,15,28,01,0.064,-0.085,0.234,41.939,42.937,46.769,-172,-281.748,15819.4,10.483
00,2022,03,30,15,28,02,-0.013,-0.197,0.913,45.121,45.256,45.076,-201.254,-303.426,15799.76,10.483
00,2022,03,30,15,28,02,0.021,-0.357,1.12,46.411,43.887,48.531,-189.082,-250.94,15784.83,10.483
00,2022,03,30,15,28,03,-0.005,-0.425,1.522,44.587,44.903,49.254,-196.372,-247.352,15855.91,10.483
00,2022,03,30,15,28,03,-0.076,-0.261,1.152,44.698,44.461,45.889,-137.079,-535.462,15777.95,10.483
00,2022,03,30,15,28,04,-0.028,-0.312,1.155,48.102,47.222,49.75,-119.13,-297.607,15836.3,10.483
00,2022,03,30,15,28,04,0.028,-0.242,1.261,46.901,46.25,49.321,-90.822,-371.016,15817.06,10.483
00,2022,03,30,15,28,05,-0.077,-0.199,0.565,45.788,46.405,46.927,-118.327,-385.415,15785.29,10.483
00,2022,03,30,15,28,05,-0.025,-0.144,0.609,42.629,43.843,47.853,-55.251,-415.396,15839.89,10.483
00,2022,03,30,15,28,06,-0.005,-0.112,0.333,46.256,45.477,46.318,-48.71,-414.294,15824.73,10.483
00,2022,03,30,15,28,06,-0.12,-0.226,0.914,45.766,43.821,45.798,-117.375,-355.761,15826.77,10.483
00,2022,03,30,15,28,07,-0.018,-0.272,1.285,44.898,44.527,47.086,-89.577,-292.365,15815.66,10.483
00,2022,03,30,15,28,07,-0.109,-0.289,1.101,43.92,43.136,49.028,-137.51,-352.322,15834.69,10.483
00,2022,03,30,15,28,08,0.096,-0.215,0.757,45.9,44.859,46.34,-236.293,-282.971,15861.09,10.483
00,2022,03,30,15,28,08,0.04,-0.286,1.012,45.989,45.742,47.402,-178.642,-320.463,15794.08,10.483
00,2022,03,30,15,28,09,0.059,-0.355,1.602,46.189,45.676,47.831,-170.064,-279.67,15787.93,10.483
00,2022,03,30,15,28,09,0,-0.477,1.84,44.187,46.559,48.712,-195.245,-360.742,15812.79,10.483
00,2022,03,30,15,28,10,-0.061,-0.266,1.476,45.989,46.316,49.254,-146.105,-245.835,15842.21,10.483
00,2022,03,30,15,28,10,0.097,-0.369,1.394,44.965,46.073,47.876,-181.628,-292.412,15801.58,10.483
00,2022,03,30,15,28,11,-0.069,-0.201,0.789,45.388,44.262,46.95,-139.542,-367.538,15803.24,10.483
00,2022,03,30,15,28,11,0.089,-0.187,0.937,47.012,45.389,49.299,-138.837,-257.647,15871.01,10.483
00,2022,03,30,15,28,12,-0.184,-0.319,1.072,48.547,44.064,47.198,-168.771,-251.571,15821.72,10.483
00,2022,03,30,15,28,12,-0.142,-0.306,1.209,45.21,48.525,47.492,-149.002,-366.946,15822.94,10.483
00,2022,03,30,15,28,13,-0.113,-0.337,1.32,44.32,43.666,46.408,-161.055,-276.087,15842.74,10.483
00,2022,03,30,15,28,13,0.141,-0.283,0.999,45.655,45.565,50.315,-49.979,-280.007,15789.47,10.483
00,2022,03,30,15,28,14,-0.045,-0.348,1.166,45.744,44.881,45.956,-92.224,-281.8,15772.03,10.483
00,2022,03,30,15,28,14,-0.055,-0.329,1.296,45.477,43.556,49.005,-124.368,-270.324,15805.24,10.483
00,2022,03,30,15,28,15,-0.007,-0.318,1.324,44.543,44.682,47.131,-96.453,-292.116,15843.08,10.483
00,2022,03,30,15,28,15,0.067,-0.261,0.95,46.856,45.698,46.882,-113.334,-299.736,15817.77,10.483
00,2022,03,30,15,28,16,0.058,-0.405,1.506,47.524,45.72,47.063,-79.598,-250.813,15817.21,10.483
00,2022,03,30,15,28,16,0.037,-0.352,1.143,45.521,44.815,46.431,-108.383,-269.656,15811.24,10.483
00,2022,03,30,15,28,17,0.01,-0.206,0.875,44.431,43.887,46.34,-107.533,-302.101,15818.1,10.483
00,2022,03,30,15,28,17,0.14,-0.269,1.784,43.096,44.572,47.108,-156.897,-313.055,15829.97,10.483
00,2022,03,30,15,28,18,0.064,-0.311,1.126,45.677,43.732,47.605,-119.808,-343.488,15830.26,10.483
00,2022,03,30,15,28,18,-0.054,-0.19,0.561,44.743,45.278,44.443,-142.504,-266.815,15813.16,10.483
00,2022,03,30,15,28,19,0.094,-0.214,0.785,45.788,45.588,45.663,-137.436,-362.523,15823.73,10.483
00,2022,03,30,15,28,19,-0.005,-0.278,1.08,44.898,43.18,46.024,-133.493,-238.451,15814.66,10.483
00,2022,03,30,15,28,20,0.155,-0.292,1.824,45.366,44.218,47.515,-114.593,-231.255,15828.27,10.483
00,2022,03,30,15,28,20,0.025,-0.382,1.287,44.72,44.284,48.395,-126.92,-311.897,15835.98,10.483
00,2022,03,30,15,28,21,-0.127,-0.48,1.573,45.254,47.288,47.989,-113.527,-327.016,15843.69,10.483
00,2022,03,30,15,28,21,-0.022,-0.331,1.274,45.432,45.323,45.256,-76.319,-328.166,15834.31,10.483
00,2022,03,30,15,28,22,-0.094,-0.388,1.98,44.832,43.799,45.685,-116.862,-231.661,15809.98,10.483
00,2022,03,30,15,28,22,-0.119,-0.224,1,43.764,44.77,45.956,-72.995,-251.801,15844.96,10.483
00,2022,03,30,15,28,23,-0.053,-0.359,1.178,46.211,43.997,47.515,-115.068,-217.673,15821.16,10.483
00,2022,03,30,15,28,23,0.029,-0.217,0.705,40.983,42.009,47.492,-105.487,-295.281,15827.7,10.483
00,2022,03,30,15,28,24,-0.056,-0.233,0.984,44.187,46.449,47.334,-76.33,-344.169,15834.88,10.483
00,2022,03,30,15,28,24,-0.001,-0.135,0.743,43.897,43.931,45.324,-83.68,-346.504,15830.63,10.483
00,2022,03,30,15,28,25,0.045,-0.24,0.899,47.346,47.774,46.769,-92.676,-269.32,15831.25,10.483
00,2022,03,30,15,28,25,0.05,-0.155,0.66,43.719,45.411,48.147,-68.408,-382.378,15809.28,10.483
00,2022,03,30,15,28,26,-0.044,-0.182,0.794,42.251,44.505,47.086,-99.28,-276.575,15822.23,10.483
00,2022,03,30,15,28,26,0.104,-0.259,1.72,46.278,46.206,48.124,-101.549,-293.356,15815.67,10.483
00,2022,03,30,15,28,27,-0.035,-0.42,1.666,44.765,47.31,48.508,-94.914,-335.878,15823.29,10.483
00,2022,03,30,15,28,27,-0.018,-0.325,1.183,44.809,44.837,47.899,-144.198,-332.726,15824.33,10.483
00,2022,03,30,15,28,28,-0.248,-0.199,0.747,47.346,44.837,44.85,-141.624,-373.695,15846.79,10.483
00,2022,03,30,15,28,28,-0.044,-0.229,0.922,41.583,43.401,44.895,-28.141,-389.22,15795.44,10.483
00,2022,03,30,15,28,29,-0.067,-0.289,1.149,44.075,46.67,49.999,-59.831,-357.883,15803.14,10.483
00,2022,03,30,15,28,29,-0.195,-0.223,0.907,43.341,44.549,44.963,-51.267,-357.623,15816.86,10.483
00,2022,03,30,15,28,30,-0.113,-0.153,0.549,46.345,45.786,47.56,14.98,-469.475,15812.05,10.483
00,2022,03,30,15,28,30,0.033,-0.182,0.8,45.165,44.925,46.611,-4.108,-389.914,15821.47,10.483
00,2022,03,30,15,28,31,0.135,-0.209,1.299,46.99,46.405,46.002,57.122,-431.859,15786.27,10.483
00,2022,03,30,15,28,31,-0.072,-0.335,1.251,45.788,47.531,47.673,39.056,-422.38,15824.09,10.483
00,2022,03,30,15,28,32,0.03,-0.155,0.708,44.253,45.499,48.011,29.42,-489.836,15796.43,10.483
00,2022,03,30,15,28,32,-0.025,-0.298,1.046,43.363,41.921,45.505,24.123,-453.061,15816.62,10.483
00,2022,03,30,15,28,33,-0.129,-0.333,1.225,43.653,43.821,45.527,31.682,-358.84,15826.1,10.483
00,2022,03,30,15,28,33,-0.021,-0.218,0.887,45.321,45.808,45.369,39.557,-322.46,15814.31,10.483
00,2022,03,30,15,28,34,0.016,-0.219,0.902,41.561,41.833,43.359,20.046,-418.458,15840.87,10.483
00,2022,03,30,15,28,34,-0.014,-0.246,1.046,44.053,44.019,50.721,99.53,-434.695,15800.36,10.483
00,2022,03,30,15,28,35,0.063,-0.258,0.96,45.01,44.174,47.198,58.254,-399.151,15822.27,10.483
00,2022,03,30,15,28,35,-0.196,-0.403,1.412,40.693,40.331,45.324,24.425,-404.707,15833.76,10.483
00,2022,03,30,15,28,36,-0.033,-0.21,0.838,45.076,45.212,48.983,7.955,-464.903,15825.68,10.483
00,2022,03,30,15,28,36,-0.207,-0.238,0.882,45.499,45.433,43.517,-16.223,-444.042,15840.43,10.483
00,2022,03,30,15,28,37,-0.054,-0.26,1.032,40.048,40.53,43.314,13.238,-485.176,15832.91,10.483
00,2022,03,30,15,28,37,0.031,-0.23,0.903,41.561,41.987,44.692,66.912,-417.688,15808.03,10.483
00,2022,03,30,15,28,38,-0.021,-0.326,1.101,46.189,48.304,46.86,56.141,-468.931,15761.78,10.483
00,2022,03,30,15,28,38,0.087,-0.261,0.871,44.098,43.268,47.108,55.144,-424.389,15792.14,10.483
01,2022,03,30,15,37,41,-0.23,-0.159,0.074,48.303,43.136,52.189,-968.361,-277.276,15823.78,10.334
01,2022,03,30,15,37,42,-0.267,-0.058,-0.096,49.927,40.176,47.921,-980.398,-170.849,15882.73,10.334
01,2022,03,30,15,37,42,-0.397,-0.082,0.06,49.504,38.696,51.376,-914.376,-447.095,15815.42,10.334
01,2022,03,30,15,37,43,-0.455,-0.049,-0.239,49.46,40.154,50.563,-886.999,-379.635,15776.52,10.334
01,2022,03,30,15,37,43,-0.432,-0.021,0.02,49.259,44.726,51.399,-920.815,-198.146,15806.4,10.334
01,2022,03,30,15,37,44,-0.458,-0.093,0.331,48.97,44.704,49.818,-916.235,-173.316,15730.81,10.334
01,2022,03,30,15,37,44,-0.498,-0.187,0.256,50.083,42.385,51.534,-1052.314,-427.429,15906.4,10.334
01,2022,03,30,15,37,45,-0.434,-0.249,0.683,48.369,37.658,50.631,-926.195,-517.893,15844.97,10.334
01,2022,03,30,15,37,45,-0.273,-0.217,0.304,47.991,37.526,49.276,-793.593,-303.98,15778.68,10.334
01,2022,03,30,15,37,46,-0.387,-0.113,-0.201,48.369,38.763,51.896,-905.246,-544.778,15867.47,10.334
01,2022,03,30,15,37,46,-0.565,-0.191,0.296,48.214,39.028,49.186,-895.339,-338.051,15863.79,10.334
01,2022,03,30,15,37,47,-0.495,-0.124,0.039,49.771,38.498,51.196,-786.237,-56.779,15724.84,10.334
01,2022,03,30,15,37,47,-0.5,-0.055,0.627,50.283,38.012,49.886,-992.188,-315.108,15801.57,10.334
01,2022,03,30,15,37,48,-0.479,-0.109,0.212,48.481,40.552,51.309,-1080.737,-391.037,15854.57,10.334
01,2022,03,30,15,37,48,-0.247,-0.191,0.248,47.279,42.451,49.434,-1006.82,-550.422,15846.91,10.334
01,2022,03,30,15,37,49,-0.396,-0.225,0.436,48.325,40.419,51.354,-938.27,-401.37,15780.87,10.334
01,2022,03,30,15,37,49,-0.431,-0.098,0.094,49.638,38.873,50.45,-969.35,-444.653,15803.9,10.334
01,2022,03,30,15,37,50,-0.426,-0.041,-0.265,48.547,39.403,50.428,-1050.694,-391.805,15864.61,10.334
01,2022,03,30,15,37,50,-0.487,-0.174,0.353,50.194,37.703,51.196,-875.941,-760.788,15850.77,10.334
01,2022,03,30,15,37,51,-0.356,-0.232,0.594,49.326,37.018,51.15,-847.543,-192.167,15773.21,10.334
01,2022,03,30,15,37,51,-0.284,-0.153,0.302,48.458,39.271,49.841,-924.889,-212.295,15790.65,10.334
01,2022,03,30,15,37,52,-0.398,-0.173,0.48,48.948,41.767,50.247,-891.117,-262.047,15756.42,10.334
01,2022,03,30,15,37,52,-0.558,-0.141,0.194,48.547,43.997,51.06,-917.303,-363.322,15772.78,10.334
01,2022,03,30,15,37,53,-0.487,-0.094,0.574,48.792,46.471,50.45,-902.541,-450.105,15783.77,10.334
01,2022,03,30,15,37,53,-0.393,-0.15,0.143,49.838,40.353,51.286,-852.598,-513.204,15834.94,10.334
01,2022,03,30,15,37,54,-0.335,-0.106,-0.066,48.659,39.182,50.586,-686.572,-331.054,15749.82,10.334
01,2022,03,30,15,37,54,-0.603,-0.229,0.515,49.193,34.191,53.206,-977.446,-279.31,15855.81,10.334
01,2022,03,30,15,37,55,-0.562,-0.218,0.748,50.372,37.769,51.58,-773.859,-353.265,15798.15,10.334
01,2022,03,30,15,37,55,-0.476,-0.179,0.515,50.995,32.755,51.986,-781.046,-270.75,15821.54,10.334
01,2022,03,30,15,37,56,-0.176,-0.145,0.381,48.058,38.387,51.896,-723.962,-235.32,15804.09,10.334
01,2022,03,30,15,37,56,-0.316,-0.052,0.252,49.571,35.074,50.609,-685.121,-201.52,15795.24,10.334
01,2022,03,30,15,37,57,-0.621,-0.041,-0.236,49.793,36.709,51.783,-784.418,-280.745,15844.86,10.334
01,2022,03,30,15,37,57,-0.416,-0.092,-0.088,49.704,39.492,50.315,-746.1,-158.209,15778.41,10.334
01,2022,03,30,15,37,58,-0.458,-0.021,-0.025,49.615,43.224,50.88,-547.238,-481.239,15808.63,10.334
01,2022,03,30,15,37,58,-0.478,-0.008,-0.242,50.394,44.991,50.563,-734.703,-287.746,15803.59,10.334
01,2022,03,30,15,37,59,-0.515,-0.201,0.316,48.236,39.447,51.489,-710.52,-676.192,15859.98,10.334
01,2022,03,30,15,37,59,-0.358,-0.352,0.89,49.059,41.259,51.58,-664.546,-135.586,15732.35,10.334
01,2022,03,30,15,38,00,-0.163,-0.124,-0.506,49.237,46.316,50.112,-809.616,-189.265,15749.19,10.334
01,2022,03,30,15,38,00,-0.157,-0.022,-0.224,49.727,43.246,51.354,-735.554,-589.668,15806.69,10.334
01,2022,03,30,15,38,01,-0.445,-0.155,0.107,49.348,38.873,51.557,-808.244,-399.563,15738.94,10.334
01,2022,03,30,15,38,01,-0.134,-0.185,0.226,49.549,40.795,50.947,-854.024,-341.952,15820.46,10.334
01,2022,03,30,15,38,02,-0.399,-0.2,0.131,49.704,39.293,51.805,-958.003,-638.384,15885.09,10.334
01,2022,03,30,15,38,02,-0.481,-0.122,-0.015,47.991,37.879,51.286,-627.458,-215.383,15802.39,10.334
01,2022,03,30,15,38,03,-0.57,-0.12,0.04,50.928,38.608,49.592,-674.598,-101.958,15777.75,10.334
01,2022,03,30,15,38,03,-0.252,-0.183,0.525,49.148,36.267,51.918,-438.794,-508.334,15807.78,10.334
01,2022,03,30,15,38,04,-0.556,-0.148,0.318,49.415,39.602,51.625,-633.425,-134.673,15770.37,10.334
01,2022,03,30,15,38,04,-0.577,-0.067,-0.441,49.415,38.829,50.021,-653.641,-512.069,15764.23,10.334
01,2022,03,30,15,38,05,-0.153,0.008,-0.173,47.769,40.044,50.789,-665.325,-308.942,15713.44,10.334
01,2022,03,30,15,38,05,-0.226,-0.037,-0.171,49.437,43.666,51.896,-932.302,-327.015,15785.83,10.334
01,2022,03,30,15,38,06,-0.214,-0.156,0.258,48.948,43.953,49.525,-748.889,-380.474,15794.66,10.334
01,2022,03,30,15,38,06,-0.099,-0.121,0.324,48.058,39.447,51.557,-589.784,-311.086,15749.27,10.334
01,2022,03,30,15,38,07,-0.503,-0.118,0.027,50.75,37.614,51.15,-970.237,-118.254,15893.81,10.334
01,2022,03,30,15,38,07,-0.361,-0.099,-0.343,48.77,39.779,53.047,-841.038,-190.489,15822.34,10.334
01,2022,03,30,15,38,08,-0.394,-0.098,0.1,50.483,40.419,52.505,-731.556,-247.199,15826.3,10.334
01,2022,03,30,15,38,08,-0.674,-0.081,0.058,50.527,39.933,51.038,-858.69,-209.035,15843.23,10.334
01,2022,03,30,15,38,09,-0.323,-0.055,-0.289,52.263,44.019,52.754,-588.32,-279.48,15754.99,10.334
01,2022,03,30,15,38,09,-0.278,-0.11,-0.521,49.348,43.467,50.609,-432.579,-228.968,15811.95,10.334
01,2022,03,30,15,38,10,-0.43,0.063,-0.786,48.325,43.511,51.015,-686.46,-449.174,15859.95,10.334
01,2022,03,30,15,38,10,-0.553,0.043,-0.927,49.771,44.748,50.541,-673.706,-396.964,15844.46,10.334
01,2022,03,30,15,38,11,-0.446,-0.106,-0.255,50.305,38.917,51.76,-558.201,-225.578,15800.06,10.334
01,2022,03,30,15,38,11,-0.227,-0.204,0.175,48.681,39.823,50.699,-589.848,-701.103,15813.38,10.334
01,2022,03,30,15,38,12,-0.292,-0.265,0.511,49.059,42.805,48.418,-847.479,-308.182,15777.28,10.334
01,2022,03,30,15,38,12,-0.273,-0.287,0.793,47.39,43.887,49.886,-1088.068,-189.921,15826.69,10.334
01,2022,03,30,15,38,13,-0.205,-0.207,0.363,47.524,42.451,49.141,-1093.427,-28.567,15778.08,10.334
01,2022,03,30,15,38,13,-0.328,-0.131,0.284,49.415,43.799,49.705,-808.001,-153.846,15759.99,10.334
01,2022,03,30,15,38,14,-0.374,-0.082,0.146,48.147,37.725,51.038,-830.183,54.696,15776.82,10.334
01,2022,03,30,15,38,14,-0.088,-0.252,0.608,47.368,44.417,50.541,-853.362,-34.238,15757.82,10.334
01,2022,03,30,15,38,15,-0.153,-0.007,0.277,50.75,39.094,50.27,-893.597,-420.349,15863.26,10.334
01,2022,03,30,15,38,15,-0.226,-0.06,-0.347,48.481,37.791,50.992,-663.447,-167.113,15758.06,10.334
01,2022,03,30,15,38,16,-0.285,-0.094,-0.093,49.927,40.905,51.309,-485.939,111.393,15698.1,10.334
01,2022,03,30,15,38,16,-0.31,0.069,-0.631,49.126,45.831,50.202,-892.352,-683.328,15737.36,10.334
01,2022,03,30,15,38,17,-0.247,-0.067,-0.137,48.614,41.192,50.541,-1043.828,556.508,15491.64,10.334
01,2022,03,30,15,38,17,-0.472,-0.246,0.469,50.572,49.298,52.686,-1747.378,-237.048,15762.95,10.334
01,2022,03,30,15,38,18,-0.57,-0.23,0.74,49.326,47.863,50.744,-7897.429,-1899.909,21626.52,10.334
01,2022,03,30,15,38,18,-0.389,-0.22,0.336,48.147,48.945,51.557,-1069.211,-341.205,16540.37,10.334
01,2022,03,30,15,38,19,-0.578,-0.196,0.591,51.64,50.513,52.596,-501.683,-296.237,15767.37,10.334
01,2022,03,30,15,38,19,-0.319,-0.207,0.331,50.661,50.115,52.664,-478.082,-626.336,15681.83,10.334
01,2022,03,30,15,38,20,-0.154,-0.17,0.373,49.682,49.055,52.212,-440.96,-715.657,15810.91,10.334
01,2022,03,30,15,38,20,-0.179,-0.134,0.314,50.794,50.115,50.676,-692.283,-780.81,15906.15,10.334
01,2022,03,30,15,38,21,-0.316,-0.052,-0.184,48.748,49.342,50.721,-395.945,-572.979,15866.41,10.334
02,2022,03,30,15,44,51,-0.458,-0.359,1.131,48.837,45.345,50.88,-521.158,13.875,15878.41,10.222
02,2022,03,30,15,44,51,-0.378,-0.275,0.856,50.238,49.276,51.873,-221.283,-132.265,15880.7,10.222
02,2022,03,30,15,44,52,-0.631,-0.426,1.375,48.57,47.73,50.405,-214.22,-391.022,15915.61,10.222
02,2022,03,30,15,44,52,-0.36,-0.247,0.739,48.992,50.645,49.525,-139.674,-4.347,15710.46,10.222
02,2022,03,30,15,44,53,-0.406,-0.337,1.207,50.416,49.961,50.292,-301.187,-62.37,15788.51,10.222
02,2022,03,30,15,44,53,-0.429,-0.396,1.136,50.172,48.724,49.321,-479.519,-187.732,15971.48,10.222
02,2022,03,30,15,44,54,-0.621,-0.391,1.324,49.215,49.254,51.851,-186.632,-2.369,15721.25,10.222
02,2022,03,30,15,44,54,-0.396,-0.277,1.092,49.326,49.276,50.112,-66.213,-728.781,15573.43,10.222
02,2022,03,30,15,44,55,-0.409,-0.327,1.128,50.305,48.591,51.625,-850.003,259.361,16052.06,10.222
02,2022,03,30,15,44,55,-0.374,-0.356,0.916,47.858,48.746,51.038,-730.676,-160.056,16108.79,10.222
02,2022,03,30,15,44,56,-0.444,-0.331,1.205,49.593,50.336,50.067,-602.909,-199.413,16007.88,10.222
02,2022,03,30,15,44,56,-0.619,-0.352,1.071,49.704,50.579,51.309,-538.937,-377.007,16024.81,10.222
02,2022,03,30,15,44,57,-0.57,-0.378,1.179,47.235,48.128,50.97,23.266,-769.812,15629.96,10.222
02,2022,03,30,15,44,57,-0.498,-0.421,1.324,49.081,48.128,51.038,-391.525,-241.888,15792.5,10.222
02,2022,03,30,15,44,58,-0.367,-0.392,1.202,50.527,49.188,51.941,-615.259,89.713,15698.66,10.222
02,2022,03,30,15,44,58,-0.59,-0.415,1.384,48.992,47.597,52.167,-420.425,-789.113,16028.27,10.222
02,2022,03,30,15,44,59,-0.387,-0.453,0.987,48.147,51.463,49.931,-328.386,-461.586,15903.06,10.222
02,2022,03,30,15,44,59,-0.442,-0.333,1.065,48.926,52.567,51.512,-440.432,-46.119,15866.97,10.222
02,2022,03,30,15,45,00,-0.357,-0.212,0.409,49.682,49.453,52.46,-188.617,-271.418,15646.03,10.222
02,2022,03,30,15,45,00,-0.686,-0.371,1.185,46.189,47.244,47.424,-190.98,373.313,15887.71,10.222
02,2022,03,30,15,45,01,-0.281,-0.407,1.216,48.859,48.503,50.225,-99.865,197.415,15722.33,10.222
02,2022,03,30,15,45,01,-0.69,-0.142,0.589,48.303,49.431,51.828,-355.331,153.56,15673.45,10.222
02,2022,03,30,15,45,02,-0.577,-0.46,1.428,47.68,46.714,50.044,-338.939,-355.785,15828.01,10.222
02,2022,03,30,15,45,02,-0.399,-0.524,1.859,49.882,47.995,49.796,-295.589,-181.07,15759.49,10.222
02,2022,03,30,15,45,03,-0.571,-0.319,0.503,48.414,49.718,50.473,-431.651,-125.256,15853.53,10.222
02,2022,03,30,15,45,03,-0.602,-0.283,1.341,48.592,47.443,48.779,-137.81,-456.952,15692.53,10.222
02,2022,03,30,15,45,04,-0.146,-0.314,1.393,49.949,48.282,49.141,-35.418,-270.417,15657.58,10.222
02,2022,03,30,15,45,04,-0.42,-0.467,1.436,48.102,47.863,50.721,-374.017,-57.083,15907.23,10.222
02,2022,03,30,15,45,05,-0.285,-0.349,0.304,48.369,48.172,50.36,-253.182,69.046,15751.92,10.222
02,2022,03,30,15,45,05,-0.573,-0.339,1.171,48.169,49.939,50.767,-134.774,256.157,15605.8,10.222
02,2022,03,30,15,45,06,-0.394,-0.357,0.97,48.369,49.055,50.676,-269.241,-452.529,15909.81,10.222
02,2022,03,30,15,45,06,-0.116,-0.31,0.29,50.216,48.238,50.563,-301.223,-478.259,15940.81,10.222
02,2022,03,30,15,45,07,-0.275,-0.259,1.102,49.86,49.254,50.857,-551.862,-23.708,15883.62,10.222
02,2022,03,30,15,45,07,-0.325,-0.362,0.993,48.926,50.977,50.609,-594.625,-159.716,16196.92,10.222
02,2022,03,30,15,45,08,-0.539,-0.401,1.383,48.458,48.636,49.366,-356.471,-313.156,15943.82,10.222
02,2022,03,30,15,45,08,-0.653,-0.41,1.301,52.174,50.049,49.254,-483.703,332.643,15754.16,10.222
02,2022,03,30,15,45,09,-0.596,-0.261,1.102,47.635,48.039,50.541,-476.93,-529.761,15835.56,10.222
02,2022,03,30,15,45,09,-0.269,-0.398,1.181,49.371,46.471,51.534,-396.934,-145.604,15926.79,10.222
02,2022,03,30,15,45,10,-0.613,-0.289,1.076,48.458,48.017,51.263,-685.559,-517.637,16155.22,10.222
02,2022,03,30,15,45,10,-0.39,-0.181,0.311,48.191,47.465,49.818,-705.107,-319.304,16219.67,10.222
02,2022,03,30,15,45,11,-0.483,-0.317,1.139,49.927,50.734,50.179,46.239,-379.728,15396.7,10.222
02,2022,03,30,15,45,11,-0.287,-0.493,1.62,48.792,50.314,51.173,-99.521,-637.977,16015.85,10.222
02,2022,03,30,15,45,12,-0.738,-0.429,1.303,47.835,47.951,49.095,-456.954,-56.968,16012.32,10.222
02,2022,03,30,15,45,12,-0.277,-0.46,1.118,48.636,47.664,50.27,-434.035,-58.615,16051.23,10.222
02,2022,03,30,15,45,13,-0.558,-0.362,1.007,50.149,49.298,50.721,-362.998,-191.574,15847.92,10.222
02,2022,03,30,15,45,13,-0.509,-0.369,1.149,48.414,47.222,50.88,-459.797,-292.946,15869.36,10.222
02,2022,03,30,15,45,14,-0.827,-0.413,1.256,49.526,49.387,51.083,-87.714,46.63,15709.03,10.222
02,2022,03,30,15,45,14,-0.536,-0.449,1.32,49.549,49.519,50.112,-199.027,-423.796,15763.9,10.222
02,2022,03,30,15,45,15,-0.481,-0.363,0.93,49.615,48.061,49.389,-316.962,-69.905,15909.8,10.222
02,2022,03,30,15,45,15,-0.347,-0.392,1.515,47.746,46.736,49.773,-84.125,-619.072,15811.49,10.222
02,2022,03,30,15,45,16,-0.573,-0.573,1.953,46.968,47.686,48.937,-236.948,-65.876,15466.29,10.222
02,2022,03,30,15,45,16,-0.483,-0.479,1.623,47.146,48.636,50.044,-5.222,-527.909,15605.9,10.222
02,2022,03,30,15,45,17,-0.646,-0.318,1.157,50.26,47.266,51.918,-243.289,244.696,15577.34,10.222
02,2022,03,30,15,45,17,-0.529,-0.465,1.588,48.503,46.471,50.541,35.6,-608.515,15719.39,10.222
02,2022,03,30,15,45,18,-0.621,-0.332,1.21,47.279,46.891,50.902,-421.324,-159.603,15959.31,10.222
02,2022,03,30,15,45,18,-0.545,-0.311,0.557,49.549,49.099,49.208,-827.325,-143.828,16198.43,10.222
02,2022,03,30,15,45,19,-0.629,-0.343,0.83,47.68,47.929,48.621,-384.943,-348.945,15917,10.222
02,2022,03,30,15,45,19,-0.508,-0.332,0.905,49.749,48.194,52.189,-179.828,-686.35,15818.61,10.222
02,2022,03,30,15,45,20,-0.341,-0.313,0.929,47.413,49.387,48.508,-372.142,-61.305,15859.3,10.222
02,2022,03,30,15,45,20,-0.43,-0.265,0.84,48.77,49.475,51.76,-453.475,-302.764,15979.56,10.222
02,2022,03,30,15,45,21,-0.408,-0.421,1.292,49.015,49.784,51.421,-466.892,-751.592,15946.98,10.222
02,2022,03,30,15,45,21,-0.538,-0.138,0.272,49.393,47.973,51.602,-291.09,-138.357,15788.73,10.222
02,2022,03,30,15,45,22,-0.225,-0.3,0.793,47.835,49.497,50.789,-383.105,-596.749,15871.13,10.222
02,2022,03,30,15,45,22,-0.708,-0.056,-0.003,47.635,47.774,49.818,-569.68,43.5,15983.28,10.222
02,2022,03,30,15,45,23,-0.341,-0.319,1.784,48.926,46.471,48.802,-43.014,-119.185,15686.88,10.222
02,2022,03,30,15,45,23,-0.508,-0.44,1.235,48.258,48.194,49.299,-114.367,-726.681,15785.38,10.222
02,2022,03,30,15,45,24,-0.569,-0.32,1.068,47.123,47.421,49.615,-956.635,-874.279,16058.47,10.222
02,2022,03,30,15,45,24,-0.487,-0.262,0.912,50.505,49.541,49.728,-290.552,-95.997,15693.96,10.222
02,2022,03,30,15,45,25,-0.6,-0.378,1.393,46.879,48.326,52.776,143.295,-606.715,15816.9,10.222
02,2022,03,30,15,45,25,-0.529,-0.285,0.872,47.457,47.355,48.057,-558.282,117.969,15983.96,10.222
02,2022,03,30,15,45,26,-0.645,-0.41,1.377,47.613,46.891,50.021,-191.468,723.914,15539.11,10.222
02,2022,03,30,15,45,26,-0.538,-0.523,1.526,49.571,47.752,50.857,-95.841,-54.513,15505.36,10.222
02,2022,03,30,15,45,27,-0.492,-0.403,1.47,50.483,48.105,49.818,-274.301,-436.864,15644.34,10.222
02,2022,03,30,15,45,27,-0.413,-0.59,1.866,49.081,47.023,50.812,-199.678,-349.677,15992.62,10.222
02,2022,03,30,15,45,28,-0.319,-0.444,1.196,47.924,48.348,50.631,-319.844,-835.906,15932.61,10.222
02,2022,03,30,15,45,28,-0.443,-0.404,1.465,49.727,48.304,50.992,-628.837,-152.806,15978.73,10.222
02,2022,03,30,15,45,29,-0.517,-0.404,1.417,47.702,47.907,49.276,-224.134,-107.486,15800.82,10.222
02,2022,03,30,15,45,29,-0.436,-0.472,1.758,49.081,46.14,49.954,-295.358,-416.347,15809.69,10.222
02,2022,03,30,15,45,30,-0.265,-0.309,0.881,48.481,47.907,49.163,-362.762,-523.513,15705.25,10.222
02,2022,03,30,15,45,30,-0.099,-0.304,1.385,48.28,48.393,51.805,-212.143,-107.112,15814.25,10.222
03,2022,03,30,15,47,33,-1,-0.206,0.641,46.701,47.156,49.276,-469.507,-530.18,15941.59,10.185
03,2022,03,30,15,47,34,-0.752,-0.122,0.606,46.523,47.907,47.04,-687.374,-194.841,15869.41,10.185
03,2022,03,30,15,47,34,-0.602,-0.214,0.71,46.367,49.32,49.75,-809.849,-428.239,15897.48,10.185
03,2022,03,30,15,47,35,-0.877,-0.215,0.55,46.122,46.007,47.063,-1039.855,-817.511,16214.27,10.185
03,2022,03,30,15,47,35,-0.838,-0.128,0.36,46.545,46.581,47.334,-407.479,-816.11,16060.2,10.185
03,2022,03,30,15,47,36,-0.89,-0.191,0.543,47.235,47.597,48.644,-814.256,55.47,16012.86,10.185
03,2022,03,30,15,47,36,-0.918,-0.193,0.532,46.434,46.581,49.299,-361.938,-287.213,15870.2,10.185
03,2022,03,30,15,47,37,-1.045,-0.181,0.321,46.589,45.3,48.395,-864.512,290.673,15944.61,10.185
03,2022,03,30,15,47,37,-1.014,-0.142,0.488,46.345,46.913,48.35,-614.482,-586.77,15987.34,10.185
03,2022,03,30,15,47,38,-0.799,-0.103,0.091,46.211,45.433,47.786,-311.149,-136.488,15708.67,10.185
03,2022,03,30,15,47,38,-0.795,-0.103,0.208,45.944,47.266,50.654,-684.24,-423.263,15929.5,10.185
03,2022,03,30,15,47,39,-0.759,-0.079,0.296,46.745,45.72,47.424,-552.012,-401.942,15775.21,10.185
03,2022,03,30,15,47,39,-0.675,-0.142,0.484,47.19,45.278,50.112,-749.352,-131.372,15878.51,10.185
03,2022,03,30,15,47,40,-0.95,-0.249,0.527,46.3,46.824,46.318,-631.239,-311.605,15833.54,10.185
03,2022,03,30,15,47,40,-0.896,-0.22,0.646,47.057,44.483,48.305,-407.173,-300.642,15719.52,10.185
03,2022,03,30,15,47,41,-0.948,-0.221,0.702,46.589,44.969,49.705,-690.162,-228.776,15768,10.185
03,2022,03,30,15,47,41,-0.929,-0.183,0.399,45.699,48.15,48.395,-975.541,-270.136,16109.4,10.185
03,2022,03,30,15,47,42,-0.797,-0.088,0.374,46.812,44.837,47.198,-898.844,-328.526,15971.63,10.185
03,2022,03,30,15,47,42,-0.893,-0.144,0.377,45.722,45.3,45.934,-408.092,-926.959,15746.7,10.185
03,2022,03,30,15,47,43,-0.872,-0.161,0.483,46.389,45.565,46.724,-468.119,3.575,15566.01,10.185
03,2022,03,30,15,47,43,-0.792,-0.156,0.371,47.257,46.272,46.25,-654.275,157.03,15958.04,10.185
03,2022,03,30,15,47,44,-0.817,-0.209,0.61,45.788,48.128,48.644,-272.649,-148.716,15508.89,10.185
03,2022,03,30,15,47,44,-0.792,-0.091,0.175,48.214,46.493,47.831,-804.722,-444.026,15900.05,10.185
03,2022,03,30,15,47,45,-0.754,-0.093,-0.326,47.702,46.029,48.147,-611.835,-123.518,15904.21,10.185
03,2022,03,30,15,47,45,-1.007,-0.25,0.852,46.055,46.847,46.227,25.596,-1618.28,15507.93,10.185
03,2022,03,30,15,47,46,-0.706,-0.182,0.202,45.099,46.361,46.656,-682.8,-153.662,15812.67,10.185
03,2022,03,30,15,47,46,-0.941,-0.178,0.162,47.235,45.831,47.492,-150.415,-774.39,15714.48,10.185
03,2022,03,30,15,47,47,-0.957,-0.163,0.273,46.122,45.919,46.182,-770.44,-337.317,15899.89,10.185
03,2022,03,30,15,47,47,-0.95,-0.134,0.261,47.212,44.417,48.26,-659.135,-354.476,15633.39,10.185
03,2022,03,30,15,47,48,-0.962,-0.149,0.493,45.499,47.023,47.718,-580.174,-687.056,16340.36,10.185
03,2022,03,30,15,47,48,-0.801,-0.274,0.757,46.79,46.294,46.815,-938.825,-664.907,16091.33,10.185
03,2022,03,30,15,47,49,-0.879,-0.2,0.36,46.278,44.66,48.011,-501.395,-248.133,15882.53,10.185
03,2022,03,30,15,47,49,-0.97,-0.149,0.444,45.588,45.742,47.65,-875.548,143.595,15512.3,10.185
03,2022,03,30,15,47,50,-0.927,-0.238,0.676,47.279,45.875,48.26,-667.473,-477.415,15922.48,10.185
03,2022,03,30,15,47,50,-1.104,-0.133,0.331,45.143,47.067,48.26,-562.477,-111.345,15736.58,10.185
03,2022,03,30,15,47,51,-0.774,-0.148,0.335,46.968,46.228,48.26,-601.328,-24.033,15962.45,10.185
03,2022,03,30,15,47,51,-0.705,-0.162,0.217,46.211,45.3,48.508,-647.688,-2379.361,15969,10.185
03,2022,03,30,15,47,52,-0.908,-0.19,0.372,45.232,43.975,46.86,-711.988,-177.731,15867.09,10.185
03,2022,03,30,15,47,52,-0.97,-0.189,0.54,46.545,46.67,48.644,-483.939,-199.081,15793.08,10.185
03,2022,03,30,15,47,53,-0.901,-0.232,0.594,46.923,46.339,48.147,-362.653,-951.841,15881.2,10.185
03,2022,03,30,15,47,53,-0.834,-0.297,1.001,47.524,46.14,48.215,-468.776,-240.038,15775.54,10.185
03,2022,03,30,15,47,54,-0.88,-0.238,0.755,46.99,47.465,48.237,-333.874,-172.729,15629.29,10.185
03,2022,03,30,15,47,54,-0.757,-0.182,0.574,47.235,44.903,47.018,114.935,-1363.848,15873.82,10.185
03,2022,03,30,15,47,55,-0.843,-0.129,0.041,47.212,46.537,47.74,-641.88,221.371,15661.99,10.185
03,2022,03,30,15,47,55,-0.75,-0.116,0.374,46.834,46.692,47.786,-977.755,-400.845,15839.69,10.185
03,2022,03,30,15,47,56,-0.83,-0.152,0.311,45.722,45.742,46.476,-724.412,-1023.908,16142.21,10.185
03,2022,03,30,15,47,56,-0.779,-0.157,0.045,46.612,45.433,46.679,-210.782,-226.991,15743.52,10.185
03,2022,03,30,15,47,57,-1.034,-0.119,0.057,47.324,45.875,48.508,-525.626,272.754,15733.19,10.185
03,2022,03,30,15,47,57,-0.736,-0.135,0.003,45.989,44.881,47.628,-135.812,-281.367,16265.78,10.185
03,2022,03,30,15,47,58,-0.695,-0.18,0.053,47.235,49.85,48.599,-1025.067,-668.604,16229.63,10.185
03,2022,03,30,15,47,58,-0.757,-0.157,0.467,47.168,47.487,47.695,-837.954,-801.189,15947.54,10.185
03,2022,03,30,15,47,59,-0.83,-0.119,0.415,46.678,45.389,47.018,-386.047,-112.423,15746.18,10.185
03,2022,03,30,15,47,59,-0.885,-0.136,0.42,46.322,45.389,48.192,-126.971,-594.426,15626.7,10.185
03,2022,03,30,15,48,00,-0.798,-0.18,0.682,45.744,45.278,48.802,-1003.361,-315.755,15995.32,10.185
03,2022,03,30,15,48,00,-0.687,-0.133,0.152,45.143,44.351,48.328,-486.779,-248.183,15739.09,10.185
03,2022,03,30,15,48,01,-0.802,-0.14,0.29,48.725,46.383,46.702,-550.551,-444.802,15950,10.185
03,2022,03,30,15,48,01,-0.89,-0.214,0.647,46.634,45.676,48.576,-532.566,536.243,15690.76,10.185
03,2022,03,30,15,48,02,-1.042,-0.113,-0.115,48.214,45.985,47.018,-570.862,-435.51,15837.8,10.185
03,2022,03,30,15,48,02,-0.911,-0.121,0.238,47.19,45.035,45.55,-727.032,-115.358,15834.81,10.185
03,2022,03,30,15,48,03,-0.984,-0.115,0.18,47.746,44.859,48.147,-442.206,-508.499,15757.2,10.185
03,2022,03,30,15,48,03,-0.916,-0.199,0.432,46.767,45.61,47.469,-1015.012,-579.089,16050.87,10.185
03,2022,03,30,15,48,04,-0.773,-0.063,0.171,46.456,45.897,47.04,-888.291,-800.693,15962.06,10.185
03,2022,03,30,15,48,04,-0.779,-0.123,0.305,46.945,43.622,47.695,-866.117,-584.976,15941.37,10.185
03,2022,03,30,15,48,05,-0.894,-0.203,0.548,46.656,44.262,47.492,-1173.671,-824.311,16096.26,10.185
03,2022,03,30,15,48,05,-0.87,-0.174,0.383,44.698,45.632,47.515,-1168.462,-1029.895,16086.21,10.185
03,2022,03,30,15,48,06,-0.887,-0.14,0.344,46.367,46.449,47.718,-896.825,-270.966,15828.58,10.185
03,2022,03,30,15,48,06,-1.015,-0.067,-0.092,45.143,46.67,49.231,-179.873,-782.242,15716.88,10.185
03,2022,03,30,15,48,07,-0.71,-0.122,0.402,46.167,44.815,47.876,-366.326,-1017.143,15706.33,10.185
03,2022,03,30,15,48,07,-0.913,-0.079,0.144,46.144,46.228,47.989,-578.244,-510.364,15839.7,10.185
03,2022,03,30,15,48,08,-0.864,-0.096,0.223,46.656,45.786,47.244,-835.194,-831.024,15952.65,10.185
03,2022,03,30,15,48,08,-0.862,-0.225,0.693,46.634,45.323,49.254,-600.216,-601.012,15802.44,10.185
03,2022,03,30,15,48,09,-0.956,-0.184,0.401,45.811,44.837,48.712,-386.518,-670.086,15790.14,10.185
03,2022,03,30,15,48,09,-0.804,0.001,0.07,45.588,44.218,46.024,-376.555,-456.66,15761.19,10.185
03,2022,03,30,15,48,10,-1.026,-0.102,0.364,46.856,46.935,47.944,-346.086,-853.466,15865.46,10.185
03,2022,03,30,15,48,10,-0.846,-0.145,0.355,45.232,46.626,48.124,-372.62,-307.924,15756.26,10.185
03,2022,03,30,15,48,11,-0.457,-0.299,0.709,48.414,47.73,49.908,-261.642,-692.577,15742.64,10.185
03,2022,03,30,15,48,11,-0.793,-0.188,0.47,46.011,45.411,46.544,-207.703,-249.628,15750.79,10.185
03,2022,03,30,15,48,12,-0.92,-0.106,0.249,46.634,44.461,46.815,-557.133,-882.305,15561.74,10.185
03,2022,03,30,15,48,12,-0.888,-0.182,0.501,45.922,46.714,46.295,-1034.783,-1126.682,16424.11,10.185
03,2022,03,30,15,48,13,-1.069,-0.207,0.406,44.609,44.726,46.431,-681.848,333.414,15737.97,10.185
04,2022,03,30,15,49,53,-1.201,-0.356,1.187,45.521,45.323,48.508,477.728,-1055.62,14921.62,10.18
04,2022,03,30,15,49,53,-1.202,-0.407,1.373,45.655,45.499,49.005,257.046,-416.204,15518.12,10.18
04,2022,03,30,15,49,54,-1.277,-0.367,1.238,45.499,45.389,48.282,-711.05,-375.528,15837.18,10.179
04,2022,03,30,15,49,54,-1.185,-0.324,1.159,47.123,45.499,48.079,-663.054,-775.466,16035.82,10.185
04,2022,03,30,15,49,55,-1.124,-0.375,0.868,45.01,46.272,47.56,-650.04,-486.256,16049.53,10.185
04,2022,03,30,15,49,55,-1.129,-0.298,0.93,45.076,44.947,48.057,-459.294,-708.617,16128.82,10.185
04,2022,03,30,15,49,56,-1.216,-0.322,1.163,44.454,44.086,47.673,-563.866,-267.301,15716.5,10.185
04,2022,03,30,15,49,56,-1.249,-0.356,1.331,46.723,45.521,48.079,-914.668,-563.544,16179.84,10.185
04,2022,03,30,15,49,57,-1.185,-0.319,0.749,47.88,44.969,48.079,-1075.278,-360.203,16001.19,10.185
04,2022,03,30,15,49,57,-1.194,-0.341,1.34,47.146,46.449,48.305,-761.165,-720.235,16518.82,10.185
04,2022,03,30,15,49,58,-1.184,-0.353,1.333,47.858,44.262,46.86,-553.202,-834.164,15975.81,10.185
04,2022,03,30,15,49,58,-1.113,-0.406,1.037,45.855,45.477,47.357,-473.709,-407.558,15531.34,10.185
04,2022,03,30,15,49,59,-1.203,-0.321,1.135,46.189,44.792,48.983,-202.921,-59.782,15740.54,10.185
04,2022,03,30,15,49,59,-1.279,-0.343,1.295,47.902,46.869,48.124,320.325,-1137.099,15599.05,10.185
04,2022,03,30,15,50,00,-1.179,-0.338,1.338,47.502,45.146,48.057,-928.995,-881.191,16257.51,10.185
04,2022,03,30,15,50,00,-1.169,-0.384,1.291,47.657,44.616,48.418,-1219.784,-23.455,16199.95,10.185
04,2022,03,30,15,50,01,-1.196,-0.425,1.512,46.1,46.361,48.553,25.219,-1217.253,15676.81,10.185
04,2022,03,30,15,50,01,-0.94,-0.379,0.928,45.165,47.597,48.689,-588.859,-149.797,15732.67,10.185
04,2022,03,30,15,50,02,-1.112,-0.285,1.36,47.301,46.339,48.011,-641.43,-274.022,15876.58,10.185
04,2022,03,30,15,50,02,-1.082,-0.329,1.216,44.921,45.389,49.592,-93.546,-406.842,15721.68,10.185
04,2022,03,30,15,50,03,-1.111,-0.34,1.319,46.345,44.373,46.408,-621.907,-832.938,16179.19,10.185
04,2022,03,30,15,50,03,-1.16,-0.378,1.276,47.235,46.25,48.215,-1080.152,217.762,16207.77,10.185
04,2022,03,30,15,50,04,-1.072,-0.393,1.34,45.076,45.013,48.124,-557.012,-594.76,15939.53,10.185
04,2022,03,30,15,50,04,-1.141,-0.39,1.43,45.766,46.339,48.983,-446.708,-1008.277,15800.12,10.185
04,2022,03,30,15,50,05,-1.017,-0.304,1.024,45.165,46.559,47.515,370.515,-39.311,15377.19,10.185
04,2022,03,30,15,50,05,-1.075,-0.349,1.2,46.011,46.029,48.937,54.982,-1162.694,15919.33,10.185
04,2022,03,30,15,50,06,-1.305,-0.471,1.672,46.411,45.057,47.944,551.859,202.092,15473.63,10.185
04,2022,03,30,15,50,06,-1.1,-0.356,1.136,45.388,45.698,48.011,-48.682,-487.664,15703.16,10.185
04,2022,03,30,15,50,07,-1.099,-0.344,0.979,46.656,45.565,47.04,-965.863,-807.184,16118.99,10.185
04,2022,03,30,15,50,07,-1.271,-0.376,1.439,47.301,46.316,47.153,355.793,-2205.521,15552.13,10.185
04,2022,03,30,15,50,08,-1.359,-0.433,1.283,46.923,46.118,46.453,921.656,229.306,14479.02,10.185
04,2022,03,30,15,50,08,-1.144,-0.379,1.149,46.1,46.029,48.937,890.281,-34.985,14663.73,10.185
04,2022,03,30,15,50,09,-0.928,-0.452,1.164,46.411,45.256,48.666,-924.858,112.221,15901.45,10.185
04,2022,03,30,15,50,09,-1.304,-0.396,1.399,46.434,46.272,47.763,-418.743,-1574.877,15400.19,10.185
04,2022,03,30,15,50,10,-1.303,-0.354,1.172,44.365,45.411,48.441,1144.645,-389.488,14359.94,10.185
04,2022,03,30,15,50,10,-1.256,-0.353,1.099,45.299,46.294,48.531,461.384,264.016,15324.13,10.185
04,2022,03,30,15,50,11,-1.243,-0.359,0.993,47.546,46.471,48.915,447.135,-1507.865,15483.47,10.185
04,2022,03,30,15,50,11,-1.371,-0.379,1.328,46.367,45.676,47.131,-1605.837,-657.951,16396.96,10.185
04,2022,03,30,15,50,12,-1.18,-0.318,1.067,45.143,44.174,46.86,-606.96,-929.929,15714.57,10.185
04,2022,03,30,15,50,12,-1.166,-0.363,1.324,45.922,46.847,48.441,-607.445,-533.444,15805.51,10.185
04,2022,03,30,15,50,13,-1.315,-0.394,1.321,45.722,44.461,48.17,-241.908,-1298.16,16025.5,10.185
04,2022,03,30,15,50,13,-1.278,-0.412,1.371,46.367,46.427,47.966,-122.407,-726.034,15837.37,10.185
04,2022,03,30,15,50,14,-1.128,-0.432,1.625,45.254,45.234,49.163,-308.778,-1150.192,15732.47,10.185
04,2022,03,30,15,50,14,-1.268,-0.331,1.216,46.634,46.935,48.463,238.187,-1819.288,15555.14,10.185
04,2022,03,30,15,50,15,-1.236,-0.317,1.004,45.521,44.638,47.379,-609.555,-724.458,15569.17,10.185
04,2022,03,30,15,50,15,-1.252,-0.367,1.521,45.299,46.802,49.208,-1285.035,-1130.531,16203.64,10.185
04,2022,03,30,15,50,16,-1.215,-0.288,0.941,43.719,44.881,48.486,-372.735,-631.34,15835.18,10.185
04,2022,03,30,15,50,16,-1.17,-0.32,1.041,45.099,44.616,46.408,-987.767,-701.813,15754.18,10.185
04,2022,03,30,15,50,17,-1.326,-0.455,1.462,47.012,47.156,48.237,-1082.742,-800.909,16187.36,10.185
04,2022,03,30,15,50,17,-1.196,-0.336,1.173,45.722,45.146,46.273,-300.729,-605.907,15853.08,10.185
04,2022,03,30,15,50,18,-1.245,-0.31,1.072,45.966,46.802,46.634,338.58,-1150.487,15342.12,10.185
04,2022,03,30,15,50,18,-1.197,-0.315,0.943,46.968,45.698,47.921,-1119.714,267.36,15364.71,10.185
04,2022,03,30,15,50,19,-1.289,-0.387,1.368,45.41,45.632,48.124,225.836,-1392.833,15442.36,10.185
04,2022,03,30,15,50,19,-1.305,-0.371,1.245,45.588,44.748,46.295,-1739.267,-103.661,16090.91,10.185
04,2022,03,30,15,50,20,-1.256,-0.406,1.459,46.589,44.704,48.079,-313.317,-1349.461,16110.94,10.185
04,2022,03,30,15,50,20,-1.202,-0.421,1.33,46.389,44.439,46.273,-1544.404,-640.433,16360.7,10.185
04,2022,03,30,15,50,21,-1.22,-0.431,1.458,44.987,44.859,46.973,-574.894,-1061.029,15611.78,10.185
04,2022,03,30,15,50,21,-1.21,-0.368,1.133,46.745,45.632,46.905,-216.979,-24.316,15528.72,10.185
04,2022,03,30,15,50,22,-1.386,-0.308,1.119,45.544,45.941,46.95,-536.182,-338.119,15539.48,10.185
04,2022,03,30,15,50,22,-1.24,-0.361,1.062,44.609,44.064,46.702,-1476.802,-742.074,16364.57,10.185
04,2022,03,30,15,50,23,-1.35,-0.391,1.366,45.232,45.057,47.628,-662.781,-709.58,15994.07,10.185
04,2022,03,30,15,50,23,-1.312,-0.431,1.357,45.366,43.953,47.673,73.377,-428.253,15428.16,10.185
04,2022,03,30,15,50,24,-1.123,-0.299,0.587,46.256,45.875,47.74,272.536,76.942,15930.55,10.185
04,2022,03,30,15,50,24,-1.074,-0.244,0.775,46.945,45.146,45.55,775.469,-360.976,15351.56,10.185
04,2022,03,30,15,50,25,-1.035,-0.291,1.047,44.72,44.726,47.808,727.031,-1075.656,15439.42,10.185
04,2022,03,30,15,50,25,-1.061,-0.349,1.104,45.766,45.786,49.141,-61.101,-476.522,15790.97,10.185
04,2022,03,30,15,50,26,-1.127,-0.31,1.117,46.144,45.963,47.853,-946.373,-970.29,15913.89,10.185
04,2022,03,30,15,50,26,-1.306,-0.348,1.325,45.343,46.206,47.289,-918.022,-698.294,16486.29,10.185
04,2022,03,30,15,50,27,-1.23,-0.35,1.111,44.676,43.975,45.731,259.219,133.969,15435.73,10.185
04,2022,03,30,15,50,27,-1.125,-0.328,0.899,45.099,44.925,45.279,-684.77,759.898,15640.35,10.185
04,2022,03,30,15,50,28,-1.286,-0.329,1.079,44.787,45.61,45.618,-446.298,-948.225,16039.66,10.185
04,2022,03,30,15,50,28,-1.398,-0.363,1.295,44.587,44.351,46.905,-325.809,-635.976,16347.67,10.185
04,2022,03,30,15,50,29,-1.325,-0.335,1.084,44.187,45.455,45.076,383.08,188.906,15450.85,10.185
04,2022,03,30,15,50,29,-1.199,-0.317,1.197,46.122,44.815,47.921,-147.465,-1380.746,15763.02,10.185
04,2022,03,30,15,50,30,-1.247,-0.321,0.735,44.231,44.196,45.776,957.903,106.358,14824.15,10.185
04,2022,03,30,15,50,30,-1.143,-0.295,0.59,45.855,44.284,46.837,-474.433,-444.422,15598.01,10.185
04,2022,03,30,15,50,31,-1.189,-0.336,0.823,44.587,44.351,46.092,-943.751,715.467,16030.12,10.185
04,2022,03,30,15,50,31,-1.121,-0.346,0.919,46.011,44.196,47.131,100.362,-511.989,15281.66,10.185
04,2022,03,30,15,50,32,-1.155,-0.345,1.017,45.121,45.875,46.476,362.976,-412.316,15511.86,10.185
04,2022,03,30,15,50,32,-1.282,-0.309,0.729,43.92,44.859,46.656,-132.746,-316.175,15720.03,10.185
05,2022,03,30,15,53,59,-0.344,-0.517,1.229,46.5,47.001,49.254,-357.599,-477.024,15992.47,10.11
05,2022,03,30,15,53,59,-0.982,-0.483,2.561,48.013,44.859,47.695,-600.023,-347.634,16108.25,10.11
05,2022,03,30,15,54,00,-0.201,-0.403,0.878,47.591,46.272,49.525,-345.762,100.224,15758.14,10.11
05,2022,03,30,15,54,00,-0.451,-0.566,3.109,48.214,48.547,49.05,-68.49,-378.487,15579.18,10.11
05,2022,03,30,15,54,01,-1.057,-0.301,1.181,48.414,46.604,48.486,-393.582,-297.796,15852.07,10.11
05,2022,03,30,15,54,01,-0.501,-0.503,1.871,47.791,46.979,49.931,-380.969,-544.298,15985.93,10.11
05,2022,03,30,15,54,02,-0.544,-0.479,2.073,47.947,46.339,47.357,-410.502,-403.294,15997.96,10.11
05,2022,03,30,15,54,02,-0.607,-0.151,0.894,46.79,46.824,49.276,-533.114,-314.203,15943.69,10.11
05,2022,03,30,15,54,03,-0.523,-0.403,1.725,46.767,45.433,48.87,-548.956,219.402,15913.58,10.11
05,2022,03,30,15,54,03,0.322,-0.46,1.643,45.633,45.543,48.35,-333.019,-27.168,15820.72,10.11
05,2022,03,30,15,54,04,-0.615,-0.446,2.651,45.299,47.796,51.309,319.873,297.76,15137.95,10.11
05,2022,03,30,15,54,04,-0.621,-0.434,1.756,46.1,46.537,47.74,-418.992,-544.666,16039.91,10.11
05,2022,03,30,15,54,05,-0.825,-0.409,1.865,46.055,46.051,47.153,-834.107,392.305,16164,10.11
05,2022,03,30,15,54,05,-0.851,-0.289,0.82,44.965,45.19,48.282,-504.868,-494.009,16242.97,10.11
05,2022,03,30,15,54,06,-0.806,-0.512,2.178,46.122,46.824,48.102,-179.313,-669.028,15906.89,10.11
05,2022,03,30,15,54,06,-0.559,-0.521,2.267,45.989,47.664,50.225,-17.296,158.194,15717.67,10.11
05,2022,03,30,15,54,07,-0.683,-0.567,2.739,45.855,48.636,48.034,-97.977,-181.875,15614.79,10.11
05,2022,03,30,15,54,07,-0.872,-0.675,3.017,46.233,47.377,48.757,-205.083,-194.475,15839.82,10.11
05,2022,03,30,15,54,08,-0.482,-0.337,2.558,46.256,45.764,48.26,10.516,-210.902,15697.7,10.11
05,2022,03,30,15,54,08,-0.629,-0.279,2.026,45.699,45.897,48.282,-759.884,-69.002,16109.14,10.11
05,2022,03,30,15,54,09,-0.378,-0.393,1.047,45.677,46.184,46.747,-419.105,366.141,15677.89,10.11
05,2022,03,30,15,54,09,-0.964,-0.307,2.062,46.3,46.471,48.757,-99.923,-510.577,15753.53,10.11
05,2022,03,30,15,54,10,-0.796,-0.522,2.16,46.945,47.222,48.621,-722.854,-38.442,15778.58,10.11
05,2022,03,30,15,54,10,-0.543,-0.205,0.872,46.856,47.377,48.034,-217.057,-538.265,15889.95,10.11
05,2022,03,30,15,54,11,-0.647,-0.422,0.754,46.656,49.099,48.779,-626.377,-378.888,16123.08,10.11
05,2022,03,30,15,54,11,-0.507,-0.381,1.16,47.146,47.2,48.847,-360.143,-510.731,16031.36,10.11
05,2022,03,30,15,54,12,-0.354,-0.352,1.305,45.499,46.25,47.424,-289.861,-189.827,15802.23,10.11
05,2022,03,30,15,54,12,-0.74,-0.417,1.963,46.144,46.449,49.389,-351.05,-25.836,15706.66,10.11
05,2022,03,30,15,54,13,-0.812,-0.443,2.19,45.788,45.808,48.644,-448.458,-494.625,15953.84,10.11
05,2022,03,30,15,54,13,-0.605,-0.376,2.132,46.5,46.228,47.402,-45.289,-355.378,15594.79,10.11
05,2022,03,30,15,54,14,-0.668,-0.514,2.31,52.063,50.535,53.206,-698.939,-589.12,15637.54,10.11
05,2022,03,30,15,54,14,-0.28,-0.204,0.674,47.524,46.449,47.673,-1126.823,-678.138,16343.73,10.11
05,2022,03,30,15,54,15,-0.574,-0.219,1.464,46.567,48.238,49.208,-655.889,205.485,15600.54,10.11
05,2022,03,30,15,54,15,-0.616,-0.493,2.085,49.526,50.469,53.951,-266.138,-733.718,15465.33,10.11
05,2022,03,30,15,54,16,-0.631,-0.335,1.63,51.751,51.639,56.028,-535.571,-749.018,15841.71,10.11
05,2022,03,30,15,54,16,-0.531,-0.451,2.096,52.53,51.396,55.283,-1128.258,-749.4,16054.95,10.11
05,2022,03,30,15,54,17,-0.706,-0.411,1.798,52.841,51.352,52.889,-635.555,-242.865,15432.53,10.11
05,2022,03,30,15,54,17,-0.812,-0.393,1.919,51.773,53.075,55.938,-671.136,-1057.378,15844.81,10.11
05,2022,03,30,15,54,18,-0.867,-0.292,1.705,49.615,47.399,52.076,-180.922,-423.423,15317.27,10.11
05,2022,03,30,15,54,18,-0.715,-0.414,1.707,49.104,47.2,51.196,-1039.484,-483.311,15874.26,10.11
05,2022,03,30,15,54,19,-0.83,-0.367,1.512,47.68,48.945,52.189,-654.726,-612.56,15903.18,10.11
05,2022,03,30,15,54,19,-0.806,-0.471,2.323,46.767,47.818,50.112,121.859,-497.8,15361.43,10.11
05,2022,03,30,15,54,20,-0.732,-0.412,2.197,48.703,49.011,48.486,-402.207,-117.118,15867.13,10.11
05,2022,03,30,15,54,20,-0.702,-0.407,1.951,51.061,49.784,50.947,-458.662,-383.661,16055.01,10.11
05,2022,03,30,15,54,21,-0.19,-0.547,2.224,49.037,47.818,49.976,-255.644,-444.745,15294.72,10.11
05,2022,03,30,15,54,21,0.009,-0.474,1.055,51.751,51.706,54.651,689.464,-818.805,15325.65,10.11
05,2022,03,30,15,54,22,-0.69,-0.465,1.873,49.994,52.898,53.612,41.529,-377.606,15652.7,10.11
05,2022,03,30,15,54,22,-0.677,-0.325,1.428,47.324,46.449,49.75,-327.724,-749.704,15923.63,10.11
05,2022,03,30,15,54,23,-0.792,-0.324,1.782,49.081,48.658,51.602,-762.436,-672.157,15979.59,10.11
05,2022,03,30,15,54,23,-0.59,-0.321,1.569,50.527,50.403,49.66,-705.9,-408.802,15917.22,10.11
05,2022,03,30,15,54,24,-0.231,-0.134,0.646,49.348,47.686,50.247,-611.344,-807.863,16153.6,10.11
05,2022,03,30,15,54,24,-0.443,-0.357,1.449,47.969,49.232,49.931,-463.184,-309.537,15731.63,10.11
05,2022,03,30,15,54,25,-0.523,-0.416,1.681,50.75,49.298,50.315,-204.009,-485.361,15736.71,10.11
05,2022,03,30,15,54,25,-0.81,-0.362,1.439,51.84,51.22,51.444,-910.318,515.025,15596.51,10.11
05,2022,03,30,15,54,26,-0.661,-0.531,2.441,49.415,50.248,52.144,-51.171,-538.029,15561.75,10.11
05,2022,03,30,15,54,26,-0.575,-0.376,1.687,50.995,50.403,51.715,-383.463,-301.453,15915.58,10.11
05,2022,03,30,15,54,27,-0.575,-0.411,1.8,48.214,48.901,51.083,-300.374,-86.107,15866.66,10.11
05,2022,03,30,15,54,27,0.114,-0.142,2.181,48.926,47.885,49.254,-248.549,-724.811,15929.25,10.11
05,2022,03,30,15,54,28,-0.729,-0.364,1.877,48.013,48.879,51.309,-142.384,-613.218,15885.35,10.11
05,2022,03,30,15,54,28,-0.517,-0.439,1.754,48.147,50.16,52.912,-190.454,-668.143,15738.26,10.11
05,2022,03,30,15,54,29,-0.811,-0.474,1.955,52.129,49.431,49.954,228.085,-545.063,15644.42,10.11
05,2022,03,30,15,54,29,-0.606,-0.383,1.682,49.905,49.872,53.522,145.984,-617.294,15683.64,10.11
05,2022,03,30,15,54,30,-0.828,-0.533,2.361,50.305,50.27,53.296,101.893,316.498,15334.03,10.11
05,2022,03,30,15,54,31,-0.82,-0.428,2.15,58.448,55.858,59.551,-457.496,41.108,15853.4,10.11
05,2022,03,30,15,54,31,-0.83,-0.401,2.37,53.286,52.854,52.347,-398.028,-1085.698,16060.44,10.11
05,2022,03,30,15,54,32,-0.597,-0.337,2.038,46.834,46.294,47.65,-288.305,-789.198,15876.36,10.11
05,2022,03,30,15,54,32,-0.464,-0.293,2.208,45.677,47.288,45.46,-535.102,-306.229,15913.82,10.11
05,2022,03,30,15,54,33,-0.638,-0.361,2.331,47.346,45.3,46.318,-147.273,-699.859,15558.84,10.11
05,2022,03,30,15,54,33,-0.703,-0.441,1.821,48.703,48.017,49.163,-391.601,-1007.967,16045.34,10.11
05,2022,03,30,15,54,34,-0.695,-0.445,2.049,47.813,49.541,48.192,-408.867,-661.721,15966,10.11
05,2022,03,30,15,54,34,-0.485,-0.604,2.695,47.301,47.752,49.976,-312.739,-450.788,15836.58,10.11
05,2022,03,30,15,54,35,-0.566,-0.529,2.19,47.212,47.973,49.412,-500.304,-107.46,15800,10.11
05,2022,03,30,15,54,35,-0.637,-0.317,1.458,48.614,47.355,50.292,-296.162,-400.593,15668.82,10.11
05,2022,03,30,15,54,36,-0.635,-0.188,1.756,48.792,48.525,49.976,-292.059,4.067,15696.18,10.11
05,2022,03,30,15,54,36,-0.559,-0.414,2.074,47.657,47.929,49.05,-63.921,-44.66,15674.1,10.11
05,2022,03,30,15,54,37,-0.662,-0.435,1.893,46.478,45.941,49.321,-325.967,-514.714,15965.45,10.11
05,2022,03,30,15,54,37,-0.663,-0.34,1.809,46.322,47.178,48.102,-428.716,-666.705,16014.08,10.11
05,2022,03,30,15,54,38,-0.68,-0.365,1.735,47.813,45.897,47.063,-3.207,-300.449,15673.86,10.11
05,2022,03,30,15,54,38,-0.686,-0.419,2.392,46.834,46.604,48.757,-5.717,-790.633,15545.72,10.11
05,2022,03,30,15,54,39,-0.821,-0.341,1.679,46.1,46.891,47.876,-766.916,-954.901,16390.98,10.11
06,2022,03,30,15,57,00,0.072,-0.198,-0.728,47.702,45.875,47.831,-267.672,-367.089,15951.72,10.072
06,2022,03,30,15,57,00,-0.501,-0.361,-0.203,45.277,47.001,48.576,-100.735,-487.738,15801.13,10.072
06,2022,03,30,15,57,01,-0.442,0.206,-0.689,48.725,46.405,49.276,-149.271,-351.218,15839.52,10.072
06,2022,03,30,15,57,01,-0.746,-0.369,1.935,46.189,48.393,46.927,-175.081,-251.2,15854.86,10.072
06,2022,03,30,15,57,02,-0.704,-0.363,2.106,46.901,46.559,47.989,-219.787,-492.815,15862.56,10.072
06,2022,03,30,15,57,02,-0.616,-0.325,1.242,46.233,46.537,49.637,-124.7,-432.195,15820.12,10.072
06,2022,03,30,15,57,03,-1.246,-0.286,1.034,45.299,46.206,47.289,-81.701,-516.803,15785.38,10.072
06,2022,03,30,15,57,03,-0.335,-0.099,1.572,47.39,47.377,47.108,-114.647,-490.405,15791.17,10.072
06,2022,03,30,15,57,04,-0.459,-0.529,2.357,50.127,48.569,48.802,-33.871,-510.961,15762.46,10.072
06,2022,03,30,15,57,04,-0.361,0.189,-0.568,45.677,45.941,48.147,-135.71,-403.282,15779.59,10.072
06,2022,03,30,15,57,05,-0.653,-0.156,0.669,46.345,46.913,50.857,-78.692,-537.36,15781.18,10.072
06,2022,03,30,15,57,05,-0.69,0.153,0.072,48.392,45.941,48.486,-160.495,-438.881,15852.22,10.072
06,2022,03,30,15,57,06,-0.499,-0.227,1.356,48.77,47.399,50.202,-257.099,-603.111,15907.93,10.072
06,2022,03,30,15,57,06,-0.994,-0.376,2.051,46.256,46.67,47.334,-41.597,-632.91,15737.76,10.072
06,2022,03,30,15,57,07,0.089,-0.15,2.075,48.013,46.051,47.56,-337.154,-799.761,16069.11,10.072
06,2022,03,30,15,57,07,-0.565,0.088,1.431,46.189,47.266,47.289,-103.146,-590.119,15788.96,10.072
06,2022,03,30,15,57,08,-0.573,-0.343,0.634,46.678,46.869,50.383,-294.208,-784.412,15947.71,10.072
06,2022,03,30,15,57,08,-0.935,-0.484,1.783,46.678,47.112,49.547,-420.558,-899.418,16016.24,10.072
06,2022,03,30,15,57,09,-0.617,-0.022,-0.306,48.436,46.294,49.931,-63.279,-387.488,15433.32,10.072
06,2022,03,30,15,57,09,-0.439,-0.027,0.518,47.68,45.676,49.954,-521.714,-582.211,15932.48,10.072
06,2022,03,30,15,57,10,-0.408,-0.274,0.286,44.543,47.332,47.763,-62.791,-794.594,15692.05,10.072
06,2022,03,30,15,57,10,-0.778,0.017,0.129,45.277,45.455,47.673,-297.633,-808.819,15916.71,10.072
06,2022,03,30,15,57,11,0.019,0.247,-0.769,47.858,46.25,46.995,-121.603,-748.797,15810.06,10.072
06,2022,03,30,15,57,11,-0.079,0.147,-0.656,48.57,48.216,47.198,-109.244,-587.117,15744.89,10.072
06,2022,03,30,15,57,12,-0.385,0.062,-0.083,46.411,46.913,48.937,-114.522,-624.696,15828.43,10.072
06,2022,03,30,15,57,12,-0.667,-0.34,0.474,47.457,46.869,47.673,-118.719,-659.946,15832.19,10.072
06,2022,03,30,15,57,13,-0.318,-0.225,1.547,46.456,46.979,49.66,-87.92,-534.54,15701.11,10.072
06,2022,03,30,15,57,13,-0.218,-0.009,-0.694,44.431,46.029,48.395,-74.623,-661.509,15770.25,10.072
06,2022,03,30,15,57,14,-0.044,0.199,-0.305,48.369,48.79,48.147,-87.223,-620.146,15773.5,10.072
06,2022,03,30,15,57,14,0.039,0.09,-0.491,45.944,46.648,48.712,-285.924,-628.291,15803.48,10.072
06,2022,03,30,15,57,15,-0.36,-0.069,-0.524,46.256,46.272,46.724,-236.147,-678.575,15868.15,10.072
06,2022,03,30,15,57,15,-0.39,-0.444,2.453,45.655,46.073,48.892,56.733,-582.942,15652.94,10.072
06,2022,03,30,15,57,16,-0.372,0.127,0.57,48.525,45.963,47.921,-44.459,-730.861,15766.37,10.072
06,2022,03,30,15,57,16,-0.7,-0.287,1.452,45.499,44.991,49.705,-158.011,-737.787,15809.54,10.072
06,2022,03,30,15,57,17,-0.516,-0.211,0.416,45.699,46.824,49.389,-52.363,-636.278,15826.4,10.072
06,2022,03,30,15,57,17,-0.779,-0.258,1.427,47.479,46.405,47.786,-100.153,-618.848,15855.48,10.072
06,2022,03,30,15,57,18,-0.054,-0.528,0.85,46.923,46.626,49.276,-245.344,-612.132,15892.1,10.072
06,2022,03,30,15,57,18,-0.841,-0.248,2.343,47.591,46.714,48.237,-263.062,-595.439,15804.92,10.072
06,2022,03,30,15,57,19,-0.192,0.124,-0.432,45.722,43.953,47.605,-315.151,-708.5,15884.61,10.072
06,2022,03,30,15,57,19,-0.202,-0.251,1.617,44.298,45.941,48.508,-53.319,-583.227,15628.85,10.072
06,2022,03,30,15,57,20,-0.5,-0.247,1.938,47.212,44.218,49.344,65.17,-594.305,15512.56,10.072
06,2022,03,30,15,57,20,-0.69,-0.458,2.048,45.788,45.941,49.186,-81.873,-683.237,15800.64,10.072
06,2022,03,30,15,57,21,-0.599,-0.092,1.533,45.833,47.178,46.227,-153.588,-553.829,15774.55,10.072
06,2022,03,30,15,57,21,0.322,-0.343,1.616,47.524,47.796,48.418,-51.002,-707.166,15745.08,10.072
06,2022,03,30,15,57,22,-0.137,-0.263,1.111,46.612,45.08,48.305,-66.836,-680.152,15831.74,10.072
06,2022,03,30,15,57,22,-0.732,-0.224,1.747,46.656,45.875,47.04,17.631,-495.951,15781.38,10.072
06,2022,03,30,15,57,23,-0.733,-0.381,1.631,47.546,45.499,47.56,-104.623,-515.973,15876.79,10.072
06,2022,03,30,15,57,23,-0.558,-0.313,1.453,45.388,46.272,46.634,-144.14,-620.104,15871.47,10.072
06,2022,03,30,15,57,24,-0.322,0.138,0.004,46.011,47.708,48.824,-100.372,-637.185,15869.81,10.072
06,2022,03,30,15,57,24,-0.041,-0.081,1.703,46.79,46.405,49.254,14.512,-406.162,15659.75,10.072
06,2022,03,30,15,57,25,-0.621,0.041,-0.188,46.3,46.957,48.734,-119.131,-492.961,15784.92,10.072
06,2022,03,30,15,57,25,-0.383,0.017,0.134,47.39,45.831,47.921,-64.728,-715.901,15843.24,10.072
06,2022,03,30,15,57,26,0.04,-0.088,0.136,46.701,46.096,49.502,-4.073,-578.192,15781.97,10.072
06,2022,03,30,15,57,26,-0.73,-0.296,1.898,47.123,45.013,48.17,-84.015,-679.239,15804.56,10.077
06,2022,03,30,15,57,27,-0.831,-0.363,1.969,45.922,47.089,48.734,-155.49,-696.042,15884.53,10.072
06,2022,03,30,15,57,27,-0.928,-0.274,0.802,47.413,47.421,47.311,-66.943,-709.297,15769.11,10.072
06,2022,03,30,15,57,28,-0.6,-0.269,1.178,45.188,44.616,47.379,-92.402,-603.299,15830.35,10.072
06,2022,03,30,15,57,28,-0.529,-0.131,0.833,44.187,45.234,48.689,-62.68,-489.119,15873.2,10.072
06,2022,03,30,15,57,29,-0.243,-0.245,1.427,46.1,44.925,47.966,-156.925,-655.053,15876.94,10.072
06,2022,03,30,15,57,29,-0.515,-0.405,2.201,44.743,44.748,48.102,-226.637,-607.811,15937.19,10.072
06,2022,03,30,15,57,30,-0.124,0.046,0.873,46.923,45.941,49.728,-79.342,-583.159,15651.69,10.072
06,2022,03,30,15,57,30,-0.425,-0.388,1.352,47.591,45.433,46.724,-173.509,-752.908,15889.81,10.072
06,2022,03,30,15,57,31,-0.855,-0.258,1.869,45.633,43.533,48.847,-93.057,-715.169,15843.78,10.072
06,2022,03,30,15,57,31,-0.129,-0.404,1.566,45.877,46.559,47.65,-93.087,-591.66,15794.99,10.072
06,2022,03,30,15,57,32,-0.154,-0.301,1.512,46.656,47.244,50.021,-257.098,-799.119,15948,10.072
06,2022,03,30,15,57,32,-1.192,-0.244,0.75,47.613,45.543,49.66,-367.983,-571.569,15890.41,10.072
06,2022,03,30,15,57,33,-0.588,-0.311,1.734,45.232,46.007,49.276,-48.075,-758.265,15776,10.072
06,2022,03,30,15,57,33,-0.807,-0.295,1.807,44.943,46.847,48.057,-130.458,-724.601,15821.34,10.072
06,2022,03,30,15,57,34,-0.622,-0.52,2.66,44.965,45.831,47.447,-211.348,-668.395,15877.13,10.072
06,2022,03,30,15,57,34,-0.584,-0.229,1.681,45.677,45.676,47.018,-201.3,-701.609,15790.86,10.072
06,2022,03,30,15,57,35,-0.295,-0.103,0.506,45.744,46.162,48.599,-201.276,-890.306,15855.95,10.072
06,2022,03,30,15,57,35,-0.107,-0.137,1.191,46.033,45.742,47.424,-140.976,-823.872,15775.09,10.072
06,2022,03,30,15,57,36,-1.038,-0.225,0.611,46.745,46.802,47.357,170.391,-660.362,15577.84,10.072
06,2022,03,30,15,57,36,-0.075,-0.549,2.251,47.613,47.222,45.076,-88.206,-731.088,15823.49,10.072
06,2022,03,30,15,57,37,-0.483,-0.134,0.536,44.409,45.146,48.621,-39.246,-749.054,15762.13,10.072
06,2022,03,30,15,57,37,-0.764,0.081,0.737,45.61,46.869,46.973,-124.047,-736.275,15827.55,10.072
06,2022,03,30,15,57,38,-0.49,-0.367,2.312,45.566,45.831,48.508,-42.515,-655.697,15744.46,10.072
06,2022,03,30,15,57,38,-0.415,0.172,1.034,47.301,45.72,48.463,-54.184,-559.282,15738.44,10.072
06,2022,03,30,15,57,39,-0.202,-0.274,0.932,46.189,45.499,47.176,-119.168,-753.081,15821.57,10.072
06,2022,03,30,15,57,39,-0.067,0.35,-0.9,46.322,45.588,49.954,-214.441,-726.831,15861.31,10.072
07,2022,03,30,15,59,35,-0.788,-0.512,1.974,45.099,44.991,45.347,-868.78,-99.798,15719.54,10.04
07,2022,03,30,15,59,36,-1.009,-0.546,2.154,44.743,44.24,47.04,-1174.132,102.201,16085.73,10.04
07,2022,03,30,15,59,36,-0.97,-0.481,1.962,43.697,44.594,48.531,-429.026,-132.842,15551.91,10.051
07,2022,03,30,15,59,37,-0.778,-0.48,2.001,43.897,44.108,44.827,-442.564,-899.225,15958.2,10.049
07,2022,03,30,15,59,37,-0.887,-0.553,2.259,44.654,44.439,47.673,660.871,-757.706,15952.63,10.051
07,2022,03,30,15,59,38,-0.86,-0.371,1.357,47.301,44.859,44.376,-202.343,-1014.216,15772.43,10.044
07,2022,03,30,15,59,38,-0.685,-0.372,1.451,44.765,43.202,45.866,-887.668,-885.336,16200.47,10.051
07,2022,03,30,15,59,39,-0.802,-0.372,1.409,45.989,45.146,45.46,-688.376,-336.798,15767.93,10.054
07,2022,03,30,15,59,39,-0.789,-0.495,1.832,44.342,43.776,44.376,-214.992,-105.37,15517.31,10.062
07,2022,03,30,15,59,40,-0.672,-0.428,1.616,44.987,43.202,47.605,-443.868,-405.26,15937.39,10.058
07,2022,03,30,15,59,40,-0.842,-0.442,1.737,43.452,43.754,46.273,-83.703,-980.84,15679.35,10.067
07,2022,03,30,15,59,41,-0.792,-0.478,1.882,45.922,43.379,46.544,-594.805,-552.474,15947.88,10.063
07,2022,03,30,15,59,41,-0.878,-0.46,2.096,45.566,45.963,46.024,-59.02,-1294.076,15767.26,10.051
07,2022,03,30,15,59,42,-0.719,-0.423,1.769,44.743,44.903,47.04,-512.158,-684.208,16030.32,10.063
07,2022,03,30,15,59,42,-0.722,-0.448,1.84,44.832,45.146,45.685,-135.31,-877.173,15437.42,10.062
07,2022,03,30,15,59,43,-0.696,-0.516,2.014,43.92,43.467,46.476,-140.238,-388.613,15825.33,10.058
07,2022,03,30,15,59,43,-0.885,-0.429,1.607,45.076,41.391,46.002,-650.159,-87.428,15454.89,10.067
07,2022,03,30,15,59,44,-0.843,-0.434,1.61,45.521,43.799,46.092,-708.822,-440.525,16051.81,10.072
07,2022,03,30,15,59,44,-0.777,-0.495,1.848,44.676,43.931,46.114,-540.758,249.824,15423.82,10.067
07,2022,03,30,15,59,45,-0.762,-0.455,1.743,45.432,43.048,45.708,-597.073,-773.046,15929.81,10.058
07,2022,03,30,15,59,45,-0.678,-0.515,1.697,43.92,42.429,46.927,-677.74,-282.767,15970.44,10.067
07,2022,03,30,15,59,46,-0.901,-0.547,2.28,45.566,42.562,46.634,-240.714,-947.852,15865.23,10.068
07,2022,03,30,15,59,46,-0.876,-0.405,1.584,46.79,44.064,45.211,-70.256,-59.378,15630.92,10.062
07,2022,03,30,15,59,47,-0.859,-0.447,1.812,46.678,45.919,46.815,-212.931,-256.243,15870.92,10.072
07,2022,03,30,15,59,47,-0.832,-0.486,1.849,45.188,42.915,45.414,-594.083,-450.402,15898.06,10.072
07,2022,03,30,15,59,48,-0.822,-0.38,1.298,47.947,43.158,47.469,-77.859,-339.369,15546.47,10.072
07,2022,03,30,15,59,48,-0.88,-0.405,1.661,43.408,43.379,44.895,-110.509,-1131.071,15901.47,10.072
07,2022,03,30,15,59,49,-0.797,-0.443,1.83,44.943,43.224,47.515,109.263,-939.013,15561.33,10.072
07,2022,03,30,15,59,49,-0.638,-0.497,1.853,45.054,45.323,45.392,-55.096,-1078.943,15637.69,10.072
07,2022,03,30,15,59,50,-0.839,-0.546,1.985,44.209,46.383,48.712,-761.734,-70.498,15693.1,10.072
07,2022,03,30,15,59,50,-1.009,-0.548,2.221,44.765,43.776,46.408,-1570.293,384.748,16161.21,10.072
07,2022,03,30,15,59,51,-1.028,-0.505,2.146,44.031,44.24,45.821,-774.308,-56.717,16040.9,10.072
07,2022,03,30,15,59,51,-1.076,-0.449,2.047,44.476,43.953,45.121,229.067,-1093.442,15421.02,10.072
07,2022,03,30,15,59,52,-0.926,-0.519,2.001,44.476,43.6,45.776,-527.581,-242.12,15710.37,10.072
07,2022,03,30,15,59,52,-0.79,-0.502,1.848,42.807,42.562,47.786,-174.418,-415.354,15628.04,10.072
07,2022,03,30,15,59,53,-0.875,-0.513,1.989,45.455,44.329,47.153,-367.808,-576.28,15850.49,10.072
07,2022,03,30,15,59,53,-0.798,-0.45,1.834,43.897,43.467,45.618,-104.752,-184.358,15617.12,10.072
07,2022,03,30,15,59,54,-0.698,-0.501,1.898,44.809,44.351,48.124,-335.307,-359.829,15578.61,10.072
07,2022,03,30,15,59,54,-0.753,-0.522,1.869,45.61,43.092,44.85,-364.51,-1062.757,15998.34,10.072
07,2022,03,30,15,59,55,-0.931,-0.469,1.991,42.384,43.865,45.369,-371.763,-519.393,15681.45,10.072
07,2022,03,30,15,59,55,-0.966,-0.442,1.802,45.032,44.726,45.618,-698.373,-474.15,15541.76,10.072
07,2022,03,30,15,59,56,-1.037,-0.567,2.086,44.921,46.029,47.718,-749.733,-242.298,15800.19,10.072
07,2022,03,30,15,59,56,-0.983,-0.505,1.819,43.319,42.827,45.098,-510.538,300.54,15514.39,10.072
07,2022,03,30,15,59,57,-0.89,-0.5,1.904,42.829,43.511,44.782,198.849,-354.429,15504.97,10.072
07,2022,03,30,15,59,57,-0.919,-0.433,1.748,44.409,42.672,46.589,-386.928,-617.994,15841.79,10.072
07,2022,03,30,15,59,58,-0.981,-0.461,2.032,44.454,42.783,48.892,-979.42,-27.821,15932.19,10.072
07,2022,03,30,15,59,58,-0.626,-0.526,1.682,45.099,45.168,47.695,-468.984,-889.237,16184.9,10.072
07,2022,03,30,15,59,59,-0.851,-0.35,1.304,45.121,42.517,44.85,-209.913,-339.533,15460.34,10.072
07,2022,03,30,15,59,59,-0.891,-0.375,1.529,43.808,44.086,46.656,-700.193,-293.519,15796.87,10.072
07,2022,03,30,16,00,00,-0.887,-0.4,1.473,45.966,45.08,47.018,-564.533,-389.231,16063.02,10.072
07,2022,03,30,16,00,00,-0.853,-0.529,2.023,46.055,44.152,46.86,-177.022,-407.563,15813.07,10.072
07,2022,03,30,16,00,01,-0.855,-0.452,1.749,44.565,45.212,47.266,-616.511,-559.024,15623.93,10.072
07,2022,03,30,16,00,01,-0.818,-0.391,1.504,44.587,45.168,46.724,-177.262,-923.765,15984.59,10.072
07,2022,03,30,16,00,02,-0.787,-0.442,1.69,45.811,45.234,46.25,-366.283,-448.418,15834.21,10.072
07,2022,03,30,16,00,02,-0.889,-0.39,1.536,44.965,44.041,45.392,8.717,-28.189,15557.28,10.072
07,2022,03,30,16,00,03,-0.954,-0.478,1.931,45.188,45.234,46.453,-942.6,233.946,16059.57,10.072
07,2022,03,30,16,00,03,-0.675,-0.484,1.82,45.41,44.792,46.973,-414.382,-162.463,16041.67,10.072
07,2022,03,30,16,00,04,-0.858,-0.438,1.848,47.168,43.489,47.469,92.087,-963.054,15593.75,10.072
07,2022,03,30,16,00,04,-0.867,-0.533,2.045,46.879,46.648,46.702,-780.338,-30.779,15936.13,10.072
07,2022,03,30,16,00,05,-0.959,-0.53,2.066,45.877,44.837,47.018,-308.756,-660.678,15604.01,10.072
07,2022,03,30,16,00,05,-0.923,-0.593,2.372,46.078,46.294,45.595,-215.046,-496.855,15755.19,10.072
07,2022,03,30,16,00,06,-0.875,-0.522,2.053,44.854,43.357,47.221,-393.349,-705.447,16064.81,10.072
07,2022,03,30,16,00,06,-0.932,-0.537,2.173,46.634,44.395,48.892,-273.598,-67.609,15953.23,10.072
07,2022,03,30,16,00,07,-0.972,-0.57,2.125,43.675,45.146,45.821,-514.886,-664.795,16226,10.072
07,2022,03,30,16,00,07,-1.005,-0.547,2.075,45.544,44.616,46.86,-195.384,-926.933,15714.87,10.072
07,2022,03,30,16,00,08,-1.085,-0.529,2.093,43.853,45.941,45.979,-296.758,-716.605,15474.99,10.072
07,2022,03,30,16,00,08,-1.009,-0.551,2.083,43.163,45.632,45.821,-608.984,236.122,15814.93,10.072
07,2022,03,30,16,00,09,-0.849,-0.57,2.096,45.677,43.445,46.114,-401.318,-535.328,16079.77,10.072
07,2022,03,30,16,00,09,-0.765,-0.482,1.773,46.367,45.234,49.073,-716.328,165.799,15930.39,10.072
07,2022,03,30,16,00,10,-0.843,-0.507,2.065,45.499,44.815,47.311,231.03,-988.268,15702.33,10.072
07,2022,03,30,16,00,10,-0.827,-0.469,1.621,45.455,45.19,46.137,-1144.074,295.767,16234.04,10.072
07,2022,03,30,16,00,11,-0.765,-0.513,1.963,43.697,44.152,47.018,-311.81,-575.531,15894.53,10.072
07,2022,03,30,16,00,11,-0.779,-0.516,1.875,44.32,43.997,45.776,116.467,94.256,15669.49,10.072
07,2022,03,30,16,00,12,-0.861,-0.464,1.805,46.122,44.064,48.508,-777.706,-74.201,16077.22,10.072
07,2022,03,30,16,00,12,-0.908,-0.488,1.869,45.21,44.041,45.55,-490.714,-529.264,16018.43,10.072
07,2022,03,30,16,00,13,-0.81,-0.481,1.708,43.586,44.594,47.063,-533.92,-4.77,15788.14,10.072
07,2022,03,30,16,00,13,-0.71,-0.474,1.913,44.876,45.786,46.86,179.782,-537.364,15657.95,10.072
07,2022,03,30,16,00,14,-0.759,-0.386,1.273,45.277,45.389,46.769,-304.269,-219.605,15860.18,10.072
07,2022,03,30,16,00,14,-0.906,-0.336,1.499,43.341,42.495,47.04,18.235,-235.5,15714.15,10.072
07,2022,03,30,16,00,15,-0.767,-0.434,1.892,46.968,44.439,44.443,-8.361,-610.307,15705.38,10.072
08,2022,03,30,16,03,04,-0.972,-0.433,1.692,43.653,44.638,45.911,-573.602,10.688,15674.96,10.035
08,2022,03,30,16,03,04,-0.626,-0.553,2.021,45.343,44.329,46.815,481.259,-817.565,15467.47,10.035
08,2022,03,30,16,03,05,-0.951,-0.498,1.855,45.076,43.489,47.018,-1472.914,346.429,16258,10.035
08,2022,03,30,16,03,05,-0.899,-0.416,1.446,45.655,43.688,47.402,-314.94,-830.149,16101.1,10.035
08,2022,03,30,16,03,06,-0.889,-0.497,1.848,44.609,43.335,46.702,-876.596,497.965,15759.73,10.035
08,2022,03,30,16,03,06,-0.868,-0.449,1.846,45.21,46.14,47.853,-133.59,-807.141,15912.82,10.035
08,2022,03,30,16,03,07,-0.906,-0.476,1.902,45.076,44.682,45.482,-937.448,341.394,15821.91,10.035
08,2022,03,30,16,03,07,-0.997,-0.518,2.122,44.631,45.565,46.431,-39.825,-1196.64,15661.81,10.035
08,2022,03,30,16,03,08,-0.857,-0.458,1.855,44.187,43.445,45.843,-531.248,-482.255,16040.42,10.035
08,2022,03,30,16,03,08,-0.891,-0.404,1.548,43.942,45.146,45.843,-766.454,-109.751,16081.86,10.035
08,2022,03,30,16,03,09,-0.829,-0.429,1.413,44.253,43.379,46.273,-864.892,294.038,15845.68,10.035
08,2022,03,30,16,03,10,-0.942,-0.519,2.218,44.876,45.278,46.656,-139.177,-875.368,15802.02,10.035
08,2022,03,30,16,03,10,-0.898,-0.591,2.293,45.054,45.3,45.64,-673.231,-83.499,15719.99,10.035
08,2022,03,30,16,03,11,-0.71,-0.486,1.533,44.298,43.313,47.582,-352.43,-386.619,15793.11,10.035
08,2022,03,30,16,03,11,-0.748,-0.385,1.533,44.787,45.764,46.837,-357.747,-470.824,15699.74,10.035
08,2022,03,30,16,03,12,-0.985,-0.435,1.684,43.831,43.821,45.324,-536.551,528.201,15600.6,10.035
08,2022,03,30,16,03,12,-1.111,-0.419,1.705,44.253,45.013,46.611,-1217.521,42.669,16167.62,10.035
08,2022,03,30,16,03,13,-0.909,-0.484,1.771,43.831,45.278,45.753,-770.044,509.189,15666.75,10.035
08,2022,03,30,16,03,13,-0.818,-0.436,1.616,45.432,45.102,47.944,-788.536,138.561,15827.94,10.035
08,2022,03,30,16,03,14,-0.941,-0.45,1.939,44.854,45.08,47.515,-25.023,-478.973,15919.06,10.035
08,2022,03,30,16,03,14,-0.794,-0.539,2.04,44.253,44.174,47.786,102.686,-1013.792,15773.83,10.035
08,2022,03,30,16,03,15,-0.756,-0.442,1.513,46.278,44.417,46.227,3.601,-439.416,15948.38,10.035
08,2022,03,30,16,03,15,-0.91,-0.54,1.91,42.985,44.417,46.792,-746.29,891.812,15654.52,10.035
08,2022,03,30,16,03,16,-0.971,-0.488,1.949,46.233,43.953,46.16,-84.904,-425.976,15866.06,10.035
08,2022,03,30,16,03,16,-0.884,-0.459,1.715,45.477,43.467,47.402,17.801,-1072.222,15870.82,10.035
08,2022,03,30,16,03,17,-0.926,-0.466,1.795,44.765,45.212,46.905,-833.463,88.812,16124.27,10.035
08,2022,03,30,16,03,17,-0.88,-0.408,1.685,45.343,44.638,46.724,370.225,-422.761,15425.18,10.035
08,2022,03,30,16,03,18,-0.814,-0.398,1.492,44.031,43.644,46.702,-171.068,-480.77,15992.98,10.035
08,2022,03,30,16,03,18,-0.781,-0.397,1.838,44.12,42.827,46.521,-431.504,-128.926,15775.87,10.035
08,2022,03,30,16,03,19,-0.953,-0.382,1.554,44.965,42.827,48.983,-37.86,-282.191,15643.5,10.035
08,2022,03,30,16,03,19,-0.814,-0.448,1.82,44.365,44.903,46.431,-472.99,-447.3,15962.12,10.035
08,2022,03,30,16,03,20,-0.781,-0.409,1.715,44.787,43.357,47.718,-131.098,-935.255,15907.11,10.035
08,2022,03,30,16,03,20,-0.914,-0.476,1.728,46.211,43.025,46.227,-636.656,634.395,15755.22,10.035
08,2022,03,30,16,03,21,-0.827,-0.534,2.328,44.72,45.057,44.692,-318.276,-162.427,15839.15,10.035
08,2022,03,30,16,03,21,-0.792,-0.448,1.669,43.742,44.064,48.757,-687.617,-260.859,15807.72,10.035
08,2022,03,30,16,03,22,-0.985,-0.367,1.528,44.387,44.329,44.534,-519.093,-142.849,15872.63,10.035
08,2022,03,30,16,03,22,-0.875,-0.388,1.399,44.209,45.19,44.872,-204.377,177.622,15715.73,10.035
08,2022,03,30,16,03,23,-0.71,-0.422,1.969,45.788,45.565,46.837,-527.566,-258.352,15634.08,10.035
08,2022,03,30,16,03,23,-0.654,-0.385,1.597,45.032,44.174,46.95,41.917,-274.142,15601.41,10.035
08,2022,03,30,16,03,24,-1.034,-0.445,1.771,44.72,43.136,45.414,-91.827,-814.927,15763.26,10.035
08,2022,03,30,16,03,24,-0.793,-0.405,1.521,45.188,43.025,47.492,-96.983,-709.135,15837.09,10.035
08,2022,03,30,16,03,25,-0.896,-0.368,1.256,43.964,44.417,46.295,-330.602,-72.384,15925.83,10.035
08,2022,03,30,16,03,25,-1.058,-0.448,1.771,43.208,46.427,45.618,-704.396,-53.872,16174.93,10.035
08,2022,03,30,16,03,26,-0.95,-0.425,1.642,44.543,43.776,46.792,-10.367,-790.999,15918.35,10.035
08,2022,03,30,16,03,26,-1.13,-0.471,1.954,43.808,45.124,46.792,-333.658,-123.163,15826.43,10.035
08,2022,03,30,16,03,27,-1.017,-0.556,2.227,46.011,44.329,47.876,-62.604,-277.291,15582.23,10.035
08,2022,03,30,16,03,27,-1.064,-0.469,1.902,44.342,45.212,47.289,-477.988,-402.99,16019.33,10.035
08,2022,03,30,16,03,28,-0.982,-0.532,2.069,46.3,43.644,46.882,374.472,-1131.22,15453.82,10.035
08,2022,03,30,16,03,28,-0.968,-0.409,1.464,43.853,44.77,46.092,-343.165,148.199,15797.58,10.035
08,2022,03,30,16,03,29,-0.86,-0.427,1.573,43.742,44.108,46.25,78.507,-520.048,15801.58,10.035
08,2022,03,30,16,03,29,-0.836,-0.381,1.464,44.342,43.136,46.656,92.163,-1082.069,15989.93,10.035
08,2022,03,30,16,03,30,-0.937,-0.376,1.347,43.897,45.124,46.273,-810.683,378.589,15862.51,10.035
08,2022,03,30,16,03,30,-0.975,-0.367,1.517,44.031,45.411,45.731,496.589,-970.454,15618.23,10.035
08,2022,03,30,16,03,31,-0.964,-0.385,1.521,44.876,43.445,48.17,-112.887,-672.334,15975.59,10.035
08,2022,03,30,16,03,31,-1.026,-0.334,1.041,44.253,44.417,49.344,-61.104,-305.516,15839.92,10.035
08,2022,03,30,16,03,32,-0.777,-0.432,1.648,44.654,46.802,46.769,-339.094,-484.297,16189.21,10.035
08,2022,03,30,16,03,32,-0.867,-0.402,1.449,45.455,43.423,46.589,-265.808,109.75,15958.36,10.035
08,2022,03,30,16,03,33,-0.909,-0.459,1.795,45.811,45.698,46.815,406.17,-796.569,15557.61,10.035
08,2022,03,30,16,03,33,-0.91,-0.45,1.773,44.698,46.007,46.656,94.098,-508.312,15835.67,10.035
08,2022,03,30,16,03,34,-0.864,-0.449,1.67,44.454,43.754,47.853,-935.979,-160.944,16381.82,10.035
08,2022,03,30,16,03,34,-0.917,-0.381,1.45,45.744,44.594,46.295,434.9,-752.731,15714.31,10.035
08,2022,03,30,16,03,35,-0.957,-0.394,1.532,45.566,45.168,46.092,-38.576,145.825,15659.29,10.035
08,2022,03,30,16,03,35,-1.038,-0.333,1.24,44.253,44.307,44.669,160.085,-562.811,15680.68,10.035
08,2022,03,30,16,03,36,-0.954,-0.406,1.575,44.921,43.379,47.718,347.624,157.486,15298.22,10.035
08,2022,03,30,16,03,36,-0.947,-0.386,1.399,44.654,44.837,46.86,-125.389,-410.246,15481.68,10.035
08,2022,03,30,16,03,37,-0.878,-0.33,1.313,45.188,44.837,46.566,362.276,-850.948,15800.87,10.035
08,2022,03,30,16,03,37,-0.941,-0.333,1.293,46.834,45.234,46.747,216.375,-226.793,15556.71,10.035
08,2022,03,30,16,03,38,-1.034,-0.315,1.282,44.631,44.527,45.889,-31.376,-451.582,15752.25,10.035
08,2022,03,30,16,03,38,-0.788,-0.436,1.628,45.01,44.969,47.311,311.241,-1108.832,15966.59,10.035
08,2022,03,30,16,03,39,-0.878,-0.408,1.469,45.521,44.373,47.04,737.74,-534.34,15628.66,10.035
08,2022,03,30,16,03,39,-0.96,-0.366,1.333,45.232,43.997,46.815,-52.305,-614.098,15915.45,10.035
08,2022,03,30,16,03,40,-0.949,-0.338,1.342,45.232,43.865,47.718,-48.587,-483.015,15819.1,10.035
08,2022,03,30,16,03,40,-0.984,-0.262,1.149,44.276,43.335,46.905,109.151,-539.119,15986.26,10.035
08,2022,03,30,16,03,41,-0.918,-0.347,1.393,44.854,45.477,46.589,320.925,-1369.978,16150.72,10.035
08,2022,03,30,16,03,41,-0.999,-0.267,1.051,45.477,43.07,47.695,486.659,-572.907,15595.13,10.035
08,2022,03,30,16,03,42,-0.938,-0.325,1.137,45.432,44.439,46.476,409.246,-623.158,15527.09,10.035
08,2022,03,30,16,03,42,-1.05,-0.324,1.357,44.52,44.174,45.979,-19.19,-359.607,15866.93,10.035
08,2022,03,30,16,03,43,-1.02,-0.322,1.227,44.676,45.345,47.153,145.835,-941.512,16021.76,10.035
08,2022,03,30,16,03,43,-1.066,-0.44,1.697,44.009,45.256,48.102,-145.2,153.353,15697.64,10.035
08,2022,03,30,16,03,44,-0.932,-0.425,1.42,45.076,43.556,45.64,698.612,-787.99,15592,10.035
09,2022,03,30,16,06,14,-0.117,-0.515,2.172,45.61,46.957,48.734,-114.328,-441.301,15626.26,10.035
09,2022,03,30,16,06,15,0.102,-0.238,1.338,43.764,43.887,45.618,-198.508,-723.986,15765.26,10.035
09,2022,03,30,16,06,15,0.135,0.015,-0.142,44.676,44.284,46.815,-182.851,-502.056,15785.03,10.035
09,2022,03,30,16,06,16,0.098,-0.044,0.131,46.523,45.676,49.841,-388.104,-397.481,15927.29,10.035
09,2022,03,30,16,06,16,0.327,-0.014,-0.234,44.52,46.648,50.021,-222.437,-482.821,15914.96,10.035
09,2022,03,30,16,06,17,0.178,0.034,-0.063,46.367,44.196,47.56,-125.765,-686.455,15706.64,10.035
09,2022,03,30,16,06,17,0.214,0.008,0.039,44.965,43.843,49.457,-571.906,-300.985,16023.43,10.035
09,2022,03,30,16,06,18,0.067,-0.007,0.41,46.856,45.808,48.712,-404.205,-567.229,16092.34,10.035
09,2022,03,30,16,06,18,-0.132,-0.001,0.258,44.832,44.925,46.927,-222.283,-617.081,15825.91,10.035
09,2022,03,30,16,06,19,0.043,-0.056,0.29,46.567,47.553,48.553,-110.915,-596.715,15771.06,10.035
09,2022,03,30,16,06,19,0.102,-0.114,0.526,45.9,44.307,48.373,-193.447,60.891,15818.41,10.035
09,2022,03,30,16,06,20,0.163,-0.141,0.669,44.52,46.361,47.447,-311.057,-197.94,15965.81,10.035
09,2022,03,30,16,06,20,0.202,0.03,0.051,47.413,44.594,46.995,-127.549,-448.256,15742.97,10.035
09,2022,03,30,16,06,21,0.327,-0.166,0.372,47.413,46.626,47.131,-126.118,8.991,15646.23,10.035
09,2022,03,30,16,06,21,0.033,-0.015,-0.164,45.388,45.764,49.841,-549.358,-618.625,16125.13,10.035
09,2022,03,30,16,06,22,0.168,-0.131,0.175,45.588,44.307,46.431,-106.619,-31.488,15358.92,10.035
09,2022,03,30,16,06,22,0.042,0.01,0.178,48.392,44.262,48.576,-514.308,-508.245,15960.88,10.035
09,2022,03,30,16,06,23,-0.318,0.008,0.664,44.943,43.357,47.108,-276.717,-377.354,15827.02,10.035
09,2022,03,30,16,06,23,0.216,-0.073,0.207,46.345,43.025,47.131,34.139,-231.268,15535.78,10.035
09,2022,03,30,16,06,24,0.13,-0.13,0.349,45.811,45.345,51.557,-139.946,402.686,15751.21,10.035
09,2022,03,30,16,06,24,0.143,-0.084,0.231,45.788,44.086,46.544,51.167,-522.476,15719.3,10.035
09,2022,03,30,16,06,25,-0.15,-0.035,0.219,46.678,44.527,47.334,-351.589,-181.783,15717.45,10.035
09,2022,03,30,16,06,25,0.158,-0.168,0.719,46.968,45.764,48.712,-356.826,-106.054,15757.24,10.035
09,2022,03,30,16,06,26,0.033,-0.135,1.285,46.122,46.14,50.157,-410.864,-261.503,15852.84,10.035
09,2022,03,30,16,06,26,0.24,-0.193,0.811,45.944,45.477,47.786,-336.621,-161.044,15840.54,10.035
09,2022,03,30,16,06,27,-0.089,-0.118,0.756,48.481,46.648,50.88,-294.348,-502.815,15897.25,10.035
09,2022,03,30,16,06,27,-0.02,-0.229,1.096,44.298,43.467,48.079,-122.582,-393.935,15700.85,10.035
09,2022,03,30,16,06,28,0.064,-0.105,0.099,45.855,44.019,47.131,-355.236,-821.629,15984.9,10.035
09,2022,03,30,16,06,28,-0.1,-0.006,0.224,45.699,45.389,48.26,-403.062,-484.499,15919.41,10.035
09,2022,03,30,16,06,29,-0.358,0.043,0.223,46.567,44.704,48.011,-429.823,-463.223,15914.43,10.035
09,2022,03,30,16,06,29,-0.039,0.255,-0.981,47.168,47.045,49.818,-1016.789,-595.321,16298.05,10.035
09,2022,03,30,16,06,30,-0.496,0.065,-0.359,45.054,45.234,46.634,-338.583,-496.184,15795.08,10.035
09,2022,03,30,16,06,30,-0.006,-0.098,0.172,45.677,45.278,47.695,-983.382,-1093.151,16535.57,10.035
09,2022,03,30,16,06,31,0.193,-0.19,0.753,45.61,44.837,48.599,-278.174,-449.26,15726.28,10.035
09,2022,03,30,16,06,31,0.248,-0.49,2.089,46.945,45.278,47.402,-381.574,-315.179,16007.85,10.035
09,2022,03,30,16,06,32,-0.139,-0.098,0.697,44.276,46.405,49.321,-595.749,-126.027,15956.28,10.035
09,2022,03,30,16,06,32,-0.864,-0.079,0.318,46.322,48.702,50.134,-129.519,-65.376,15667.55,10.035
09,2022,03,30,16,06,33,-0.052,-0.038,0.23,46.678,43.953,50.292,-567.155,-427.162,15849.66,10.035
09,2022,03,30,16,06,33,0.17,0.021,0.075,46.122,47.355,48.96,-519.488,-883.331,16102.45,10.035
09,2022,03,30,16,06,34,0.006,-0.231,0.919,45.432,46.339,48.237,-364.079,-110.724,15686.16,10.035
09,2022,03,30,16,06,34,0.12,0.036,0.069,46.345,45.808,48.757,-297.739,-357.322,15917.23,10.035
09,2022,03,30,16,06,35,0.224,-0.014,0.061,47.346,46.118,48.011,-142.265,-272.846,15699.25,10.035
09,2022,03,30,16,06,35,0.001,-0.151,0.583,46.812,45.411,50.428,-722.498,-768.597,16136.8,10.035
09,2022,03,30,16,06,36,0.007,-0.063,0.356,46.478,46.361,51.828,5.807,-386.28,15669.39,10.035
09,2022,03,30,16,06,36,-0.031,0.112,-0.401,44.498,45.477,46.656,-427.433,-114.083,15702.46,10.035
09,2022,03,30,16,06,37,-0.034,0.021,0.115,47.235,48.128,51.512,-190.405,-271.031,15895.21,10.035
09,2022,03,30,16,06,37,0.208,0.011,0.101,47.835,45.786,49.592,-246.445,202.118,15889,10.035
09,2022,03,30,16,06,38,-0.003,-0.116,0.33,45.699,44.572,48.373,-4.797,-713.692,15961.27,10.035
09,2022,03,30,16,06,38,-0.011,-0.272,0.417,47.324,46.515,49.57,-250.041,-413.022,15906.83,10.035
09,2022,03,30,16,06,39,0.202,-0.108,0.441,46.567,44.792,46.318,-366.044,-742.293,16077.49,10.035
09,2022,03,30,16,06,39,0.028,-0.09,1.02,45.989,45.057,48.96,-150.939,-433.355,15726.68,10.035
09,2022,03,30,16,06,40,-0.016,0.018,0.114,48.881,44.903,47.786,-221.297,-417.037,15849.78,10.035
09,2022,03,30,16,06,40,0.124,-0.053,0.247,46.055,42.297,45.911,198.979,157.583,15211.22,10.035
09,2022,03,30,16,06,41,0.01,0.182,-0.683,42.874,45.057,46.273,-416.2,-338.224,15938.22,10.035
09,2022,03,30,16,06,41,0.202,-0.166,0.368,45.655,45.831,48.17,-89.137,88.639,15502.53,10.035
09,2022,03,30,16,06,42,-0.054,-0.076,0.343,44.276,45.676,46.295,132.353,-684.767,15630.82,10.035
09,2022,03,30,16,06,42,0.19,-0.131,0.305,47.546,47.156,48.057,-524.849,-207.335,15923.5,10.035
09,2022,03,30,16,06,43,0.044,0.02,-0.076,47.257,46.67,49.954,121.084,-247.428,15372.97,10.035
09,2022,03,30,16,06,43,-0.091,-0.141,0.817,46.634,47.752,48.395,-88.959,213.519,15578.03,10.035
09,2022,03,30,16,06,44,0.193,-0.476,1.933,45.944,44.417,49.728,-480.194,232.042,15829.97,10.035
09,2022,03,30,16,06,44,0.044,-0.256,1.066,46.456,46.14,49.57,-34.515,-164.909,15543.68,10.035
09,2022,03,30,16,06,45,0.061,-0.199,0.45,47.168,44.483,46.431,-442.883,-206.135,16101.86,10.035
09,2022,03,30,16,06,45,0.182,-0.117,0.033,45.299,46.648,49.999,-555.485,-705.083,16163.25,10.035
09,2022,03,30,16,06,46,-0.245,0.142,-0.259,47.702,45.61,49.366,-309.693,-407.524,15883.54,10.035
09,2022,03,30,16,06,46,-0.245,-0.162,1.451,47.212,47.001,51.376,-248.089,-141.402,15741.96,10.035
09,2022,03,30,16,06,47,-0.317,-0.18,0.942,46.856,46.935,49.141,-379.252,-135.873,15876.63,10.035
09,2022,03,30,16,06,47,0.148,-0.277,0.759,45.366,44.837,48.057,-64.267,30.546,15659.04,10.035
09,2022,03,30,16,06,48,-0.75,-0.306,1.539,47.39,47.023,49.299,-154.179,-390.138,15767.34,10.035
09,2022,03,30,16,06,48,0.148,-0.197,1.013,48.191,46.25,51.602,-478.333,31.71,15896.41,10.035
09,2022,03,30,16,06,49,-0.159,-0.149,1.048,49.037,45.698,52.528,-75.551,108.13,15606.49,10.035
09,2022,03,30,16,06,49,-0.339,-0.139,0.087,50.394,46.206,48.779,-359.703,-417.806,16110.28,10.035
09,2022,03,30,16,06,50,-0.35,0.048,0.071,46.345,47.067,48.237,427.222,-245.092,15239.17,10.035
09,2022,03,30,16,06,50,-0.136,0.096,-0.371,46.078,45.102,47.198,-357.168,-96.47,15782.21,10.035
09,2022,03,30,16,06,51,-0.156,-0.113,0.33,46.189,45.212,48.983,-804.148,-119.684,16160.02,10.035
09,2022,03,30,16,06,51,0.117,0.012,-0.229,47.568,45.654,50.496,-240.246,92.978,15529.75,10.035
09,2022,03,30,16,06,52,0.258,0.122,-0.537,47.746,46.957,51.58,548.861,166.501,15295.94,10.035
09,2022,03,30,16,06,52,-0.491,0.104,0.329,45.388,44.792,48.395,-368.348,-105.64,16058.98,10.035
09,2022,03,30,16,06,53,-0.771,-0.278,1.578,48.636,46.272,46.453,-136.295,-272.1,15729.24,10.035
09,2022,03,30,16,06,53,-0.061,-0.085,0.389,47.168,44.991,49.908,-88.584,-254.885,15734.98,10.035
09,2022,03,30,16,06,54,-0.047,0,0.023,44.476,44.903,47.131,-479.803,-238.121,16176.41,10.035
10,2022,03,30,16,09,56,0.002,-0.064,0.277,44.609,41.148,44.714,-345.238,-706.119,15820.82,10.035
10,2022,03,30,16,09,57,-0.028,-0.025,0.129,40.538,40.353,42.027,-495.625,-640.824,15849.53,10.035
10,2022,03,30,16,09,57,-0.029,-0.047,0.208,43.341,43.953,45.211,-436.995,-624.895,15809.86,10.035
10,2022,03,30,16,09,58,-0.07,-0.016,0.143,44.498,43.997,46.927,-451.955,-573.477,15836.36,10.035
10,2022,03,30,16,09,58,0.069,-0.06,0.26,42.629,40.861,42.569,-460.972,-593.435,15825.28,10.035
10,2022,03,30,16,09,59,0.006,-0.069,0.262,42.295,42.584,44.895,-452.8,-663.548,15837.97,10.035
10,2022,03,30,16,09,59,-0.095,-0.039,-0.034,44.209,42.562,44.195,-481.072,-737.879,15846.13,10.035
10,2022,03,30,16,10,00,-0.04,0.012,-0.003,41.383,41.634,44.805,-470.008,-572.217,15830.33,10.04
10,2022,03,30,16,10,00,-0.149,0.095,-0.14,43.942,44.66,43.359,-461.999,-564.029,15808.76,10.04
10,2022,03,30,16,10,01,0.006,0.031,-0.122,39.091,39.977,42.75,-481.213,-594.977,15810.72,10.035
10,2022,03,30,16,10,01,0.033,0.057,-0.162,42.852,40.905,41.846,-498.531,-631.218,15832.78,10.035
10,2022,03,30,16,10,02,-0.117,0.123,-0.337,41.383,40.861,42.795,-450.657,-667.546,15834.04,10.035
10,2022,03,30,16,10,02,-0.174,0.05,-0.484,41.895,43.291,44.963,-489.319,-633.059,15839.68,10.04
10,2022,03,30,16,10,03,-0.066,-0.026,0.136,44.187,42.827,45.166,-469.462,-587.919,15846.61,10.044
10,2022,03,30,16,10,03,0.026,-0.074,0.289,40.871,41.17,42.366,-460.566,-604.977,15818.63,10.035
10,2022,03,30,16,10,04,0.005,-0.09,0.355,43.608,42.562,45.663,-449.375,-589.823,15812.65,10.044
10,2022,03,30,16,10,04,0.008,-0.07,0.311,44.365,41.435,44.782,-459.645,-566.029,15820.22,10.04
10,2022,03,30,16,10,05,0.052,0.026,-0.122,42.273,41.678,45.143,-434.459,-501.439,15801.09,10.044
10,2022,03,30,16,10,05,0.066,0.001,-0.026,43.986,40.751,45.053,-441.81,-487.614,15821.13,10.046
10,2022,03,30,16,10,06,0.046,-0.097,0.388,42.496,44.307,46.747,-452.29,-506.995,15861.18,10.04
10,2022,03,30,16,10,06,0.06,-0.151,0.455,42.763,43.931,45.889,-398.642,-609.83,15809.63,10.04
10,2022,03,30,16,10,07,-0.076,-0.073,0.195,45.299,45.588,45.708,-445.738,-579.477,15824.47,10.044
10,2022,03,30,16,10,07,0.004,-0.011,0.052,44.431,43.114,46.363,-484.776,-566.829,15824.79,10.035
10,2022,03,30,16,10,08,-0.006,-0.058,0.236,44.342,44.947,45.437,-438.569,-555.5,15808.05,10.068
10,2022,03,30,16,10,08,-0.137,0.031,-0.137,42.74,42.297,41.44,-496.536,-557.726,15845.19,10.046
10,2022,03,30,16,10,09,-0.311,0.119,0.056,43.697,38.763,42.682,-458.979,-544.175,15809.83,10.054
10,2022,03,30,16,10,09,-0.074,-0.034,0.207,43.786,42.849,43.45,-459.28,-576.715,15861.56,10.051
10,2022,03,30,16,10,10,-0.069,-0.059,0.241,42.095,40.618,43.517,-446.266,-507.355,15829.19,10.063
10,2022,03,30,16,10,10,-0.077,0.013,-0.003,42.362,42.12,44.556,-396.325,-545.515,15819.91,10.067
10,2022,03,30,16,10,11,0.007,0.029,0.146,42.874,42.628,46.747,-412.268,-563.904,15846.23,10.044
10,2022,03,30,16,10,11,0.047,0.074,-0.244,44.854,43.511,44.85,-421.608,-541.91,15815.25,10.046
10,2022,03,30,16,10,12,0.028,0.034,-0.127,43.141,41.325,44.353,-430.135,-624.95,15825.3,10.058
10,2022,03,30,16,10,12,0.025,0.061,-0.199,43.92,43.754,44.827,-439.887,-542.469,15819.82,10.067
10,2022,03,30,16,10,13,0.051,0.029,-0.058,40.582,44.395,44.353,-481.47,-530.671,15825.57,10.054
10,2022,03,30,16,10,13,-0.064,-0.003,0.012,41.606,42.893,44.466,-459.854,-625.37,15828.14,10.067
10,2022,03,30,16,10,14,0.015,-0.05,0.082,41.939,42.009,42.05,-437.848,-633.26,15823.44,10.063
10,2022,03,30,16,10,14,0.033,-0.078,0.304,43.03,41.568,44.218,-432.165,-501.568,15789.38,10.056
10,2022,03,30,16,10,15,0.019,-0.011,0.088,40.96,39.249,43.879,-430.821,-548.475,15849.94,10.063
10,2022,03,30,16,10,15,0.006,0.004,0.109,43.363,40.773,41.643,-287.768,-640.775,15780.56,10.051
10,2022,03,30,16,10,16,-0.058,0.044,-0.151,43.564,41.259,42.772,-411.862,-575.038,15782.42,10.063
10,2022,03,30,16,10,16,-0.161,0.006,0.109,42.028,41.501,41.733,-494.423,-617.761,15809.69,10.067
10,2022,03,30,16,10,17,-0.05,0.033,-0.137,42.941,42.937,43.653,-435.308,-648.785,15845.72,10.068
10,2022,03,30,16,10,17,-0.004,-0.035,0.146,43.742,42.385,44.489,-467.784,-725.611,15866.5,10.067
10,2022,03,30,16,10,18,-0.016,-0.098,0.425,41.85,41.877,45.956,-385.798,-633.687,15809.49,10.072
10,2022,03,30,16,10,18,-0.049,-0.118,0.379,41.094,42.562,46.453,-395.42,-636.668,15837.54,10.072
10,2022,03,30,16,10,19,0.011,-0.218,0.843,42.473,40.751,43.788,-405.661,-638.063,15827.56,10.072
10,2022,03,30,16,10,19,0.041,-0.056,0.163,43.252,42.142,46.227,-413.531,-641.958,15833.05,10.072
10,2022,03,30,16,10,20,0.004,-0.042,0.099,40.093,38.476,42.84,-378.861,-603.287,15816.96,10.072
10,2022,03,30,16,10,20,-0.014,-0.078,0.283,41.895,42.032,43.969,-398.886,-602.897,15814.08,10.072
10,2022,03,30,16,10,21,-0.035,0.073,-0.372,44.298,42.076,43.179,-422.874,-660.784,15821.94,10.072
10,2022,03,30,16,10,21,-0.099,0.068,-0.133,42.362,43.268,47.266,-406.762,-639.352,15837.58,10.072
10,2022,03,30,16,10,22,0.008,-0.073,0.398,42.273,43.953,44.918,-362.378,-616.751,15815.21,10.072
10,2022,03,30,16,10,22,0.008,-0.05,0.247,42.963,42.429,43.924,-359.095,-498.434,15821.39,10.072
10,2022,03,30,16,10,23,-0.033,-0.074,0.281,43.274,44.439,44.714,-360.572,-440.107,15840.06,10.072
10,2022,03,30,16,10,23,0.097,-0.052,0.277,42.295,39.602,45.347,-410.295,-538.655,15847.21,10.072
10,2022,03,30,16,10,24,0.007,-0.091,0.355,42.896,42.297,44.195,-377.613,-524.85,15835.56,10.068
10,2022,03,30,16,10,24,0.011,-0.079,0.34,42.852,42.341,44.489,-385.234,-666.202,15828.93,10.067
10,2022,03,30,16,10,25,0.002,-0.067,0.372,40.36,43.401,43.179,-373.288,-591.014,15820.74,10.068
10,2022,03,30,16,10,25,-0.025,0.089,-0.312,41.873,43.754,43.246,-343.574,-614.841,15805.19,10.067
10,2022,03,30,16,10,26,-0.073,0.021,-0.275,41.606,39.514,42.366,-291.717,-634.354,15811.58,10.072
10,2022,03,30,16,10,26,-0.032,0.004,-0.031,44.209,44.307,46.295,-394.696,-657.305,15833.34,10.072
10,2022,03,30,16,10,27,-0.014,-0.031,0.162,41.428,42.208,45.46,-379.221,-821.363,15822.85,10.063
10,2022,03,30,16,10,27,-0.056,-0.048,0.24,41.539,39.138,41.824,-337.342,-923.171,15819.84,10.072
10,2022,03,30,16,10,28,-0.015,-0.073,0.292,44.898,43.357,44.872,-356.535,-840.005,15743.19,10.068
10,2022,03,30,16,10,28,-0.024,-0.065,0.161,44.854,43.71,43.63,-363.463,-699.985,15815.84,10.072
10,2022,03,30,16,10,29,0.032,-0.08,0.281,41.25,42.208,44.082,-357.274,-648.301,15831.78,10.068
10,2022,03,30,16,10,29,0.025,-0.12,0.366,40.849,40.817,44.308,-368.878,-741.255,15821.14,10.072
10,2022,03,30,16,10,30,-0.07,-0.091,0.388,41.361,42.275,46.498,-389.815,-747.558,15829.52,10.068
10,2022,03,30,16,10,30,-0.1,-0.063,0.03,44.587,41.016,45.572,-382.562,-677.297,15842.85,10.072
10,2022,03,30,16,10,31,-0.111,0.033,-0.153,39.803,40.397,43.743,-378.048,-683.473,15808.39,10.072
10,2022,03,30,16,10,31,-0.084,0.075,-0.161,42.629,40.861,43.879,-405.111,-751.59,15825.87,10.072
10,2022,03,30,16,10,32,-0.03,0.019,0.052,43.208,43.07,44.421,-392.24,-678.183,15796.28,10.072
10,2022,03,30,16,10,32,-0.158,0.092,-0.329,44.12,40.574,42.817,-333.413,-774.313,15821.76,10.072
10,2022,03,30,16,10,33,-0.124,0.08,-0.227,38.736,39.447,45.166,-390.109,-681.931,15806.35,10.068
10,2022,03,30,16,10,33,-0.098,0.081,-0.38,43.363,42.12,43.337,-296.785,-579.308,15781.74,10.062
10,2022,03,30,16,10,34,-0.084,-0.001,0.083,41.917,39.182,43.246,-247.346,-586.992,15798.78,10.072
10,2022,03,30,16,10,34,-0.054,0.047,-0.169,43.252,42.363,41.259,-180.894,-493.33,15885.46,10.072
10,2022,03,30,16,10,35,0.055,-0.03,0.139,40.471,41.325,41.688,-251.684,-406.419,15831.56,10.063
10,2022,03,30,16,10,35,0.038,-0.033,0.167,40.493,41.656,43.834,-268.507,-538.257,15847.33,10.072
10,2022,03,30,16,10,36,0.001,-0.047,0.194,41.828,39.469,42.275,-297.65,-522.297,15821.58,10.072
11,2022,03,30,16,28,09,0.774,-0.268,0.965,47.902,46.78,48.102,-440.454,-722.326,15868.75,9.885
11,2022,03,30,16,28,10,0.809,-0.346,1.255,47.835,45.654,49.118,-250.585,-723.024,15809.2,9.885
11,2022,03,30,16,28,10,0.819,-0.271,1.103,45.944,44.903,48.689,-417.898,-778.622,15874.35,9.885
11,2022,03,30,16,28,11,0.79,-0.271,1.106,47.769,48.105,49.525,-406.036,-627.571,15855.37,9.885
11,2022,03,30,16,28,11,0.682,-0.252,0.67,47.413,46.913,48.576,-273.899,-775.371,15773.83,9.885
11,2022,03,30,16,28,12,0.771,-0.321,1.311,47.791,44.527,49.705,-329.011,-597.966,15792.9,9.885
11,2022,03,30,16,28,12,0.698,-0.194,0.702,45.455,45.234,49.254,-314.957,-648.221,15801.24,9.885
11,2022,03,30,16,28,13,0.606,-0.191,0.89,48.903,46.051,47.944,-346.597,-496.072,15817.07,9.885
11,2022,03,30,16,28,13,0.794,-0.278,1.117,44.454,43.975,48.531,-427.97,-752.065,15844.14,9.885
11,2022,03,30,16,28,14,0.964,-0.359,1.166,46.678,45.919,48.757,-316.462,-613.998,15879.21,9.89
11,2022,03,30,16,28,14,0.647,-0.217,0.803,46.834,46.869,47.831,-212.686,-694.944,15802.16,9.885
11,2022,03,30,16,28,15,0.804,-0.302,0.902,45.188,44.881,47.786,-333.861,-573.875,15806.47,9.885
11,2022,03,30,16,28,15,0.8,-0.338,1.368,49.326,47.332,48.192,-164.962,-686.288,15808.91,9.885
11,2022,03,30,16,28,16,0.802,-0.297,0.921,46.256,45.389,48.215,-243.301,-588.387,15824.81,9.885
11,2022,03,30,16,28,16,0.808,-0.289,1.083,46.567,44.616,47.921,-174.346,-549.167,15820.17,9.885
11,2022,03,30,16,28,17,0.665,-0.225,1.235,46.256,47.575,46.227,-301.687,-521.616,15867.57,9.885
11,2022,03,30,16,28,17,0.692,-0.292,1.342,47.924,45.588,48.824,-254.254,-552.867,15769.87,9.885
11,2022,03,30,16,28,18,0.716,-0.202,0.768,48.036,45.919,48.17,-268.888,-429.318,15815.95,9.885
11,2022,03,30,16,28,18,0.891,-0.253,0.756,47.524,46.162,50.631,-200.874,-640.219,15769.19,9.885
11,2022,03,30,16,28,19,0.848,-0.274,1.141,47.568,47.84,48.87,-286.415,-557.49,15846.22,9.89
11,2022,03,30,16,28,20,0.865,-0.242,1.039,46.078,47.288,49.863,-155.776,-622.059,15800.91,9.891
11,2022,03,30,16,28,20,0.818,-0.295,1.082,48.881,47.288,47.808,-258.135,-622.207,15865.41,9.885
11,2022,03,30,16,28,20,0.716,-0.285,1.159,47.947,47.929,50.36,-200.891,-509.426,15792,9.896
11,2022,03,30,16,28,21,0.804,-0.324,1.199,48.837,44.925,49.163,-235.273,-531.437,15747.79,9.89
11,2022,03,30,16,28,21,0.865,-0.35,1.365,45.833,46.515,49.615,-319.113,-660.698,15879.19,9.885
11,2022,03,30,16,28,22,0.862,-0.355,1.101,45.61,46.118,50.179,-122.436,-667.544,15750.31,9.89
11,2022,03,30,16,28,23,0.861,-0.339,0.572,46.612,47.222,50.947,-357.41,-547.091,15911.42,9.891
11,2022,03,30,16,28,23,0.886,-0.251,1.1,46.322,47.067,49.75,-233.55,-638.175,15819.71,9.895
11,2022,03,30,16,28,24,0.617,-0.244,1.158,48.792,49.055,50.721,-268.649,-599.596,15871.28,9.896
11,2022,03,30,16,28,24,0.727,-0.231,0.939,48.013,48.702,50.541,-163.206,-703.811,15816.94,9.899
11,2022,03,30,16,28,25,0.802,-0.335,1.27,46.767,45.367,47.876,-285.571,-573.361,15836.51,9.891
11,2022,03,30,16,28,25,0.749,-0.211,0.892,48.058,49.21,49.231,-263.815,-745.855,15901.61,9.895
11,2022,03,30,16,28,26,0.882,-0.243,0.758,47.212,47.642,50.112,-214.811,-699.592,15802.24,9.896
11,2022,03,30,16,28,26,0.945,-0.26,1.493,49.193,46.206,51.421,-300.5,-612.295,15831.19,9.909
11,2022,03,30,16,28,27,0.701,-0.256,0.951,49.059,46.714,49.592,-288.91,-738.819,15800.59,9.885
11,2022,03,30,16,28,27,0.848,-0.267,1.191,46.434,46.073,47.899,-218.936,-598.144,15791,9.909
11,2022,03,30,16,28,28,0.682,-0.349,1.131,48.258,46.935,50.179,-222.745,-668.672,15755.96,9.896
11,2022,03,30,16,28,28,0.493,-0.146,0.719,49.126,47.089,50.767,-347.877,-745.337,15871.53,9.909
11,2022,03,30,16,28,29,0.848,-0.262,1.012,46.634,45.831,47.424,-337.061,-670.597,15872.49,9.912
11,2022,03,30,16,28,29,0.87,-0.266,1.501,48.414,47.863,49.321,-258.831,-659.106,15818.06,9.909
11,2022,03,30,16,28,30,0.731,-0.313,1.073,48.859,46.957,48.802,-295.537,-615.158,15821.24,9.912
11,2022,03,30,16,28,30,0.797,-0.263,0.926,48.058,44.969,49.773,-270.494,-669.09,15842.23,9.904
11,2022,03,30,16,28,31,0.882,-0.298,1.05,47.19,47.2,48.599,-199.094,-560.407,15751.77,9.912
11,2022,03,30,16,28,31,0.883,-0.306,0.992,47.813,46.25,49.366,-210.711,-718.411,15765.15,9.913
11,2022,03,30,16,28,32,0.886,-0.325,1.16,46.923,46.294,50.45,-355.476,-732.618,15894.15,9.917
11,2022,03,30,16,28,32,0.838,-0.333,1.047,48.392,47.863,48.215,-213.933,-569.706,15804.5,9.904
11,2022,03,30,16,28,33,0.74,-0.239,0.99,47.858,48.503,50.586,-226.562,-690.653,15813.5,9.907
11,2022,03,30,16,28,33,0.928,-0.249,1.535,48.636,47.067,48.757,-198.101,-621.568,15783.43,9.913
11,2022,03,30,16,28,33,0.646,-0.28,1.21,44.943,47.487,48.124,-279.855,-540.819,15854.22,9.901
11,2022,03,30,16,28,34,0.641,-0.22,0.794,46.901,48.393,46.702,-308.583,-667.567,15890.18,9.909
11,2022,03,30,16,28,35,0.753,-0.207,0.763,48.636,47.266,48.215,-282.605,-592.409,15788.84,9.912
11,2022,03,30,16,28,35,0.734,-0.291,1.337,47.101,44.461,47.537,-171.028,-651.419,15739.98,9.923
11,2022,03,30,16,28,36,0.862,-0.372,1.16,47.702,45.831,48.034,-334.598,-545.025,15854.25,9.912
11,2022,03,30,16,28,36,0.748,-0.226,1.039,46.678,47.001,50.88,-250.936,-484.178,15734.93,9.913
11,2022,03,30,16,28,37,0.696,-0.213,0.681,47.524,48.238,48.531,-194.279,-698.3,15834.24,9.923
11,2022,03,30,16,28,37,0.691,-0.289,0.941,47.991,46.007,49.321,-228.631,-606.881,15769.14,9.904
11,2022,03,30,16,28,38,0.721,-0.299,0.949,48.258,46.736,49.186,-162.437,-693.06,15809.03,9.912
11,2022,03,30,16,28,38,0.664,-0.19,0.861,46.856,46.294,50.473,-352.16,-565.905,15840.32,9.913
11,2022,03,30,16,28,39,0.699,-0.261,1.038,47.813,46.537,49.163,-294.136,-524.374,15778.47,9.917
11,2022,03,30,16,28,39,0.764,-0.287,1,47.924,46.361,47.469,-202.452,-611.644,15787.25,9.918
11,2022,03,30,16,28,40,0.47,-0.163,0.701,46.144,45.146,49.163,-332.034,-552.612,15808.66,9.917
11,2022,03,30,16,28,40,0.651,-0.262,1.141,47.123,45.565,48.847,-291.701,-520.552,15795.55,9.918
11,2022,03,30,16,28,41,0.926,-0.363,0.915,46.456,45.654,47.763,-239.53,-777.596,15837.9,9.917
11,2022,03,30,16,28,41,0.802,-0.274,1.315,47.991,46.316,48.011,-320.86,-659.351,15814.01,9.918
11,2022,03,30,16,28,42,0.971,-0.31,0.96,46.256,44.461,47.831,-313.822,-615.595,15832.66,9.917
11,2022,03,30,16,28,42,0.995,-0.239,1.298,47.39,44.152,47.447,-235.345,-701.445,15866.84,9.913
11,2022,03,30,16,28,43,0.697,-0.281,1.101,50.016,47.001,48.892,-531.853,-660.072,15947.57,9.923
11,2022,03,30,16,28,43,0.847,-0.194,1.128,46.411,46.007,48.87,-209.064,-708.313,15766.97,9.909
11,2022,03,30,16,28,44,0.657,-0.31,0.979,46.545,46.118,47.537,-278.089,-720.962,15754.56,9.923
11,2022,03,30,16,28,44,0.554,-0.239,0.337,46.167,47.134,50.405,-333.966,-685.286,15844.46,9.923
11,2022,03,30,16,28,45,0.534,-0.212,1.012,46.233,47.377,49.615,-241.207,-664.174,15787.87,9.917
11,2022,03,30,16,28,45,0.798,-0.325,1.129,45.41,44.704,47.605,-318.885,-601.434,15802.97,9.904
11,2022,03,30,16,28,46,0.842,-0.24,0.806,46.834,45.963,47.695,-146.972,-611.705,15723.01,9.923
11,2022,03,30,16,28,46,0.746,-0.314,1.143,46.834,45.963,48.237,-277.603,-580.156,15792.63,9.913
11,2022,03,30,16,28,47,0.695,-0.317,1.369,47.502,45.897,48.779,-246.962,-565.474,15818.11,9.917
11,2022,03,30,16,28,47,0.773,-0.275,0.874,47.413,46.228,48.892,-270.028,-625.233,15831.44,9.918
11,2022,03,30,16,28,48,0.82,-0.239,1.112,46.567,44.682,48.734,-318.299,-748.71,15816.75,9.917
11,2022,03,30,16,28,48,0.757,-0.264,0.998,46.656,45.985,50.36,-411.569,-641.2,15887.62,9.923
11,2022,03,30,16,28,49,0.565,-0.233,0.721,48.57,46.515,48.915,-419.209,-740.814,15816.52,9.923
11,2022,03,30,16,28,49,0.993,-0.282,0.791,46.879,44.505,48.079,-294.465,-841.723,15861.29,9.913
12,2022,03,30,16,32,03,0.832,-0.083,0.356,48.325,47.774,48.847,-140.382,113.631,15721.5,9.885
12,2022,03,30,16,32,04,0.942,-0.12,0.745,46.478,46.471,47.515,-165.48,-410.364,15777.69,9.885
12,2022,03,30,16,32,04,1.166,-0.206,0.791,47.012,45.035,50.27,-195.067,-479.739,15777.76,9.885
12,2022,03,30,16,32,05,0.926,-0.037,0.226,46.478,46.051,48.35,-76.967,-251.905,15734.94,9.885
12,2022,03,30,16,32,05,0.964,-0.084,0.509,47.457,46.515,49.637,-147.976,-452.974,15775.04,9.885
12,2022,03,30,16,32,06,1.052,-0.071,0.192,47.034,46.206,47.695,-47.02,-307.488,15813.97,9.885
12,2022,03,30,16,32,06,1.033,-0.177,0.502,46.345,45.389,46.927,43.791,-377.689,15771.58,9.885
12,2022,03,30,16,32,07,0.857,-0.046,0,46.834,47.089,49.999,-322.888,26.033,15865.79,9.885
12,2022,03,30,16,32,07,0.999,-0.137,0.425,46.3,46.361,47.921,-216.204,-268.751,15849.42,9.885
12,2022,03,30,16,32,08,0.965,-0.193,0.504,45.299,45.764,47.74,-284.905,-86.366,15773.81,9.885
12,2022,03,30,16,32,08,1.067,-0.204,0.731,46.856,43.799,48.057,-245.001,-425.75,15824.76,9.885
12,2022,03,30,16,32,09,1.103,-0.153,0.315,46.3,45.941,47.673,-233.93,-169.904,15703.33,9.885
12,2022,03,30,16,32,09,0.989,-0.105,0.266,46.945,47.089,49.005,-636.759,-277.247,15942.94,9.885
12,2022,03,30,16,32,10,1.096,-0.122,0.144,47.502,44.748,46.408,-498.648,-383.742,15904.95,9.885
12,2022,03,30,16,32,10,0.895,-0.155,0.529,47.168,46.758,49.818,-426.684,-70.935,15811.42,9.885
12,2022,03,30,16,32,11,0.835,-0.142,0.584,46.345,47.377,48.644,-300.023,-226.245,15816.3,9.885
12,2022,03,30,16,32,11,0.851,-0.015,0.164,46.456,46.162,48.463,-302.344,-225.015,15777.7,9.885
12,2022,03,30,16,32,12,0.98,-0.138,0.582,47.346,45.433,46.837,-258.541,-153.402,15779.03,9.885
12,2022,03,30,16,32,12,0.973,-0.148,0.433,46.589,46.824,48.17,-467.031,-355.499,15839.32,9.885
12,2022,03,30,16,32,13,1.042,-0.181,0.579,45.677,46.515,47.447,-394.652,-267.187,15838.95,9.885
12,2022,03,30,16,32,13,0.88,-0.1,0.426,44.965,45.345,47.989,-204.103,-156.358,15714.83,9.885
12,2022,03,30,16,32,14,0.965,-0.152,0.604,45.655,46.162,48.983,-243.857,-515.694,15861.52,9.885
12,2022,03,30,16,32,14,1.034,-0.13,0.29,45.833,45.764,49.254,-572.36,-91.845,15951.12,9.885
12,2022,03,30,16,32,15,0.987,-0.1,0.262,46.211,46.029,47.989,-245.966,-626.533,15823.49,9.885
12,2022,03,30,16,32,15,0.946,-0.087,0.293,47.924,44.638,47.899,65.754,-546.507,15626.01,9.885
12,2022,03,30,16,32,16,0.997,-0.098,0.13,46.478,45.035,48.079,-297.638,-294.8,15895.54,9.885
12,2022,03,30,16,32,16,0.854,-0.09,0.206,45.9,47.575,49.05,-194.039,-117.824,15803.31,9.885
12,2022,03,30,16,32,17,0.859,-0.103,0.268,46.144,47.575,48.192,-331.707,106.724,15806.33,9.885
12,2022,03,30,16,32,17,0.886,-0.169,0.694,46.322,46.383,47.56,-140.683,-596.049,15818.75,9.885
12,2022,03,30,16,32,18,1.092,-0.119,0.285,44.698,47.288,47.357,-441.829,-63.033,15819.27,9.885
12,2022,03,30,16,32,18,1.076,-0.167,0.389,45.677,45.742,48.757,-136.897,-378.062,15849.15,9.885
12,2022,03,30,16,32,19,1.047,-0.147,0.659,45.766,46.073,47.605,-302.08,-453.385,15878.36,9.885
12,2022,03,30,16,32,19,1.026,-0.131,0.304,48.125,46.626,47.582,-385.469,-398.578,15828.73,9.885
12,2022,03,30,16,32,20,0.988,-0.153,0.631,46.033,47.023,49.141,-296.803,-374.915,15778.95,9.885
12,2022,03,30,16,32,20,0.997,-0.177,0.509,45.744,46.405,46.566,-560.858,-354.623,15944.38,9.885
12,2022,03,30,16,32,21,0.928,-0.165,0.493,46.812,45.808,48.328,-180.677,-205.089,15758.01,9.885
12,2022,03,30,16,32,21,0.975,-0.104,0.328,47.435,46.957,48.463,-329.872,-353.385,15816.54,9.885
12,2022,03,30,16,32,22,1.071,-0.14,0.675,45.366,45.963,46.521,-305.424,-72.222,15821.55,9.885
12,2022,03,30,16,32,22,0.934,-0.163,0.378,47.591,46.339,48.147,-285.251,-517.569,15885.81,9.885
12,2022,03,30,16,32,23,1.089,-0.115,0.17,44.698,43.754,48.124,-375.414,-244.932,15814.57,9.885
12,2022,03,30,16,32,23,0.952,-0.125,0.522,49.104,46.361,47.357,-396.429,-281.848,15854.07,9.885
12,2022,03,30,16,32,24,0.994,-0.072,0.157,45.922,45.455,48.124,-426.697,-324.871,16033.98,9.885
12,2022,03,30,16,32,24,1.18,-0.135,0.332,46.701,46.25,47.56,-293.637,-212.663,15811.78,9.885
12,2022,03,30,16,32,25,0.942,-0.106,0.732,45.188,45.742,48.17,65.752,-270.197,15775.39,9.885
12,2022,03,30,16,32,25,0.949,-0.19,0.705,46.678,46.824,48.079,-367.891,-313.597,15941.53,9.885
12,2022,03,30,16,32,26,1.004,-0.12,0.308,47.19,47.575,46.837,-281.648,-179.544,15817.48,9.885
12,2022,03,30,16,32,26,0.944,-0.039,0.128,45.922,46.096,47.695,-344.52,-197.664,15982.92,9.885
12,2022,03,30,16,32,27,0.908,-0.016,-0.038,46.767,46.714,47.853,-194.752,-32.361,15818.93,9.885
12,2022,03,30,16,32,27,0.611,-0.086,0.038,48.236,47.377,49.231,-309.37,-416.409,15833.69,9.885
12,2022,03,30,16,32,28,0.918,-0.042,0.295,47.991,44.505,48.983,-78.343,-155.659,15747.22,9.885
12,2022,03,30,16,32,28,1.07,-0.15,0.409,46.211,48.459,46.634,-382.113,-103.02,15848.61,9.885
12,2022,03,30,16,32,29,1.278,-0.158,0.383,46.767,44.108,46.521,-26.397,-210.185,15730.24,9.885
12,2022,03,30,16,32,29,1.08,-0.148,0.498,46.055,45.963,46.611,-118.412,-252.582,15794.35,9.885
12,2022,03,30,16,32,30,0.914,-0.21,0.747,45.766,44.969,47.853,57.777,-384.493,15667.41,9.885
12,2022,03,30,16,32,30,1.042,-0.024,0.175,44.832,46.67,48.373,-384.794,-26.834,15892.97,9.885
12,2022,03,30,16,32,31,0.985,-0.086,0.039,45.966,45.565,48.486,-313.722,-635.304,15913.6,9.885
12,2022,03,30,16,32,31,0.994,-0.184,0.392,48.214,46.493,50.067,192.65,-577.544,15560.38,9.885
12,2022,03,30,16,32,32,0.976,-0.05,0.053,44.832,46.869,47.153,-57.773,-172.517,15883.56,9.885
12,2022,03,30,16,32,32,0.975,-0.087,-0.098,46.612,46.979,49.908,-11.982,-418.601,15895.71,9.885
12,2022,03,30,16,32,33,1.273,-0.121,0.271,45.544,45.61,47.063,-171.964,-168.91,15861.39,9.885
12,2022,03,30,16,32,33,1.001,-0.129,0.675,46.656,46.537,47.899,-87.301,-227.194,15873.94,9.885
12,2022,03,30,16,32,34,0.813,-0.1,0.504,45.744,44.792,47.311,12.025,62.607,15911.43,9.885
12,2022,03,30,16,32,34,0.96,-0.136,0.6,46.634,49.011,46.837,4.565,-106.9,15769,9.885
12,2022,03,30,16,32,35,0.922,-0.159,0.571,46.767,45.875,49.254,31.432,-91.211,15890.19,9.885
12,2022,03,30,16,32,35,0.971,-0.09,0.287,47.457,45.897,51.083,187.813,81.321,15701.79,9.885
12,2022,03,30,16,32,36,0.899,-0.162,0.172,46.656,46.626,47.853,-5.086,-76.913,15865.9,9.885
12,2022,03,30,16,32,36,1.008,-0.089,0.326,47.279,46.339,47.628,-8.431,-62.805,15829.92,9.885
12,2022,03,30,16,32,37,1.022,-0.163,0.282,45.855,46.096,47.628,-180.82,26.154,15929.92,9.885
12,2022,03,30,16,32,37,0.772,-0.087,0.454,45.232,44.616,51.128,-87.181,-230.946,15919.73,9.885
12,2022,03,30,16,32,38,0.999,-0.191,0.4,45.922,46.029,47.108,-108.342,71.929,15773.14,9.885
12,2022,03,30,16,32,38,0.951,-0.088,0.46,45.989,47.288,47.424,-166.286,68.295,15923.46,9.885
12,2022,03,30,16,32,39,0.971,-0.095,0.073,47.346,47.156,49.254,176.808,-70.107,15777.92,9.885
12,2022,03,30,16,32,39,1.007,-0.114,0.415,47.435,46.316,48.644,15.387,-350.591,15807.65,9.885
12,2022,03,30,16,32,40,1.01,-0.165,0.476,44.075,45.588,48.418,-15.928,-109.915,15832.47,9.885
12,2022,03,30,16,32,40,0.876,-0.138,0.38,46.167,45.013,47.198,-129.447,-3.222,15817.33,9.885
12,2022,03,30,16,32,41,0.984,-0.1,0.432,46.389,46.096,48.441,102.323,-400.296,15815.75,9.885
12,2022,03,30,16,32,41,0.908,-0.148,0.537,48.125,46.979,50.044,-38.088,-129.548,15737.36,9.885
12,2022,03,30,16,32,42,0.897,-0.178,0.443,46.478,46.206,46.815,-15.945,-395.188,15885.57,9.885
12,2022,03,30,16,32,42,1.126,-0.213,0.533,44.587,45.013,47.628,-47.258,66.791,15733.85,9.885
12,2022,03,30,16,32,43,0.982,-0.09,0.293,45.21,45.499,46.363,120.588,-236.082,15784.83,9.885
13,2022,03,30,16,34,37,0.974,-0.008,-0.496,43.408,44.969,46.544,-208.198,-495.88,15668.31,9.848
13,2022,03,30,16,34,38,0.775,0.015,0.191,44.787,45.499,45.798,-115.818,-743.025,15881.69,9.848
13,2022,03,30,16,34,38,0.962,-0.098,0.121,45.165,44.108,46.318,75.14,-488.927,15757.58,9.848
13,2022,03,30,16,34,39,1.031,-0.047,0.026,44.164,47.089,44.421,265.269,-423.383,15660.28,9.848
13,2022,03,30,16,34,39,0.986,-0.129,0.318,45.121,44.262,44.714,-666.927,-526.907,16111.96,9.848
13,2022,03,30,16,34,40,1.093,0.101,-0.182,44.365,44.483,45.64,249.938,-100.094,15636.5,9.848
13,2022,03,30,16,34,40,1.011,0.073,-0.539,45.21,42.805,46.656,172.283,134.27,15495.08,9.848
13,2022,03,30,16,34,41,0.643,-0.021,0.133,43.363,44.064,45.234,-22.457,420.846,15528.95,9.848
13,2022,03,30,16,34,41,0.998,-0.06,0.159,43.119,44.792,45.618,-26.057,-1322.076,15927.82,9.848
13,2022,03,30,16,34,42,1.02,-0.135,0.593,43.675,43.997,47.605,-306.424,-157.439,15759.06,9.848
13,2022,03,30,16,34,42,0.837,-0.118,0.526,45.41,45.808,47.944,-219.715,-560.476,15916.35,9.848
13,2022,03,30,16,34,43,0.927,-0.002,-0.089,44.409,45.124,46.069,30.598,-580.177,15746.89,9.848
13,2022,03,30,16,34,43,0.989,0.046,-0.353,45.811,44.174,45.979,-209.235,-336.456,15759.19,9.848
13,2022,03,30,16,34,44,0.837,0.045,-0.622,43.319,43.578,45.053,3.067,-594.363,15791.12,9.848
13,2022,03,30,16,34,44,0.923,0.004,-0.045,44.609,43.931,47.244,-160.574,-224.251,15798.38,9.848
13,2022,03,30,16,34,45,1.172,-0.005,0.04,45.121,43.909,47.899,-226.141,-1079.579,16081.63,9.848
13,2022,03,30,16,34,45,1.328,-0.088,-0.099,44.365,44.726,46.34,-415.189,-987.071,15980.94,9.848
13,2022,03,30,16,34,46,1.181,-0.042,0.167,45.744,45.234,47.966,-209.664,-1205.988,15919.87,9.848
13,2022,03,30,16,34,46,0.97,-0.065,0.079,44.72,44.748,47.628,101.796,-401.79,15845.21,9.848
13,2022,03,30,16,34,47,0.908,0.158,-0.859,45.9,44.461,47.605,93.653,-151.738,15629.28,9.848
13,2022,03,30,16,34,47,0.918,-0.054,0.189,45.143,44.108,46.114,-499.695,-730.69,16156.89,9.848
13,2022,03,30,16,34,48,0.739,-0.059,0.275,45.076,44.284,45.753,-152.09,-164.748,15831.33,9.848
13,2022,03,30,16,34,48,0.821,0.021,-0.036,45.188,44.351,46.792,-291.606,-597.42,15910.09,9.848
13,2022,03,30,16,34,49,0.667,0.085,-0.265,46.3,45.742,45.392,-66.827,-599.207,15881.16,9.848
13,2022,03,30,16,34,49,0.92,0.028,-0.426,45.788,46.581,46.566,-325.672,767.272,15668.53,9.848
13,2022,03,30,16,34,50,1.255,0.114,-0.538,43.408,43.224,47.198,-81.193,39.401,15803.75,9.848
13,2022,03,30,16,34,50,0.9,-0.08,0.191,45.076,43.158,45.866,-93.855,-1477.583,16191.14,9.848
13,2022,03,30,16,34,51,1.074,-0.021,0.187,45.588,44.549,45.731,5.7,73.604,15643.19,9.848
13,2022,03,30,16,34,51,1.122,-0.06,-0.222,44.053,45.19,46.024,152.628,433.758,15524.01,9.848
13,2022,03,30,16,34,52,0.943,-0.089,0.562,45.299,43.18,46.792,22.418,-859.52,15587.84,9.848
13,2022,03,30,16,34,52,1.017,-0.194,0.426,45.41,44.373,47.605,-519.269,678.12,15795.69,9.848
13,2022,03,30,16,34,53,0.839,-0.047,0.211,45.366,44.262,42.795,312.18,-733.416,15579.84,9.848
13,2022,03,30,16,34,53,0.928,-0.007,-0.001,44.787,43.246,46.047,-261.193,-486.426,15917.28,9.848
13,2022,03,30,16,34,54,0.914,0.02,-0.139,45.499,45.323,45.527,-327.974,-342.563,15858.36,9.848
13,2022,03,30,16,34,54,0.913,0.148,-0.652,46.1,43.622,45.618,-156.729,-399.461,15842.66,9.848
13,2022,03,30,16,34,55,1.098,0.113,-0.492,45.432,44.262,46.182,-86.887,88.081,15738.86,9.848
13,2022,03,30,16,34,55,1.154,-0.006,-0.488,44.898,44.329,47.582,87.279,-573.928,15713.39,9.848
13,2022,03,30,16,34,56,0.746,-0.048,0.337,44.654,43.975,45.979,277.804,-266.551,15563.48,9.848
13,2022,03,30,16,34,56,0.997,0.037,-0.382,44.654,43.357,47.763,-270.91,-862.325,16022.28,9.848
13,2022,03,30,16,34,57,1.255,-0.042,-0.126,44.809,46.626,45.798,-321.144,-423.539,15905.81,9.857
13,2022,03,30,16,34,57,0.795,0.136,-0.438,43.23,44.218,46.137,228.167,-415.695,15459.22,9.853
13,2022,03,30,16,34,58,0.869,0.039,-0.17,46.767,43.71,46.363,21.491,-91.56,15666.15,9.848
13,2022,03,30,16,34,58,0.857,0.026,-0.294,46.879,43.732,45.776,114.268,-169.737,15749.64,9.848
13,2022,03,30,16,34,59,1.083,0.049,-0.242,44.52,45.632,46.566,-36.974,-480.25,15871.07,9.848
13,2022,03,30,16,34,59,1.081,0.069,0.487,45.321,46.25,46.137,143.551,-286.846,15667.17,9.848
13,2022,03,30,16,35,00,1.082,-0.016,0.005,45.054,44.947,46.86,-77.129,-18.626,15684.77,9.848
13,2022,03,30,16,35,00,0.77,-0.025,0.053,44.809,44.417,46.431,127.262,-1127.554,15759.88,9.848
13,2022,03,30,16,35,01,1.348,-0.075,0.281,45.388,45.588,46.95,7.941,-219.164,15720.42,9.848
13,2022,03,30,16,35,01,1.26,-0.046,0.006,46.345,45.853,47.176,-51.536,-1051.009,15785.79,9.848
13,2022,03,30,16,35,02,1.177,0.102,-0.506,46.144,45.654,47.153,-173.303,41.817,15671.6,9.853
13,2022,03,30,16,35,02,1.077,0.052,-0.227,46.945,44.77,48.373,-210.382,-499.917,15830.69,9.853
13,2022,03,30,16,35,03,0.977,0.126,-0.437,46.389,43.843,48.824,-197.402,-183.845,15635.6,9.853
13,2022,03,30,16,35,03,0.953,-0.038,-0.072,44.431,43.025,47.153,-69.627,-926.893,15854.43,9.853
13,2022,03,30,16,35,04,0.825,0,-0.163,44.298,43.931,46.995,160.251,-567.343,15650.75,9.853
13,2022,03,30,16,35,04,0.765,0.036,-0.322,44.854,44.726,46.521,94.253,-903.874,15797.01,9.853
13,2022,03,30,16,35,05,0.927,0.118,0.024,45.366,45.654,46.86,-57.585,-119.594,15708.59,9.848
13,2022,03,30,16,35,05,0.881,-0.016,-0.081,47.368,45.013,45.008,-13.487,-48.486,15745.08,9.853
13,2022,03,30,16,35,06,1.151,-0.011,-0.233,45.566,44.616,46.566,29.164,89.076,15678.94,9.853
13,2022,03,30,16,35,06,0.992,0.082,-0.245,45.165,45.411,47.311,-208.512,-619.212,15935.69,9.853
13,2022,03,30,16,35,07,0.794,-0.087,0.211,46.545,44.461,47.221,185.373,-428.434,15758.32,9.848
13,2022,03,30,16,35,07,0.762,0.103,-0.263,45.944,46.604,47.605,227.715,-338.288,15567.57,9.853
13,2022,03,30,16,35,08,0.921,-0.177,0.397,45.21,44.064,46.024,47.499,-204.736,15554.17,9.853
13,2022,03,30,16,35,08,0.696,-0.091,0.341,45.944,45.963,46.544,78.924,-727.148,15732.12,9.853
13,2022,03,30,16,35,09,0.847,-0.016,0.244,45.633,46.051,47.04,115.82,-441.985,15696.49,9.853
13,2022,03,30,16,35,09,0.894,-0.011,0.272,46.078,44.815,48.079,106.46,-338.047,15690.91,9.853
13,2022,03,30,16,35,10,0.772,0.075,-0.309,44.876,44.549,48.26,-92.622,-318.948,15710.11,9.853
13,2022,03,30,16,35,10,0.828,0.023,-0.203,44.587,45.323,46.114,72.281,-145.035,15550.27,9.853
13,2022,03,30,16,35,11,0.865,0.024,-0.13,45.254,43.556,47.515,456.072,-214.066,15574.7,9.853
13,2022,03,30,16,35,11,0.938,-0.049,-0.213,47.657,45.521,46.589,102.262,303.853,15649.74,9.848
13,2022,03,30,16,35,12,1.087,0.161,-1.019,44.587,45.786,46.363,-57.177,-759.942,15828.03,9.853
13,2022,03,30,16,35,12,1.174,0.12,-0.52,45.032,43.71,47.04,82.774,-250.224,15787.62,9.864
13,2022,03,30,16,35,13,1.071,-0.031,0.174,47.168,44.307,47.628,100.971,-74.625,15561.9,9.853
13,2022,03,30,16,35,13,0.951,-0.025,-0.134,46.478,45.786,47.086,-180.204,-579.426,16058.46,9.853
13,2022,03,30,16,35,14,0.872,-0.066,0.366,46.078,44.262,47.334,232.591,-576.061,15692.98,9.848
13,2022,03,30,16,35,14,0.98,0.102,-0.675,44.164,44.925,46.679,-62.128,-226.639,15727.64,9.853
13,2022,03,30,16,35,15,1.11,-0.08,-0.492,44.52,43.158,46.227,-89.04,-422.155,15863.98,9.848
13,2022,03,30,16,35,15,0.9,0.111,-0.334,45.633,44.815,45.166,-108.277,-281.056,15845.16,9.853
13,2022,03,30,16,35,16,0.876,-0.088,0.26,44.587,44.704,48.802,-95.002,-365.731,15784.96,9.853
13,2022,03,30,16,35,16,1.06,-0.025,-0.279,45.01,46.847,49.863,-42.789,-844.119,15825.54,9.859
13,2022,03,30,16,35,17,0.494,0.086,-0.083,45.788,44.064,46.498,76.054,-48.486,15505.4,9.853
14,2022,03,30,16,40,44,0.552,0.018,-0.062,50.772,50.557,52.302,-181.767,168.114,15811.37,9.923
14,2022,03,30,16,40,45,0.543,0.062,-0.344,51.729,50.557,52.867,-125.208,96.063,15812.7,9.923
14,2022,03,30,16,40,45,0.585,0.062,-0.184,54.199,52.368,53.251,-151.156,94.184,15806.42,9.923
14,2022,03,30,16,40,46,0.488,0.069,-0.154,53.776,53.76,56.887,-191.112,206.197,15832.68,9.923
14,2022,03,30,16,40,46,0.504,-0.01,0.041,55.044,53.539,56.819,-159.02,187.91,15818.46,9.923
14,2022,03,30,16,40,47,0.468,-0.01,0.03,53.887,53.208,54.628,-141.075,91.862,15832.76,9.923
14,2022,03,30,16,40,47,0.487,0.018,-0.022,51.885,51.286,52.551,-150.811,149.445,15826.01,9.923
14,2022,03,30,16,40,48,0.458,0.011,0.009,52.152,51.396,54.29,-76.234,69.303,15787.22,9.923
14,2022,03,30,16,40,48,0.419,0.022,-0.139,52.285,54.444,54.222,-105.878,107.368,15815.37,9.923
14,2022,03,30,16,40,49,0.502,0.039,-0.232,52.708,52.898,55.464,-139.37,157.559,15809.59,9.923
14,2022,03,30,16,40,49,0.479,0.076,-0.199,52.174,51.264,52.325,-195.257,308.123,15832.29,9.923
14,2022,03,30,16,40,50,0.526,0.06,-0.303,49.816,50.557,55.103,-88.114,65.456,15819.28,9.923
14,2022,03,30,16,40,50,0.649,-0.08,0.166,54.399,52.92,54.29,-22.742,-45.747,15788.46,9.923
14,2022,03,30,16,40,51,0.466,-0.014,0.061,50.95,49.409,52.054,-41.503,-8.444,15848.64,9.923
14,2022,03,30,16,40,51,0.572,0.039,-0.245,52.018,52.435,53.702,-16.157,-38.084,15820.33,9.923
14,2022,03,30,16,40,52,0.592,0.004,-0.048,48.169,49.144,48.802,-26.848,-140.776,15807.01,9.923
14,2022,03,30,16,40,52,0.612,0.026,-0.084,49.126,49.607,51.512,-29.58,18.614,15819.31,9.923
14,2022,03,30,16,40,53,0.562,0.073,-0.356,50.149,50.204,52.799,-8.458,-37.585,15833.19,9.923
14,2022,03,30,16,40,53,0.605,0,-0.126,47.724,47.067,49.57,-43.9,-29.665,15833.87,9.923
14,2022,03,30,16,40,54,0.575,0.017,-0.171,47.635,47.023,47.221,-44.344,72.851,15811.18,9.923
14,2022,03,30,16,40,54,0.552,0.041,-0.152,48.102,46.758,47.763,-78.738,-79.521,15800.44,9.923
14,2022,03,30,16,40,55,0.544,0.039,0.059,46.856,46.559,46.589,-35.901,3.222,15818.43,9.923
14,2022,03,30,16,40,55,0.483,0,0.111,47.168,46.979,49.683,-50.287,22.216,15805.51,9.923
14,2022,03,30,16,40,56,0.438,-0.002,0.032,48.013,46.361,49.276,-36.909,-25.041,15806.94,9.923
14,2022,03,30,16,40,56,0.415,0.043,-0.113,46.478,48.547,48.079,-46.521,45.257,15807.39,9.923
14,2022,03,30,16,40,57,0.47,0.001,0.138,45.455,43.556,46.86,-57.245,-15.785,15804.75,9.923
14,2022,03,30,16,40,57,0.517,0.042,-0.183,45.143,44.66,46.521,-74.622,-1.341,15815.05,9.923
14,2022,03,30,16,40,58,0.429,0.002,0.053,45.477,44.969,47.176,-74.277,70.229,15835.21,9.923
14,2022,03,30,16,40,58,0.443,0.022,-0.084,46.767,45.875,47.628,-61.094,4.074,15835.54,9.923
14,2022,03,30,16,40,59,0.47,-0.008,0.1,46.901,45.61,46.611,-75.12,-19.877,15834.81,9.923
14,2022,03,30,16,40,59,0.446,-0.002,-0.004,48.169,46.162,48.508,-36.59,-107.567,15812.41,9.923
14,2022,03,30,16,41,00,0.654,-0.016,-0.089,47.591,45.433,48.915,-83.842,57.71,15825.42,9.923
14,2022,03,30,16,41,00,0.629,0.052,-0.531,48.837,46.626,48.553,-101.702,118.785,15806.03,9.923
14,2022,03,30,16,41,01,0.518,0.028,-0.233,48.08,47.001,49.931,-91.485,47.401,15823.6,9.923
14,2022,03,30,16,41,01,0.576,0.002,-0.112,45.833,47.443,46.656,-78.507,44.258,15814.24,9.923
14,2022,03,30,16,41,02,0.577,0.052,-0.199,45.833,44.527,47.65,-92.674,81.339,15820.99,9.923
14,2022,03,30,16,41,02,0.52,0.037,-0.075,46.612,44.638,48.599,-39.906,52.308,15804.98,9.923
14,2022,03,30,16,41,03,0.54,-0.001,0.013,45.811,44.925,45.189,-57.993,-51.613,15817.39,9.923
14,2022,03,30,16,41,03,0.458,-0.027,0.145,46.278,46.073,46.521,-58.961,8.559,15826.32,9.923
14,2022,03,30,16,41,04,0.653,-0.007,-0.039,45.099,44.329,44.489,-54.838,-27.456,15818.96,9.923
14,2022,03,30,16,41,04,0.602,0.036,-0.007,44.387,45.256,44.85,-76.277,-19.448,15829.09,9.923
14,2022,03,30,16,41,05,0.507,0.021,-0.087,45.566,45.588,45.166,-111.283,98.481,15808.67,9.923
14,2022,03,30,16,41,05,0.536,0.029,-0.117,42.941,43.246,42.095,-141.899,156.291,15807.61,9.923
14,2022,03,30,16,41,06,0.616,0.017,-0.134,42.251,41.811,44.714,-121.218,210.505,15824.66,9.923
14,2022,03,30,16,41,06,0.62,0.031,-0.203,43.274,42.827,45.663,-123.997,102.241,15820.02,9.923
14,2022,03,30,16,41,07,0.665,0.013,-0.11,43.208,43.268,45.55,-99.391,101.542,15844.63,9.923
14,2022,03,30,16,41,07,0.648,-0.001,0.068,43.853,41.678,45.279,-106.467,189.466,15802.48,9.923
14,2022,03,30,16,41,08,0.514,0.022,-0.039,40.426,42.009,45.098,-103.643,108.86,15814.49,9.923
14,2022,03,30,16,41,08,0.509,0.047,-0.22,44.654,42.363,45.211,-136.213,124.558,15812.75,9.923
14,2022,03,30,16,41,09,0.55,0,-0.026,42.006,43.533,44.195,-90.588,79.054,15801.03,9.923
14,2022,03,30,16,41,10,0.505,-0.002,-0.058,42.763,42.981,45.776,-128.044,152.449,15821.41,9.923
14,2022,03,30,16,41,10,0.459,0.01,-0.136,45.321,43.556,45.008,-127.108,150.2,15821.73,9.923
14,2022,03,30,16,41,10,0.497,-0.008,-0.039,44.921,41.192,45.324,-92.317,112.09,15797.01,9.923
14,2022,03,30,16,41,11,0.474,0.034,-0.165,43.719,43.401,44.398,-81.014,91.395,15800.82,9.923
14,2022,03,30,16,41,11,0.477,0.004,-0.019,43.897,44.152,45.55,-96.138,155.731,15814.52,9.923
14,2022,03,30,16,41,12,0.5,0.034,-0.109,43.675,42.297,43.676,-81.402,45.361,15801.64,9.923
14,2022,03,30,16,41,13,0.475,0.025,-0.097,45.811,45.698,46.047,-109.554,81.84,15802.11,9.923
14,2022,03,30,16,41,13,0.491,0.054,-0.2,41.428,43.003,45.889,-139.581,106.207,15848.51,9.923
14,2022,03,30,16,41,13,0.524,0.015,-0.107,43.185,42.606,43.969,-122.997,138.946,15823.94,9.923
14,2022,03,30,16,41,14,0.423,0.002,0.068,44.787,42.297,46.273,-124.651,80.147,15816.99,9.923
14,2022,03,30,16,41,15,0.45,-0.023,0.119,44.276,43.158,46.092,-114.386,219.448,15831.66,9.923
14,2022,03,30,16,41,15,0.484,-0.026,-0.008,46.834,46.162,47.334,-127.125,150.557,15841.73,9.923
14,2022,03,30,16,41,15,0.474,0.003,-0.08,48.414,45.764,49.389,-134.304,200.455,15831.98,9.923
14,2022,03,30,16,41,16,0.513,-0.053,0.258,47.88,47.686,48.418,-95.149,94.973,15804.75,9.923
14,2022,03,30,16,41,16,0.439,0.05,-0.36,46.745,46.802,48.102,-133.246,170.397,15811.94,9.923
14,2022,03,30,16,41,17,0.408,0.016,-0.014,45.61,44.13,47.65,-138.887,143.713,15817.84,9.923
14,2022,03,30,16,41,17,0.36,-0.007,0.07,47.279,47.222,47.876,-98.711,98.595,15822.39,9.923
14,2022,03,30,16,41,18,0.458,-0.022,0.146,49.927,49.011,52.754,-76.19,67.84,15817.25,9.923
14,2022,03,30,16,41,19,0.562,-0.043,0.046,50.661,50.469,51.896,-110.667,113.652,15792.4,9.923
14,2022,03,30,16,41,19,0.521,-0.015,0.023,53.998,50.535,53.748,-131.193,152.415,15841.69,9.923
14,2022,03,30,16,41,19,0.54,0.026,-0.168,51.974,51.264,54.832,-109.496,80.004,15827.29,9.923
14,2022,03,30,16,41,20,0.511,0.059,-0.263,50.038,49.629,50.992,-114.129,122.535,15816.24,9.923
14,2022,03,30,16,41,20,0.526,0.024,-0.15,51.195,49.828,50.315,-84.997,98.912,15813.26,9.923
14,2022,03,30,16,41,21,0.516,0.019,-0.085,49.17,50.16,51.399,-94.487,133.121,15810.07,9.923
14,2022,03,30,16,41,22,0.516,0.045,-0.2,50.127,49.983,52.822,-73.744,104.044,15822.32,9.923
14,2022,03,30,16,41,22,0.477,0.036,-0.017,50.305,50.292,50.699,-60.64,24.007,15798.04,9.923
14,2022,03,30,16,41,22,0.541,-0.038,0.093,51.15,49.409,53.07,-88.013,-10.835,15822.07,9.923
14,2022,03,30,16,41,23,0.487,-0.015,0.046,51.529,50.314,52.573,-40.181,11.111,15820.29,9.923
14,2022,03,30,16,41,23,0.567,0.018,-0.111,51.084,51.573,53.206,-78.497,44.054,15802.81,9.923
14,2022,03,30,16,41,24,0.577,0.048,-0.247,51.729,51.728,52.957,-54.757,27.108,15848,9.923
15,2022,03,30,16,43,53,0.707,-0.034,0.093,48.659,48.636,51.309,-335.839,-378.871,15810.13,9.848
15,2022,03,30,16,43,53,0.631,0.021,-0.165,48.547,48.26,51.15,-208.888,-428.536,15853.99,9.848
15,2022,03,30,16,43,54,0.651,-0.12,0.443,50.661,49.828,52.957,-268.539,-472.065,15839.29,9.848
15,2022,03,30,16,43,54,0.621,-0.07,0.172,48.258,49.055,50.202,-306.58,-381.939,15853.08,9.848
15,2022,03,30,16,43,55,0.615,-0.073,0.271,48.614,48.459,50.473,-233.957,-544.846,15794.89,9.848
15,2022,03,30,16,43,55,0.711,-0.035,-0.106,50.216,47.664,51.512,-264.252,-447.342,15806.27,9.848
15,2022,03,30,16,43,56,0.627,-0.121,0.46,49.882,48.945,52.054,-297.202,-502.634,15848.95,9.848
15,2022,03,30,16,43,56,0.618,-0.07,0.301,48.303,48.393,51.534,-310.257,-562.4,15842.29,9.848
15,2022,03,30,16,43,57,0.683,-0.12,0.382,50.372,47.863,49.637,-329.784,-421.372,15852.04,9.848
15,2022,03,30,16,43,57,0.705,-0.059,0.119,47.279,48.636,52.189,-318.769,-490.808,15833,9.848
15,2022,03,30,16,43,58,0.594,-0.071,0.237,49.326,49.364,52.822,-405.775,-406.396,15815.14,9.848
15,2022,03,30,16,43,58,0.666,-0.041,0.098,48.08,47.951,51.399,-364.973,-485.961,15858.88,9.848
15,2022,03,30,16,43,59,0.533,-0.048,0.082,48.792,48.768,51.376,-384.548,-490.057,15828.08,9.848
15,2022,03,30,16,43,59,0.597,-0.091,0.236,49.237,48.591,50.902,-420.343,-390.501,15821.12,9.848
15,2022,03,30,16,44,00,0.642,-0.037,0.092,50.616,47.796,50.97,-397.009,-460.807,15825.26,9.848
15,2022,03,30,16,44,00,0.628,-0.023,0.133,50.883,49.607,53.002,-414.257,-450.029,15838.2,9.848
15,2022,03,30,16,44,01,0.545,-0.044,0.134,50.283,48.768,53.273,-425.286,-567.397,15804.28,9.848
15,2022,03,30,16,44,01,0.701,-0.06,0.182,49.615,46.626,51.67,-391.772,-463.426,15828.45,9.848
15,2022,03,30,16,44,02,0.733,-0.107,0.222,47.924,50.292,50.789,-425.281,-502.592,15846.55,9.848
15,2022,03,30,16,44,02,0.677,-0.045,-0.092,48.926,50.292,51.963,-393.347,-475.558,15824.67,9.848
15,2022,03,30,16,44,03,0.654,-0.111,0.453,48.903,47.399,49.547,-410.854,-587.595,15797.79,9.848
15,2022,03,30,16,44,03,0.616,-0.056,0.133,50.906,48.503,51.241,-529.054,-372.159,15828.71,9.848
15,2022,03,30,16,44,04,0.658,-0.072,0.225,50.705,49.762,51.715,-447.188,-464.771,15829.86,9.848
15,2022,03,30,16,44,04,0.7,-0.04,0.123,50.75,49.762,51.196,-446.669,-553.069,15848.01,9.848
15,2022,03,30,16,44,05,0.647,-0.013,-0.001,48.903,47.796,51.128,-430.727,-477.71,15841.53,9.848
15,2022,03,30,16,44,05,0.639,-0.054,0.144,50.394,49.254,51.15,-480.208,-452.52,15828.18,9.848
15,2022,03,30,16,44,06,0.592,-0.062,0.275,50.26,48.061,51.489,-440.775,-517.183,15828.51,9.848
15,2022,03,30,16,44,06,0.638,-0.061,0.219,47.769,48.636,50.179,-415.862,-518.33,15827.41,9.848
15,2022,03,30,16,44,07,0.601,-0.098,0.341,49.482,50.844,51.58,-457.608,-428.508,15831.49,9.848
15,2022,03,30,16,44,07,0.727,-0.077,0.138,48.814,50.049,52.822,-446.181,-452.863,15854.22,9.848
15,2022,03,30,16,44,08,0.643,-0.108,0.386,50.55,49.629,52.347,-501.246,-423.259,15826.79,9.848
15,2022,03,30,16,44,08,0.599,-0.067,0.229,49.727,50.491,50.338,-514.925,-489.753,15828.82,9.848
15,2022,03,30,16,44,09,0.604,-0.054,0.135,48.28,48.238,52.415,-517.72,-410.034,15831.11,9.848
15,2022,03,30,16,44,09,0.606,-0.047,0.145,49.504,49.188,51.399,-553.322,-479.094,15828.59,9.848
15,2022,03,30,16,44,10,0.664,-0.031,0.105,48.926,48.039,51.421,-502.632,-514.369,15851.27,9.848
15,2022,03,30,16,44,10,0.723,-0.047,0.242,50.327,48.128,50.36,-525.164,-483.395,15868.7,9.848
15,2022,03,30,16,44,11,0.59,-0.06,0.096,49.638,48.371,49.479,-466.627,-497.426,15832.71,9.848
15,2022,03,30,16,44,11,0.612,-0.088,0.306,48.369,48.79,50.699,-522.804,-493.531,15856.88,9.848
15,2022,03,30,16,44,12,0.631,-0.048,0.14,46.856,47.531,52.189,-495.728,-450.262,15840.99,9.848
15,2022,03,30,16,44,12,0.612,-0.041,0.058,47.791,47.62,51.105,-475.383,-532.887,15801.62,9.848
15,2022,03,30,16,44,13,0.633,-0.053,0.263,49.348,48.68,50.902,-508.942,-464.69,15827.52,9.848
15,2022,03,30,16,44,13,0.639,-0.03,0.084,48.814,50.005,50.992,-480.625,-497.948,15863,9.848
15,2022,03,30,16,44,14,0.675,-0.035,0.013,48.547,47.664,51.534,-456.307,-465.459,15809.29,9.848
15,2022,03,30,16,44,14,0.666,-0.085,0.294,48.926,49.121,50.089,-473.899,-518.329,15829.36,9.848
15,2022,03,30,16,44,15,0.653,-0.037,0.094,48.325,47.597,51.896,-517.668,-411.748,15863.14,9.848
15,2022,03,30,16,44,15,0.67,-0.04,0.169,48.681,48.437,50.631,-470.226,-451.92,15842.18,9.848
15,2022,03,30,16,44,16,0.666,-0.061,0.131,47.657,47.885,50.247,-464.32,-432.908,15854.42,9.848
15,2022,03,30,16,44,16,0.695,-0.069,0.394,49.104,48.26,51.625,-476.055,-456.698,15810.26,9.848
15,2022,03,30,16,44,17,0.733,-0.078,0.233,49.793,47.752,52.912,-466.211,-509.172,15814.63,9.848
15,2022,03,30,16,44,17,0.677,-0.043,0.102,48.681,48.812,51.557,-549.669,-526.416,15861.44,9.848
15,2022,03,30,16,44,18,0.62,-0.066,0.189,47.568,47.001,49.095,-539.441,-442.851,15829.39,9.848
15,2022,03,30,16,44,18,0.669,-0.022,0.067,47.413,50.204,50.247,-478.798,-492.667,15818.9,9.848
15,2022,03,30,16,44,19,0.648,-0.081,0.276,49.838,48.768,53.183,-434.395,-503.402,15819.13,9.848
15,2022,03,30,16,44,19,0.522,-0.128,0.618,51.15,48.591,51.489,-474.136,-511.762,15861.25,9.848
15,2022,03,30,16,44,20,0.559,-0.032,0.152,50.394,49.784,52.822,-443.724,-498.502,15855.61,9.848
15,2022,03,30,16,44,20,0.657,-0.091,0.28,49.304,48.393,51.309,-311.234,-648.652,15833.83,9.848
15,2022,03,30,16,44,21,0.669,-0.049,0.191,47.301,48.238,50.631,-269.701,-700.128,15879.93,9.848
15,2022,03,30,16,44,21,0.588,-0.057,0.22,49.526,48.636,49.479,-321.864,-516.75,15843.47,9.848
15,2022,03,30,16,44,22,0.705,-0.08,0.263,49.393,48.216,52.054,-345.655,-490.572,15850.98,9.848
15,2022,03,30,16,44,22,0.674,-0.043,0.28,48.57,47.686,49.886,-323.876,-573.346,15816.47,9.848
15,2022,03,30,16,44,23,0.708,-0.117,0.499,48.392,49.961,48.757,-324.879,-561.141,15829.4,9.848
15,2022,03,30,16,44,23,0.747,-0.083,0.258,48.881,48.083,49.141,-295.055,-482.152,15822.87,9.848
15,2022,03,30,16,44,24,0.761,-0.037,0.028,49.326,47.929,50.157,-340.725,-435.476,15852.29,9.848
15,2022,03,30,16,44,24,0.695,-0.057,0.199,48.614,48.348,50.292,-258.658,-492.846,15825.09,9.848
15,2022,03,30,16,44,25,0.594,-0.035,0.095,48.058,48.304,51.715,-361.703,-489.297,15825.8,9.848
15,2022,03,30,16,44,25,0.618,-0.038,0.13,49.104,48.437,49.389,-305.281,-532.855,15805.76,9.848
15,2022,03,30,16,44,26,0.652,-0.084,0.348,48.013,49.188,50.654,-292.438,-573.316,15852.5,9.848
15,2022,03,30,16,44,26,0.642,-0.07,0.306,50.705,49.519,50.654,-288.252,-505.21,15863.29,9.848
15,2022,03,30,16,44,27,0.639,-0.075,0.2,47.613,47.929,48.779,-318.532,-481.127,15814.26,9.848
15,2022,03,30,16,44,27,0.642,-0.052,0.263,49.193,47.001,48.734,-330.341,-503.219,15833.22,9.848
15,2022,03,30,16,44,28,0.625,-0.119,0.478,46.99,47.067,48.87,-328.054,-666.321,15838.13,9.848
15,2022,03,30,16,44,28,0.701,-0.085,0.341,47.835,47.531,49.434,-365.902,-459.053,15798.39,9.848
15,2022,03,30,16,44,29,0.674,-0.079,0.182,46.055,45.323,50.383,-330.139,-410.89,15799.28,9.848
15,2022,03,30,16,44,29,0.624,-0.067,0.198,47.657,47.708,49.615,-320.522,-440.811,15834.11,9.848
15,2022,03,30,16,44,30,0.599,-0.1,0.373,48.458,46.758,49.095,-354.069,-511.488,15849.06,9.848
15,2022,03,30,16,44,30,0.633,-0.033,0.092,47.324,45.278,49.186,-371.169,-480.39,15846.78,9.848
15,2022,03,30,16,44,31,0.679,-0.017,-0.032,47.279,47.863,49.231,-284.453,-409.288,15799.29,9.848
15,2022,03,30,16,44,31,0.687,-0.071,0.165,48.659,46.979,48.983,-345.294,-476.124,15810.72,9.848
15,2022,03,30,16,44,32,0.696,-0.089,0.265,46.144,47.067,48.328,-422.81,-442.723,15863.78,9.848
15,2022,03,30,16,44,32,0.623,-0.021,0.04,47.88,46.758,49.254,-403.405,-531.364,15857.66,9.848
16,2022,03,30,16,46,42,0.817,-0.004,-0.076,44.832,44.594,48.395,-337.382,-302.089,15789.62,9.843
16,2022,03,30,16,46,42,0.849,-0.045,-0.034,46.278,44.152,47.469,-302.654,-436.576,15812.05,9.848
16,2022,03,30,16,46,43,0.619,-0.097,0.321,44.965,44.903,47.086,-308.833,-366.368,15816.79,9.848
16,2022,03,30,16,46,43,0.692,-0.067,0.1,44.72,43.997,47.695,-325.033,-483.274,15818.86,9.848
16,2022,03,30,16,46,44,0.776,0.028,-0.217,43.63,45.256,46.747,-365.29,-386.845,15805.68,9.848
16,2022,03,30,16,46,44,0.731,0.034,-0.325,44.654,44.792,46.882,-307.169,-478.968,15800.8,9.848
16,2022,03,30,16,46,45,0.526,-0.023,0.016,45.366,44.549,45.64,-337.12,-276.788,15764.87,9.837
16,2022,03,30,16,46,45,0.686,0.042,-0.239,45.566,45.543,49.592,-237.53,-410.389,15805.64,9.848
16,2022,03,30,16,46,46,1.111,-0.057,-0.351,44.632,45.057,48.757,-415.709,-383.958,15810.15,9.848
16,2022,03,30,16,46,46,0.733,0.04,-0.232,45.699,44.572,44.014,-487.671,-296.71,15825.4,9.848
16,2022,03,30,16,46,47,0.806,0.002,-0.06,46.256,44.594,45.798,-434.707,-299.075,15861.2,9.848
16,2022,03,30,16,46,47,0.781,-0.107,0.464,46.233,45.367,46.34,-501.208,-367.253,15824.64,9.848
16,2022,03,30,16,46,48,0.688,-0.022,-0.144,43.92,45.433,44.466,-516.376,-252.528,15810.01,9.848
16,2022,03,30,16,46,48,0.889,-0.15,0.422,44.476,43.799,47.334,-544.256,-224.125,15854.06,9.843
16,2022,03,30,16,46,49,0.889,-0.214,0.313,44.409,44.262,47.04,-562.373,-310.738,15843.01,9.848
16,2022,03,30,16,46,49,0.758,-0.093,0.417,44.253,43.423,44.918,-532.081,-228.022,15724.12,9.848
16,2022,03,30,16,46,50,0.443,-0.069,0.26,44.854,45.742,47.628,-628.965,-433.821,15870.3,9.848
16,2022,03,30,16,46,50,0.963,-0.09,-0.053,42.273,44.373,47.876,-610.178,-284.569,15849.08,9.848
16,2022,03,30,16,46,51,0.797,-0.009,-0.043,44.12,46.449,47.492,-588.976,-334.701,15834.27,9.848
16,2022,03,30,16,46,51,0.766,0.057,-0.392,46.968,46.184,49.028,-387.886,-345.736,15798.35,9.848
16,2022,03,30,16,46,52,0.79,-0.007,-0.431,44.187,44.329,47.153,-683.702,-438.149,15863.47,9.848
16,2022,03,30,16,46,52,0.592,-0.111,0.358,45.343,44.439,46.837,-412.339,-333.052,15772.1,9.848
16,2022,03,30,16,46,53,0.752,0.082,-0.545,45.165,46.294,46.656,-346.042,-283.43,15794.71,9.848
16,2022,03,30,16,46,53,0.625,0.122,-0.836,46.678,44.019,47.537,-313.239,-362.949,15808.72,9.848
16,2022,03,30,16,46,54,0.629,-0.064,0.09,46.856,46.471,47.176,-450.67,-234.666,15784.6,9.848
16,2022,03,30,16,46,54,0.747,-0.023,0.521,46.723,45.146,46.656,-495.213,-367.007,15826.64,9.848
16,2022,03,30,16,46,55,0.821,0.072,0.012,44.476,47.067,47.605,-521.707,-426.631,15806.25,9.848
16,2022,03,30,16,46,55,0.655,-0.022,0.159,45.01,46.051,47.266,-473.781,-464.514,15816.4,9.848
16,2022,03,30,16,46,56,0.725,0.026,-0.371,45.054,44.307,46.995,-535.006,-569.121,15795.07,9.848
16,2022,03,30,16,46,56,0.801,-0.093,0.39,45.9,45.853,46.747,-646.738,-440.314,15829.82,9.848
16,2022,03,30,16,46,57,0.941,-0.158,0.232,46.367,43.467,46.589,-628.185,-521.14,15846.71,9.848
16,2022,03,30,16,46,57,0.669,0.129,-0.542,45.121,48.393,46.815,-508.607,-327.458,15825.92,9.848
16,2022,03,30,16,46,58,0.639,0.077,-0.36,45.922,44.549,47.153,-520.368,-399.469,15787.48,9.848
16,2022,03,30,16,46,58,0.807,-0.018,-0.254,44.654,45.212,44.421,-639.968,-519.506,15865.25,9.848
16,2022,03,30,16,46,59,0.661,0.116,-0.828,45.922,45.345,48.192,-574.697,-480.921,15816.32,9.848
16,2022,03,30,16,46,59,0.729,0.094,-0.342,45.877,46.78,48.328,-563.8,-408.786,15863.33,9.848
16,2022,03,30,16,47,00,0.958,0.122,0.041,45.922,45.278,47.628,-415.316,-460.142,15770.37,9.848
16,2022,03,30,16,47,00,0.828,0.01,-0.21,45.922,44.395,47.718,-536.463,-446.31,15838.02,9.848
16,2022,03,30,16,47,01,0.857,-0.058,0.227,44.32,46.294,48.531,-578.368,-310.564,15756.12,9.848
16,2022,03,30,16,47,01,0.854,-0.052,0.065,44.253,43.821,47.831,-551.458,-417.787,15783.49,9.848
16,2022,03,30,16,47,02,0.719,0.051,-0.442,47.435,46.626,47.244,-559.787,-449.853,15861.5,9.848
16,2022,03,30,16,47,02,0.749,0.003,-0.009,45.165,44.881,48.328,-570.708,-439.793,15821.88,9.848
16,2022,03,30,16,47,03,0.793,-0.106,0.336,45.388,44.748,48.011,-588.725,-472.224,15818.44,9.848
16,2022,03,30,16,47,03,0.776,0.052,-0.255,46.678,45.124,47.966,-654.106,-572.668,15830.17,9.848
16,2022,03,30,16,47,04,0.884,-0.107,0.294,46.055,45.897,47.605,-734.831,-610.918,15896.23,9.848
16,2022,03,30,16,47,04,0.684,0.007,-0.158,44.164,42.981,46.995,-492.151,-568.098,15768.22,9.848
16,2022,03,30,16,47,05,0.706,-0.184,0.149,45.054,46.824,46.318,-473.683,-557.129,15833.77,9.848
16,2022,03,30,16,47,05,0.834,0.082,-0.425,44.898,45.764,48.102,-484.692,-495.554,15780.94,9.848
16,2022,03,30,16,47,06,0.999,0.021,-0.152,45.432,46.051,46.476,-619.868,-758.466,15862.38,9.848
16,2022,03,30,16,47,06,0.75,0.01,-0.278,44.253,43.865,47.537,-617.976,-518.842,15859.25,9.848
16,2022,03,30,16,47,07,1.12,-0.025,0.176,46.1,45.985,47.04,-656.579,-689.599,15819.97,9.848
16,2022,03,30,16,47,07,0.557,-0.004,-0.037,45.299,45.72,48.802,-587.805,-694.293,15838.4,9.848
16,2022,03,30,16,47,08,0.491,0.014,0.062,46.856,45.897,50.292,-544.291,-630.658,15825.88,9.848
16,2022,03,30,16,47,08,0.543,0.055,0.195,44.476,45.433,48.441,-527.232,-538.278,15825.67,9.848
16,2022,03,30,16,47,09,0.84,0.05,-0.275,47.702,46.14,46.611,-655.612,-717.129,15813.61,9.848
16,2022,03,30,16,47,09,0.968,-0.112,0.237,44.654,43.644,47.56,-619.073,-658.301,15785.73,9.848
16,2022,03,30,16,47,10,0.845,-0.051,0.12,44.654,45.786,46.589,-572.105,-554.618,15783.35,9.848
16,2022,03,30,16,47,10,0.769,0.013,-0.153,44.053,45.72,47.334,-558.009,-573.623,15812.27,9.848
16,2022,03,30,16,47,11,0.877,-0.064,0.189,45.544,44.395,48.034,-449.224,-732.76,15814.06,9.848
16,2022,03,30,16,47,11,0.7,-0.071,0.042,44.854,44.748,46.927,-481.096,-484.351,15840.75,9.848
16,2022,03,30,16,47,12,0.646,0,-0.057,46.189,45.367,49.502,-455.546,-682.837,15804.02,9.848
16,2022,03,30,16,47,12,0.735,-0.025,0.08,44.587,44.064,46.047,-507.67,-639.603,15829.5,9.848
16,2022,03,30,16,47,13,0.727,0.104,-0.686,46.367,44.859,47.086,-563.552,-537.821,15810.49,9.848
16,2022,03,30,16,47,13,0.884,-0.013,-0.12,45.01,44.969,46.747,-457.501,-586.285,15802.58,9.848
16,2022,03,30,16,47,14,0.844,-0.082,0.281,44.587,44.351,48.124,-477.021,-592.16,15800.1,9.848
16,2022,03,30,16,47,14,0.681,0.028,-0.229,46.033,46.802,47.086,-531.259,-594.588,15818.67,9.848
16,2022,03,30,16,47,15,0.889,0.028,-0.364,45.21,44.108,47.786,-545.498,-596.276,15832.12,9.848
16,2022,03,30,16,47,15,0.817,-0.116,0.519,45.722,44.505,46.634,-411.771,-463.341,15760.42,9.848
16,2022,03,30,16,47,16,0.773,-0.022,0.403,44.431,44.77,47.56,-434.446,-632.156,15782.56,9.848
16,2022,03,30,16,47,16,0.769,0.064,0.218,44.053,44.461,47.537,-512.931,-660.511,15789.86,9.848
16,2022,03,30,16,47,17,0.787,-0.027,-0.426,44.031,43.997,47.311,-496.715,-617.678,15818.83,9.848
16,2022,03,30,16,47,17,0.734,0.026,-0.151,45.544,45.897,46.747,-641.544,-759.349,15775.51,9.848
16,2022,03,30,16,47,18,0.748,0.061,-0.308,45.41,45.256,47.492,-645.962,-666.278,15824.14,9.848
16,2022,03,30,16,47,18,0.627,0.102,-0.349,44.498,45.256,45.031,-616.271,-738.775,15869.18,9.848
16,2022,03,30,16,47,19,0.857,0.149,-0.504,45.21,44.527,46.702,-438.985,-764.008,15837.49,9.848
16,2022,03,30,16,47,19,0.81,-0.037,0.21,45.277,43.909,47.56,-446.341,-619.409,15831.19,9.848
16,2022,03,30,16,47,20,0.861,-0.034,-0.007,46.078,45.632,47.65,-508.335,-677.623,15815.31,9.848
16,2022,03,30,16,47,20,0.679,0.03,-0.365,46.3,44.969,47.492,-594.334,-679.086,15806.12,9.848
16,2022,03,30,16,47,21,0.683,0.034,-0.241,47.368,45.698,48.712,-729.661,-692.488,15801.67,9.848
16,2022,03,30,16,47,21,0.807,-0.012,0.001,46.3,46.626,47.063,-533.513,-758.67,15825.6,9.848
17,2022,03,30,16,51,10,1.059,0.191,-0.891,46.211,46.67,47.921,-68.892,-425.946,15852.35,9.81
17,2022,03,30,16,51,11,0.82,0.236,-1.033,48.169,45.19,48.915,-38.469,-437.247,15816.29,9.81
17,2022,03,30,16,51,11,1.063,0.091,-0.711,47.257,46.604,49.615,17.092,-464.583,15825.68,9.81
17,2022,03,30,16,51,12,0.868,0.119,-0.434,46.79,47.178,48.531,19.923,-447.348,15808.52,9.81
17,2022,03,30,16,51,12,0.915,0.177,-0.826,47.368,45.521,46.724,219.02,-483.229,15794.18,9.81
17,2022,03,30,16,51,13,0.821,0.149,-0.795,46.189,44.991,46.295,45.798,-328.959,15774.42,9.81
17,2022,03,30,16,51,13,1.019,0.176,-0.751,45.61,44.218,46.498,66.312,-498.792,15862.91,9.81
17,2022,03,30,16,51,14,0.943,0.108,-0.711,45.499,46.272,48.96,132.298,-455.914,15780.76,9.81
17,2022,03,30,16,51,14,0.862,0.201,-0.817,46.167,47.244,47.853,142.646,-261.846,15787.88,9.81
17,2022,03,30,16,51,15,0.865,0.197,-0.783,46.322,47.332,48.102,-78.938,-196.306,15825.96,9.81
17,2022,03,30,16,51,15,0.814,0.158,-0.623,45.499,45.565,48.102,-108.851,-264.17,15767.13,9.81
17,2022,03,30,16,51,16,0.871,0.143,-0.68,45.699,44.373,47.334,-283.446,-299.555,15825.62,9.81
17,2022,03,30,16,51,16,0.814,0.177,-0.948,46.879,45.808,47.56,-373.45,-350.012,15834.73,9.81
17,2022,03,30,16,51,17,0.919,0.171,-0.727,46.189,46.869,49.186,-230.848,-487.19,15863.02,9.81
17,2022,03,30,16,51,17,0.784,0.142,-0.591,46.367,45.146,48.418,-144.355,-426.305,15852.29,9.81
17,2022,03,30,16,51,18,0.758,0.086,-0.363,47.613,45.256,50.021,-189.809,-401.891,15851.53,9.81
17,2022,03,30,16,51,18,0.756,0.135,-0.707,47.969,45.919,48.17,-165.049,-292.52,15827.03,9.81
17,2022,03,30,16,51,19,0.851,0.114,-0.713,47.657,45.654,47.876,-14.913,-366.89,15787.05,9.81
17,2022,03,30,16,51,19,0.975,0.193,-0.803,46.767,47.531,47.966,-130.566,-232.182,15807.69,9.81
17,2022,03,30,16,51,20,1.098,0.174,-0.867,46.478,46.979,49.186,-146.371,-384.897,15821.26,9.81
17,2022,03,30,16,51,20,0.865,0.203,-1.06,48.369,46.692,47.989,-270.002,-364.966,15819.09,9.81
17,2022,03,30,16,51,21,1.055,0.06,-0.151,46.011,46.78,48.034,-340.607,-496.29,15905.1,9.81
17,2022,03,30,16,51,21,0.986,0.159,-0.756,47.212,44.395,46.453,-251.265,-312.122,15795.3,9.81
17,2022,03,30,16,51,22,0.97,0.06,0.041,47.724,45.764,49.05,-284.29,-275.502,15829.19,9.81
17,2022,03,30,16,51,22,0.965,0.212,-0.949,47.635,46.935,47.808,-288.12,-435.632,15868.34,9.81
17,2022,03,30,16,51,23,0.868,0.17,-0.847,46.656,46.736,47.424,-292.695,-435.512,15852.04,9.815
17,2022,03,30,16,51,23,0.911,0.186,-0.889,46.278,44.748,48.192,-207.483,-320.959,15726.91,9.81
17,2022,03,30,16,51,24,0.74,0.057,-0.537,47.746,47.045,45.934,-247.44,-470.371,15828.7,9.815
17,2022,03,30,16,51,24,0.744,0.23,-0.541,47.19,48.105,49.073,-383.18,-529.659,15913.37,9.81
17,2022,03,30,16,51,25,0.737,0.118,-0.522,47.39,45.831,49.818,-129.703,-631.568,15761.67,9.81
17,2022,03,30,16,51,25,0.927,0.121,-0.605,45.121,46.67,47.786,-260.891,-494.542,15846.55,9.81
17,2022,03,30,16,51,26,0.764,0.151,-0.585,45.722,44.262,47.537,-287.415,-471.772,15828.69,9.82
17,2022,03,30,16,51,26,0.545,0.202,-0.872,49.704,47.664,48.35,-274.73,-491.025,15814.47,9.821
17,2022,03,30,16,51,27,0.617,0.174,-0.589,48.303,45.521,47.402,-234.178,-506.101,15819.35,9.81
17,2022,03,30,16,51,27,0.908,0.185,-0.842,47.702,46.471,48.215,-213.861,-530.788,15774.08,9.816
17,2022,03,30,16,51,28,0.753,0.191,-0.928,47.568,45.919,49.208,-280.577,-381.42,15831.09,9.82
17,2022,03,30,16,51,28,1.004,0.127,-0.599,44.809,45.433,46.95,-264.835,-381.568,15775.95,9.81
17,2022,03,30,16,51,29,0.904,0.174,-0.854,47.413,47.023,46.769,-284.485,-498.11,15805.16,9.838
17,2022,03,30,16,51,29,0.818,0.151,-0.746,45.833,46.096,48.734,-293.549,-541.544,15840.51,9.837
17,2022,03,30,16,51,30,0.556,0.06,-0.059,47.479,48.216,48.937,-293.869,-458.671,15790.45,9.824
17,2022,03,30,16,51,30,0.76,0.165,-0.844,46.411,47.178,48.802,-460.506,-541.314,15796.92,9.837
17,2022,03,30,16,51,31,1.013,0.215,-0.886,46.701,44.373,46.634,-437.872,-518.066,15773.38,9.824
17,2022,03,30,16,51,31,0.716,0.13,-0.31,46.701,46.714,47.515,-581.557,-611.465,15820.93,9.826
17,2022,03,30,16,51,32,0.834,0.162,-0.654,46.434,46.692,49.186,-589.503,-474.503,15820.48,9.829
17,2022,03,30,16,51,32,1.043,0.156,-1.359,46.078,45.853,47.966,-494.878,-539.66,15828.87,9.837
17,2022,03,30,16,51,33,0.981,0.231,-0.875,47.769,44.881,50.36,-348.904,-430.23,15809.89,9.829
17,2022,03,30,16,51,33,1.001,0.163,-0.767,45.477,46.14,47.108,-246.032,-396.262,15812.81,9.842
17,2022,03,30,16,51,34,0.89,0.193,-0.816,46.033,46.824,47.018,-238.476,-383.124,15765.14,9.829
17,2022,03,30,16,51,34,0.788,0.218,-1.006,46.233,45.3,49.434,-375.26,-298.134,15797.23,9.826
17,2022,03,30,16,51,35,0.822,0.134,-0.52,45.877,46.581,48.102,-354.61,-438.648,15798.04,9.834
17,2022,03,30,16,51,35,0.854,0.202,-0.778,45.232,45.035,49.886,-333.903,-499.511,15839.72,9.837
17,2022,03,30,16,51,36,0.485,0.133,-0.732,45.989,47.863,49.705,-294.007,-397.934,15829.37,9.838
17,2022,03,30,16,51,36,0.944,0.21,-0.265,47.991,47.288,47.515,-251.895,-359.594,15828.15,9.826
17,2022,03,30,16,51,37,0.677,0.182,-0.597,46.322,47.023,49.615,-271.023,-368.687,15852.87,9.838
17,2022,03,30,16,51,37,0.852,0.204,-0.814,46.968,45.831,49.479,-311.774,-413.39,15879.35,9.837
17,2022,03,30,16,51,38,0.866,0.165,-0.772,47.19,46.339,49.073,-362.863,-374.586,15814.89,9.843
17,2022,03,30,16,51,38,0.846,0.167,-0.561,46.011,47.774,47.063,-331.226,-510.687,15849.07,9.837
17,2022,03,30,16,51,39,0.675,0.112,-1.045,46.367,45.08,48.328,-271.417,-357.231,15822.66,9.838
17,2022,03,30,16,51,39,0.799,0.06,-0.469,50.461,46.294,49.299,-295.847,-541.339,15856.5,9.837
17,2022,03,30,16,51,40,0.85,0.172,-0.836,46.189,46.913,47.289,-321.447,-471.322,15808.65,9.843
17,2022,03,30,16,51,40,1.014,0.22,-0.736,44.965,47.31,48.531,-302.639,-477.916,15834.79,9.837
17,2022,03,30,16,51,41,0.569,0.223,-0.86,46.612,47.222,48.892,-277.952,-456.041,15794.41,9.848
17,2022,03,30,16,51,41,0.849,0.193,-0.733,45.232,46.383,49.163,-455.761,-416.233,15874.71,9.842
17,2022,03,30,16,51,42,0.925,0.204,-0.918,45.432,45.168,48.802,-297.916,-514.588,15805.44,9.838
17,2022,03,30,16,51,42,0.914,0.244,-0.994,44.876,46.537,48.757,-255.977,-438.508,15772.4,9.848
17,2022,03,30,16,51,43,1.069,0.091,-0.447,46.055,46.67,47.469,-372.056,-398.098,15861.31,9.848
17,2022,03,30,16,51,43,0.938,0.125,-0.698,45.321,46.096,46.589,-464.866,-547.673,15833.61,9.842
17,2022,03,30,16,51,44,0.894,0.207,-1,47.034,44.439,48.124,-454.315,-449.182,15852.15,9.843
17,2022,03,30,16,51,44,0.686,0.18,-1.047,46.545,46.339,48.553,-438.742,-379.579,15844.35,9.848
17,2022,03,30,16,51,45,0.709,0.167,-0.826,46.812,46.869,47.786,-431.673,-467.468,15904.5,9.848
17,2022,03,30,16,51,45,0.982,0.219,-1.012,47.123,46.714,50.179,-384.765,-288.34,15851.91,9.842
17,2022,03,30,16,51,46,0.967,0.122,-0.639,44.921,46.604,47.921,-242.665,-492.356,15821.1,9.848
17,2022,03,30,16,51,46,0.654,0.035,-0.497,47.279,46.537,48.395,-235.278,-442.559,15889.08,9.842
17,2022,03,30,16,51,47,0.929,0.158,-0.73,46.856,46.405,48.734,-232.149,-449.29,15746.33,9.843
17,2022,03,30,16,51,47,1,0.215,-0.911,46.589,44.417,47.628,-438.211,-394.955,15878.91,9.848
17,2022,03,30,16,51,48,1.073,0.215,-0.934,46.167,45.057,48.124,-491.361,-420.11,15871.6,9.843
17,2022,03,30,16,51,48,0.808,0.145,-0.534,45.655,46.847,47.831,-219.664,-495.996,15812.32,9.837
17,2022,03,30,16,51,49,1.024,0.208,-1.015,45.299,43.975,47.492,-268.265,-447.161,15824.27,9.848
17,2022,03,30,16,51,49,1.077,0.201,-1.124,46.233,46.184,46.679,-315.911,-556.049,15840.74,9.848
17,2022,03,30,16,51,50,0.952,0.128,-0.51,46.545,47.465,48.802,-164.602,-378.319,15777.12,9.848
18,2022,03,30,16,53,29,0.656,0.133,-0.624,45.588,45.543,45.121,-106.433,-203.201,15846.06,9.81
18,2022,03,30,16,53,29,0.814,0.172,-0.556,43.608,43.445,46.769,-102.822,-200.358,15870.02,9.81
18,2022,03,30,16,53,30,0.733,0.167,-0.721,44.676,43.136,44.692,-121.014,-309.107,15836.51,9.81
18,2022,03,30,16,53,30,0.785,0.132,-0.638,43.608,44.704,47.74,-131.994,-338.337,15822.44,9.81
18,2022,03,30,16,53,31,0.792,0.181,-0.845,44.698,44.505,47.198,-84.399,-244.284,15807.95,9.81
18,2022,03,30,16,53,31,0.842,0.162,-0.662,45.833,43.799,47.966,-142.795,-258.607,15825.01,9.81
18,2022,03,30,16,53,32,0.699,0.151,-0.526,43.964,43.909,45.595,-222.309,-94.763,15869.17,9.81
18,2022,03,30,16,53,32,0.83,0.116,-0.392,44.565,43.467,46.837,-102.172,-389.672,15803.38,9.81
18,2022,03,30,16,53,33,0.851,0.168,-0.44,43.608,43.489,45.347,-130.294,-305.226,15815.86,9.81
18,2022,03,30,16,53,33,0.764,0.187,-0.896,43.719,44.395,45.234,-113.68,-403.975,15809.63,9.81
18,2022,03,30,16,53,34,0.578,0.135,-0.801,45.788,45.654,45.46,-118.468,-381.867,15856.1,9.81
18,2022,03,30,16,53,34,0.757,0.14,-0.801,43.897,45.124,46.024,-128.483,-324.278,15818.2,9.81
18,2022,03,30,16,53,35,0.773,0.145,-0.777,44.32,44.792,45.256,-203.109,-316.15,15859.42,9.81
18,2022,03,30,16,53,35,0.823,0.198,-0.801,43.875,43.622,45.482,-123.695,-289.738,15837.59,9.81
18,2022,03,30,16,53,36,0.735,0.15,-0.472,44.098,45.433,48.463,-184.811,-381.539,15876.61,9.81
18,2022,03,30,16,53,36,0.794,0.179,-0.72,44.854,45.477,47.311,-151.64,-348.851,15832.62,9.81
18,2022,03,30,16,53,37,0.779,0.161,-0.645,44.921,44.505,46.363,-150.621,-378.176,15869.72,9.81
18,2022,03,30,16,53,37,0.793,0.167,-0.645,45.321,43.843,47.402,-99.058,-307.311,15813.92,9.81
18,2022,03,30,16,53,38,0.739,0.179,-0.705,46.99,43.754,48.779,-137.836,-351.103,15823.52,9.816
18,2022,03,30,16,53,38,0.72,0.163,-0.788,45.788,45.234,46.86,-102.366,-327.222,15826.27,9.81
18,2022,03,30,16,53,39,0.903,0.14,-0.596,45.21,43.821,45.437,-68.504,-371.581,15821.66,9.81
18,2022,03,30,16,53,39,0.749,0.193,-0.831,44.075,46.14,46.656,-77.524,-408.031,15847.74,9.82
18,2022,03,30,16,53,40,0.543,0.098,-0.661,45.01,46.449,47.628,-50.258,-435.256,15806.81,9.81
18,2022,03,30,16,53,40,0.75,0.176,-0.548,45.655,46.405,47.447,-142.612,-264.032,15857.12,9.82
18,2022,03,30,16,53,41,0.757,0.195,-0.639,45.655,44.019,47.853,-130.732,-227.492,15814.47,9.816
18,2022,03,30,16,53,41,0.466,0.117,-0.518,44.698,44.881,48.215,-108.548,-379.283,15837.2,9.824
18,2022,03,30,16,53,42,0.645,0.141,-0.631,47.057,45.367,48.531,-92.702,-333.677,15814.11,9.821
18,2022,03,30,16,53,42,0.754,0.104,-0.542,46.745,43.865,46.498,-98.066,-392.886,15839.45,9.82
18,2022,03,30,16,53,43,0.762,0.129,-0.647,44.676,44.616,47.176,-40.95,-374.821,15842.32,9.826
18,2022,03,30,16,53,43,0.665,0.173,-0.651,45.343,45.124,49.141,-80.034,-336.336,15832.46,9.834
18,2022,03,30,16,53,44,0.777,0.187,-0.808,43.564,46.559,46.634,-47.799,-375.142,15837.75,9.837
18,2022,03,30,16,53,44,0.764,0.21,-0.845,45.054,45.455,45.527,-119.872,-227.54,15838.48,9.834
18,2022,03,30,16,53,45,0.839,0.122,-0.857,46.233,46.206,47.876,-49.708,-386.112,15867.66,9.848
18,2022,03,30,16,53,45,0.859,0.202,-0.745,45.41,44.925,47.921,-75.219,-416.49,15817.89,9.834
18,2022,03,30,16,53,46,0.777,0.208,-0.695,46.567,45.013,47.808,-7.159,-490.505,15830.7,9.848
18,2022,03,30,16,53,46,0.651,0.125,-0.55,45.9,48.017,47.357,-60.199,-331.389,15846.39,9.834
18,2022,03,30,16,53,47,0.848,0.182,-0.702,43.452,45.08,48.779,-130.649,-425.824,15852.3,9.842
18,2022,03,30,16,53,47,0.798,0.138,-0.464,46.634,44.748,47.221,-62.091,-391.554,15843.46,9.843
18,2022,03,30,16,53,48,0.837,0.155,-0.646,46.545,44.395,47.086,-79.587,-251.057,15803.5,9.837
18,2022,03,30,16,53,48,0.731,0.195,-0.628,45.966,44.77,46.86,-59.381,-297.559,15833.78,9.848
18,2022,03,30,16,53,49,0.729,0.171,-0.59,47.88,44.461,47.808,-26.956,-447.71,15832.2,9.848
18,2022,03,30,16,53,49,0.843,0.127,-0.528,47.502,43.865,47.266,-67.445,-410,15829.78,9.848
18,2022,03,30,16,53,50,0.822,0.176,-0.772,45.855,44.174,46.995,-118.205,-258.741,15833.32,9.848
18,2022,03,30,16,53,50,0.959,0.108,-0.793,47.324,45.146,47.537,-58.899,-368.717,15883.06,9.843
18,2022,03,30,16,53,51,0.653,0.206,-0.772,44.854,45.853,48.079,-34.113,-308.714,15816,9.848
18,2022,03,30,16,53,51,0.63,0.175,-0.481,46.634,46.604,47.74,-138.953,-311.497,15881.97,9.848
18,2022,03,30,16,53,52,0.848,0.145,-0.711,46.189,44.991,46.589,-83.811,-326.382,15820.84,9.848
18,2022,03,30,16,53,52,0.804,0.169,-0.682,46.011,47.2,50.36,-100.736,-316.767,15848.09,9.843
18,2022,03,30,16,53,53,0.693,0.118,-0.428,45.9,45.632,46.431,-15.007,-266.638,15828.98,9.848
18,2022,03,30,16,53,53,0.761,0.102,-0.393,43.742,44.881,47.131,-15.182,-302.334,15815.9,9.848
18,2022,03,30,16,53,54,0.672,0.187,-0.83,46.5,46.736,48.034,3.336,-268.036,15842.74,9.842
18,2022,03,30,16,53,54,0.842,0.215,-0.799,43.875,45.278,47.876,-24.301,-270.567,15819.33,9.848
18,2022,03,30,16,53,55,0.697,0.145,-0.702,44.943,43.887,47.334,-30.18,-159.937,15813.35,9.848
18,2022,03,30,16,53,55,0.761,0.157,-0.71,44.342,45.543,47.695,22.539,-350.855,15826.8,9.848
18,2022,03,30,16,53,56,0.838,0.121,-0.407,43.564,42.849,46.792,-27.483,-237.062,15844.45,9.848
18,2022,03,30,16,53,56,0.859,0.135,-0.58,44.543,44.351,45.64,-96.38,-326.797,15838.27,9.848
18,2022,03,30,16,53,57,0.783,0.191,-0.57,43.675,42.628,45.369,-49.002,-340.843,15839.42,9.848
18,2022,03,30,16,53,57,0.861,0.195,-0.911,45.299,44.726,47.018,-11.074,-305.584,15849.97,9.848
18,2022,03,30,16,53,58,0.499,0.117,-0.614,45.188,42.871,46.047,-16.795,-280.748,15810.94,9.842
18,2022,03,30,16,53,58,0.879,0.127,-0.619,44.676,44.704,45.008,-45.796,-228.552,15860.57,9.848
18,2022,03,30,16,53,59,0.758,0.161,-0.605,45.633,45.411,48.192,-18.596,-164.146,15811.15,9.848
18,2022,03,30,16,53,59,0.775,0.145,-0.654,44.987,45.256,46.069,-26.314,-270.352,15835.33,9.848
18,2022,03,30,16,54,00,0.586,0.126,-0.491,44.031,44.152,47.402,-72.833,-248.125,15826.32,9.848
18,2022,03,30,16,54,00,0.837,0.203,-0.868,46.122,45.102,48.034,-11.976,-393.906,15837.54,9.848
18,2022,03,30,16,54,01,0.767,0.152,-0.609,45.188,46.272,46.521,-66.906,-352.291,15873.9,9.848
18,2022,03,30,16,54,01,0.744,0.161,-0.664,46.5,46.449,48.87,-13.621,-232.569,15796.66,9.848
18,2022,03,30,16,54,02,0.695,0.118,-0.268,45.744,46.272,48.553,-45.111,-256.096,15837.91,9.848
18,2022,03,30,16,54,02,0.762,0.153,-0.577,44.698,44.947,47.424,-15.693,-287.916,15839.65,9.848
18,2022,03,30,16,54,03,0.73,0.187,-0.91,46.055,43.158,48.87,-69.772,-204.856,15809.54,9.848
18,2022,03,30,16,54,03,0.799,0.166,-0.65,46.723,45.411,48.734,-27.646,-346.505,15832.68,9.848
18,2022,03,30,16,54,04,0.788,0.181,-0.677,45.232,45.742,48.011,-56.317,-327.746,15818.61,9.848
18,2022,03,30,16,54,04,0.872,0.145,-0.607,45.054,46.515,49.886,-44.014,-279.155,15825.46,9.848
18,2022,03,30,16,54,05,0.737,0.141,-0.715,47.034,44.947,48.553,0.974,-396.341,15835.88,9.848
18,2022,03,30,16,54,05,0.885,0.178,-0.599,46.345,45.764,47.763,-64.052,-221.474,15844.42,9.848
18,2022,03,30,16,54,06,0.796,0.11,-0.475,46.634,47.973,47.989,-25.003,-307.823,15848,9.848
18,2022,03,30,16,54,06,0.871,0.134,-0.691,47.257,47.332,47.244,-17.216,-415.814,15853.93,9.848
18,2022,03,30,16,54,07,0.76,0.205,-0.769,46.656,48.15,47.334,-65.979,-378.353,15821.79,9.848
18,2022,03,30,16,54,07,0.876,0.164,-0.943,45.944,47.509,48.079,-6.721,-429.666,15842.19,9.848
18,2022,03,30,16,54,08,0.738,0.157,-0.687,45.099,45.831,48.644,-37.507,-473.03,15844.08,9.848
18,2022,03,30,16,54,08,0.714,0.064,-0.74,47.146,45.831,46.769,-42.086,-391.21,15823.46,9.848
19,2022,03,30,16,55,31,0.671,0.203,-0.778,41.027,41.678,43.54,-378.381,-209.101,15793.35,9.848
19,2022,03,30,16,55,31,0.554,0.116,-0.44,40.805,42.76,43.043,-449.963,-459.677,15928.35,9.848
19,2022,03,30,16,55,32,0.672,0.145,-0.542,41.361,42.76,44.443,-331.354,-441.885,15859.27,9.848
19,2022,03,30,16,55,32,0.779,0.206,-0.928,42.206,41.457,41.914,-379.008,-428.212,15869.84,9.848
19,2022,03,30,16,55,33,0.737,0.183,-0.782,41.027,39.227,43.992,-411.579,-566.958,15801.99,9.848
19,2022,03,30,16,55,33,0.712,0.192,-0.767,41.695,42.032,42.05,-521.076,-428.87,15887.73,9.848
19,2022,03,30,16,55,34,0.655,0.17,-0.638,42.918,39.845,44.218,-382.298,-423.744,15822.32,9.848
19,2022,03,30,16,55,34,0.742,0.217,-1.006,39.87,39.735,42.117,-448.719,-380.598,15870.93,9.848
19,2022,03,30,16,55,35,0.85,0.194,-0.582,40.315,43.202,41.733,-460.121,-357.053,15866.79,9.848
19,2022,03,30,16,55,35,0.838,0.189,-0.813,40.493,41.214,42.411,-538.21,-282.296,15835.1,9.848
19,2022,03,30,16,55,36,0.754,0.182,-0.822,41.428,40.375,41.349,-563.387,-216.69,15859.62,9.848
19,2022,03,30,16,55,36,0.626,0.201,-0.739,40.182,40.463,43.743,-504.714,-324.606,15865.88,9.848
19,2022,03,30,16,55,37,0.688,0.192,-0.83,40.671,42.341,39.701,-416.4,-495.094,15864.72,9.848
19,2022,03,30,16,55,37,0.802,0.184,-0.71,41.761,40.949,42.795,-412.279,-449.531,15862.19,9.848
19,2022,03,30,16,55,38,0.735,0.192,-0.861,40.894,41.457,41.688,-492.176,-290.473,15815.28,9.848
19,2022,03,30,16,55,38,0.698,0.181,-0.723,41.561,40.773,42.659,-464.497,-329.842,15830.01,9.848
19,2022,03,30,16,55,39,0.843,0.117,-0.758,40.382,39.227,43.608,-505.283,-242.829,15818.99,9.848
19,2022,03,30,16,55,39,0.617,0.185,-0.95,41.361,39.735,40.446,-523.781,-236.806,15776.29,9.848
19,2022,03,30,16,55,40,0.73,0.219,-0.864,40.671,41.855,42.321,-612.405,-318.984,15863.69,9.848
19,2022,03,30,16,55,40,0.657,0.232,-0.842,42.384,40.485,44.511,-544.911,-90.944,15803.67,9.848
19,2022,03,30,16,55,41,0.677,0.157,-0.653,43.386,41.303,44.285,-578.813,27.575,15862.11,9.848
19,2022,03,30,16,55,41,0.681,0.196,-0.756,41.828,42.54,41.937,-428.911,-260.385,15838.8,9.848
19,2022,03,30,16,55,42,0.704,0.157,-0.724,42.117,40.353,43.563,-262.259,-325.125,15857.25,9.848
19,2022,03,30,16,55,42,0.705,0.179,-0.626,40.404,41.965,41.53,-332.283,-105.249,15818.11,9.848
19,2022,03,30,16,55,43,0.654,0.217,-0.731,41.294,42.098,44.218,-349.924,-108.098,15885.3,9.848
19,2022,03,30,16,55,43,0.726,0.238,-1.012,40.916,38.851,42.546,-298.763,-205.406,15859.94,9.848
19,2022,03,30,16,55,44,0.719,0.176,-0.768,41.85,40.088,42.298,-163.409,-208.547,15786.67,9.848
19,2022,03,30,16,55,44,0.799,0.106,-0.893,41.65,39.624,42.411,-280.069,-53.36,15819.23,9.848
19,2022,03,30,16,55,45,0.805,0.203,-0.97,40.493,40.088,41.485,-272.584,-30.577,15847.41,9.848
19,2022,03,30,16,55,45,0.742,0.147,-0.494,40.938,40.839,43.224,-224.218,8.875,15832.17,9.848
19,2022,03,30,16,55,46,0.792,0.251,-0.884,41.405,40.088,42.637,-167.315,-162.54,15808.71,9.848
19,2022,03,30,16,55,46,0.581,0.225,-0.957,42.674,40.265,41.575,-243.056,-139.102,15876.8,9.848
19,2022,03,30,16,55,47,0.633,0.228,-0.867,41.072,39.977,41.733,-241.639,-64.774,15793.18,9.848
19,2022,03,30,16,55,47,0.79,0.187,-0.84,39.826,38.586,40.311,-235.086,-195.098,15863.81,9.848
19,2022,03,30,16,55,48,0.841,0.246,-0.992,40.315,41.148,42.004,-202.806,-128.952,15837.79,9.848
19,2022,03,30,16,55,48,0.822,0.251,-1.108,40.582,40.419,42.14,-133.577,-7.313,15756.53,9.848
19,2022,03,30,16,55,49,0.756,0.244,-1.089,41.383,41.126,43.021,-235.872,-164.372,15840.68,9.848
19,2022,03,30,16,55,49,0.732,0.219,-0.97,40.36,41.59,43.043,-416.033,-113.938,15832.2,9.848
19,2022,03,30,16,55,50,0.659,0.194,-0.788,41.361,41.236,42.298,-437.019,-298.584,15893.2,9.848
19,2022,03,30,16,55,50,0.803,0.221,-0.874,41.784,39.977,42.998,-300.494,-269.996,15833.08,9.848
19,2022,03,30,16,55,51,0.771,0.202,-0.854,41.672,39.602,43.134,-394.393,-144.285,15867.62,9.848
19,2022,03,30,16,55,51,0.713,0.196,-0.981,40.515,40.441,42.772,-313.523,-126.602,15818.51,9.848
19,2022,03,30,16,55,52,0.889,0.143,-0.916,41.005,40.375,40.717,-431.291,-135.207,15807.99,9.848
19,2022,03,30,16,55,52,0.661,0.241,-1.023,40.604,39.602,42.14,-316.608,-152.757,15816.97,9.848
19,2022,03,30,16,55,53,0.671,0.182,-0.788,41.005,40.375,41.779,-213.622,-407.172,15778.74,9.848
19,2022,03,30,16,55,53,0.688,0.195,-0.895,41.005,41.192,40.559,-272.719,-377.214,15827.02,9.848
19,2022,03,30,16,55,54,0.684,0.187,-0.73,40.07,41.104,42.501,-302.41,-288.556,15806.26,9.853
19,2022,03,30,16,55,54,0.76,0.181,-0.884,40.938,39.779,41.914,-411.826,-176.569,15791.31,9.848
19,2022,03,30,16,55,55,0.813,0.177,-0.92,41.361,40.883,41.779,-500.937,-236.184,15798.3,9.848
19,2022,03,30,16,55,55,0.688,0.201,-0.827,40.493,40.905,45.798,-376.709,-207.71,15771.89,9.853
19,2022,03,30,16,55,56,0.769,0.231,-0.829,40.938,42.385,40.469,-303.218,-396.021,15810.47,9.848
19,2022,03,30,16,55,56,0.751,0.205,-0.869,40.716,40.905,40.672,-292.087,-281.528,15843.3,9.848
19,2022,03,30,16,55,57,0.695,0.217,-0.82,38.758,39.558,42.208,-259.98,-258.77,15725.76,9.848
19,2022,03,30,16,55,57,0.717,0.141,-0.694,40.093,41.038,40.853,-238.55,-438.402,15808.14,9.848
19,2022,03,30,16,55,58,0.787,0.2,-0.935,40.738,41.524,41.62,-317.679,-505.68,15846.7,9.848
19,2022,03,30,16,55,58,0.593,0.169,-0.569,40.894,41.104,41.124,-239.664,-406.569,15799.57,9.848
19,2022,03,30,16,55,59,0.783,0.151,-0.61,41.072,41.899,42.433,-245.29,-613.233,15830.4,9.848
19,2022,03,30,16,55,59,0.778,0.189,-0.953,40.515,40.309,41.395,-194.845,-657.399,15788.08,9.848
19,2022,03,30,16,56,00,0.714,0.15,-0.71,41.583,41.192,41.801,-148.755,-692.09,15836.46,9.848
19,2022,03,30,16,56,00,0.687,0.115,-0.747,39.336,39.646,42.704,-218.052,-566.242,15782.43,9.848
19,2022,03,30,16,56,01,0.762,0.181,-0.841,39.648,39.845,42.637,-266.564,-593.52,15823.17,9.848
19,2022,03,30,16,56,01,0.763,0.182,-0.748,42.14,40.993,40.966,-391.161,-595.143,15848.81,9.853
19,2022,03,30,16,56,02,0.764,0.227,-0.932,41.094,40.795,42.05,-316.957,-591.163,15797.93,9.848
19,2022,03,30,16,56,02,0.708,0.179,-0.782,41.339,40.706,42.298,-273.489,-640.861,15859.72,9.848
19,2022,03,30,16,56,03,0.654,0.16,-0.6,40.805,40.927,43.179,-332.818,-465.212,15836.82,9.848
19,2022,03,30,16,56,03,0.665,0.156,-0.989,40.76,39.823,42.14,-311.349,-588.378,15846.75,9.848
19,2022,03,30,16,56,04,0.648,0.134,-0.639,40.805,41.214,43.743,-318.807,-538.469,15806.14,9.859
19,2022,03,30,16,56,04,0.672,0.183,-0.869,40.137,41.259,42.027,-280.452,-441.908,15806.16,9.853
19,2022,03,30,16,56,05,0.717,0.213,-0.89,41.761,40.993,41.801,-313.805,-485.494,15816.63,9.848
19,2022,03,30,16,56,05,0.721,0.191,-0.658,40.093,39.315,43.743,-269.712,-520.388,15873.58,9.857
19,2022,03,30,16,56,06,0.832,0.161,-0.841,39.67,40.265,40.875,-283.96,-684.784,15870.5,9.848
19,2022,03,30,16,56,06,0.57,0.132,-0.543,41.25,41.965,42.93,-239.975,-626.216,15829.49,9.848
19,2022,03,30,16,56,07,0.757,0.162,-0.693,40.827,42.562,42.14,-208.142,-563.827,15834.12,9.853
19,2022,03,30,16,56,07,0.783,0.214,-0.836,40.093,40.287,43.134,-281.698,-635.075,15863.62,9.848
19,2022,03,30,16,56,08,0.703,0.206,-0.778,40.115,43.401,44.037,-475.56,-438.325,15829.36,9.848
19,2022,03,30,16,56,08,0.783,0.173,-0.702,40.493,41.303,42.637,-432.748,-550.58,15847.98,9.848
19,2022,03,30,16,56,09,0.72,0.151,-0.683,40.627,41.59,42.569,-435.764,-529.951,15872.18,9.848
19,2022,03,30,16,56,09,0.626,0.166,-0.568,40.36,40,42.817,-295.084,-652.48,15811.91,9.853
19,2022,03,30,16,56,10,0.61,0.17,-0.687,42.407,40.596,43.901,-266.137,-606.123,15885.12,9.859
19,2022,03,30,16,56,10,0.68,0.167,-0.639,41.428,41.435,43.427,-302.803,-375.053,15782.95,9.853
20,2022,03,30,17,01,08,0.824,0.028,-0.128,46.612,43.622,46.295,-257.002,-711.78,15891.01,9.81
20,2022,03,30,17,01,09,0.95,0.002,0.131,46.078,46.692,47.311,-125.966,-681.746,15858.58,9.81
20,2022,03,30,17,01,09,1.059,-0.013,-0.206,45.811,44.947,47.424,-234.631,-591.421,15878.02,9.81
20,2022,03,30,17,01,10,1.074,-0.007,-0.04,46.233,47.222,48.689,-96.152,-789.714,15806.52,9.81
20,2022,03,30,17,01,10,0.952,-0.006,0.023,46.612,45.543,47.944,-145.18,-728.757,15825.68,9.81
20,2022,03,30,17,01,11,0.7,-0.013,-0.195,46.612,46.559,47.763,-174.683,-604.596,15791.15,9.81
20,2022,03,30,17,01,11,0.9,-0.033,0.022,46.701,45.963,47.695,-173.013,-587.423,15852.86,9.81
20,2022,03,30,17,01,12,1.06,0.065,-0.29,45.922,45.19,48.034,-184.32,-615.082,15783.33,9.81
20,2022,03,30,17,01,12,0.922,0.022,-0.078,44.943,45.654,46.611,-230.384,-712.551,15875.62,9.81
20,2022,03,30,17,01,13,1.176,-0.065,0.042,45.566,45.3,47.515,-244.478,-612.046,15847.23,9.81
20,2022,03,30,17,01,13,0.686,0.034,-0.127,45.811,45.234,46.95,-314.466,-662.781,15881.51,9.81
20,2022,03,30,17,01,14,0.906,0.056,-0.029,44.987,46.118,47.74,-138.287,-672.638,15832.4,9.81
20,2022,03,30,17,01,14,0.961,0.129,-0.182,45.944,43.909,46.837,-149.864,-529.279,15732.96,9.81
20,2022,03,30,17,01,15,0.995,0.012,-0.138,46.233,46.051,45.843,-175.963,-625.579,15851.54,9.81
20,2022,03,30,17,01,15,0.99,0.02,-0.202,45.188,44.815,47.899,-192.553,-551.847,15833.92,9.81
20,2022,03,30,17,01,16,1.118,0.106,-0.221,46.144,43.18,47.966,-283.604,-466.136,15800.59,9.81
20,2022,03,30,17,01,16,0.765,-0.032,-0.147,45.232,45.499,47.131,-185.141,-633.093,15881.09,9.81
20,2022,03,30,17,01,17,1.101,-0.051,-0.247,45.544,44.041,47.695,-411.009,-657.723,15969.92,9.81
20,2022,03,30,17,01,17,0.941,-0.019,0.206,46.345,45.588,47.198,-145.604,-520.228,15719.09,9.81
20,2022,03,30,17,01,18,0.766,0.058,-0.101,45.455,45.323,48.644,-327.805,-632.796,15857.53,9.81
20,2022,03,30,17,01,18,0.73,0.079,-0.121,47.791,46.847,46.137,-108.545,-729.882,15818.88,9.81
20,2022,03,30,17,01,19,1.123,-0.061,-0.051,46.367,45.831,46.634,-130.816,-657.119,15790.13,9.81
20,2022,03,30,17,01,19,1.053,-0.028,0.049,46.968,45.654,47.628,-189.811,-629.908,15812.45,9.81
20,2022,03,30,17,01,20,0.78,-0.075,0.299,45.099,45.853,47.628,-226.141,-678.719,15888.45,9.81
20,2022,03,30,17,01,20,0.728,0.037,-0.119,45.143,45.742,47.018,-177.634,-585.87,15820.82,9.816
20,2022,03,30,17,01,21,0.769,-0.128,0.531,43.92,44.196,46.431,-217.177,-591.472,15824.89,9.81
20,2022,03,30,17,01,21,0.992,0.006,-0.039,46.567,45.234,47.492,-248.72,-711.275,15855,9.81
20,2022,03,30,17,01,22,0.991,0.007,-0.004,45.388,44.77,48.17,-143.801,-629.311,15803.62,9.81
20,2022,03,30,17,01,22,1.083,0.079,-0.286,45.054,44.925,47.04,-235.282,-703.372,15886.88,9.81
20,2022,03,30,17,01,23,0.874,0.053,-0.241,44.943,44.041,46.679,-300.291,-504.131,15835.26,9.81
20,2022,03,30,17,01,23,0.805,-0.038,0.23,46.278,44.815,47.424,-283.929,-686.048,15927.68,9.816
20,2022,03,30,17,01,24,1.039,-0.03,-0.096,47.746,44.726,45.843,-122.239,-730.602,15805.45,9.81
20,2022,03,30,17,01,24,0.857,0.056,0.098,44.921,45.742,47.876,-207.31,-652.859,15842.57,9.81
20,2022,03,30,17,01,25,0.966,0.025,-0.105,45.722,44.594,46.973,-230.326,-730.675,15901.37,9.81
20,2022,03,30,17,01,25,1.097,0,-0.2,43.853,43.865,45.369,-130.827,-616.243,15821.4,9.816
20,2022,03,30,17,01,26,0.9,0.005,-0.098,45.677,45.08,47.65,-221.624,-579.015,15858.67,9.81
20,2022,03,30,17,01,26,0.871,0.044,-0.136,45.521,43.909,47.176,-172.651,-662.955,15849.63,9.821
20,2022,03,30,17,01,27,0.855,-0.015,-0.024,46.167,45.345,47.018,-98.528,-550.403,15762.25,9.824
20,2022,03,30,17,01,27,0.893,0.031,-0.099,46.211,45.389,45.55,-186.887,-452.093,15772.71,9.821
20,2022,03,30,17,01,28,0.763,0.003,-0.197,46.256,44.947,48.079,-142.084,-449.741,15768.41,9.81
20,2022,03,30,17,01,28,1.015,0.007,-0.229,46.167,44.726,48.96,-162.755,-553.538,15808.83,9.821
20,2022,03,30,17,01,29,0.948,-0.067,0.105,46.278,46.537,48.057,-165.083,-536.015,15801.94,9.82
20,2022,03,30,17,01,29,0.995,0.05,-0.299,45.566,45.808,46.679,-154.874,-452.277,15827.6,9.81
20,2022,03,30,17,01,30,0.963,0.018,-0.143,45.766,45.124,47.131,-156.756,-659.493,15820.15,9.82
20,2022,03,30,17,01,30,0.745,0.088,-0.162,45.299,43.357,47.063,-89.238,-562.15,15694.74,9.821
20,2022,03,30,17,01,31,0.751,0.018,-0.052,46.367,47.421,47.04,-254.25,-618.641,15833.34,9.82
20,2022,03,30,17,01,31,1.003,0.006,-0.02,45.254,44.307,47.108,-215.845,-540.208,15890.84,9.816
20,2022,03,30,17,01,32,0.997,-0.013,-0.035,44.832,44.461,46.34,-6.989,-764.364,15818.15,9.815
20,2022,03,30,17,01,32,0.737,-0.015,0.128,44.231,45.521,47.311,-193.396,-527.498,15790.05,9.837
20,2022,03,30,17,01,33,1.014,0.056,-0.283,45.633,44.925,47.718,-114.892,-654.631,15786.1,9.82
20,2022,03,30,17,01,33,0.976,0.005,-0.254,45.277,44.505,45.911,-167.966,-600.926,15855.39,9.821
20,2022,03,30,17,01,34,1.004,0.1,0.007,47.947,45.3,46.769,-127.992,-680.709,15808.55,9.82
20,2022,03,30,17,01,34,1.089,0.037,-0.244,44.987,45.08,46.182,-165.836,-661.94,15893.06,9.826
20,2022,03,30,17,01,35,1.108,0.048,-0.434,45.343,44.594,46.544,-87.002,-593.84,15773.03,9.834
20,2022,03,30,17,01,35,1.039,-0.017,0.005,45.299,43.622,47.131,-152.504,-650.57,15863.15,9.832
20,2022,03,30,17,01,36,0.72,0.084,-0.196,44.454,45.632,47.582,-44.903,-596.045,15791.11,9.82
20,2022,03,30,17,01,36,1.042,0.139,-0.392,45.966,46.25,46.95,-168.251,-593.136,15907.83,9.842
20,2022,03,30,17,01,37,1.052,0.014,-0.139,45.722,44.284,48.305,-104.948,-595.899,15805.06,9.834
20,2022,03,30,17,01,37,0.92,0.049,-0.239,45.099,46.427,48.644,-233.049,-767.772,15990.9,9.837
20,2022,03,30,17,01,38,1.031,0.031,-0.292,45.655,45.278,46.95,-72.786,-656.978,15796.18,9.824
20,2022,03,30,17,01,38,0.961,-0.012,-0.447,46.144,45.3,46.86,-130.75,-748.913,15821.48,9.832
20,2022,03,30,17,01,39,0.983,-0.043,0.149,44.253,45.919,47.853,-30.13,-674.563,15736.52,9.824
20,2022,03,30,17,01,39,0.801,0.05,-0.32,45.076,48.525,47.492,28.165,-649.177,15714.68,9.832
20,2022,03,30,17,01,40,1.125,0.026,-0.024,46.567,45.676,47.605,-108.419,-668.125,15802.34,9.834
20,2022,03,30,17,01,40,0.988,0.078,-0.368,46.589,44.284,46.973,-64.326,-621.099,15803.26,9.821
20,2022,03,30,17,01,41,1.145,-0.013,0.006,44.209,44.815,45.979,-16.951,-765.356,15782.15,9.829
20,2022,03,30,17,01,41,1.098,0.079,-0.314,45.477,45.389,46.995,-177.822,-711.811,15941.94,9.832
20,2022,03,30,17,01,42,1.008,0.011,-0.254,45.188,44.925,47.763,-59.726,-801.586,15854.78,9.834
20,2022,03,30,17,01,42,0.951,0.05,-0.107,46.767,44.594,50.202,-34.309,-694.733,15848.03,9.837
20,2022,03,30,17,01,43,0.798,-0.029,-0.299,45.588,45.411,47.876,-63.971,-566.128,15822.57,9.838
20,2022,03,30,17,01,44,0.985,-0.004,-0.085,45.9,43.843,46.544,-79.967,-827.373,15811.5,9.832
20,2022,03,30,17,01,44,0.835,0.052,-0.071,45.01,45.146,48.011,-42.707,-773.191,15842.28,9.829
20,2022,03,30,17,01,44,1.066,0.027,-0.169,45.143,45.367,48.17,-21.574,-470.022,15725.16,9.832
20,2022,03,30,17,01,45,1.117,-0.013,0.19,44.609,45.632,46.995,-72.443,-609.48,15765.32,9.838
20,2022,03,30,17,01,45,0.847,0.057,-0.173,46.122,47.686,47.899,-106.161,-666.953,15751.46,9.832
20,2022,03,30,17,01,46,0.689,0.044,-0.261,45.432,46.493,46.34,-53.689,-630.726,15771.72,9.834
20,2022,03,30,17,01,46,0.933,0.056,-0.493,46.189,46.626,45.843,-97.434,-720.549,15807.29,9.826
20,2022,03,30,17,01,47,0.733,0,0.108,45.054,44.461,47.763,-170.257,-845.444,15857.46,9.824
20,2022,03,30,17,01,47,1.188,0.04,-0.083,44.587,44.925,48.463,-77.797,-562.769,15765.63,9.837
20,2022,03,30,17,01,48,1.014,0.09,-0.596,45.944,46.78,47.966,-26.076,-676.136,15752.55,9.834
21,2022,03,30,17,03,36,1.016,0.185,-0.983,45.989,45.19,47.086,-321.106,-252.282,15744.73,9.81
21,2022,03,30,17,03,36,1.181,0.224,-0.763,44.921,45.367,47.311,-298.444,-499.814,15849.19,9.81
21,2022,03,30,17,03,37,1.426,0.247,-1.047,44.187,44.373,46.95,-218.725,-326.335,15704.14,9.81
21,2022,03,30,17,03,37,1.229,0.14,-0.945,47.057,46.096,47.944,-300.238,-106.555,15906.18,9.81
21,2022,03,30,17,03,38,1.338,0.241,-1.293,45.076,44.395,47.876,-377.819,-290.016,15744.5,9.81
21,2022,03,30,17,03,38,1.457,0.21,-1.057,44.987,45.455,47.537,-334.786,-376.103,15786.94,9.81
21,2022,03,30,17,03,39,1.175,0.243,-1.267,45.966,44.086,47.018,-371.826,-527.873,15991.08,9.81
21,2022,03,30,17,03,39,1.141,0.326,-1.159,45.9,45.013,46.927,-89.602,-634.414,15859.77,9.81
21,2022,03,30,17,03,40,1.228,0.226,-1.034,45.788,44.439,46.815,71.477,-253.847,15735.1,9.81
21,2022,03,30,17,03,40,0.933,0.135,-0.74,47.835,46.316,47.334,-199.654,-405.881,15759.58,9.81
21,2022,03,30,17,03,41,1.233,0.265,-1.137,44.676,43.136,45.302,-19.04,-476.998,15713.86,9.81
21,2022,03,30,17,03,41,1.456,0.198,-0.987,45.833,45.345,47.831,-323.334,-188.617,15727.59,9.81
21,2022,03,30,17,03,42,1.046,0.23,-1.032,45.165,43.776,49.863,-118.014,-197.156,15567.04,9.81
21,2022,03,30,17,03,42,1.212,0.192,-0.663,47.746,44.77,47.311,-85.219,-245.226,15788.82,9.81
21,2022,03,30,17,03,43,1.346,0.278,-0.972,46.901,45.212,48.237,-292.939,-166.577,15701.22,9.81
21,2022,03,30,17,03,43,1.484,0.192,-0.809,43.742,43.997,46.973,-371.945,-230.017,15858.31,9.81
21,2022,03,30,17,03,44,1.194,0.255,-0.871,44.987,43.843,48.102,-631.934,-88.911,15976.16,9.81
21,2022,03,30,17,03,44,1.09,0.253,-1.065,45.722,46.007,47.018,-161.712,-289.677,15803.55,9.81
21,2022,03,30,17,03,45,1.33,0.287,-1.302,44.454,46.537,49.005,-385.101,-147.798,15780.82,9.81
21,2022,03,30,17,03,45,1.365,0.261,-1.123,46.901,44.815,46.544,-502.983,-145.321,15814.68,9.81
21,2022,03,30,17,03,46,1.194,0.266,-1.216,45.41,45.698,48.17,-326.666,-444.824,15813.6,9.81
21,2022,03,30,17,03,46,1.236,0.158,-0.944,46.678,44.991,46.995,-497.016,-145.04,15930.7,9.81
21,2022,03,30,17,03,47,1.457,0.158,-1.071,47.168,45.389,47.402,-395.574,-307.054,15977.97,9.81
21,2022,03,30,17,03,47,1.018,0.242,-0.845,45.01,45.477,48.192,-417.571,-469.797,15858.55,9.81
21,2022,03,30,17,03,48,1.162,0.195,-1.071,45.01,43.821,47.515,-386.127,-53.506,15811.14,9.81
21,2022,03,30,17,03,48,1.34,0.231,-0.853,44.298,44.24,47.198,-287.747,-405.361,15849.51,9.81
21,2022,03,30,17,03,49,1.38,0.289,-1.067,44.987,43.003,47.424,-84.171,-249.626,15636.59,9.81
21,2022,03,30,17,03,49,1.349,0.26,-1.01,44.609,44.152,48.418,-476.879,-320.021,15955.84,9.81
21,2022,03,30,17,03,50,0.95,0.271,-0.905,46.879,45.124,48.892,-217.058,-505.705,15903.94,9.81
21,2022,03,30,17,03,50,1.386,0.309,-1.315,44.164,43.776,45.911,-407.625,-354.324,15916.51,9.81
21,2022,03,30,17,03,51,1.268,0.22,-1.058,46.078,44.152,47.289,-161.066,-340.77,15807.32,9.81
21,2022,03,30,17,03,51,1.374,0.228,-0.922,46.055,44.395,47.921,-176.73,-374.85,15771.05,9.81
21,2022,03,30,17,03,52,1.011,0.225,-0.962,46.1,46.007,50.247,-366.094,-103.683,15908.07,9.81
21,2022,03,30,17,03,52,1.257,0.238,-1.055,44.72,43.003,47.989,-198.071,-108.833,15802.29,9.81
21,2022,03,30,17,03,53,1.45,0.28,-0.35,45.588,45.389,48.079,-254.105,-427.375,15879.65,9.81
21,2022,03,30,17,03,53,1.352,0.269,-1.098,45.966,43.754,47.808,-228.698,-263.084,15855.02,9.81
21,2022,03,30,17,03,54,1.354,0.283,-1.367,44.965,44.174,46.611,-408.651,-324.949,15898.27,9.81
21,2022,03,30,17,03,54,1.489,0.273,-1.141,46.389,43.357,47.04,-219.393,-243.534,15922.69,9.81
21,2022,03,30,17,03,55,1.473,0.218,-1.148,44.187,45.168,46.114,-54.1,-324.402,15617.38,9.81
21,2022,03,30,17,03,55,1.264,0.228,-0.697,44.454,45.124,46.182,-218.768,-317.654,15806,9.81
21,2022,03,30,17,03,56,1.401,0.264,-1.152,44.654,43.489,46.408,-255.903,-179.775,15786.08,9.81
21,2022,03,30,17,03,56,1.202,0.216,-0.826,45.499,44.66,46.047,-158.063,-108.646,15846.33,9.81
21,2022,03,30,17,03,57,1.234,0.293,-1.367,45.811,45.19,47.379,-247.202,-232.188,15780.16,9.81
21,2022,03,30,17,03,57,1.085,0.219,-1.093,46.411,47.465,46.882,-332.297,-675.652,15820.29,9.81
21,2022,03,30,17,03,58,1.347,0.203,-0.809,45.343,44.77,47.876,-141.965,-364.764,15963.22,9.81
21,2022,03,30,17,03,58,1.254,0.289,-1.546,44.053,43.666,46.792,-394.572,-156.348,15993,9.81
21,2022,03,30,17,03,59,0.905,0.208,-0.879,44.609,46.339,47.921,-309.101,-163.591,15900.04,9.81
21,2022,03,30,17,03,59,1.096,0.271,-1.128,45.099,45.345,47.379,78.625,-351.391,15686.84,9.81
21,2022,03,30,17,04,00,1.178,0.225,-1.11,44.987,46.78,48.192,-106.615,-523.353,15723.75,9.81
21,2022,03,30,17,04,00,0.888,0.322,-1.152,46.5,44.77,47.831,-187.24,-361.783,15962.84,9.81
21,2022,03,30,17,04,01,1.092,0.194,-0.945,44.387,45.72,47.131,68.76,-372.281,15769.22,9.81
21,2022,03,30,17,04,01,1.166,0.282,-1.188,45.343,45.102,47.944,-171.044,-480.698,15884.96,9.81
21,2022,03,30,17,04,02,1.259,0.328,-0.835,44.075,45.897,48.824,-230.833,-177.059,15760.9,9.81
21,2022,03,30,17,04,02,1.243,0.187,-0.963,44.431,43.931,47.921,-150.726,-202.86,15711.99,9.81
21,2022,03,30,17,04,03,1.396,0.282,-1.423,45.232,43.997,46.679,-298.663,-265.761,15922.45,9.81
21,2022,03,30,17,04,03,1.659,0.264,-1.316,45.054,42.606,44.872,-306.917,-143.949,15842.83,9.81
21,2022,03,30,17,04,04,1.318,0.205,-0.94,45.277,42.981,47.086,-215.687,-348.116,15759.39,9.81
21,2022,03,30,17,04,04,1.335,0.194,-1.037,45.299,44.881,45.302,-419.499,-357.742,15860.55,9.81
21,2022,03,30,17,04,05,1.343,0.218,-1.003,45.833,44.815,44.534,-367.325,-68.812,15941.74,9.81
21,2022,03,30,17,04,05,1.28,0.187,-1.037,45.299,45.875,47.244,-224.508,-210.664,15756.08,9.81
21,2022,03,30,17,04,06,1.276,0.186,-1.277,44.32,43.732,46.95,-400.634,-227.113,15853.09,9.81
21,2022,03,30,17,04,06,1.293,0.208,-1.081,45.811,44.395,47.153,-229.388,-471.596,15836.74,9.81
21,2022,03,30,17,04,07,1.514,0.232,-1.18,45.41,44.417,46.476,-263.364,-98.122,15889.77,9.81
21,2022,03,30,17,04,07,1.26,0.245,-1.055,44.32,44.373,45.008,-164.174,-161.634,15693.25,9.81
21,2022,03,30,17,04,08,1.17,0.186,-0.866,45.254,45.963,47.65,-212.788,-235.963,15885.42,9.81
21,2022,03,30,17,04,08,1.371,0.235,-0.864,43.719,43.511,48.215,-395.108,-254.447,15880.73,9.81
21,2022,03,30,17,04,09,1.207,0.246,-0.879,48.636,45.808,46.589,-401.25,-144.444,15872.19,9.81
21,2022,03,30,17,04,09,1.339,0.253,-0.989,46.856,44.108,47.379,-490.299,-279.937,15985.12,9.81
21,2022,03,30,17,04,10,1.373,0.317,-1.385,46.3,43.688,45.731,-147.771,-131.393,15593.28,9.81
21,2022,03,30,17,04,10,1.218,0.231,-0.946,45.143,44.704,45.843,-543.964,-176.664,16045.24,9.81
21,2022,03,30,17,04,11,1.423,0.263,-0.887,42.918,44.859,48.079,-614.104,-75.3,15934.78,9.81
21,2022,03,30,17,04,11,0.89,0.197,-0.564,44.787,45.411,46.792,-347.464,-14.99,15858.5,9.81
21,2022,03,30,17,04,12,1.215,0.154,-0.409,47.034,44.616,47.086,-196.314,-183.648,15836.49,9.81
21,2022,03,30,17,04,12,1.303,0.273,-0.968,45.054,44.108,45.911,-595.382,-307.847,15973.52,9.81
21,2022,03,30,17,04,13,1.174,0.216,-0.912,45.121,43.909,46.995,-531.587,-341.019,15880.16,9.81
21,2022,03,30,17,04,13,1.16,0.215,-0.817,45.744,45.08,48.418,-230.781,25.331,15757.86,9.81
21,2022,03,30,17,04,14,1.265,0.22,-0.948,45.944,44.594,49.479,-322.283,-178.672,15850.01,9.81
21,2022,03,30,17,04,14,1.366,0.258,-0.752,42.451,44.417,44.421,-53.897,-339.136,15736.51,9.81
21,2022,03,30,17,04,15,1.084,0.294,-1.106,44.943,46.604,46.792,-231.933,-211.072,15779.8,9.81
21,2022,03,30,17,04,15,1.267,0.222,-1.044,43.986,44.682,48.147,-509.244,-81.047,15839.53,9.81
